# https://github.com/mikedh/trimesh
v -0.09567798 -0.12051710 0.06921920
v -0.09584246 -0.01383575 0.06842680
v -0.09579678 -0.06774309 0.06677992
v -0.09545016 0.02742298 0.06944088
v -0.09547963 0.03233503 0.06944412
v -0.09574428 0.03427598 0.06672719
v -0.09554059 0.03838545 0.06939202
v -0.09504707 0.07361241 0.06795386
v -0.09568150 0.05704152 0.06673911
v -0.09550114 0.08817912 0.06943761
v -0.09550175 0.08941718 0.06943762
v -0.09550259 0.09066280 0.06943749
v -0.09550354 0.09191635 0.06943710
v -0.09550405 0.09316755 0.06943691
v -0.09550419 0.09440998 0.06943731
v -0.09552797 0.09602472 0.06944042
v -0.09574855 0.09407552 0.06671506
v -0.09426651 0.12070012 0.06735386
v -0.09543346 0.12372727 0.02522872
v -0.09481875 0.12403351 -0.06340466
v -0.09254295 -0.12418924 -0.04656360
v -0.09529340 0.02866574 0.06946300
v -0.09542960 0.03260182 0.06947191
v -0.09523341 0.03869212 0.06947842
v -0.09544746 0.04502481 0.06944933
v -0.09478728 0.09327653 0.06945129
v -0.09548397 0.08941819 0.06944004
v -0.09548421 0.09066388 0.06943999
v -0.09548222 0.09191770 0.06943998
v -0.09547774 0.09316928 0.06944044
v -0.09547335 0.09441205 0.06944143
v -0.09547447 0.09565790 0.06944246
v -0.09542836 0.12364884 0.06290393
v -0.09497853 -0.12393844 -0.02827965
v -0.09484555 -0.12364011 0.02426711
v -0.09581512 -0.12234763 0.00493752
v -0.09460513 -0.11989078 -0.06789183
v -0.09188146 -0.09623625 -0.06686140
v -0.09188307 -0.09556572 -0.06686279
v -0.09188310 -0.09556511 -0.06684190
v -0.09188516 -0.09431517 -0.06686391
v -0.09188653 -0.09282546 -0.06686348
v -0.09182547 -0.08094526 -0.06522463
v -0.09188594 -0.08679614 -0.06686294
v -0.09188509 -0.08255850 -0.06686506
v -0.09188875 -0.07992597 -0.06686638
v -0.09188987 -0.07572570 -0.06686503
v -0.09183248 -0.07046507 -0.06542558
v -0.09189438 -0.06973730 -0.06686947
v -0.09183644 -0.06202875 -0.06696512
v -0.09359031 0.11737674 0.03120424
v -0.09383033 0.11734254 -0.05496869
v -0.09402303 0.11738327 -0.01696405
v -0.09403236 0.11747050 0.00012993
v -0.09421143 0.11872260 0.05267178
v -0.09069786 0.12496829 0.06110755
v -0.08806196 -0.12424302 -0.06777605
v -0.08839658 -0.12531641 -0.04745029
v -0.08930874 -0.12379548 0.01171710
v -0.09180418 -0.11639566 -0.04004078
v -0.09294187 -0.11683415 0.06617376
v -0.09178414 -0.11610448 0.00502253
v -0.09183298 -0.09675063 -0.06690799
v -0.09183172 -0.09691498 -0.06564169
v -0.09176718 -0.10826895 0.02404066
v -0.09173862 -0.09445819 -0.06697972
v -0.09180175 -0.09066076 -0.01717923
v -0.09176906 -0.07218655 0.01519338
v -0.09174767 -0.08385631 -0.06696869
v -0.09170418 -0.08040292 -0.06696610
v -0.09180542 -0.09931357 0.06619201
v -0.09180696 -0.06054458 -0.05264122
v -0.09170633 -0.07409858 -0.06695408
v -0.09180764 -0.08103200 0.06573075
v -0.09176554 -0.06390183 -0.00762099
v -0.09171249 -0.06881450 -0.06695538
v -0.09188841 -0.06792826 -0.06689086
v -0.09180750 -0.06062837 -0.06690768
v -0.09182741 -0.05820890 -0.06625872
v -0.09166761 -0.05775708 -0.06696796
v -0.09178433 -0.05491768 -0.06690322
v -0.09179885 -0.04972535 -0.06688453
v -0.09165633 -0.05288200 -0.06696000
v -0.09177983 -0.04559265 -0.06690043
v -0.09165916 -0.04696819 -0.06695708
v -0.09176375 -0.04146570 -0.06692877
v -0.09491159 -0.02740482 0.06935975
v -0.09175528 -0.03644020 -0.06545645
v -0.09172865 -0.05781624 0.02378812
v -0.09177658 -0.03947917 -0.06690330
v -0.09183724 -0.04504240 0.06536864
v -0.09165378 -0.03859986 -0.06695775
v -0.09179019 -0.03630219 -0.06689162
v -0.09180609 -0.02268892 0.00658705
v -0.09164831 -0.03464106 -0.06695554
v -0.09177490 -0.03234714 -0.06689961
v -0.09180972 -0.02806467 -0.06625398
v -0.09195717 -0.00587238 0.06552257
v -0.09177595 -0.02866478 -0.06689620
v -0.09165794 -0.02968323 -0.06694513
v -0.09177305 -0.02392995 -0.06689932
v -0.09179406 -0.02197202 -0.06688711
v -0.09175562 -0.01656411 -0.06691420
v -0.09174156 0.01432646 -0.06231103
v -0.09163031 -0.01517317 -0.06698089
v -0.09176167 -0.01460759 -0.06690552
v -0.09177556 -0.01483704 -0.06625357
v -0.09162472 -0.01289021 -0.06698052
v -0.09174556 -0.00962652 -0.06691444
v -0.09175223 -0.00201189 -0.06625978
v -0.09179457 -0.03475590 -0.06138410
v -0.09184991 0.00309105 0.06523662
v -0.09173317 -0.00693737 -0.06693350
v -0.09173839 -0.00226356 -0.06692554
v -0.09173502 0.00138592 -0.06692641
v -0.09169455 0.01401667 0.02887539
v -0.09177841 -0.00279766 0.00754206
v -0.09160730 0.00359473 -0.06700612
v -0.09174082 0.00637066 -0.06692656
v -0.09170232 0.01200436 0.06460326
v -0.09162487 0.00769164 -0.06699982
v -0.09174210 0.01070191 -0.06692467
v -0.09174562 0.01497461 -0.06691946
v -0.09176044 0.01340713 -0.00393528
v -0.09162164 0.01308201 -0.06699777
v -0.09162217 0.01794738 -0.06700018
v -0.09173684 0.01981911 -0.06692635
v -0.09171696 0.02508268 -0.06696493
v -0.09161144 0.04946066 0.00821807
v -0.09172955 0.02790849 -0.06695131
v -0.09161213 0.03271259 0.02061616
v -0.09172874 0.02848425 -0.04323349
v -0.09225999 0.01542056 0.06816285
v -0.09173509 0.03567501 -0.06693073
v -0.09168494 0.05506032 -0.06276122
v -0.08922635 0.04858372 -0.06710481
v -0.09173646 0.04214415 -0.06693620
v -0.09162341 0.04550932 -0.06702093
v -0.09171471 0.04770449 -0.06698108
v -0.09175102 0.04642458 -0.06692759
v -0.09173986 0.04999324 -0.06693176
v -0.09161964 0.05179324 -0.06701213
v -0.09148506 0.06122214 0.06566004
v -0.09173800 0.05434127 -0.06693395
v -0.09160175 0.07370628 0.01589457
v -0.09176597 0.05780041 -0.06693145
v -0.09174558 0.06532199 -0.06261553
v -0.09161383 0.05523049 -0.06702147
v -0.09182946 0.06570856 -0.06693041
v -0.09179598 0.06191110 -0.06692905
v -0.09168199 0.06527947 -0.06703098
v -0.08798882 0.06987338 -0.06698341
v -0.09182196 0.07188305 -0.06693820
v -0.09177399 0.07354024 -0.06701992
v -0.09147081 0.09194507 0.06131041
v -0.09163997 0.07727442 -0.00160892
v -0.09181786 0.08369144 -0.06698201
v -0.09177184 0.09302107 -0.05837612
v -0.09158735 0.11670902 0.06525224
v -0.09169935 0.10338774 -0.01379784
v -0.09162308 0.11635395 0.03102174
v -0.09150920 0.09892730 0.06233480
v -0.09176274 0.11651199 -0.02365450
v -0.09183702 0.11657364 -0.04158981
v -0.09165081 0.11655434 0.00429898
v -0.09189118 0.11603245 -0.06235247
v -0.09019455 -0.12386692 -0.00051565
v -0.08955625 -0.12399318 0.04499616
v -0.09579748 -0.12136557 0.06823643
v -0.08445017 -0.12071684 0.06943413
v -0.09152145 -0.10626682 -0.06715216
v -0.09177431 -0.09690218 -0.06698782
v -0.08810022 -0.09390601 -0.06706090
v -0.09506054 -0.06464645 0.06943465
v -0.08922416 -0.07849274 -0.06693593
v -0.08802937 -0.06355789 -0.06692052
v -0.09164556 -0.02326573 -0.06695608
v -0.09174822 -0.01819586 -0.06696692
v -0.08788438 -0.02387680 -0.06690777
v -0.09161814 -0.00499823 -0.06699501
v -0.08837910 0.02135105 -0.06697552
v -0.09512191 0.08587257 0.06947590
v -0.08807323 0.12355216 -0.05416747
v -0.09059651 0.12409457 -0.01687666
v -0.09053095 0.12406969 0.01112924
v -0.09115079 0.15292296 0.02259331
v -0.08972293 -0.15680127 0.01795557
v -0.09042326 -0.13754262 0.04202869
v -0.08923954 -0.14697635 -0.01466737
v -0.08923996 -0.12427418 -0.02002941
v -0.08926789 -0.12425701 -0.00400304
v -0.08943394 -0.12425879 0.02659737
v -0.08956322 -0.12419465 0.05246704
v -0.09067702 -0.12366217 0.05713024
v -0.09037173 -0.11928002 0.05583104
v -0.08799064 -0.12085614 0.00177978
v -0.09028986 -0.11914911 0.01233626
v -0.09020356 -0.11901169 -0.03392346
v -0.09055570 -0.11482881 0.03177265
v -0.09052417 -0.11731129 0.06336845
v -0.09053527 -0.10796906 -0.00053633
v -0.09054532 -0.10053350 0.02678384
v -0.09054590 -0.10410822 0.04742503
v -0.09054357 -0.10008380 0.06290510
v -0.09054884 -0.09651796 -0.01495080
v -0.09051180 -0.09946535 -0.04896696
v -0.09054226 -0.10384823 -0.00524391
v -0.09053230 -0.09624894 0.06321108
v -0.09054409 -0.09726026 0.03711882
v -0.09054504 -0.08461558 -0.02759091
v -0.09054011 -0.08900349 0.04500630
v -0.09054496 -0.09401258 -0.02611345
v -0.09054792 -0.09012091 0.01561980
v -0.09053535 -0.08073252 0.04654979
v -0.09054751 -0.09186266 0.00078367
v -0.09054028 -0.08375932 -0.00313677
v -0.09054056 -0.09534534 0.06306536
v -0.09052250 -0.09023564 -0.04855975
v -0.09054109 -0.07642074 0.06294469
v -0.09053705 -0.06893035 0.03225147
v -0.09053755 -0.07746626 0.03063847
v -0.09054389 -0.08165768 0.01164143
v -0.09054159 -0.06962536 -0.00329979
v -0.09052162 -0.06917541 -0.04884136
v -0.09054532 -0.06210298 0.01553968
v -0.09054399 -0.07051223 -0.01777483
v -0.09044242 -0.05768104 0.06430485
v -0.09054497 -0.05922144 -0.03448747
v -0.09054304 -0.06360175 -0.00902675
v -0.09055151 -0.05559011 0.00483338
v -0.09053470 -0.06184560 0.03312515
v -0.09054698 -0.05363909 -0.00353779
v -0.09053871 -0.05124680 0.06292702
v -0.08992453 -0.03799215 0.06517840
v -0.09040561 -0.06683761 -0.04951127
v -0.09054466 -0.04199608 -0.02559800
v -0.09054092 -0.04944934 0.02279506
v -0.09053373 -0.04633186 0.04122144
v -0.09048532 -0.03712717 0.06393886
v -0.09054968 -0.05154529 -0.03747919
v -0.09052894 -0.03838832 0.05289093
v -0.09053393 -0.02861963 0.03687227
v -0.09054546 -0.03324480 -0.02530229
v -0.09054550 -0.03722900 0.00595450
v -0.09054054 -0.03697825 0.02052095
v -0.09054595 -0.03045266 -0.00237077
v -0.09053262 -0.02990283 0.04714581
v -0.09054653 -0.02080573 -0.03373350
v -0.09053434 -0.02679559 0.02552583
v -0.09054611 -0.03567533 -0.01175647
v -0.09053283 -0.01191696 0.06293982
v -0.09054686 -0.02792497 -0.02454764
v -0.09054385 -0.02127451 0.01359624
v -0.09052904 -0.02507861 0.05466013
v -0.09054793 -0.01601234 -0.00881422
v -0.09054183 -0.01817880 0.02001806
v -0.09053451 -0.01704409 0.04113068
v -0.09050412 -0.03139925 -0.04879428
v -0.09054577 -0.00636491 -0.01217785
v -0.09054957 -0.01434349 -0.03719381
v -0.09055015 -0.01613337 0.00512111
v -0.09054452 -0.00281566 0.00599630
v -0.09053707 -0.00974220 0.02513528
v -0.09054513 -0.00749365 -0.01027228
v -0.09052671 -0.00058670 0.05279423
v -0.09054470 -0.00199535 -0.02836710
v -0.09037560 0.00113763 0.06409643
v -0.09053797 -0.00183780 0.01988146
v -0.09053453 -0.00875669 0.03339123
v -0.09054435 0.00889155 -0.01766136
v -0.09054446 0.01468899 -0.03740030
v -0.09054730 0.00752149 0.00861928
v -0.09052502 0.01086968 0.05367491
v -0.08505722 0.00413712 0.06911521
v -0.09052896 0.01421271 0.04329231
v -0.09054220 0.01387342 -0.00360218
v -0.09053691 0.00661221 0.02146899
v -0.09041484 0.02697818 -0.04915925
v -0.09161116 0.00065446 -0.06700225
v -0.09054515 0.01321532 0.00910183
v -0.09048135 0.01187886 0.06381193
v -0.09053306 0.00163685 -0.04817076
v -0.09052772 0.01648938 0.02743268
v -0.09054252 0.02016816 -0.02913126
v -0.09052431 0.02292040 0.05299153
v -0.09054137 0.01701037 -0.02236923
v -0.09054389 0.02426532 -0.00600627
v -0.09053921 0.02564879 0.01796749
v -0.08795327 0.01650667 -0.06690609
v -0.09052749 0.02619568 0.04801664
v -0.09051963 0.03820636 0.05108228
v -0.09054277 0.02892745 -0.03254546
v -0.09054526 0.02414529 0.00646773
v -0.09052883 0.03868025 0.02307356
v -0.09054011 0.04048146 -0.03168954
v -0.09053854 0.03637315 0.00116799
v -0.09053688 0.04553263 -0.00400691
v -0.09053728 0.04211005 0.01195876
v -0.09053272 0.05918228 0.01722961
v -0.09030671 0.03945434 -0.04903059
v -0.09052269 0.04538369 0.04245218
v -0.09053586 0.05268465 -0.01611281
v -0.09052924 0.04616354 -0.04819002
v -0.09053769 0.05806916 -0.03725002
v -0.09052878 0.04817580 0.02280897
v -0.09051583 0.05470924 0.03858188
v -0.09051964 0.05543536 0.06291555
v -0.09049949 0.04543957 0.06349893
v -0.09053653 0.05627025 0.00387979
v -0.09040725 0.06870922 0.06440572
v -0.09053633 0.05954254 -0.00944339
v -0.09053412 0.06324302 -0.02552691
v -0.09162366 0.06099413 -0.06704648
v -0.09031903 0.05954508 -0.04902975
v -0.09053982 0.06545939 -0.00968196
v -0.09053970 0.06358158 0.00898112
v -0.09051940 0.07271218 0.05699651
v -0.09053259 0.07672370 0.00873302
v -0.09052492 0.07323714 0.02460736
v -0.09052335 0.06874868 0.03815728
v -0.09047873 0.09176634 0.06412704
v -0.09053007 0.07944620 -0.00385581
v -0.09053162 0.07821234 -0.03091319
v -0.09052795 0.06860836 -0.04817185
v -0.09053262 0.07984799 -0.01803037
v -0.09052207 0.09510699 0.03348168
v -0.09053378 0.08777080 -0.03462953
v -0.08800989 0.08661280 -0.06696184
v -0.09052297 0.08438323 0.05424229
v -0.09053414 0.09148554 -0.01451078
v -0.09053476 0.09020735 0.00733072
v -0.08992354 0.11449516 0.06546512
v -0.09052036 0.08371279 -0.04818021
v -0.09052545 0.10586200 0.00591634
v -0.09051536 0.10682383 -0.03045579
v -0.09053098 0.11210874 0.02126033
v -0.09053306 0.11055967 0.06294085
v -0.09048263 0.10237173 -0.04882661
v -0.09053056 0.11408689 -0.00890774
v -0.09176724 0.09077355 -0.06711328
v -0.09033846 0.11939873 0.00684388
v -0.09052462 0.11724743 0.05058276
v -0.09053264 0.11502272 0.06340492
v -0.09008744 0.11969400 -0.02125177
v -0.09040173 0.11296464 0.06348476
v -0.09051536 0.11411116 -0.02249048
v -0.08618364 0.12098410 -0.03655905
v -0.09049152 0.11811091 -0.02530871
v -0.09042507 0.11805331 0.04975081
v -0.08889045 0.12038470 0.02320691
v -0.08488893 0.12077059 0.06462014
v -0.08979262 0.12434717 0.05937287
v -0.09519555 0.12335335 -0.06871093
v -0.08904405 0.12410349 -0.00798465
v -0.08901379 0.12477357 0.04420727
v -0.08833569 0.15906128 0.00599357
v -0.08859448 0.15670280 -0.00206847
v -0.08658110 -0.15083312 -0.01051987
v -0.08809648 -0.12291948 -0.04903043
v -0.09018250 -0.11944153 0.04102539
v -0.08700890 -0.10905374 -0.05066940
v -0.08776845 -0.10135023 -0.05052666
v -0.08827446 -0.10614734 -0.05346329
v -0.08692978 -0.10803839 -0.05196344
v -0.09376650 -0.10769197 0.06957219
v -0.08817830 -0.07746412 -0.05411617
v -0.08900702 -0.07980697 0.06548697
v -0.08805658 -0.07902136 -0.06683515
v -0.08809938 -0.06282908 -0.05420625
v -0.08792102 -0.03597760 -0.05511880
v -0.08870579 -0.00701186 -0.05049389
v -0.08810502 0.00294406 -0.06695276
v -0.08826204 0.03363267 -0.05032910
v -0.08790362 0.03567025 -0.05442561
v -0.09455951 0.06081068 0.06954544
v -0.08922820 0.09175571 -0.05033353
v -0.08790483 0.10239116 -0.05200277
v -0.08859288 0.12037856 0.01258931
v -0.08817107 0.12309096 -0.06771562
v -0.08863375 0.12394045 -0.04254421
v -0.09081107 0.13997728 0.03898776
v -0.08613838 -0.13924410 0.04051480
v -0.09197939 -0.12268848 0.06623387
v -0.08460734 -0.11984546 0.03868412
v -0.08549852 -0.12017788 0.00482012
v -0.08790040 -0.11604089 -0.06684873
v -0.09012595 -0.11804606 -0.05042820
v -0.08798143 -0.11733323 -0.05741167
v -0.08806928 -0.08986987 -0.06618274
v -0.08710993 -0.05754810 -0.05030623
v -0.08797351 -0.04924585 -0.06688660
v -0.08789847 -0.04497576 -0.06689130
v -0.08364037 -0.01557973 -0.05336634
v -0.08791918 -0.02143600 -0.05571145
v -0.08549250 -0.02120350 -0.04978203
v -0.08789791 -0.02541251 -0.05542923
v -0.08782476 0.00744736 -0.05752225
v -0.08790111 0.02703381 -0.05544250
v -0.08785443 0.01827549 -0.05530291
v -0.08696591 0.03256838 -0.05035148
v -0.08793169 0.05240735 -0.05495744
v -0.08754252 0.06105729 -0.05045183
v -0.08788802 0.05577734 -0.06691847
v -0.08408492 0.06705059 0.06921817
v -0.08802400 0.06415743 -0.05674253
v -0.08797779 0.07582573 -0.06175448
v -0.08736510 0.08137923 0.06593654
v -0.08507833 0.08672264 -0.04942898
v -0.08775919 0.10478195 -0.06695063
v -0.08777328 0.11118605 -0.06462902
v -0.08775094 0.11722457 -0.05266700
v -0.09097880 0.11738175 -0.06805442
v -0.08771340 0.12224132 -0.05456172
v -0.08702320 0.12077482 -0.02963129
v -0.08673751 0.12174768 0.05540740
v -0.08783553 0.12427505 -0.04727678
v -0.08530623 -0.13294975 -0.03678196
v -0.08466127 -0.11961174 -0.05217793
v -0.08459369 -0.10279598 -0.04815108
v -0.08448626 -0.11225210 0.00707837
v -0.08457626 -0.12188370 0.06312254
v -0.08455902 -0.08076156 -0.04795490
v -0.08495367 -0.09953185 0.06622539
v -0.08448172 -0.07985851 -0.01318240
v -0.08437040 -0.05992731 0.06916392
v -0.08448932 -0.07208484 0.03280376
v -0.08451766 -0.07052930 0.06385016
v -0.08448455 -0.05249405 -0.01343134
v -0.08379577 -0.03434433 0.06912065
v -0.08455189 -0.04241494 -0.04400796
v -0.08448369 -0.04134796 0.01928804
v -0.08464482 -0.05791682 0.06509323
v -0.08463315 -0.05108576 -0.04808120
v -0.08474172 -0.01826564 0.06911916
v -0.08449089 -0.01026078 -0.01615266
v -0.08473975 -0.01639215 -0.04840177
v -0.08452830 -0.00614385 -0.03027655
v -0.08448481 -0.01707004 0.01299219
v -0.08447936 -0.01037838 -0.00878977
v -0.08459001 0.00361659 -0.04685176
v -0.08491853 0.03848682 0.06573793
v -0.08447219 0.05536796 -0.00641906
v -0.08447048 0.00728929 0.01106708
v -0.08463606 0.00241926 0.06554297
v -0.08448008 0.02344298 -0.01277507
v -0.08484277 0.02465957 -0.04848627
v -0.08453318 0.03943153 -0.04367963
v -0.08512358 0.05312820 -0.04916942
v -0.08451229 0.06420952 -0.03360510
v -0.08450027 0.05342596 0.04786907
v -0.08472226 0.05508287 -0.04832825
v -0.08462244 0.06406399 0.06466249
v -0.08464753 0.08164389 0.06930258
v -0.08449283 0.08033229 0.05174529
v -0.08454542 0.10817078 0.06372421
v -0.08447646 0.07328764 0.01432978
v -0.08739379 0.11716333 -0.05034989
v -0.08449537 0.11809470 -0.00462837
v -0.08455649 0.11765807 -0.04791904
v -0.08451327 0.11855479 0.03147574
v -0.08464297 0.11951436 0.01741817
v -0.08159029 0.13003273 -0.05428979
v -0.08608888 0.13837263 -0.02959108
v -0.08834680 0.14229494 -0.02362732
v -0.08627219 -0.15427309 -0.00122835
v -0.08388659 -0.14516074 0.03284343
v -0.08523072 -0.14086743 -0.01313068
v -0.08362742 -0.09954175 0.06914841
v -0.08787365 -0.06112992 -0.05333943
v -0.08369880 0.03470483 0.06927496
v -0.08434343 0.05841936 0.06916067
v -0.08391280 0.06683215 0.06907358
v -0.09133055 0.12092046 0.06962147
v -0.08479692 0.14437760 -0.00563899
v -0.08637661 0.15598115 0.02182300
v -0.08322914 -0.14386801 0.03363863
v -0.08330586 -0.13835904 0.02060225
v -0.08308940 -0.12953876 0.01022579
v -0.08332923 -0.13629496 0.04450950
v -0.08343779 -0.12940583 0.05499776
v -0.08334108 -0.12507255 0.04816620
v -0.08274142 -0.12180010 0.00496424
v -0.08325887 -0.12170219 0.01966127
v -0.08355881 -0.12099197 0.06902632
v -0.08342264 -0.12015649 0.02693828
v -0.08371803 -0.11488449 -0.03610927
v -0.08350403 -0.11456782 0.03204318
v -0.08340777 -0.11572451 0.01479649
v -0.08357571 -0.10775140 0.01600889
v -0.08354812 -0.10811116 0.06823653
v -0.08360015 -0.10791010 -0.01297309
v -0.08334675 -0.11444638 -0.00779369
v -0.08354782 -0.10905625 0.03570172
v -0.08354258 -0.10986920 -0.04531916
v -0.08362034 -0.09914783 0.01375662
v -0.08361142 -0.09321870 0.05428175
v -0.08363421 -0.09084599 0.02422425
v -0.08362325 -0.09747535 0.03474732
v -0.08362887 -0.09777451 -0.01200883
v -0.08364380 -0.09084241 -0.01299529
v -0.08354060 -0.09378631 0.06886029
v -0.08381270 -0.09183436 -0.02795108
v -0.08364307 -0.08776810 0.02188891
v -0.08365058 -0.08739830 0.03712248
v -0.08363210 -0.08062224 0.06087255
v -0.08359189 -0.08940726 -0.04608903
v -0.08364628 -0.08498638 0.02242805
v -0.08364951 -0.07491380 -0.00250689
v -0.08365945 -0.08217777 -0.01348503
v -0.08382196 -0.07565827 -0.02782357
v -0.08364981 -0.07213011 0.03122307
v -0.08357356 -0.07810966 0.06901573
v -0.08367377 -0.06829935 0.00215102
v -0.08367864 -0.06031447 0.01845498
v -0.08368223 -0.06218327 0.03354089
v -0.08360737 -0.04560929 -0.04621768
v -0.08366811 -0.06208980 0.04467847
v -0.08355434 -0.05658084 0.06887555
v -0.08366352 -0.06571461 0.04338187
v -0.08369876 -0.06340757 -0.01436054
v -0.08366761 -0.05920690 0.06074500
v -0.08368561 -0.05184113 0.01862875
v -0.08368004 -0.05609711 -0.00415936
v -0.08368087 -0.04942295 -0.00318000
v -0.08369565 -0.04644295 -0.01321296
v -0.08384196 -0.05245646 -0.03117757
v -0.08368781 -0.04136753 0.02288819
v -0.08368190 -0.03951851 0.04578740
v -0.08367535 -0.04298122 0.01109912
v -0.08368471 -0.03189736 0.06158901
v -0.08360154 -0.04171962 0.06886469
v -0.08370324 -0.04416635 0.03684227
v -0.08382687 -0.03204310 -0.03001579
v -0.08368324 -0.03779696 0.01988629
v -0.08368206 -0.03214573 -0.04619164
v -0.08368551 -0.02548861 0.00757929
v -0.08368450 -0.03281071 0.02233677
v -0.08369396 -0.02932454 0.03285842
v -0.08369358 -0.02650289 0.04250723
v -0.08357278 -0.01728824 0.06853756
v -0.08366080 -0.01929778 0.06897810
v -0.08366943 -0.03686715 -0.00628119
v -0.08367293 -0.00624154 -0.00302450
v -0.08367118 -0.01839418 -0.00364451
v -0.08358520 -0.02255651 -0.04610698
v -0.08369117 -0.02280057 -0.01383388
v -0.08369320 -0.01613162 0.05989896
v -0.08367747 -0.01272311 0.01323555
v -0.08368762 -0.01965538 0.02118411
v -0.08368979 -0.01174531 -0.01357725
v -0.08373277 -0.01455902 0.06898435
v -0.08369712 -0.00727695 0.06063405
v -0.08383372 -0.00783740 -0.03111389
v -0.08371729 -0.00890774 0.03274436
v -0.08369555 -0.00367112 0.05897645
v -0.08359357 -0.00208427 0.06887481
v -0.08368369 0.00662505 -0.01318613
v -0.08367955 -0.00253144 0.01668474
v -0.08360614 0.00343125 0.06897105
v -0.08370565 0.00427689 0.03609853
v -0.08369896 0.01225051 0.06038575
v -0.08366965 0.01000858 0.00938846
v -0.08370487 0.00506605 0.03115571
v -0.08369217 0.01337366 0.04784436
v -0.08371066 0.02291451 0.03337059
v -0.08378994 -0.01832317 -0.04295683
v -0.08375415 0.02604212 -0.02374368
v -0.08368351 0.01702743 -0.01133160
v -0.08366631 0.00596678 -0.00286420
v -0.08368137 0.01847707 0.01086558
v -0.08378221 0.02038419 -0.02888148
v -0.08370081 0.03341062 0.06219245
v -0.08367526 0.03013456 0.00523922
v -0.08371524 0.02711401 0.03501868
v -0.08369858 0.03735570 0.02324807
v -0.08367623 0.03754755 0.01068786
v -0.08379977 0.03307355 -0.02735562
v -0.08379216 0.04120534 -0.02711711
v -0.08369111 0.04313428 0.04922379
v -0.08367456 0.03870023 -0.00621169
v -0.08367183 0.04095988 0.00153708
v -0.08371238 0.04229987 0.03270043
v -0.08363602 0.04295843 0.06834993
v -0.08367699 0.05214195 0.00652803
v -0.08371112 0.04934089 0.03966402
v -0.08349252 0.03799863 -0.04548811
v -0.08366405 0.07188021 0.06853972
v -0.08367940 0.04667370 -0.01132338
v -0.08368705 0.04910746 0.01595267
v -0.08371572 0.05442547 0.03583332
v -0.08368525 0.05863522 0.01745572
v -0.08370644 0.04918083 0.06886829
v -0.08371677 0.05795008 -0.03413257
v -0.08373771 0.06292378 -0.02619941
v -0.08367609 0.05738228 -0.00964659
v -0.08362158 0.05941534 0.06840471
v -0.08364784 0.06776203 -0.00914260
v -0.08367113 0.06505733 0.02341267
v -0.08365985 0.06548848 0.05113062
v -0.08345496 0.06904439 -0.04524736
v -0.08366757 0.07307884 0.03326607
v -0.08365548 0.08093100 0.06883691
v -0.08364673 0.07043058 -0.01079510
v -0.08365131 0.07478638 0.01256786
v -0.08365269 0.08069322 0.02858580
v -0.08364943 0.07265439 -0.01372911
v -0.08361871 0.08684714 -0.00341674
v -0.08363701 0.08428747 0.01212783
v -0.08374574 0.07268343 -0.02969496
v -0.08365315 0.08871744 0.03344789
v -0.08364127 0.09462604 0.06837285
v -0.08377369 0.10062946 0.06912429
v -0.08360409 0.09838333 -0.01225655
v -0.08363051 0.09850306 0.02956740
v -0.08363399 0.08357329 0.04475317
v -0.08355761 0.11405846 -0.02343152
v -0.08366255 0.09444452 0.06150818
v -0.08355038 0.08605189 -0.04539900
v -0.08362324 0.10758956 0.03235461
v -0.08362765 0.10302864 0.03389527
v -0.08362368 0.09523504 0.00689104
v -0.08359373 0.10731103 0.00664146
v -0.08361634 0.09525547 0.05279127
v -0.08363471 0.11308462 0.06863958
v -0.08359914 0.11115493 -0.02938494
v -0.08351575 0.11233907 -0.00593409
v -0.08355669 0.11933822 0.02828319
v -0.08343870 0.11529797 -0.00999829
v -0.08346798 0.12493462 0.03511482
v -0.08367462 0.12088815 0.06922082
v -0.08321197 0.12336506 0.00508016
v -0.08345792 0.12293618 0.03874293
v -0.08351569 0.11984749 0.04825970
v -0.08344048 0.13058959 0.05275475
v -0.08252970 0.13099010 -0.02146362
v -0.08303989 0.13383225 -0.00393028
v -0.08336264 0.13831766 0.02287284
v -0.08338268 0.13642015 0.04376801
v -0.08847683 0.13882213 0.04095372
v -0.08318330 0.14446888 0.00290363
v -0.08322710 0.14564517 0.03115124
v -0.08310077 0.15351748 0.01827033
v -0.07086837 -0.15679040 -0.00259574
v -0.08095845 -0.14213758 -0.00737770
v -0.07731056 -0.14035920 -0.01750373
v -0.08220860 -0.13190235 -0.03800319
v -0.08289784 -0.11844944 0.00117469
v -0.08089848 -0.12671114 -0.03798442
v -0.08156881 -0.13217431 -0.02456969
v -0.08205288 -0.11734389 -0.04627759
v -0.07880366 -0.11660264 -0.05081416
v -0.07993521 -0.08398173 -0.04874121
v -0.08339936 0.01146010 -0.04607403
v -0.08278988 0.12046761 -0.04430521
v -0.08232454 0.13143611 -0.02444054
v -0.07996152 -0.02781157 -0.04900149
v -0.08407203 0.02263836 -0.05333147
v -0.08361320 0.02996126 -0.04527345
v -0.08295474 0.06202555 -0.04618844
v -0.08471531 0.09071460 -0.05225654
v -0.08563331 0.12029074 -0.04914012
v -0.07584780 -0.13376068 -0.05789770
v -0.07730489 0.00739486 -0.05219459
v -0.07739034 0.05808135 -0.05249177
v -0.07990575 0.13065688 -0.03219873
v -0.08076244 0.13825498 -0.01642998
v -0.08295992 0.13980307 -0.00525879
v -0.07270010 0.14940567 0.00280182
v -0.08397629 -0.15506861 0.02158863
v -0.06598470 -0.14993290 -0.00019158
v -0.07659550 -0.14120055 -0.01501818
v -0.07612440 -0.13574170 -0.02756632
v -0.07899460 -0.12446453 -0.04875488
v -0.07689973 -0.09917079 -0.05341400
v -0.07715067 -0.03652264 -0.05782882
v -0.07751160 -0.01765303 -0.05824590
v -0.07680556 0.00033798 -0.05276995
v -0.08029949 0.05271832 -0.04845902
v -0.07676925 0.12908189 -0.05309600
v -0.08155646 0.12171957 -0.04620296
v -0.08314427 -0.14340520 0.00155366
v -0.07633189 -0.13101353 -0.05347526
v -0.07608763 0.01566207 -0.05279709
v -0.07814028 0.09276631 -0.05124309
v -0.08231760 0.14682293 0.00177293
v -0.08278259 -0.15004931 0.00309467
v -0.07693541 -0.03115899 -0.05326296
v -0.07993695 0.13591447 -0.01783765
v -0.07702244 -0.06519178 -0.05324016
v -0.07703092 0.03336648 -0.05299867
v -0.07502230 0.13570000 -0.03164534
v -0.07206533 0.14703274 0.00200068
v -0.06054530 0.15916230 0.01672779
v -0.08576785 -0.15976820 0.01822317
v -0.07138246 -0.14691338 -0.00349183
v -0.07490282 -0.13493461 -0.03769767
v -0.07614437 0.05281486 -0.05792356
v -0.07607966 0.10669213 -0.05766456
v -0.07359434 0.13726720 -0.02585903
v -0.08217700 -0.13678910 -0.01280635
v -0.07143154 -0.06153007 -0.05346487
v -0.06813555 0.14100452 -0.02091926
v -0.08192734 0.15933651 0.01687307
v -0.07392637 -0.13560473 -0.05645991
v -0.07398075 -0.13635733 -0.05716726
v -0.07103297 -0.13483117 -0.05365296
v -0.07340825 -0.12100960 -0.05353603
v -0.06978783 0.09958885 -0.05320732
v -0.07715835 0.10481703 -0.05304453
v -0.06938602 0.13519856 -0.05286033
v -0.06783738 -0.03009944 -0.05330172
v -0.06321044 -0.02774899 -0.05328365
v -0.06700469 0.01249070 -0.05285476
v -0.06539469 0.02729429 -0.05294349
v -0.07666876 0.05333586 -0.05305625
v -0.06562240 -0.09870131 -0.05349939
v -0.06707743 0.09036489 -0.05318486
v -0.06732032 -0.14547472 -0.01112585
v -0.07392426 -0.08632829 -0.05351021
v -0.07272230 -0.01414195 -0.05301456
v -0.06019605 -0.06991827 -0.05350271
v -0.06847407 -0.13823999 -0.04668502
v -0.06874176 -0.13805085 -0.03398593
v -0.05450338 0.03714794 -0.05300556
v -0.05288726 0.15016501 0.00366716
v -0.07015693 -0.15956998 0.01763984
v -0.06900122 -0.14028295 -0.03512731
v -0.06564929 -0.13376360 -0.05359387
v -0.05681502 -0.10996700 -0.05345103
v -0.05300211 0.05925472 -0.05312923
v -0.07365513 0.06613503 -0.05320715
v -0.05839477 0.08355805 -0.05316676
v -0.06278314 0.08127724 -0.05318839
v -0.06525341 0.14742011 0.00093815
v -0.06264914 -0.15012524 0.00285090
v -0.07751464 0.01716755 -0.05830725
v -0.05937686 0.01581645 -0.05285122
v -0.04698963 0.02727244 -0.05811078
v -0.05539768 0.10686258 -0.05310421
v -0.05457618 -0.11097928 -0.05808792
v -0.06233218 -0.06323043 -0.05349913
v -0.06621656 -0.00983408 -0.05296344
v -0.07430895 0.13312290 -0.05327880
v -0.06914640 -0.15292518 0.01722947
v -0.06769981 -0.14251429 -0.01465549
v -0.04521986 -0.14984694 -0.00031290
v -0.05421156 -0.03792225 -0.05331487
v -0.07029012 -0.14742098 0.00127048
v -0.05504186 -0.13847710 -0.03424140
v -0.07017961 0.05884637 -0.05800915
v -0.05616036 0.08335261 -0.05315541
v -0.06654262 0.15274798 0.01719493
v -0.06295487 -0.14538333 -0.01174719
v -0.05250729 -0.03828876 -0.05331272
v -0.05646595 0.13732899 -0.03938597
v -0.05528618 0.14378328 -0.01128473
v -0.05542811 -0.13673867 -0.05657213
v -0.05328284 0.01330674 -0.05282744
v -0.07107948 0.13616261 -0.05773095
v -0.06856159 0.13690128 -0.04033357
v -0.05226799 0.15435305 -0.00290886
v -0.06421456 0.15676540 -0.00317912
v -0.05315869 -0.15655948 -0.00301172
v -0.05488289 -0.09648307 -0.05345860
v -0.04909942 0.10554913 -0.05307641
v -0.05349231 0.14239286 -0.01590439
v -0.04842916 0.06334123 -0.05315335
v -0.05467081 0.12659474 -0.05306846
v -0.04460277 0.13800512 -0.03643529
v -0.06027014 -0.01369437 -0.05296025
v -0.05016917 0.13527881 -0.05314875
v -0.03009764 0.15881515 0.01641685
v -0.05844344 -0.13505621 -0.05347698
v -0.04396650 -0.06166021 -0.05346706
v -0.04389428 -0.04789185 -0.05336002
v -0.04809354 -0.02898139 -0.05323781
v -0.04730957 0.11985664 -0.05304923
v -0.04958031 0.13068181 -0.05308977
v -0.04910438 -0.15014059 0.00345209
v -0.04269276 -0.13464252 -0.05354311
v -0.04475141 0.08643184 -0.05313536
v -0.06180304 -0.14026280 -0.03605512
v -0.04334186 -0.12620979 -0.05339642
v -0.03504493 -0.02085770 -0.05833150
v -0.04535202 0.14859608 0.00279145
v -0.03118727 0.15629580 -0.00370037
v -0.05339848 -0.15923168 0.01677589
v -0.05389560 -0.14430808 -0.00974948
v -0.05747063 -0.13555935 -0.04965402
v -0.04244505 -0.10747334 -0.05340066
v -0.03304019 -0.15807322 0.01770439
v -0.04281982 -0.14441364 -0.01666702
v -0.04083583 -0.10741195 -0.05339984
v -0.04289162 -0.01118160 -0.05291890
v -0.04060325 0.06661050 -0.05798740
v -0.04256208 0.14262426 -0.01504818
v -0.06686330 0.14955130 0.00018215
v -0.02184004 0.15260057 0.01703034
v -0.03764155 0.00209098 -0.05286571
v -0.04617468 0.01497067 -0.05280744
v -0.03656325 0.06209478 -0.05316005
v -0.05742812 0.13973080 -0.02863199
v -0.04175425 -0.14215864 -0.01700106
v -0.04540227 -0.13999662 -0.03743744
v -0.04849484 -0.09100365 -0.05345650
v -0.03169980 -0.05056034 -0.05336711
v -0.03434266 -0.13848499 -0.03447705
v -0.03730241 -0.08828196 -0.05344041
v -0.03930416 -0.03932411 -0.05329377
v -0.02921710 -0.15270540 0.01722439
v -0.03650379 0.08298916 -0.05312511
v -0.03573949 -0.14892996 -0.00241518
v -0.02651277 -0.14792731 0.00142724
v -0.02620133 -0.05706922 -0.05809494
v -0.03334986 0.02292692 -0.05287304
v -0.03863918 0.10357142 -0.05305574
v -0.06556304 0.13635560 -0.05640929
v -0.03461519 -0.12799420 -0.05339874
v -0.03194679 0.05729476 -0.05313538
v -0.04387684 -0.14065060 -0.02435067
v -0.02754039 -0.08481736 -0.05342362
v -0.03505601 -0.02670277 -0.05316871
v -0.03043278 -0.01343010 -0.05292585
v -0.02963150 0.01467144 -0.05279952
v -0.02888368 0.03802409 -0.05299851
v -0.04332992 0.13178039 -0.05786937
v -0.02484711 0.13546559 -0.05307547
v -0.01963686 -0.14977791 0.00364044
v -0.04472581 -0.14254118 -0.02625930
v -0.02605670 0.03698640 -0.05299850
v -0.03774533 0.13562555 -0.05191468
v -0.03484903 0.14131083 -0.02084108
v -0.01577235 0.15864977 0.01649560
v -0.03072398 -0.10892864 -0.05338056
v -0.02698398 -0.00540826 -0.05289076
v -0.03108612 0.06939524 -0.05314486
v -0.03452101 0.10918146 -0.05305085
v -0.02366564 0.13679620 -0.04251518
v -0.05101961 0.14405284 -0.01805371
v -0.01581845 -0.15081657 -0.00139602
v -0.03625919 -0.14004635 -0.03724615
v -0.05056330 -0.13389433 -0.05800631
v -0.02299266 -0.08935487 -0.05341439
v -0.02118404 -0.15657512 -0.00244017
v -0.02417496 -0.14507295 -0.01297862
v -0.02251565 0.13538008 -0.05312414
v -0.02287397 0.15635072 -0.00327191
v -0.03339668 -0.14831832 0.00221915
v -0.02445323 -0.13689420 -0.05637800
v -0.02400396 -0.06847239 -0.05344463
v -0.02095028 -0.04152035 -0.05329281
v -0.03016321 0.06166702 -0.05315588
v -0.03291978 -0.06346284 -0.05345743
v -0.02807315 0.13979775 -0.02861006
v -0.02480370 0.01801899 -0.05284080
v -0.03013162 0.08481573 -0.05309853
v -0.02057512 0.10488295 -0.05304309
v -0.01772509 0.14314171 -0.01330596
v -0.02168846 -0.10757388 -0.05337572
v -0.04007328 0.15714173 0.01801778
v -0.01845168 0.13471221 -0.05314653
v -0.01732164 -0.14806967 0.00170554
v -0.01481389 -0.14262498 -0.02581824
v -0.02946100 -0.13471192 -0.05346629
v -0.01759666 0.10108223 -0.05304733
v -0.03053449 0.13669703 -0.05627101
v -0.02013366 0.15482562 -0.00308813
v -0.01059683 0.05161255 -0.05316875
v -0.01859760 0.05778475 -0.05315673
v -0.02282251 0.14787146 0.00120318
v -0.01545794 -0.15756391 0.01568288
v -0.02285001 -0.01380473 -0.05292723
v -0.00929775 0.13741800 -0.03894543
v -0.00914364 0.13862466 -0.04357216
v -0.01668328 0.15446693 -0.00289204
v -0.01066906 -0.14971487 0.00401070
v -0.01335726 -0.14322942 -0.01266961
v -0.02050266 -0.13911557 -0.04241891
v -0.01841033 -0.13676971 -0.05635458
v -0.01700303 -0.06418170 -0.05343065
v -0.01423900 -0.03005884 -0.05320355
v -0.01307178 0.05771079 -0.05318070
v -0.01372214 0.08502163 -0.05313583
v -0.00817463 0.12728430 -0.05306220
v -0.01581374 0.15707642 0.01781239
v -0.01007753 -0.15519853 -0.00260937
v -0.00488915 -0.14500494 -0.01316725
v -0.01786427 -0.14015032 -0.03667515
v -0.01689542 0.14913946 -0.00162204
v -0.01913209 -0.14196083 -0.01761315
v -0.01349696 0.01162606 -0.05286099
v -0.02660870 -0.14744266 -0.00576858
v -0.02446319 -0.11299251 -0.05814687
v -0.01413477 -0.11222186 -0.05338518
v -0.02260729 -0.01069262 -0.05833404
v -0.01160279 -0.15549061 0.01784655
v -0.00248671 -0.13532247 -0.05347108
v -0.01030467 -0.05153136 -0.05336539
v -0.01078303 0.01981393 -0.05291226
v 0.00933356 0.15598564 0.01797358
v -0.01653950 -0.15247279 0.01715300
v -0.01384317 -0.01410206 -0.05295084
v 0.00221643 -0.14459403 -0.00874189
v -0.02520088 -0.13542715 -0.05322550
v -0.01481800 -0.09730879 -0.05818433
v -0.01233589 -0.08251147 -0.05344037
v -0.00535956 -0.03129295 -0.05321955
v -0.02265871 0.06226917 -0.05799444
v -0.01279739 0.07404965 -0.05315499
v 0.00707846 -0.14010628 -0.03694968
v -0.02843648 -0.13359546 -0.05794544
v -0.01148087 -0.09627465 -0.05340815
v 0.00065792 0.13537668 -0.05312725
v -0.02401632 -0.13753139 -0.03886308
v -0.01001119 -0.13645979 -0.05662323
v -0.00671738 -0.10902883 -0.05338593
v -0.00657972 -0.06239875 -0.05343250
v -0.00145815 0.01463454 -0.05289897
v -0.00583834 0.04080049 -0.05310402
v -0.01540713 0.02423274 -0.05809756
v 0.00228732 0.10731635 -0.05302159
v -0.01279157 0.14908940 0.00331162
v -0.01557222 -0.15726667 0.00034852
v -0.00501880 -0.14103299 -0.02250118
v -0.00274835 0.03788168 -0.05307446
v -0.00539471 0.08578400 -0.05313771
v 0.00018572 0.09650411 -0.05306758
v -0.01507181 0.13981797 -0.02831981
v -0.01335046 -0.15449283 0.00292719
v -0.00783415 -0.14912830 -0.00219053
v -0.00070192 -0.08845009 -0.05342590
v 0.00005859 0.06311397 -0.05318584
v 0.00150949 0.14309146 -0.01339076
v -0.01944948 0.12297831 -0.05789770
v -0.00797360 0.15694244 0.01784839
v 0.00391707 -0.14538114 -0.01150607
v -0.01649538 -0.13739826 -0.03931212
v -0.00053565 -0.04067473 -0.05329359
v 0.01675949 0.05424209 -0.05806923
v -0.00286207 -0.14817895 0.00193384
v 0.00437802 -0.01551113 -0.05298167
v 0.00869838 0.02905026 -0.05304099
v -0.00062795 0.05470404 -0.05806922
v -0.01240536 0.15731822 -0.00187368
v 0.00383459 -0.15340336 0.01801647
v -0.00508029 -0.12600869 -0.05340425
v -0.01437794 -0.06198182 -0.05812293
v 0.01268380 0.13941888 -0.03001018
v 0.01489629 -0.15849901 0.01698971
v 0.00896919 -0.14744002 -0.00615778
v 0.00453769 0.07155898 -0.05317002
v 0.00105879 0.09336622 -0.05806327
v -0.02632318 0.13465640 -0.05766012
v 0.02818978 0.14764616 -0.00294533
v 0.00886686 0.14812264 0.00238887
v 0.00056349 -0.14257300 -0.02628987
v 0.01864968 -0.14144990 -0.02054506
v 0.00435617 -0.13881425 -0.04385118
v 0.01270458 -0.10035455 -0.05335773
v 0.00560718 0.13459681 -0.05321511
v 0.01359400 -0.06574705 -0.05809885
v 0.00803145 0.14081004 -0.03360946
v 0.00977428 -0.10930418 -0.05335380
v 0.01419404 0.13547496 -0.05313417
v 0.01202251 0.14744963 0.00022649
v 0.00478182 -0.06212889 -0.05341575
v 0.00809522 -0.01655947 -0.05301367
v 0.00611034 0.03905855 -0.05309088
v 0.00687970 0.04865428 -0.05312931
v 0.01958326 0.14821000 0.00220926
v 0.00063932 0.15268900 0.00556962
v 0.00773811 -0.00269555 -0.05293482
v 0.01270069 0.05497317 -0.05314413
v 0.01326474 -0.14785058 0.00112189
v 0.00961705 -0.08088783 -0.05342060
v 0.01296075 -0.06599995 -0.05340161
v 0.01047867 -0.03346914 -0.05323583
v 0.01208322 0.10263500 -0.05300437
v 0.01552900 -0.15503260 0.01122528
v 0.00251974 -0.13456897 -0.05354238
v 0.01422025 -0.01172815 -0.05292557
v 0.01345070 -0.14943328 0.00375705
v 0.01531158 -0.12844452 -0.05335886
v 0.01147935 -0.00482913 -0.05293594
v 0.01367114 0.12009744 -0.05298994
v 0.00179352 0.13654647 -0.04376856
v 0.01423072 -0.14263269 -0.02583591
v 0.01804262 -0.13752345 -0.03894844
v 0.01428616 -0.13509693 -0.05344151
v 0.01430861 0.00024107 -0.05292311
v 0.02583378 0.02500911 -0.05292158
v 0.01820019 0.04959099 -0.05307633
v 0.01522426 -0.13883134 -0.04372282
v 0.01731608 -0.02743726 -0.05311689
v 0.01156764 0.01591279 -0.05292790
v 0.01262307 0.05794572 -0.05315082
v 0.00179806 0.14168423 -0.01891704
v 0.01529273 -0.15861431 0.01665697
v 0.01383885 -0.01711013 -0.05821220
v 0.01899493 0.02074179 -0.05807859
v 0.01149056 0.14932864 0.00337190
v -0.00015113 -0.13698987 -0.05514401
v 0.03546247 -0.13431724 -0.05788709
v 0.01843640 -0.09344451 -0.05812797
v 0.01108487 0.06412316 -0.05317655
v 0.01264104 0.15238290 0.01709821
v 0.02026289 0.13599391 -0.04802478
v 0.02332678 -0.10174425 -0.05322152
v 0.02799119 0.05972544 -0.05302994
v 0.01968961 -0.06281081 -0.05329892
v 0.01774155 0.07013296 -0.05309420
v 0.01496808 -0.14117617 -0.03209881
v 0.02622861 -0.08437791 -0.05321386
v 0.02585532 0.08736449 -0.05295460
v 0.02514458 0.11712395 -0.05283313
v 0.02380204 0.13543516 -0.05300637
v 0.02234591 0.13774795 -0.03759467
v 0.02325592 -0.14989760 0.00358963
v 0.02477078 -0.01245785 -0.05286387
v 0.02690595 0.04211999 -0.05298445
v 0.02535817 -0.03723710 -0.05309791
v 0.02871839 0.01447696 -0.05284652
v 0.02899244 0.14142156 -0.01998570
v 0.02497658 0.15290534 0.01736764
v 0.02865057 -0.06747398 -0.05322474
v 0.02868496 -0.01387692 -0.05285286
v 0.03963566 0.13911906 -0.04131243
v 0.05890633 0.15947702 0.01751810
v 0.02593306 -0.15276602 0.01719022
v 0.03515269 -0.14553309 -0.00621585
v 0.02268470 -0.13680128 -0.05613195
v 0.01993339 -0.13538304 -0.05327249
v 0.02729030 -0.12668638 -0.05321217
v 0.02630314 -0.06934767 -0.05323051
v 0.03647338 0.14574336 -0.00466693
v 0.01593992 -0.15014530 -0.00082973
v 0.02007807 -0.14541673 -0.01170492
v 0.02856283 0.08326374 -0.05295777
v 0.01665587 0.15783075 0.00215253
v 0.02355573 -0.13379195 -0.05329276
v 0.03014386 -0.10251047 -0.05318861
v 0.02688220 -0.05695540 -0.05318679
v 0.03689529 -0.02280370 -0.05298386
v 0.04015058 0.06181390 -0.05305224
v 0.02788066 0.10452057 -0.05281477
v 0.02352601 0.13474610 -0.05774417
v 0.03925711 0.14813814 0.00246836
v 0.02849440 -0.15830792 0.01732784
v 0.03039924 0.02861337 -0.05293267
v 0.02148638 0.08663465 -0.05800671
v 0.03432761 0.05334123 -0.05303322
v 0.04338339 -0.13999316 -0.03732216
v 0.02675700 -0.02923824 -0.05303966
v 0.04024705 0.13748192 -0.03906767
v 0.01871992 -0.15694469 -0.00226390
v 0.03281637 -0.14487949 -0.01417870
v 0.03117996 -0.11630093 -0.05804919
v 0.03713203 0.10663534 -0.05282325
v 0.02624874 0.12055579 -0.05787076
v 0.04577706 0.13673470 -0.05617762
v 0.02441030 0.15643977 -0.00373863
v 0.03585438 -0.14119910 -0.02191607
v 0.02830873 -0.14300587 -0.01372790
v 0.03377742 -0.14022340 -0.02668763
v 0.02855355 -0.11110864 -0.05318674
v 0.03988217 -0.10088223 -0.05321076
v 0.06981259 0.13611043 -0.05753224
v 0.03888401 0.13540240 -0.05293755
v 0.03342250 -0.15827103 0.01191678
v 0.08250620 -0.14884881 0.00083900
v 0.03473853 -0.14839231 0.00274179
v 0.04683682 -0.06551311 -0.05325309
v 0.05928546 -0.13682948 -0.05625047
v 0.04062581 -0.05648923 -0.05320424
v 0.03598793 0.02466133 -0.05291901
v 0.03688239 0.14821251 -0.00378117
v 0.02731095 0.14984496 0.00371635
v 0.04449438 -0.15873214 0.01678577
v 0.03563230 -0.01087862 -0.05286400
v 0.03830147 0.05453915 -0.05804405
v 0.03953263 0.05181359 -0.05304022
v 0.04309240 0.14061020 -0.02462410
v 0.07048259 -0.15651624 -0.00287713
v 0.03786859 -0.14900545 -0.00242800
v 0.04496935 -0.14263913 -0.02600263
v 0.05160114 -0.10502375 -0.05323952
v 0.04352410 -0.02977736 -0.05308011
v 0.03347152 -0.00769949 -0.05285618
v 0.04718545 0.01592202 -0.05288930
v 0.06805821 0.14034120 -0.03538440
v 0.04819383 -0.13753653 -0.03915864
v 0.02994253 -0.07661473 -0.05806861
v 0.04567455 -0.11447979 -0.05323968
v 0.04197096 0.10448523 -0.05285346
v 0.04433686 -0.14537590 -0.01205663
v 0.04725537 -0.04862171 -0.05316911
v 0.05533963 -0.03207368 -0.05313159
v 0.04990956 -0.01489204 -0.05290733
v 0.05434127 0.13531149 -0.05299281
v 0.04524135 -0.13541266 -0.05337458
v 0.04303879 0.04979773 -0.05304746
v 0.05327022 0.06133632 -0.05309122
v 0.05102745 0.07071982 -0.05796226
v 0.04087558 0.14236796 -0.01608026
v 0.04746875 -0.15410096 0.01799424
v 0.05301626 -0.12609357 -0.05323683
v 0.03258325 -0.03173979 -0.05812136
v 0.02839423 -0.00732818 -0.05809851
v 0.04585731 0.09646585 -0.05296293
v 0.05939011 -0.15715119 -0.00224229
v 0.06338123 -0.14020691 -0.03623487
v 0.06890977 0.13732472 -0.03857904
v 0.04395169 -0.08246811 -0.05325683
v 0.05001125 0.14953458 -0.00116550
v 0.04726721 -0.13812462 -0.04823555
v 0.05605240 -0.04667723 -0.05316430
v 0.05014364 0.14505833 -0.01341439
v 0.05541404 -0.14094235 -0.02256675
v 0.05423427 0.09086675 -0.05303779
v 0.05220600 0.12216201 -0.05289418
v 0.06143769 0.14773120 0.00163361
v 0.05293165 -0.14244559 -0.02655712
v 0.05248797 -0.08523030 -0.05327173
v 0.05847957 0.01402525 -0.05289855
v 0.05584625 0.02846831 -0.05299245
v 0.06113114 0.05137759 -0.05309137
v 0.05954539 0.14272050 -0.01477828
v 0.05337270 -0.14321712 -0.01347172
v 0.05134649 -0.13350689 -0.05799714
v 0.05412955 0.10560886 -0.05291815
v 0.06068190 0.13993167 -0.02757444
v 0.05822506 -0.13686289 -0.04353394
v 0.06280672 0.08453486 -0.05312926
v 0.05502439 0.13054159 -0.05291662
v 0.07013403 0.14512683 -0.01076305
v 0.05566905 -0.14530926 -0.01205043
v 0.04148991 -0.01714143 -0.05813176
v 0.05919100 0.11597585 -0.05298279
v 0.04394388 0.15279562 0.01691460
v 0.05569503 -0.10463037 -0.05325571
v 0.06265514 -0.08322186 -0.05329461
v 0.06025699 -0.04927343 -0.05319655
v 0.05462820 0.07301757 -0.05307108
v 0.06609585 0.13535221 -0.05309734
v 0.06780834 0.14076150 -0.02289538
v 0.05795916 0.15660559 -0.00334382
v 0.06501981 -0.15878623 0.01750762
v 0.06604302 -0.14808331 0.00231208
v 0.06587026 -0.14539939 -0.01101920
v 0.06842369 -0.13494733 -0.05332138
v 0.06262032 0.09549871 -0.05308527
v 0.05861471 0.15386445 -0.00250524
v 0.06599263 -0.15732464 0.00057957
v 0.06853382 -0.14289869 -0.01261277
v 0.06687707 -0.10747288 -0.05794971
v 0.05400836 -0.01776335 -0.05294732
v 0.06277524 -0.01318751 -0.05292750
v 0.06608332 0.06484077 -0.05318352
v 0.05685520 -0.15017502 0.00366385
v 0.06594861 0.10426679 -0.05308403
v 0.06829287 0.14882005 -0.00098102
v 0.06023174 0.15023064 0.00361859
v 0.06954215 -0.13706595 -0.05381417
v 0.07498250 -0.05748565 -0.05804286
v 0.07652881 0.11461809 -0.05299699
v 0.07727772 0.15307401 0.01721631
v 0.06767140 -0.14066365 -0.02285670
v 0.07522950 -0.13295167 -0.05788396
v 0.06524551 -0.06421121 -0.05327449
v 0.07403285 -0.03305552 -0.05317435
v 0.07306728 -0.01177035 -0.05294285
v 0.06310251 0.14983446 0.00293499
v 0.06821580 -0.14852410 0.00260936
v 0.06617631 -0.14830743 -0.00348108
v 0.06818334 -0.14181279 -0.02755255
v 0.06883488 -0.14011051 -0.03578132
v 0.06910392 -0.13758430 -0.03818083
v 0.06588233 -0.11812014 -0.05338713
v 0.07622246 -0.07019048 -0.05319788
v 0.07185294 -0.02669245 -0.05822183
v 0.06753426 0.02946982 -0.05305531
v 0.07513677 0.07702889 -0.05320021
v 0.08706217 0.15816997 -0.00009993
v 0.07694502 0.03985130 -0.05301596
v 0.06901317 0.14134698 -0.01895800
v 0.07781110 -0.13157819 -0.05711538
v 0.07406042 -0.10501424 -0.05784279
v 0.07456926 -0.08508262 -0.05325167
v 0.07641837 -0.04592521 -0.05312636
v 0.07252871 0.13448024 -0.05306702
v 0.07667039 0.13534280 -0.02646064
v 0.06938651 0.13878587 -0.04264975
v 0.07010333 0.15782281 0.01796379
v 0.07835870 -0.15885808 0.01758960
v 0.07610200 -0.14312578 -0.00865319
v 0.07050778 -0.14752933 -0.00306267
v 0.07229439 -0.13430869 -0.05341888
v 0.07695492 -0.01817615 -0.05291564
v 0.07430524 0.04032762 -0.05804510
v 0.07610135 0.12825633 -0.05257777
v 0.07338968 0.14614683 0.00147543
v 0.08235456 -0.15017918 0.00302705
v 0.07658604 -0.13224718 -0.04284958
v 0.07583832 -0.13080243 -0.05279536
v 0.07780586 0.00363518 -0.05735998
v 0.07492053 0.13505443 -0.05759798
v 0.07749217 0.12085344 -0.05684548
v 0.06879823 0.14378972 -0.01060048
v 0.07886223 -0.13617105 -0.01863963
v 0.07793104 -0.11543632 -0.05680861
v 0.07676051 -0.07884209 -0.05294399
v 0.07533080 -0.07340473 -0.05802089
v 0.07767322 0.01311280 -0.05725142
v 0.07780818 0.04977864 -0.05707209
v 0.07475990 0.07466787 -0.05781439
v 0.07515720 0.13186516 -0.05275890
v 0.07627588 0.13669418 -0.02178892
v 0.07591288 -0.14531448 0.00112917
v 0.07690440 -0.11001407 -0.05315641
v 0.07645641 -0.08683364 -0.05316982
v 0.07808670 -0.08276089 -0.05681016
v 0.07847452 -0.05149993 -0.05678949
v 0.07490808 -0.02686160 -0.05819268
v 0.07717319 -0.01647793 -0.05768810
v 0.07502081 0.00343138 -0.05815996
v 0.07709096 0.06073252 -0.05305708
v 0.07555682 0.06603030 -0.05782397
v 0.07733546 0.06966440 -0.05286531
v 0.07969929 0.12778500 -0.05415718
v 0.08301948 0.15044941 0.00525848
v 0.08160108 -0.15906368 0.01717941
v 0.08161782 -0.15680446 -0.00278405
v 0.07238159 -0.14357472 -0.01367230
v 0.08218761 -0.13815406 -0.00956814
v 0.07711739 -0.13688133 -0.03195015
v 0.07464374 -0.13546939 -0.05675324
v 0.07865358 -0.09068557 -0.05114043
v 0.07976705 -0.04989998 -0.04945848
v 0.07692085 0.02298832 -0.05290932
v 0.08025641 0.05914845 -0.04896408
v 0.07958805 0.05712122 -0.05476249
v 0.07744729 0.08655585 -0.05273194
v 0.07828653 0.13380649 -0.05020257
v 0.08070292 0.13548227 -0.01684348
v 0.08358605 0.14525946 0.00026069
v 0.07648503 0.14734204 0.00198132
v 0.08216403 -0.14370870 0.00199690
v 0.07810150 -0.06596741 -0.05684665
v 0.08022676 -0.02731115 -0.04904594
v 0.07695845 -0.01657198 -0.05273232
v 0.07857840 0.00879940 -0.05078566
v 0.08003829 0.05329744 -0.05464527
v 0.07623318 0.09273503 -0.05738821
v 0.08084095 0.10428177 -0.05344064
v 0.08145063 0.13785641 -0.01626007
v 0.08279636 -0.15583584 0.01977931
v 0.08351474 -0.13422593 -0.02586913
v 0.08296612 -0.13030549 -0.03896646
v 0.08219072 -0.10551816 -0.04728210
v 0.08022642 -0.04578358 -0.05492754
v 0.08015083 0.01262323 -0.04905164
v 0.08307049 0.05858215 -0.04670254
v 0.07785935 0.11693115 -0.05166031
v 0.08286068 0.11389453 -0.04665442
v 0.08069057 0.13326140 -0.03527978
v 0.08274054 0.13893212 -0.00672630
v 0.08307655 -0.13865816 -0.01528357
v 0.08262528 -0.13932668 -0.00108088
v 0.08179507 -0.12904712 -0.03128752
v 0.08187850 -0.11725383 -0.04680185
v 0.08551551 -0.11083467 -0.05056376
v 0.08723589 -0.07093526 -0.05190245
v 0.08168960 -0.05332361 -0.04779472
v 0.08366200 -0.00541800 -0.04579350
v 0.08017720 0.03083768 -0.04901848
v 0.08165364 0.04162247 -0.04778544
v 0.08330014 0.09256487 -0.05282933
v 0.08068919 0.12237493 -0.04703373
v 0.08183974 0.12864564 -0.04742343
v 0.08214533 0.12639716 -0.03610991
v 0.08246799 0.13099344 -0.02462080
v 0.08853485 -0.15929226 0.01791381
v 0.08306162 -0.15003419 0.02642319
v 0.08313156 -0.13488779 0.04634853
v 0.08379729 -0.14235185 -0.00627345
v 0.08334933 -0.12554216 0.06035193
v 0.08262656 -0.15057923 0.00596698
v 0.08611201 -0.11830950 -0.05035771
v 0.08370331 -0.11402653 -0.01218391
v 0.08393149 -0.11501831 -0.04220253
v 0.08366566 -0.10090276 0.03872916
v 0.08365097 -0.08683770 -0.04566600
v 0.08276155 -0.08681894 -0.05282831
v 0.08340842 -0.12080770 0.06796457
v 0.08372966 -0.08148424 -0.01228607
v 0.08353822 -0.12104897 0.06844935
v 0.08387671 -0.03829853 -0.04503772
v 0.08383223 -0.06535708 -0.04505530
v 0.08370505 -0.05487160 0.04597547
v 0.08371441 -0.06602560 -0.00327393
v 0.08371376 -0.04111999 -0.01239211
v 0.08369220 -0.05130966 0.02095714
v 0.08361772 -0.02063802 0.06819426
v 0.08371307 -0.03025935 -0.00860004
v 0.08367615 -0.02293506 0.05909068
v 0.08378912 -0.00557164 -0.02435157
v 0.08370098 -0.00687261 0.03302167
v 0.08238050 -0.00554434 -0.04730877
v 0.08368561 -0.00707134 -0.01030578
v 0.08374109 0.00721439 -0.01463753
v 0.08368878 -0.00125543 0.05912779
v 0.08502446 0.00968795 -0.05305963
v 0.08372535 0.02369090 0.06848843
v 0.08382019 0.00990464 -0.04546408
v 0.08393650 0.04490936 -0.04505105
v 0.08384620 0.04340547 0.03889477
v 0.08365057 0.04847129 -0.04582866
v 0.08175395 0.06688163 -0.05338361
v 0.08377872 0.02490834 -0.00936225
v 0.08373819 0.04327404 0.06868852
v 0.08387328 0.06883904 -0.04479476
v 0.08382524 0.04345829 -0.01305171
v 0.08384126 0.05800134 -0.00803745
v 0.08368524 0.06019802 -0.04578525
v 0.08371366 0.07675350 0.06857661
v 0.08374139 0.09920234 -0.04537344
v 0.08382094 0.08236084 -0.00969077
v 0.08381646 0.09248915 -0.01226970
v 0.08380499 0.10542172 -0.00667748
v 0.08396061 0.11580738 -0.04235560
v 0.08373657 0.09567292 0.06855998
v 0.08377816 0.09871083 0.05180544
v 0.08353590 0.11786191 -0.04039734
v 0.08260016 0.13375349 -0.01763890
v 0.08381264 0.11734229 -0.02195189
v 0.08356313 0.11891151 0.02731231
v 0.08366672 0.11542029 0.06876926
v 0.08296802 0.13969743 -0.00200791
v 0.08345438 0.12122730 0.06692654
v 0.08312870 0.15513258 0.02018399
v 0.08479722 -0.11951134 -0.04983670
v 0.08359702 -0.06487713 0.06870272
v 0.08723248 -0.04731924 -0.05342002
v 0.08404358 -0.03080716 -0.05375445
v 0.08010785 -0.02028504 -0.05447962
v 0.08474553 0.12558094 -0.04771912
v 0.08864332 -0.15876641 0.01567768
v 0.08725988 -0.13726172 -0.03150585
v 0.08470087 -0.11804766 0.01171709
v 0.08456586 -0.11416642 -0.01181482
v 0.08473632 -0.11752767 -0.03679527
v 0.08454497 -0.11326031 0.01788387
v 0.08451193 -0.11022748 0.00074020
v 0.08450813 -0.12022352 0.06039627
v 0.08451036 -0.10369548 -0.00574302
v 0.08450506 -0.10938501 0.01903455
v 0.08475761 -0.11379132 -0.04860549
v 0.08451521 -0.09393719 -0.01953848
v 0.08451177 -0.11091089 0.05382876
v 0.08450786 -0.10069997 0.02541734
v 0.08455316 -0.10631407 -0.02551778
v 0.08451332 -0.10228376 0.03754300
v 0.08459649 -0.09761649 0.06325096
v 0.08456029 -0.10005570 -0.04110427
v 0.08449772 -0.09532592 0.00924824
v 0.08451253 -0.08872740 0.05485150
v 0.08450304 -0.09630473 -0.00768325
v 0.08920490 -0.08188881 0.06605280
v 0.08449815 -0.08500792 0.00537056
v 0.08455370 -0.09097836 -0.04171693
v 0.08449867 -0.08131984 0.01109202
v 0.08449702 -0.08188642 -0.01337165
v 0.08451149 -0.08344157 0.04012560
v 0.08454429 -0.08419244 -0.02603120
v 0.08462966 -0.08123404 0.06429854
v 0.08450808 -0.08315548 0.02306449
v 0.08462888 -0.07626147 0.06363152
v 0.08699890 -0.07135963 -0.05038814
v 0.08452017 -0.07248430 0.05425344
v 0.08626543 -0.09680211 0.06947460
v 0.08449513 -0.07664012 0.00704647
v 0.08450158 -0.07368014 0.02325167
v 0.08453867 -0.06722306 -0.02668416
v 0.08449863 -0.06873382 -0.01042990
v 0.08451298 -0.06719481 0.03712011
v 0.08575476 -0.07484839 0.06519534
v 0.08476406 -0.07275257 -0.04886241
v 0.08455394 -0.05141500 0.06338031
v 0.08450080 -0.06441871 0.01143476
v 0.08450478 -0.06705347 0.02057695
v 0.08451160 -0.05600837 0.03764514
v 0.08460272 -0.06281013 -0.04741844
v 0.08875078 -0.05969166 0.06609912
v 0.08452280 -0.06360677 -0.02264464
v 0.08449315 -0.05834397 0.00969128
v 0.08456866 -0.06127017 0.06312767
v 0.08451866 -0.05656170 -0.02325800
v 0.08449218 -0.05555300 -0.00327618
v 0.08450822 -0.05265531 0.04822496
v 0.08448936 -0.04876629 -0.00994037
v 0.08450538 -0.04424807 0.02623712
v 0.08451105 -0.04917189 0.03538368
v 0.08449207 -0.04179111 0.01731603
v 0.08471667 -0.03624757 0.06428745
v 0.08448850 -0.04385636 0.00805229
v 0.08449264 -0.03604233 0.00529952
v 0.08451116 -0.04552675 0.05112792
v 0.08605947 -0.04062965 0.06946178
v 0.08451158 -0.03387068 -0.02074149
v 0.08450547 -0.03454228 0.01962021
v 0.08455762 -0.02563586 -0.04320405
v 0.08450847 -0.02662295 0.02163864
v 0.08453599 -0.02298363 -0.02648896
v 0.08451785 -0.02502174 0.03746888
v 0.08450042 -0.01978021 -0.01731563
v 0.08457019 -0.02087379 0.06307245
v 0.08449316 -0.02558979 -0.00832049
v 0.08462363 -0.01566356 -0.04847831
v 0.08449625 -0.01614172 0.00932353
v 0.08450844 -0.01680595 0.02481004
v 0.08451143 -0.01224391 0.04921963
v 0.08451291 -0.01180042 0.04143067
v 0.08450727 -0.01521279 -0.01948980
v 0.08450750 -0.01126097 0.02526808
v 0.08458491 -0.00978392 0.06353768
v 0.08449527 -0.01422790 0.00197487
v 0.08457278 0.00353132 0.06314163
v 0.08449595 0.00129234 0.00083924
v 0.08453388 -0.01249318 -0.03165458
v 0.08451209 0.00219759 0.02578691
v 0.08452730 0.00388364 0.05521260
v 0.08449897 0.00593066 -0.01652041
v 0.08449580 0.00254578 0.01211657
v 0.08450626 0.01454436 -0.01347433
v 0.08476012 -0.00032986 -0.04816935
v 0.08457968 0.02915445 0.06364159
v 0.08449810 0.00660567 0.01038352
v 0.08451883 0.01006429 0.04085289
v 0.08450686 0.01913377 0.01525807
v 0.08457402 0.03003436 0.06315302
v 0.08451808 0.01558136 0.02684144
v 0.08453861 0.00644140 -0.02741607
v 0.08477967 0.01307658 0.06434160
v 0.08452358 0.02553170 0.05039644
v 0.08455329 0.02795366 -0.02642413
v 0.08450390 0.02788991 -0.00820346
v 0.08451339 0.02843082 0.01897492
v 0.08457389 0.01849039 -0.04424472
v 0.08450933 0.03121603 0.00939531
v 0.08453034 0.03278131 0.05454787
v 0.08452541 0.02346262 -0.02076651
v 0.09405817 0.02913656 0.06954137
v 0.08450606 0.03949740 -0.01281476
v 0.08457551 0.04239749 0.06308614
v 0.08450441 0.04323824 0.00784964
v 0.08452345 0.05306495 0.02539686
v 0.08452986 0.04362716 0.05114142
v 0.08453058 0.05195910 0.04890695
v 0.08451836 0.06075308 -0.01054533
v 0.08454372 0.04712047 -0.02386821
v 0.08456540 0.05741502 -0.02981801
v 0.08452124 0.05854114 0.01585947
v 0.08452572 0.05572722 0.02002123
v 0.08456961 0.05742932 0.06301435
v 0.08456592 0.04077000 -0.04324261
v 0.08453794 0.07025681 0.05115830
v 0.08451694 0.06319875 -0.01368801
v 0.08451870 0.06319901 0.00810099
v 0.08459044 0.06818471 -0.04252848
v 0.08452493 0.07164803 0.01682725
v 0.08480279 0.07999474 0.06535725
v 0.08453946 0.07939565 0.04325173
v 0.08451585 0.07633311 0.00766473
v 0.08453084 0.07995235 0.02669439
v 0.08451524 0.07377756 -0.01368101
v 0.08458986 0.08136481 0.06316709
v 0.08457394 0.07909268 -0.03819769
v 0.08452171 0.08376154 0.01300079
v 0.08452126 0.07861100 -0.01585621
v 0.08455403 0.09483130 -0.02312627
v 0.08452849 0.09083162 -0.01697303
v 0.08451620 0.08350101 0.00246784
v 0.08452617 0.09289858 -0.00354723
v 0.08452830 0.09859222 0.01746165
v 0.08484670 0.11907002 -0.04871087
v 0.08458162 0.09803092 -0.03018295
v 0.08466628 0.09134525 -0.04831406
v 0.08454057 0.10102442 0.04320580
v 0.08456485 0.10283705 0.05719798
v 0.08453958 0.10624899 0.02874013
v 0.08462218 0.11163073 -0.04303954
v 0.08454437 0.11163165 -0.00028936
v 0.08910591 0.09056081 0.06661727
v 0.08455496 0.10777647 -0.01888963
v 0.08455304 0.10999533 0.01551303
v 0.08454423 0.11361792 -0.01226747
v 0.08464740 0.11961000 0.04847608
v 0.08460437 0.11181963 -0.02778253
v 0.08462196 0.11822411 0.03143795
v 0.08460654 0.11165212 0.06330738
v 0.08487350 0.12019440 0.06054205
v 0.08503234 0.11975484 0.02462811
v 0.08942040 0.12051842 0.03978117
v 0.08471766 0.12256617 0.05704039
v 0.08571499 0.13200690 -0.03813653
v 0.08682705 -0.14757400 0.03019803
v 0.09057239 -0.13788835 0.04190675
v 0.08851854 -0.12405424 -0.04538943
v 0.08633537 -0.12321350 0.05612886
v 0.08774557 -0.09254327 -0.05306515
v 0.08764858 -0.04442305 -0.06691044
v 0.08490749 -0.06203901 -0.05003827
v 0.08778821 -0.01169654 -0.05356539
v 0.08587587 0.01926965 0.06922536
v 0.08494532 0.04249213 -0.04919428
v 0.08778843 0.06660649 -0.05313812
v 0.08667488 0.09993992 -0.05028832
v 0.08787874 0.10332913 -0.06693810
v 0.08707675 0.12121654 0.06938002
v 0.08827832 0.11597839 -0.05059465
v 0.08710278 0.11167693 -0.05027160
v 0.08783537 0.11867416 -0.06712402
v 0.08592155 0.12076391 0.06931698
v 0.08704576 0.12049151 -0.04381456
v 0.08509146 0.11971362 -0.01547201
v 0.08681276 0.15178581 0.02529852
v 0.08868704 0.15923816 0.01777739
v 0.08852143 -0.15734051 0.01299740
v 0.08864423 -0.15533364 0.01240504
v 0.08847010 -0.14331077 -0.00559611
v 0.08718112 -0.14587625 -0.01861272
v 0.08843514 -0.14195594 -0.00191397
v 0.08795217 -0.13971318 0.03445652
v 0.08659019 -0.12867686 -0.04346780
v 0.08816754 -0.12370488 0.03500717
v 0.08828039 -0.12863673 -0.03088922
v 0.08818317 -0.12630957 0.01233669
v 0.08830527 -0.13369946 0.04351217
v 0.08841031 -0.12418852 -0.03262472
v 0.09263721 -0.12234429 0.06728745
v 0.08711779 -0.12096998 0.06943619
v 0.08732765 -0.12068017 -0.02578173
v 0.08605485 -0.12053997 0.05017200
v 0.08778024 -0.10273775 -0.05045913
v 0.08770537 -0.08872455 -0.06681346
v 0.08836489 -0.02554899 -0.05022913
v 0.08610811 0.00271700 -0.05038719
v 0.08794667 0.01578516 -0.06680557
v 0.08585906 0.05871976 0.06560161
v 0.08798580 0.09118190 -0.05260501
v 0.09010448 0.11963156 -0.04786654
v 0.08818873 0.12062208 -0.02865736
v 0.08939539 0.12003821 0.01464562
v 0.09042112 0.12531137 -0.06769838
v 0.08859595 0.13441139 0.02934029
v 0.08874350 0.13253058 -0.01463363
v 0.08683061 0.14608947 0.03185190
v 0.08928104 0.14645180 0.02597728
v 0.08796935 0.14591670 -0.01841946
v 0.08886546 0.15100178 -0.00955029
v 0.08861156 0.14553510 0.02586452
v 0.08762743 -0.15639999 -0.00325837
v 0.08883121 -0.15323307 0.02113220
v 0.08824317 -0.14079064 -0.02543998
v 0.08852627 -0.13861235 -0.02123274
v 0.09061042 -0.13143208 0.05172153
v 0.08744241 -0.12451104 0.06299623
v 0.08828488 -0.12358629 0.00947820
v 0.08961722 -0.11947334 0.06585008
v 0.09054181 -0.11336208 -0.02187828
v 0.08864220 -0.12062157 -0.04874699
v 0.09050717 -0.08524100 -0.04892069
v 0.09052973 -0.10936009 0.06310322
v 0.08766588 -0.06695683 -0.06680165
v 0.09053519 -0.09651805 0.03146941
v 0.09051003 -0.07940250 -0.04883596
v 0.09051067 -0.11745148 0.00040951
v 0.09052124 -0.05245722 -0.04826189
v 0.09053986 -0.11486039 0.01486206
v 0.09018328 -0.06919350 -0.04927955
v 0.09051156 -0.05620328 0.06367341
v 0.09060913 -0.04959415 -0.06696257
v 0.08808278 -0.00349949 0.06616217
v 0.09052656 -0.06573604 0.06262692
v 0.09053341 -0.05693042 -0.00698132
v 0.09052222 -0.02147651 -0.04824191
v 0.09053188 -0.03155556 -0.02296713
v 0.09043433 -0.03233269 -0.04900192
v 0.09053026 -0.02813682 0.01207463
v 0.08644104 0.01116412 0.06931739
v 0.08790833 -0.03025652 -0.06314478
v 0.09052292 -0.00234014 -0.04819927
v 0.09052074 -0.00660622 -0.00288983
v 0.09050367 -0.01524123 0.06310693
v 0.09051315 0.00906932 0.06289661
v 0.08980135 0.00039476 -0.04956303
v 0.09052763 0.00592310 0.00176087
v 0.09051680 -0.00435144 0.02531559
v 0.09052347 0.02089092 0.00638675
v 0.09050563 0.02376969 -0.04883463
v 0.08798960 0.00934444 0.06595530
v 0.09061591 0.03202439 -0.06695509
v 0.09051957 0.03447507 -0.01706764
v 0.08891152 0.06567685 -0.05041291
v 0.08789058 0.06817541 -0.06685642
v 0.09050647 0.04868779 -0.04825875
v 0.09039183 0.05633860 -0.04907982
v 0.08983752 0.05123189 0.06558093
v 0.09051865 0.05058434 -0.02371001
v 0.09044029 0.06236997 -0.04931164
v 0.09050657 0.03906736 0.02491121
v 0.09042730 0.06775661 0.06407135
v 0.08602831 0.07708550 0.06926159
v 0.09051567 0.06268669 0.00563078
v 0.09043267 0.09067614 -0.04893760
v 0.09047716 0.09173412 -0.04950152
v 0.08795628 0.08738646 -0.06688392
v 0.09050021 0.06409283 0.02455168
v 0.09051595 0.08542127 -0.01457840
v 0.09050342 0.10083549 0.03935507
v 0.09050496 0.07769600 0.04813430
v 0.09049006 0.11408775 -0.04872039
v 0.09046176 0.11762653 0.01489276
v 0.08873216 0.11965118 0.06553854
v 0.09038868 0.12180708 0.05597891
v 0.08680613 0.12039748 0.03900341
v 0.09042998 0.12448438 0.02274915
v 0.09088023 0.12457937 0.06186252
v 0.08922216 0.12445950 -0.02013859
v 0.08883366 0.12529689 -0.00431858
v 0.08861152 0.13182293 -0.03566133
v 0.08867883 0.13061388 0.04624429
v 0.08868742 0.12516133 -0.03587439
v 0.08891004 0.14149416 -0.01956268
v 0.08876350 0.13789042 -0.01428601
v 0.08892228 0.15433923 0.01246432
v 0.09057669 -0.14428001 0.03103398
v 0.09046236 -0.14507135 0.03226090
v 0.09113377 -0.07869593 -0.06698003
v 0.09088913 -0.05233228 -0.06701483
v 0.09121603 -0.02843133 -0.06701845
v 0.09121887 -0.02798789 -0.06704329
v 0.09062532 -0.02146141 -0.06696283
v 0.09059454 -0.00019317 -0.06697909
v 0.09048873 0.01772075 -0.06698638
v 0.09089888 0.04127853 -0.06702956
v 0.09089463 0.05259027 -0.06703367
v 0.09109064 0.10406757 -0.06719526
v 0.09551284 0.12073155 0.06952766
v 0.08768335 0.12414366 -0.04726574
v 0.09130896 0.13015878 0.05387120
v 0.08974175 0.14102454 0.03508127
v 0.09084958 0.14880949 0.02735393
v 0.09087590 0.15374363 0.02166823
v 0.09160584 -0.11597929 -0.02755775
v 0.09159303 -0.11621426 -0.04564318
v 0.09221161 -0.11689364 0.06555465
v 0.09151088 -0.11595080 0.01319129
v 0.09147463 -0.11061273 0.04440643
v 0.09149764 -0.10506213 0.06303455
v 0.09151269 -0.10412343 0.01298461
v 0.09148195 -0.10412207 0.03601592
v 0.09155753 -0.10440039 -0.03511804
v 0.09151805 -0.10430889 -0.01230184
v 0.09415612 -0.09589809 0.06647613
v 0.09146339 -0.10140583 0.03345781
v 0.09147620 -0.09612236 -0.06701456
v 0.09151241 -0.09511748 -0.02384940
v 0.09150153 -0.09791105 -0.01628951
v 0.09145166 -0.09592041 0.06122128
v 0.09149826 -0.09554537 -0.06689302
v 0.09165866 -0.11618306 -0.06734740
v 0.09145240 -0.09615597 0.02649470
v 0.09147478 -0.09261065 -0.06691157
v 0.09149889 -0.08792074 -0.06374214
v 0.09148437 -0.09716183 -0.00737205
v 0.09143009 -0.08976218 0.05158501
v 0.09143487 -0.08349584 -0.06696965
v 0.09151333 -0.09411642 -0.03661275
v 0.09146402 -0.07992344 -0.00986170
v 0.09147224 -0.07558244 0.06215279
v 0.09152174 -0.08405579 -0.05193274
v 0.09148791 -0.07919542 -0.03011169
v 0.09146279 -0.08305474 -0.00264209
v 0.09134925 -0.07924232 -0.06699952
v 0.09152138 -0.08478132 -0.04815330
v 0.09144390 -0.07772144 0.02366446
v 0.09143021 -0.08053774 0.02656011
v 0.09145035 -0.08050456 -0.06693080
v 0.09142844 -0.07596074 -0.06694841
v 0.09144760 -0.06678490 0.05167090
v 0.09146476 -0.07600575 -0.01194292
v 0.09133186 -0.07169426 -0.06699607
v 0.09145175 -0.07177146 -0.06690567
v 0.09146485 -0.05978106 -0.02321917
v 0.09145875 -0.06690567 -0.06693102
v 0.09148852 -0.07209324 -0.02290917
v 0.09144770 -0.06928964 0.01868015
v 0.09156590 -0.05226705 0.06528638
v 0.09145456 -0.05878724 0.06317987
v 0.09144819 -0.06269523 -0.06691589
v 0.09150844 -0.06980880 -0.06114205
v 0.09143753 -0.05963603 0.01048665
v 0.09142235 -0.06514993 0.03385776
v 0.09127514 -0.05752086 -0.06704887
v 0.09142413 -0.04971605 -0.01297234
v 0.09140317 -0.05787497 0.02454657
v 0.09141809 -0.05843106 0.05991201
v 0.09145199 -0.05359448 -0.02422242
v 0.09126479 -0.05538023 -0.06703870
v 0.09135489 -0.05449112 -0.06693095
v 0.09147669 -0.05761582 -0.05009883
v 0.09143920 -0.04853863 -0.03093627
v 0.09125155 -0.05034862 -0.06703788
v 0.09146367 -0.05600479 -0.05250346
v 0.09125299 -0.04745134 -0.06704265
v 0.09134713 -0.04764236 -0.06693199
v 0.09133115 -0.05121604 -0.06699522
v 0.09138495 -0.05355554 0.03523508
v 0.09141790 -0.04763312 -0.00077913
v 0.09134648 -0.04522316 -0.06693596
v 0.09144829 -0.04472076 -0.05092594
v 0.09139959 -0.04870625 0.05665250
v 0.09145169 -0.03994302 -0.05451042
v 0.09134636 -0.04106348 -0.06693629
v 0.09142795 -0.03763877 -0.00673080
v 0.09142477 -0.04114857 -0.00695231
v 0.09138378 -0.04315162 0.02887001
v 0.09142828 -0.02541281 -0.00783408
v 0.09142695 -0.03171979 0.01197883
v 0.09140431 -0.02865325 0.04478878
v 0.09144362 -0.02637597 0.06336880
v 0.09131914 -0.03137050 -0.06698977
v 0.09141487 -0.05379742 -0.06342713
v 0.09145711 -0.02798850 -0.02322893
v 0.09141264 -0.04573586 0.01585748
v 0.09142943 -0.02683552 0.00184461
v 0.09134957 -0.02759742 -0.06691846
v 0.09140157 -0.02752955 0.06107587
v 0.09138943 -0.02257780 0.04283811
v 0.09134945 -0.02433675 -0.06695721
v 0.09143160 -0.01690927 -0.02386357
v 0.09145471 -0.02577861 -0.02268408
v 0.09140422 -0.02188324 0.02248113
v 0.09145704 -0.02776244 -0.04142820
v 0.09136997 -0.02059915 0.05173698
v 0.09139792 -0.02305603 -0.06312453
v 0.09133377 -0.01463364 0.05346265
v 0.09169721 -0.01532486 0.06562503
v 0.09131189 -0.01684098 -0.06701758
v 0.09141150 -0.01688976 0.00077191
v 0.09135071 -0.01565136 0.02924494
v 0.09133330 -0.00838700 0.04822436
v 0.09128247 -0.01341712 0.06309343
v 0.09139677 -0.00763024 -0.04850088
v 0.09138498 -0.00679116 0.00137009
v 0.09143167 -0.01664136 -0.04992099
v 0.09133304 -0.00989397 -0.06693127
v 0.09133292 -0.01371012 -0.06693982
v 0.09124823 -0.01268369 -0.06705277
v 0.09132926 -0.00958969 0.03524150
v 0.09140430 -0.00687847 -0.02221885
v 0.09123284 -0.00655583 -0.06704629
v 0.09138911 -0.00942079 0.01476213
v 0.09133209 -0.00653038 0.02564325
v 0.09133757 -0.00610468 -0.06691249
v 0.09138446 -0.00531562 -0.00570173
v 0.09133218 -0.00832190 0.04086184
v 0.09139470 0.00346266 -0.01482818
v 0.09125648 0.00380482 0.06329745
v 0.09139241 -0.00283376 -0.04934000
v 0.09123614 -0.00313442 -0.06704932
v 0.09140077 -0.00091453 -0.02145530
v 0.09132292 -0.00213549 -0.06693837
v 0.09124222 0.00024587 -0.06705531
v 0.09137256 -0.00632862 -0.05430778
v 0.09137991 0.00396395 0.00071852
v 0.09136359 -0.00644395 0.01969224
v 0.09131914 0.00493738 0.03448146
v 0.09123717 0.00421062 -0.06707488
v 0.09132829 0.00115294 -0.06694136
v 0.09132597 0.00627205 -0.06694613
v 0.09562050 0.01359131 0.06699227
v 0.09138108 0.01232560 -0.01215789
v 0.09124549 0.00814379 -0.06706522
v 0.09134121 0.01081569 -0.06693968
v 0.09137286 0.00589550 0.00715637
v 0.09128964 0.01625410 0.03433456
v 0.09130832 0.00873798 0.05232551
v 0.09139084 0.00669073 -0.05330963
v 0.09140565 0.00994769 -0.03603597
v 0.09136577 0.01315561 0.00542721
v 0.09131171 0.01243153 0.04069911
v 0.09130270 0.01422015 0.03981164
v 0.09124867 0.01310118 -0.06707598
v 0.09140594 0.01400314 -0.04739679
v 0.09136766 0.01914517 -0.06081718
v 0.09139482 0.01593520 -0.02481862
v 0.09127689 0.01844877 -0.06705831
v 0.09135785 0.01630420 -0.06693908
v 0.09135863 0.02103531 -0.01195655
v 0.09124012 0.02824947 0.02892399
v 0.09134892 0.01521952 -0.06624102
v 0.09126277 0.02179216 0.05182617
v 0.09128007 0.02181787 -0.06705264
v 0.09136013 0.01919029 -0.06694434
v 0.09136747 0.02402343 -0.01999410
v 0.09122901 0.01537899 0.06285078
v 0.09134304 0.02229371 0.00890440
v 0.09126354 0.02576441 -0.06706244
v 0.09136833 0.02225691 -0.06693951
v 0.09134603 0.03141100 -0.03832725
v 0.09136068 0.01006356 0.01717636
v 0.09138305 0.02697322 -0.06692662
v 0.09137164 0.00940914 -0.06367951
v 0.09137723 0.02185897 -0.02932679
v 0.09125942 0.02550852 0.04137686
v 0.09127529 0.02914962 -0.06705094
v 0.09136236 0.02524140 -0.05216956
v 0.09134675 0.03291416 -0.04494793
v 0.09124852 0.03050972 0.04274619
v 0.09131974 0.03182267 0.00683730
v 0.09133127 0.03086699 -0.00461853
v 0.09116053 0.02731756 0.06125131
v 0.09128665 0.03220119 -0.06704054
v 0.09137169 0.03257973 -0.06693023
v 0.09134112 0.03590699 -0.04397847
v 0.09132085 0.03468712 0.00118187
v 0.09123156 0.03465936 0.05428381
v 0.09128709 0.03467683 -0.06704431
v 0.09129333 0.03775341 -0.06704716
v 0.09138265 0.03778677 -0.06692990
v 0.09134395 0.03333130 -0.05241413
v 0.09133317 0.04255159 -0.01780042
v 0.09135312 0.03176397 -0.02259268
v 0.09131690 0.03270043 0.01412721
v 0.09128890 0.04000189 -0.06704844
v 0.09133801 0.03499750 -0.01513348
v 0.09124377 0.03193428 0.02618343
v 0.09135018 0.03932818 -0.06064858
v 0.09133371 0.04270843 -0.03103949
v 0.09122811 0.04210488 0.04418617
v 0.09136147 0.04296931 -0.06693688
v 0.09133197 0.05535108 -0.04517206
v 0.09130567 0.04198641 0.00157996
v 0.09120805 0.04783088 0.03605863
v 0.09119964 0.05095963 0.05342695
v 0.09127180 0.04424715 -0.06704958
v 0.09135537 0.04597735 -0.06694085
v 0.09123038 0.04964435 0.02357630
v 0.09116533 0.03882281 0.06327668
v 0.09129444 0.04413362 0.00573817
v 0.09127295 0.04922850 -0.06705086
v 0.09136842 0.05182425 -0.06693607
v 0.09133924 0.05730315 -0.05175989
v 0.09131221 0.04866760 -0.01077097
v 0.09127872 0.05214988 0.01476245
v 0.09127769 0.05283087 -0.06705041
v 0.09136101 0.05470630 -0.06699822
v 0.09132831 0.05461096 -0.02326095
v 0.09132025 0.05372825 -0.01884290
v 0.09128049 0.05997584 -0.06707427
v 0.09119488 0.05428931 0.03418192
v 0.09136016 0.05579443 -0.06312179
v 0.09132054 0.05773837 -0.03503451
v 0.09129361 0.05683295 0.00035238
v 0.09137798 0.05871355 -0.06694321
v 0.09127974 0.05493243 0.01341583
v 0.09121152 0.06924000 0.04648237
v 0.09118934 0.07220655 0.06121248
v 0.09139786 0.06461802 -0.06704720
v 0.09120313 0.05835940 0.02672087
v 0.09320604 0.06134234 0.06629625
v 0.09138787 0.07151487 -0.06021675
v 0.09133562 0.06288070 -0.02321388
v 0.09487981 0.07355472 0.06941007
v 0.09143773 0.06620291 -0.06694534
v 0.09133179 0.06526542 -0.04059485
v 0.09132963 0.06632144 -0.02154032
v 0.09136524 0.06759761 -0.06705404
v 0.09133336 0.06848467 -0.03415557
v 0.09125326 0.07219329 0.01950816
v 0.09143493 0.07006860 -0.06694384
v 0.09127901 0.07259038 0.01224579
v 0.09129407 0.06983994 -0.00520037
v 0.09124106 0.06837534 0.06526420
v 0.09121057 0.06914331 0.02885758
v 0.09128965 0.07354357 -0.06708773
v 0.09121208 0.07136565 0.03782700
v 0.09133527 0.07490844 -0.02263349
v 0.09123828 0.07933197 0.02641249
v 0.09562295 0.08374535 0.06932685
v 0.09136721 0.07286399 -0.05316458
v 0.09130540 0.08241134 0.00468083
v 0.09119967 0.07371555 0.06327821
v 0.09122850 0.08544136 0.04060992
v 0.09135227 0.07985259 -0.06708134
v 0.09143676 0.07652931 -0.06695150
v 0.09133308 0.07387393 -0.04072916
v 0.09143664 0.08223680 -0.06696353
v 0.09132398 0.08331162 -0.01056505
v 0.09122147 0.07987783 0.05442775
v 0.09133587 0.08170031 -0.01743162
v 0.09129218 0.08421911 0.01461145
v 0.09135190 0.08362698 -0.03839750
v 0.09137861 0.08361193 -0.04893122
v 0.09135215 0.08765156 -0.02189865
v 0.09132459 0.09023337 -0.00926903
v 0.09139582 0.09395079 -0.05918475
v 0.09121599 0.08794650 0.04844308
v 0.09141306 0.09110280 -0.06707111
v 0.09143552 0.09569226 -0.06532206
v 0.09122771 0.08651606 0.02947052
v 0.09123173 0.09662664 0.04656545
v 0.09136788 0.09459896 -0.06707737
v 0.09138831 0.09479368 -0.04788657
v 0.09130065 0.09222449 0.01332466
v 0.09144685 0.09374077 -0.06698106
v 0.09137034 0.09588062 -0.02867990
v 0.09138811 0.09932911 -0.06694064
v 0.09123525 0.09952644 0.03391561
v 0.09124335 0.09180763 0.02679455
v 0.09138983 0.10407190 -0.04428458
v 0.09137514 0.09681698 -0.04002930
v 0.09138340 0.10306654 -0.02700458
v 0.09125725 0.10409022 0.02595150
v 0.09134146 0.10025662 -0.01360198
v 0.09129227 0.11144672 0.03244164
v 0.09125876 0.10941690 0.05655717
v 0.09136183 0.11218529 0.01487803
v 0.09121067 0.10564785 0.06320635
v 0.09142641 0.10689435 -0.05136258
v 0.09135795 0.10700923 -0.01231469
v 0.09133009 0.10465698 0.01426917
v 0.09134246 0.10636374 -0.06709096
v 0.09141862 0.11205594 -0.01931677
v 0.09140248 0.10837031 -0.02175429
v 0.09206404 0.11671618 -0.06785703
v 0.09142896 0.10979514 -0.04664610
v 0.09140989 0.11659115 0.06566831
v 0.09123244 0.11098937 0.06351851
v 0.09142503 0.11612364 -0.01675163
v 0.09132467 0.11439375 0.02961444
v 0.09136145 0.11582464 0.04174770
v 0.09154896 0.11611739 -0.05447433
v 0.09147116 0.11633988 0.02841899
v 0.09159514 0.11683419 -0.05272454
v 0.09163045 0.11664068 -0.04065895
v 0.09165384 0.12663021 0.05957198
v 0.09130449 0.13382417 0.04799512
v 0.09113114 0.13829916 0.03976639
v 0.09501450 -0.12335266 -0.01182904
v 0.09416466 -0.11697516 0.02182273
v 0.09464140 -0.01905327 0.06950478
v 0.09141813 0.08530575 0.06574907
v 0.09494233 0.09829370 0.06936714
v 0.09346100 0.11801097 -0.00869411
v 0.09530604 -0.12126199 0.06922960
v 0.09518696 -0.12121405 -0.04511152
v 0.09545063 -0.08984415 0.06911374
v 0.09419389 -0.07631374 0.06961864
v 0.09544592 -0.07221492 0.06915137
v 0.09504080 -0.04976967 0.06949880
v 0.09551532 -0.01392549 0.06911300
v 0.09154320 0.01904160 0.06565325
v 0.09564427 0.06253401 0.06661633
v 0.09482270 0.11845686 0.03035313
v 0.09426647 0.11844556 -0.03043506
v 0.09510651 0.12008014 -0.01205395
v 0.09531541 0.12007875 0.06623871
v 0.09488342 0.11973053 0.04448462
v 0.09550573 0.12155210 -0.06645566
v 0.09297369 0.12400457 -0.00616138
v 0.09529451 0.12382529 0.04261692
v 0.08928919 -0.12228106 -0.06817402
v 0.09479165 -0.12349084 -0.05917850
v 0.09505380 -0.12337924 -0.04332833
v 0.09520378 -0.12312682 0.02887760
v 0.09500873 -0.12354938 -0.03436854
v 0.09543624 -0.11944453 0.00226062
v 0.09535518 -0.12295451 0.05754982
v 0.09482241 -0.11766034 -0.03095673
v 0.09545923 -0.11877189 0.04280033
v 0.09547480 -0.11773418 0.05620476
v 0.09582558 -0.06169929 0.06663912
v 0.09598966 -0.04855203 0.06700507
v 0.09553445 0.02822428 0.06912374
v 0.09555496 0.06395596 0.06938182
v 0.09553325 0.04162060 0.06917611
v 0.09560253 0.07296971 0.06913159
v 0.09569548 0.10960495 0.06710311
v 0.09564749 0.11118333 0.06948280
v 0.09510166 0.12201990 -0.06678420
v 0.09553712 0.12254049 -0.03392961
v 0.09538612 0.12344961 0.05787609
v 0.09529372 0.12348334 -0.00269569
v 0.09532379 0.12369870 0.00529832
v 0.09498432 0.11967327 0.05516198
f 91 2 98
f 6 133 4
f 6 4 5
f 6 5 23
f 6 23 7
f 9 6 7
f 7 25 9
f 9 25 8
f 8 182 17
f 17 182 10
f 17 10 11
f 17 11 12
f 17 12 13
f 17 13 14
f 17 14 15
f 17 15 16
f 17 16 18
f 3 2 91
f 112 98 2
f 6 9 133
f 8 17 18
f 55 19 51
f 37 36 62
f 169 1 71
f 38 64 40
f 38 40 39
f 39 40 41
f 41 40 64
f 41 64 42
f 42 64 44
f 44 43 45
f 45 43 46
f 47 48 49
f 49 48 77
f 2 133 112
f 33 355 19
f 37 62 60
f 60 171 37
f 169 71 61
f 62 61 65
f 171 64 172
f 171 60 64
f 61 71 65
f 172 64 63
f 60 62 67
f 38 39 63
f 63 39 66
f 172 63 66
f 39 41 66
f 62 65 67
f 41 42 66
f 60 67 64
f 42 173 66
f 42 44 173
f 173 44 69
f 65 71 68
f 43 64 72
f 44 45 69
f 67 65 68
f 45 46 69
f 46 70 69
f 46 47 70
f 47 73 70
f 71 74 68
f 47 49 73
f 43 72 48
f 64 67 72
f 75 67 68
f 49 76 73
f 72 67 75
f 49 77 76
f 48 72 50
f 68 74 89
f 3 91 74
f 78 50 79
f 72 75 94
f 50 78 80
f 80 78 81
f 78 79 81
f 80 81 83
f 79 50 72
f 75 68 94
f 81 79 82
f 79 72 82
f 83 81 82
f 72 88 82
f 83 82 85
f 74 91 89
f 85 82 84
f 82 88 84
f 85 84 86
f 84 88 86
f 72 94 111
f 86 88 90
f 72 111 88
f 86 90 92
f 94 68 89
f 92 90 93
f 90 88 93
f 89 91 98
f 92 93 95
f 95 93 96
f 96 93 97
f 93 88 97
f 95 96 100
f 100 96 99
f 96 97 99
f 97 88 111
f 100 99 179
f 179 99 101
f 99 97 101
f 89 98 94
f 179 101 177
f 101 97 102
f 97 111 102
f 177 101 102
f 177 102 178
f 102 111 107
f 102 107 178
f 103 178 107
f 104 111 94
f 94 98 116
f 178 103 105
f 105 103 106
f 103 107 106
f 105 106 108
f 108 106 109
f 106 107 109
f 104 94 117
f 108 109 372
f 109 107 110
f 107 111 110
f 116 98 112
f 94 116 117
f 372 109 113
f 109 110 113
f 110 111 104
f 116 112 120
f 180 113 114
f 113 110 114
f 180 114 279
f 279 114 115
f 114 110 115
f 117 116 124
f 279 115 118
f 118 115 119
f 115 110 119
f 119 110 104
f 118 119 121
f 121 119 122
f 119 104 122
f 121 122 125
f 122 104 123
f 125 122 123
f 104 117 132
f 132 117 124
f 124 116 129
f 125 123 126
f 112 133 120
f 126 123 127
f 123 104 127
f 126 127 181
f 181 127 128
f 127 104 128
f 131 116 120
f 128 104 130
f 132 124 129
f 116 131 129
f 120 133 131
f 130 104 134
f 104 132 135
f 136 130 134
f 134 104 135
f 136 134 137
f 134 135 137
f 133 9 143
f 136 137 138
f 137 135 140
f 135 132 129
f 138 137 140
f 138 140 139
f 139 140 141
f 139 141 142
f 141 140 135
f 129 131 145
f 131 133 143
f 135 129 147
f 142 141 144
f 141 135 144
f 156 129 145
f 142 144 148
f 144 135 146
f 148 144 146
f 148 146 313
f 313 146 150
f 146 135 150
f 313 150 151
f 151 150 149
f 129 156 147
f 131 143 145
f 151 149 152
f 9 8 143
f 152 149 153
f 153 149 147
f 149 150 147
f 150 135 147
f 152 153 154
f 145 143 155
f 153 147 154
f 143 8 155
f 154 147 157
f 147 156 158
f 328 154 157
f 147 158 157
f 145 155 156
f 155 8 18
f 155 18 162
f 157 158 340
f 156 160 158
f 156 155 160
f 155 162 161
f 340 158 412
f 160 155 161
f 162 18 159
f 158 160 164
f 164 160 163
f 412 158 166
f 165 160 161
f 166 158 164
f 160 165 163
f 162 159 161
f 165 161 51
f 173 69 175
f 70 73 175
f 76 77 176
f 77 50 176
f 50 80 176
f 80 83 176
f 176 83 85
f 85 86 391
f 86 92 391
f 92 95 391
f 100 392 95
f 178 105 179
f 105 108 179
f 108 372 179
f 113 180 372
f 118 121 289
f 121 125 289
f 125 126 289
f 126 181 289
f 128 130 181
f 130 136 181
f 138 139 136
f 139 142 136
f 142 148 136
f 148 313 136
f 157 340 328
f 20 19 184
f 19 355 185
f 189 187 59
f 188 383 193
f 188 193 187
f 58 189 190
f 190 189 191
f 59 187 192
f 187 168 192
f 187 193 168
f 118 289 279
f 313 151 152
f 33 56 355
f 355 56 639
f 354 355 464
f 357 464 356
f 464 355 356
f 381 186 639
f 368 173 175
f 354 464 380
f 57 171 386
f 175 176 368
f 340 409 328
f 420 196 385
f 418 196 420
f 420 385 384
f 418 420 419
f 420 384 421
f 419 420 422
f 426 424 421
f 421 423 426
f 420 421 424
f 422 420 424
f 422 424 433
f 426 423 427
f 423 432 427
f 428 424 426
f 433 424 428
f 433 428 430
f 431 426 427
f 428 426 431
f 430 428 437
f 437 428 431
f 431 427 438
f 427 432 438
f 431 435 437
f 433 430 436
f 234 444 432
f 432 444 443
f 390 433 395
f 433 436 395
f 430 440 436
f 440 430 437
f 431 438 439
f 438 432 443
f 435 431 439
f 443 435 439
f 444 445 443
f 436 440 371
f 443 439 438
f 443 437 435
f 371 440 446
f 447 443 445
f 440 437 443
f 444 442 449
f 442 444 441
f 444 449 445
f 440 443 446
f 446 443 447
f 441 452 450
f 442 441 450
f 446 447 448
f 452 441 407
f 448 447 451
f 445 449 447
f 451 447 449
f 450 452 454
f 442 450 456
f 456 450 454
f 456 458 442
f 454 452 455
f 449 442 459
f 455 452 407
f 459 442 458
f 456 454 458
f 451 449 408
f 408 449 459
f 408 459 457
f 454 455 460
f 407 332 455
f 458 454 461
f 461 454 460
f 332 351 455
f 460 455 351
f 661 459 347
f 459 458 347
f 347 458 414
f 414 458 461
f 469 675 364
f 469 393 675
f 364 675 418
f 675 393 676
f 676 393 736
f 393 657 736
f 736 657 660
f 660 457 661
f 736 660 697
f 660 661 698
f 418 675 662
f 660 698 697
f 661 462 698
f 465 670 643
f 356 703 762
f 643 670 763
f 759 462 666
f 698 462 759
f 703 693 762
f 697 698 750
f 666 685 817
f 759 666 817
f 750 736 697
f 795 750 698
f 662 740 842
f 662 675 740
f 736 750 738
f 895 736 738
f 698 759 795
f 676 736 784
f 685 797 817
f 763 670 746
f 893 740 675
f 750 795 738
f 839 817 797
f 675 676 893
f 826 795 759
f 693 772 762
f 784 736 895
f 759 817 953
f 763 746 840
f 839 874 817
f 762 772 786
f 676 784 814
f 759 953 826
f 893 676 814
f 842 740 893
f 839 797 889
f 738 795 908
f 908 795 826
f 895 738 920
f 953 817 866
f 786 772 847
f 814 784 895
f 738 908 920
f 826 953 934
f 772 833 847
f 844 840 886
f 847 833 944
f 905 893 814
f 826 934 952
f 911 842 893
f 839 889 954
f 826 952 939
f 911 893 905
f 814 895 947
f 920 908 943
f 943 908 826
f 839 962 874
f 905 814 1003
f 895 920 999
f 920 1000 999
f 943 826 939
f 939 952 1050
f 814 947 1004
f 947 895 999
f 839 954 962
f 866 874 1060
f 814 1004 1003
f 1000 920 943
f 953 866 1046
f 905 1003 911
f 947 961 1004
f 971 833 900
f 943 939 1000
f 897 988 989
f 934 953 1046
f 961 947 999
f 952 934 1046
f 999 1000 1107
f 866 1060 1046
f 1004 961 999
f 952 1046 1050
f 874 962 1027
f 1004 999 1092
f 1108 1000 939
f 1003 1004 1057
f 999 1107 1092
f 1027 1060 874
f 954 1114 1076
f 1050 1046 1059
f 1107 1000 1108
f 962 954 1027
f 1067 1046 1060
f 1108 939 1050
f 1055 1036 1110
f 1117 954 1076
f 1039 1028 1061
f 1050 1080 1108
f 1027 954 1090
f 1110 1036 1070
f 1057 1004 1092
f 1027 1090 1060
f 954 1117 1090
f 1129 1057 1092
f 1080 1050 1103
f 1050 1059 1103
f 1137 1108 1080
f 1103 1059 1046
f 1107 1212 1092
f 1003 1057 1129
f 1146 1061 1028
f 1110 1070 1083
f 1092 1212 1129
f 1046 1067 1103
f 1031 1003 1129
f 1076 1114 1117
f 1107 1108 1137
f 1199 1080 1103
f 1067 1060 1090
f 1212 1107 1137
f 1080 1199 1137
f 1083 1070 1232
f 1180 1137 1225
f 1103 1067 1253
f 1212 1137 1180
f 1253 1215 1103
f 1117 1114 1135
f 1199 1103 1227
f 1067 1090 1192
f 1129 1212 1155
f 1227 1103 1215
f 1117 1135 1090
f 1114 1161 1135
f 1180 1225 1223
f 1028 1183 1146
f 1212 1180 1164
f 1137 1199 1225
f 1159 1105 1287
f 1129 1155 1168
f 1168 1155 1187
f 1155 1212 1187
f 1253 1067 1206
f 1180 1223 1164
f 1225 1205 1224
f 1225 1199 1213
f 1248 1212 1222
f 1212 1164 1222
f 1223 1225 1224
f 1213 1199 1214
f 1269 1234 1268
f 1269 1268 1289
f 1232 1070 1562
f 1256 1283 1287
f 1283 1284 1287
f 1284 1286 1287
f 1289 1268 1287
f 1269 1289 1290
f 1289 1287 1286
f 1289 1286 1291
f 1289 1291 1295
f 1286 1294 1291
f 1289 1295 1290
f 1291 1294 1296
f 1292 1290 1298
f 1295 1291 1300
f 1291 1296 1342
f 1291 1342 1299
f 1295 1300 1290
f 1300 1291 1302
f 1298 1290 1300
f 1291 1299 1302
f 1298 1300 1297
f 1297 1300 1301
f 1300 1302 1301
f 1301 1302 1304
f 1297 1301 1306
f 1342 1303 1305
f 1299 1342 1305
f 1274 1297 1306
f 1304 1306 1301
f 1299 1305 1302
f 1304 1302 1309
f 1302 1305 1307
f 1302 1307 1309
f 1304 1309 1306
f 1274 1306 1314
f 1314 1306 1309
f 1307 1305 1303
f 1303 1313 1311
f 1303 1311 1307
f 1309 1307 1310
f 1314 1309 1310
f 1307 1311 1313
f 1307 1319 1310
f 1307 1313 1316
f 1307 1316 1319
f 1315 1314 1310
f 1310 1319 1315
f 1316 1323 1319
f 1322 1319 1323
f 1313 1320 1316
f 1319 1322 1315
f 1317 1315 1321
f 1315 1322 1323
f 1315 1323 1321
f 1323 1316 1327
f 1316 1320 1325
f 1317 1321 1324
f 1321 1323 1330
f 1327 1316 1329
f 1240 1324 1264
f 1323 1327 1330
f 1316 1325 1332
f 1324 1321 1326
f 1321 1330 1326
f 1316 1332 1329
f 1264 1324 1326
f 1328 1327 1329
f 1330 1327 1328
f 1325 1331 1332
f 1328 1329 1330
f 1330 1329 1335
f 1329 1332 1337
f 1332 1331 1337
f 1329 1337 1336
f 1335 1329 1336
f 1333 1330 1335
f 1336 1334 1335
f 1336 1337 1339
f 1266 1336 1338
f 1336 1339 1340
f 1336 1340 1338
f 1230 1338 1340
f 1505 1245 1559
f 1559 1245 1183
f 1975 1571 1545
f 1510 1293 1272
f 1545 1510 1272
f 1272 1574 1545
f 1574 1272 1511
f 1272 1343 1511
f 1511 1343 1591
f 1591 1513 1548
f 1513 1312 1548
f 1516 1548 1312
f 1601 1549 1608
f 1516 1312 1318
f 1548 1516 1605
f 1520 1650 1554
f 1271 1510 1545
f 1641 1511 1591
f 1571 1542 1577
f 1542 1569 1577
f 1542 1543 1569
f 1577 1569 1579
f 1571 1577 1570
f 1579 1569 1575
f 1572 1571 1570
f 1575 1569 1573
f 1573 1569 1584
f 1584 1569 1368
f 1570 1577 1572
f 1579 1575 1585
f 1578 1577 1579
f 1576 1572 1577
f 1581 1368 1393
f 1578 1579 1585
f 1575 1573 1584
f 1576 1577 1580
f 1585 1575 1584
f 1580 1577 1578
f 1368 1581 1584
f 1511 1582 1574
f 1584 1581 1589
f 1580 1578 1588
f 1585 1584 1589
f 1581 1393 1583
f 1585 1586 1578
f 1587 1585 1589
f 1594 1581 1583
f 1586 1585 1587
f 1588 1578 1586
f 1586 1587 1589
f 1592 1586 1589
f 1581 1594 1598
f 1589 1581 1598
f 1588 1586 1596
f 1594 1595 1598
f 1583 1601 1594
f 1593 1592 1589
f 1593 1589 1598
f 1644 1591 1548
f 1596 1586 1592
f 1592 1598 1597
f 1592 1593 1598
f 1599 1598 1595
f 1596 1592 1600
f 1599 1592 1597
f 1594 1601 1595
f 1599 1597 1598
f 1611 1595 1612
f 1600 1592 1599
f 1599 1595 1611
f 1548 1602 1645
f 1600 1599 1603
f 1612 1595 1601
f 1612 1601 1608
f 1603 1599 1609
f 1609 1599 1611
f 1604 1600 1606
f 1611 1612 1618
f 1606 1600 1609
f 1600 1603 1609
f 1607 1604 1606
f 1606 1609 1607
f 1549 1612 1608
f 1618 1612 1621
f 1614 1611 1618
f 1607 1609 1610
f 1609 1611 1616
f 1611 1614 1616
f 1616 1614 1618
f 1619 1616 1618
f 1615 1610 1609
f 1615 1609 1616
f 1549 1471 1612
f 1518 1915 1617
f 1619 1618 1622
f 1612 1471 1493
f 1621 1612 1620
f 1612 1493 1625
f 1915 1518 1522
f 1620 1612 1625
f 1621 1622 1618
f 1619 1622 1616
f 1622 1621 1620
f 1620 1625 1623
f 1520 1616 1622
f 1625 1493 1624
f 1520 1622 1551
f 1622 1620 1623
f 1553 1622 1623
f 1551 1622 1552
f 1622 1553 1552
f 1623 1625 1503
f 1623 1503 1553
f 1672 1975 1545
f 1545 1574 1639
f 1574 1640 1705
f 1574 1582 1640
f 1641 1591 1643
f 1641 1643 1642
f 1548 1645 1795
f 1645 1602 1810
f 1810 1602 1818
f 1602 1548 1646
f 1548 1605 1646
f 1646 1605 1647
f 1915 1522 1648
f 1648 1522 1935
f 1545 1667 1672
f 1545 1639 1678
f 1678 1639 1689
f 1639 1685 1689
f 1639 1690 1685
f 1639 1574 1693
f 1693 1574 1696
f 1705 1640 1710
f 1640 1718 1710
f 1640 1714 1718
f 1640 1582 1714
f 1582 1716 1714
f 1716 1582 1511
f 1511 1641 1733
f 1642 1643 1741
f 1643 1750 1741
f 1643 1591 1750
f 1591 1760 1750
f 1591 1644 1760
f 1644 1763 1760
f 1644 1772 1763
f 1772 1644 1775
f 1644 1780 1775
f 1780 1644 1785
f 1644 1548 1785
f 1548 1795 1785
f 1795 1645 1799
f 1645 1805 1799
f 1645 1810 1805
f 1818 1602 1825
f 1825 1602 1830
f 1602 1831 1830
f 1602 1646 1831
f 1831 1646 1837
f 1837 1646 1848
f 1646 1647 1848
f 1848 1647 1853
f 1647 1858 1853
f 1647 1605 1859
f 1647 1859 1858
f 1605 1862 1859
f 1605 1871 1862
f 1871 1605 1880
f 1605 1617 1880
f 1880 1617 1888
f 1888 1617 1897
f 1617 1915 1911
f 1935 1522 1938
f 1655 1982 1656
f 1655 1953 1982
f 1628 1974 1627
f 1699 1749 1783
f 1873 1955 1966
f 1966 1955 1991
f 1650 1629 1554
f 1953 1657 1984
f 1665 1699 1985
f 1699 1986 1985
f 1699 1783 1986
f 1965 1873 1783
f 1940 1970 1991
f 1973 1627 1997
f 21 34 37
f 34 36 37
f 35 61 36
f 35 169 61
f 61 62 36
f 3 71 1
f 3 74 71
f 1 365 3
f 365 174 3
f 174 2 3
f 174 87 2
f 22 4 470
f 470 4 133
f 4 22 5
f 23 5 22
f 23 24 7
f 7 24 25
f 375 8 25
f 375 182 8
f 182 27 10
f 10 27 11
f 26 27 182
f 27 28 11
f 11 28 12
f 26 28 27
f 28 29 12
f 12 29 13
f 26 29 28
f 29 30 13
f 13 30 14
f 26 30 29
f 30 31 14
f 14 31 15
f 26 31 30
f 31 32 15
f 15 32 16
f 26 32 31
f 26 16 32
f 412 52 353
f 52 20 353
f 52 53 20
f 53 54 20
f 20 54 19
f 19 55 33
f 55 18 33
f 22 470 23
f 470 24 23
f 24 470 25
f 470 375 25
f 26 453 16
f 453 18 16
f 54 51 19
f 51 161 55
f 55 159 18
f 57 21 37
f 36 59 35
f 168 169 35
f 63 64 38
f 64 43 44
f 43 47 46
f 43 48 47
f 77 48 50
f 2 274 133
f 559 470 133
f 182 453 26
f 473 18 453
f 412 166 52
f 166 164 52
f 164 163 52
f 163 53 52
f 53 163 54
f 163 165 54
f 54 165 51
f 161 159 55
f 473 33 18
f 21 190 34
f 193 169 168
f 34 167 36
f 36 167 59
f 1 169 383
f 171 57 37
f 172 173 171
f 1 170 365
f 66 173 172
f 70 175 69
f 76 175 73
f 76 176 175
f 85 391 176
f 429 87 174
f 95 392 391
f 179 392 100
f 178 179 177
f 429 2 87
f 20 416 183
f 416 20 380
f 20 184 380
f 380 184 354
f 184 19 354
f 19 185 354
f 185 355 354
f 33 473 56
f 475 356 186
f 58 190 21
f 190 191 34
f 191 167 34
f 191 189 167
f 167 189 59
f 59 192 35
f 192 168 35
f 193 383 169
f 195 421 194
f 195 200 421
f 197 199 360
f 198 197 196
f 423 421 200
f 359 387 198
f 360 200 195
f 198 201 197
f 198 207 201
f 199 203 360
f 360 203 200
f 387 207 198
f 197 202 199
f 202 203 199
f 203 204 200
f 201 202 197
f 204 423 200
f 387 205 207
f 202 209 203
f 217 204 203
f 207 202 201
f 170 468 365
f 208 423 204
f 213 202 207
f 209 217 203
f 217 208 204
f 212 387 206
f 205 215 207
f 215 213 207
f 218 210 206
f 210 212 206
f 202 211 209
f 216 215 205
f 217 423 208
f 387 212 205
f 211 217 209
f 205 212 216
f 213 214 202
f 202 214 211
f 219 423 217
f 216 222 215
f 222 213 215
f 214 217 211
f 212 210 216
f 222 220 213
f 220 221 213
f 213 221 214
f 214 219 217
f 219 367 423
f 223 216 210
f 225 222 216
f 218 226 210
f 226 229 210
f 210 229 223
f 223 225 216
f 214 227 219
f 227 367 219
f 220 214 221
f 218 224 226
f 225 231 222
f 231 220 222
f 220 227 214
f 228 224 235
f 224 229 226
f 220 233 227
f 229 225 223
f 228 229 224
f 229 230 225
f 231 233 220
f 233 234 227
f 228 232 229
f 235 240 228
f 232 230 229
f 230 237 225
f 234 432 227
f 231 238 233
f 232 237 230
f 225 238 231
f 238 241 233
f 233 241 239
f 244 232 228
f 237 238 225
f 240 250 228
f 236 250 240
f 250 244 228
f 239 234 233
f 232 244 237
f 244 245 237
f 235 258 240
f 242 238 237
f 245 242 237
f 240 243 236
f 250 246 244
f 242 241 238
f 258 252 240
f 243 250 236
f 252 243 240
f 254 239 241
f 242 247 241
f 243 252 250
f 241 247 254
f 258 248 252
f 256 249 245
f 249 242 245
f 250 255 246
f 261 244 246
f 242 254 247
f 244 256 245
f 256 242 249
f 242 251 254
f 252 255 250
f 246 255 261
f 261 253 244
f 256 269 242
f 269 257 242
f 257 251 242
f 258 260 248
f 244 253 256
f 254 251 239
f 251 234 239
f 252 248 255
f 256 253 261
f 259 255 248
f 261 263 256
f 258 282 260
f 259 264 255
f 268 263 261
f 269 251 257
f 371 282 258
f 260 259 248
f 264 262 255
f 262 261 255
f 251 444 234
f 269 265 251
f 251 267 444
f 256 263 269
f 282 266 260
f 262 268 261
f 265 267 251
f 279 372 180
f 268 269 263
f 259 262 264
f 282 270 266
f 266 259 260
f 281 267 265
f 282 271 270
f 270 259 266
f 259 272 262
f 272 277 262
f 262 277 268
f 268 277 269
f 269 273 265
f 265 273 281
f 281 444 267
f 269 275 273
f 270 276 259
f 277 275 269
f 259 280 272
f 278 282 371
f 271 286 270
f 279 289 372
f 276 280 259
f 280 283 272
f 272 283 277
f 283 275 277
f 270 286 276
f 275 285 273
f 284 286 271
f 278 271 282
f 293 280 276
f 288 283 280
f 283 285 275
f 287 276 286
f 293 288 280
f 290 285 283
f 285 281 273
f 287 293 276
f 278 292 271
f 283 288 290
f 271 292 284
f 292 286 284
f 286 296 287
f 288 294 290
f 296 293 287
f 278 295 292
f 285 308 281
f 308 441 281
f 292 297 286
f 293 296 288
f 297 296 286
f 294 301 290
f 285 290 308
f 303 295 278
f 291 308 290
f 300 303 278
f 298 288 296
f 295 297 292
f 290 301 291
f 299 298 296
f 298 294 288
f 296 297 299
f 298 299 294
f 294 299 305
f 304 302 303
f 303 302 295
f 295 302 297
f 314 303 300
f 305 306 294
f 294 306 301
f 302 309 297
f 309 299 297
f 306 305 299
f 301 307 291
f 307 308 291
f 304 312 302
f 307 310 308
f 306 310 301
f 313 403 136
f 314 324 303
f 312 311 302
f 311 309 302
f 310 307 301
f 324 304 303
f 309 320 299
f 309 311 316
f 152 403 313
f 312 315 311
f 316 319 309
f 299 320 306
f 309 319 320
f 320 310 306
f 311 315 316
f 304 325 312
f 317 310 320
f 315 318 316
f 321 317 320
f 324 325 304
f 329 320 319
f 376 324 314
f 317 321 310
f 318 319 316
f 324 323 325
f 312 322 315
f 322 318 315
f 333 323 324
f 318 326 319
f 321 407 310
f 328 152 154
f 325 322 312
f 322 331 318
f 333 325 323
f 376 333 324
f 331 326 318
f 329 321 320
f 319 326 329
f 333 327 325
f 327 330 325
f 331 322 325
f 337 329 326
f 330 331 325
f 343 326 331
f 343 337 326
f 338 333 376
f 335 330 327
f 333 335 327
f 330 334 331
f 342 343 331
f 337 332 329
f 329 332 321
f 333 338 335
f 334 336 331
f 336 342 331
f 335 339 330
f 339 334 330
f 412 409 340
f 338 457 348
f 341 336 334
f 348 335 338
f 341 349 336
f 348 346 335
f 335 346 339
f 341 334 339
f 337 345 332
f 344 341 339
f 336 349 342
f 337 343 345
f 348 344 346
f 344 339 346
f 342 352 343
f 343 332 345
f 352 351 343
f 351 332 343
f 661 347 457
f 347 348 457
f 612 630 473
f 341 350 349
f 349 415 342
f 415 352 342
f 347 344 348
f 414 341 344
f 350 415 349
f 379 353 20
f 355 639 186
f 356 355 186
f 694 669 187
f 694 187 189
f 358 465 189
f 466 187 669
f 417 358 189
f 58 417 189
f 57 359 21
f 359 58 21
f 57 388 359
f 421 195 194
f 359 198 418
f 198 196 418
f 197 385 196
f 385 197 384
f 197 360 384
f 360 421 384
f 360 195 421
f 388 363 387
f 361 362 387
f 362 206 387
f 206 362 218
f 218 362 224
f 366 364 363
f 362 235 224
f 368 369 366
f 227 423 367
f 227 432 423
f 235 390 258
f 390 371 258
f 434 2 429
f 434 274 2
f 281 441 444
f 274 559 133
f 278 373 300
f 373 448 300
f 448 402 300
f 300 402 314
f 310 441 308
f 310 407 441
f 405 660 401
f 405 406 660
f 402 376 314
f 375 453 182
f 328 660 406
f 321 332 407
f 328 377 660
f 376 457 338
f 341 378 350
f 379 412 353
f 20 183 413
f 416 380 464
f 634 639 56
f 189 465 694
f 382 479 188
f 479 383 188
f 480 484 383
f 387 359 388
f 386 388 57
f 363 418 387
f 171 388 386
f 363 364 418
f 171 173 363
f 171 363 388
f 368 389 173
f 389 363 173
f 389 368 366
f 389 366 363
f 362 390 235
f 366 469 364
f 369 469 366
f 368 176 369
f 176 469 369
f 425 429 174
f 391 469 176
f 391 392 469
f 370 393 469
f 469 179 370
f 392 179 469
f 396 393 370
f 370 179 396
f 179 394 396
f 390 395 371
f 397 394 179
f 394 393 396
f 372 397 179
f 397 393 394
f 397 657 393
f 289 397 372
f 289 398 397
f 398 399 397
f 399 657 397
f 181 398 289
f 398 657 399
f 278 400 373
f 398 401 374
f 374 657 398
f 181 401 398
f 136 401 181
f 400 448 373
f 403 401 136
f 401 657 374
f 401 660 657
f 403 152 401
f 152 405 401
f 406 405 152
f 328 406 152
f 328 409 377
f 376 408 457
f 410 377 409
f 377 410 411
f 377 457 660
f 411 457 377
f 412 410 409
f 412 411 410
f 413 411 412
f 411 661 457
f 661 411 413
f 414 461 341
f 461 378 341
f 378 461 350
f 461 415 350
f 379 20 412
f 413 412 20
f 413 183 661
f 183 416 661
f 464 463 462
f 466 188 187
f 417 467 358
f 417 58 359
f 484 1 383
f 387 418 361
f 418 419 361
f 361 419 362
f 362 419 390
f 468 512 365
f 419 422 390
f 365 425 174
f 422 433 390
f 395 436 371
f 371 446 278
f 278 446 400
f 446 448 400
f 448 451 402
f 402 451 376
f 404 453 375
f 451 408 376
f 453 612 473
f 461 460 415
f 460 351 415
f 347 414 344
f 415 351 352
f 416 462 661
f 464 462 416
f 381 475 186
f 464 356 685
f 357 356 464
f 467 465 358
f 466 382 188
f 479 480 383
f 662 359 418
f 484 170 1
f 592 375 470
f 592 471 375
f 375 471 404
f 471 472 404
f 661 457 459
f 473 634 56
f 462 463 666
f 463 464 666
f 464 474 666
f 474 685 666
f 474 464 685
f 703 356 475
f 643 694 465
f 681 476 669
f 669 476 466
f 476 382 466
f 681 477 476
f 477 479 476
f 476 479 382
f 645 644 467
f 478 477 681
f 477 478 479
f 417 645 467
f 481 480 479
f 478 485 479
f 485 481 479
f 481 484 480
f 482 483 478
f 483 485 478
f 485 483 482
f 482 488 485
f 487 481 485
f 492 488 647
f 647 488 482
f 488 487 485
f 490 484 481
f 493 490 481
f 493 481 487
f 486 491 492
f 491 489 492
f 489 488 492
f 487 488 493
f 488 489 493
f 496 490 493
f 468 484 490
f 498 493 489
f 498 496 493
f 486 499 491
f 500 499 486
f 491 495 489
f 484 468 170
f 494 500 486
f 506 502 494
f 502 500 494
f 504 496 498
f 501 468 490
f 499 497 491
f 497 495 491
f 495 497 489
f 497 498 489
f 504 505 496
f 496 501 490
f 500 503 499
f 505 512 496
f 503 497 499
f 503 498 497
f 512 501 496
f 516 502 506
f 503 504 498
f 509 500 502
f 500 507 503
f 501 512 468
f 516 510 502
f 507 511 503
f 511 504 503
f 510 509 502
f 508 511 500
f 511 507 500
f 511 505 504
f 509 508 500
f 508 513 511
f 521 505 511
f 510 520 509
f 520 508 509
f 512 425 365
f 511 515 519
f 511 519 521
f 518 505 521
f 505 518 512
f 513 508 520
f 512 518 425
f 515 513 514
f 513 515 511
f 526 510 516
f 517 521 519
f 523 513 520
f 535 526 516
f 526 520 510
f 513 522 514
f 519 515 517
f 515 514 522
f 517 515 521
f 524 523 520
f 518 531 425
f 523 524 513
f 532 521 515
f 525 520 526
f 522 532 515
f 520 525 524
f 524 529 513
f 529 522 513
f 528 521 532
f 425 531 429
f 542 529 524
f 521 531 518
f 527 532 522
f 529 527 522
f 528 530 521
f 530 531 521
f 533 526 535
f 525 542 524
f 534 527 529
f 542 534 529
f 532 538 528
f 533 525 526
f 534 532 527
f 542 536 534
f 534 538 532
f 533 542 525
f 538 539 528
f 536 537 534
f 540 531 530
f 531 541 429
f 537 538 534
f 530 528 539
f 545 533 535
f 540 541 531
f 546 542 533
f 536 538 537
f 429 541 434
f 566 546 533
f 547 540 530
f 544 536 542
f 538 547 539
f 547 530 539
f 541 551 434
f 536 549 538
f 549 554 538
f 554 555 538
f 538 555 547
f 566 533 545
f 548 536 544
f 536 548 549
f 546 543 542
f 543 544 542
f 540 551 541
f 566 550 546
f 549 558 554
f 543 548 544
f 547 552 540
f 434 551 274
f 546 550 543
f 548 558 549
f 553 550 566
f 558 548 543
f 552 547 555
f 556 551 540
f 569 543 550
f 552 556 540
f 551 556 274
f 553 557 550
f 557 569 550
f 560 554 558
f 560 555 554
f 555 559 552
f 552 559 556
f 653 566 545
f 558 543 569
f 567 557 553
f 556 559 274
f 566 567 553
f 563 560 558
f 561 559 555
f 566 571 567
f 562 558 569
f 562 565 558
f 560 564 555
f 564 561 555
f 569 565 562
f 565 563 558
f 563 564 560
f 658 571 566
f 568 569 557
f 570 565 569
f 565 564 563
f 658 566 653
f 572 561 564
f 567 568 557
f 565 572 564
f 567 573 568
f 573 569 568
f 573 570 569
f 561 470 559
f 573 565 570
f 572 565 574
f 572 470 561
f 571 577 567
f 574 565 573
f 658 577 571
f 567 581 573
f 572 583 470
f 567 580 581
f 578 567 577
f 575 582 574
f 575 574 573
f 582 572 574
f 583 592 470
f 588 580 567
f 581 576 573
f 588 567 578
f 575 573 576
f 572 582 579
f 658 578 577
f 576 581 575
f 581 582 575
f 584 581 580
f 584 589 581
f 582 585 579
f 658 594 578
f 580 588 584
f 581 589 582
f 589 590 582
f 590 585 582
f 594 588 578
f 583 572 592
f 586 594 658
f 579 587 572
f 590 579 585
f 596 592 572
f 591 590 589
f 590 587 579
f 587 596 572
f 591 584 588
f 594 595 588
f 591 589 584
f 586 600 593
f 593 594 586
f 595 591 588
f 594 597 595
f 598 591 595
f 600 594 593
f 590 599 587
f 592 472 471
f 597 598 595
f 598 590 591
f 590 598 599
f 609 594 600
f 596 472 592
f 603 597 594
f 587 472 596
f 609 606 594
f 606 603 594
f 598 597 604
f 587 404 472
f 604 601 598
f 601 599 598
f 587 599 602
f 601 602 599
f 587 602 404
f 602 453 404
f 603 604 597
f 605 601 604
f 606 604 603
f 600 618 609
f 606 608 604
f 608 605 604
f 610 615 605
f 615 601 605
f 607 621 606
f 621 608 606
f 615 602 601
f 611 612 602
f 621 605 608
f 609 613 606
f 621 614 605
f 614 610 605
f 606 613 607
f 615 623 602
f 602 617 611
f 618 613 609
f 623 617 602
f 602 612 453
f 610 623 615
f 613 621 607
f 614 623 610
f 619 620 621
f 621 620 614
f 620 623 614
f 623 611 617
f 618 616 613
f 616 621 613
f 623 624 611
f 616 622 621
f 622 619 621
f 624 612 611
f 618 625 616
f 619 623 620
f 654 625 618
f 627 619 622
f 626 622 616
f 626 628 622
f 628 629 622
f 629 627 622
f 633 623 619
f 633 624 623
f 624 630 612
f 627 633 619
f 654 616 625
f 628 626 616
f 634 624 633
f 654 635 616
f 634 630 624
f 616 631 628
f 635 631 616
f 631 629 628
f 632 633 627
f 631 667 629
f 629 632 627
f 630 634 473
f 632 629 633
f 629 634 633
f 638 634 629
f 635 636 631
f 636 667 631
f 637 629 667
f 637 638 629
f 637 639 638
f 638 639 634
f 667 640 637
f 641 639 637
f 640 641 637
f 641 381 639
f 642 641 640
f 641 475 381
f 642 475 641
f 669 686 681
f 644 465 467
f 478 681 700
f 646 645 417
f 700 649 478
f 646 417 359
f 646 359 662
f 649 482 478
f 492 647 649
f 647 482 649
f 648 486 649
f 486 492 649
f 486 648 650
f 650 494 486
f 494 651 506
f 535 656 545
f 659 600 586
f 659 618 600
f 684 654 618
f 684 709 654
f 655 635 654
f 636 635 667
f 688 667 635
f 668 642 640
f 681 748 700
f 672 648 649
f 673 650 648
f 650 673 494
f 673 651 494
f 652 506 651
f 656 677 545
f 663 658 653
f 658 678 586
f 678 618 659
f 678 664 618
f 664 684 618
f 680 654 709
f 655 688 635
f 667 668 640
f 642 703 475
f 644 670 465
f 673 648 682
f 506 652 516
f 516 656 535
f 545 663 653
f 663 678 658
f 678 659 586
f 691 665 654
f 665 655 654
f 691 655 665
f 726 694 643
f 671 644 645
f 696 648 672
f 674 652 651
f 652 689 516
f 689 656 516
f 663 545 677
f 690 678 663
f 664 678 715
f 709 679 680
f 680 691 654
f 691 688 655
f 667 692 668
f 694 744 669
f 705 704 662
f 662 704 646
f 700 672 649
f 682 651 673
f 674 689 652
f 687 677 656
f 683 663 677
f 690 715 678
f 709 684 664
f 679 691 680
f 688 692 667
f 669 735 686
f 648 696 682
f 689 687 656
f 743 691 679
f 762 685 356
f 727 645 646
f 682 707 651
f 720 677 687
f 683 690 663
f 715 731 664
f 731 709 664
f 693 703 642
f 744 735 669
f 686 748 681
f 695 670 644
f 671 695 644
f 704 727 646
f 706 682 696
f 707 674 651
f 699 688 691
f 672 700 723
f 706 707 682
f 674 701 689
f 701 687 689
f 709 708 679
f 699 702 688
f 744 694 726
f 645 695 671
f 700 748 745
f 696 672 723
f 719 701 674
f 701 711 687
f 720 713 677
f 683 713 690
f 691 702 699
f 668 725 642
f 642 725 752
f 645 670 695
f 704 722 727
f 706 696 723
f 707 716 674
f 713 683 677
f 713 714 690
f 708 743 679
f 710 691 743
f 734 688 702
f 860 693 642
f 705 722 704
f 716 719 674
f 710 760 691
f 760 702 691
f 734 692 688
f 727 718 645
f 745 723 700
f 728 707 706
f 719 741 701
f 712 687 711
f 687 712 720
f 724 715 690
f 724 690 714
f 709 717 708
f 789 773 706
f 742 737 713
f 737 714 713
f 734 725 692
f 692 725 668
f 744 779 735
f 670 645 718
f 735 748 686
f 753 718 727
f 745 789 723
f 789 706 723
f 773 728 706
f 728 773 707
f 729 764 707
f 764 716 707
f 715 730 731
f 733 709 731
f 733 708 717
f 733 717 709
f 746 670 718
f 773 729 707
f 721 741 719
f 701 741 711
f 742 713 720
f 731 732 733
f 768 743 708
f 762 797 685
f 752 860 642
f 716 764 719
f 764 721 719
f 741 712 711
f 770 720 712
f 724 730 715
f 751 732 731
f 733 732 708
f 755 802 760
f 643 763 726
f 782 753 727
f 722 757 727
f 770 742 720
f 737 724 714
f 739 768 708
f 779 748 735
f 705 757 722
f 732 751 708
f 751 739 708
f 743 771 710
f 771 760 710
f 802 766 760
f 763 787 726
f 748 788 745
f 753 746 718
f 749 789 745
f 766 702 760
f 702 756 734
f 756 785 734
f 785 725 734
f 787 791 726
f 791 744 726
f 705 662 842
f 747 712 741
f 751 731 730
f 771 743 768
f 766 756 702
f 829 753 782
f 757 782 727
f 721 774 741
f 770 758 742
f 758 737 742
f 754 747 741
f 747 754 712
f 754 776 712
f 762 761 797
f 810 779 744
f 803 749 745
f 805 721 764
f 822 770 712
f 758 800 737
f 777 739 751
f 789 780 773
f 764 729 773
f 776 822 712
f 767 751 730
f 777 768 739
f 791 810 744
f 829 792 753
f 788 803 745
f 803 789 749
f 724 767 730
f 765 777 751
f 778 771 768
f 771 755 760
f 755 769 802
f 798 752 725
f 786 761 762
f 804 782 757
f 776 754 741
f 794 758 770
f 767 811 751
f 755 771 769
f 785 756 766
f 761 786 797
f 805 774 721
f 774 775 741
f 796 766 802
f 779 788 748
f 904 780 789
f 783 773 780
f 773 783 764
f 783 805 764
f 822 794 770
f 777 778 768
f 796 785 766
f 812 746 753
f 800 724 737
f 811 781 751
f 781 765 751
f 838 769 771
f 832 796 802
f 848 788 779
f 813 803 788
f 820 789 803
f 904 864 780
f 790 805 783
f 809 741 775
f 809 776 741
f 809 822 776
f 794 800 758
f 801 767 724
f 840 844 763
f 842 757 705
f 808 853 805
f 801 724 819
f 831 838 771
f 838 832 769
f 769 832 802
f 844 787 763
f 864 783 780
f 801 811 767
f 765 827 777
f 827 771 777
f 777 771 778
f 848 813 788
f 783 793 790
f 790 793 805
f 781 811 765
f 811 816 765
f 860 772 693
f 804 829 782
f 783 834 793
f 834 805 793
f 822 823 794
f 799 800 794
f 798 860 752
f 871 791 787
f 792 845 753
f 807 904 789
f 807 789 820
f 864 818 783
f 853 774 805
f 809 775 774
f 825 724 800
f 896 810 791
f 841 804 757
f 818 834 783
f 806 809 774
f 824 815 800
f 825 819 724
f 827 831 771
f 808 805 834
f 872 823 822
f 794 824 799
f 824 800 799
f 815 830 800
f 830 825 800
f 836 811 801
f 837 765 816
f 871 896 791
f 844 871 787
f 840 746 812
f 757 878 841
f 849 878 757
f 823 824 794
f 829 845 792
f 841 829 804
f 853 806 774
f 828 779 810
f 892 840 812
f 807 914 904
f 808 821 853
f 856 811 836
f 811 837 816
f 854 832 838
f 889 797 786
f 860 833 772
f 753 892 812
f 845 892 753
f 821 808 834
f 837 827 765
f 870 785 796
f 877 803 813
f 824 830 815
f 825 852 819
f 827 846 831
f 846 838 831
f 858 870 796
f 847 889 786
f 841 863 829
f 914 807 820
f 834 843 821
f 853 821 850
f 823 835 824
f 856 857 811
f 811 857 837
f 874 866 817
f 858 796 832
f 923 871 844
f 828 848 779
f 877 890 803
f 864 834 818
f 880 853 850
f 872 835 823
f 835 891 824
f 846 827 837
f 922 725 785
f 863 845 829
f 890 820 803
f 842 849 757
f 851 806 853
f 806 822 809
f 891 855 824
f 852 836 801
f 852 801 819
f 922 798 725
f 848 828 813
f 851 822 806
f 855 830 824
f 830 852 825
f 852 856 836
f 857 846 837
f 903 877 813
f 878 888 841
f 914 937 904
f 861 846 857
f 873 854 838
f 841 888 863
f 864 894 834
f 894 859 834
f 834 859 843
f 843 850 821
f 881 872 822
f 902 872 881
f 865 857 856
f 870 922 785
f 867 889 847
f 890 914 820
f 911 849 842
f 894 843 859
f 894 912 843
f 912 906 843
f 880 851 853
f 881 822 851
f 830 869 852
f 928 832 854
f 885 833 860
f 828 862 813
f 862 903 813
f 887 845 863
f 872 891 835
f 873 928 854
f 798 885 860
f 901 810 896
f 843 880 850
f 880 881 851
f 868 830 855
f 884 861 857
f 997 832 928
f 944 867 847
f 901 828 810
f 917 880 843
f 882 852 869
f 882 909 856
f 882 856 852
f 909 883 856
f 883 865 856
f 944 875 867
f 886 923 844
f 901 876 828
f 924 914 890
f 849 879 878
f 946 894 864
f 907 902 881
f 919 868 855
f 868 882 830
f 882 869 830
f 858 955 870
f 944 889 875
f 875 889 867
f 929 871 923
f 887 892 845
f 957 890 877
f 911 879 849
f 906 917 843
f 891 899 855
f 865 884 857
f 846 873 838
f 997 858 832
f 900 798 922
f 944 833 971
f 828 903 862
f 924 957 914
f 898 881 880
f 872 902 891
f 899 919 855
f 870 955 922
f 935 885 798
f 916 894 946
f 926 865 883
f 926 927 865
f 913 846 861
f 935 833 885
f 892 930 840
f 956 863 888
f 957 924 890
f 879 1002 878
f 937 897 904
f 897 946 864
f 917 898 880
f 900 935 798
f 1055 923 886
f 916 912 894
f 927 921 865
f 913 861 884
f 948 928 873
f 896 876 901
f 876 903 828
f 910 888 878
f 988 937 914
f 911 915 879
f 898 907 881
f 918 899 891
f 918 919 899
f 884 865 921
f 965 955 858
f 979 896 871
f 904 897 864
f 909 926 883
f 876 940 903
f 931 906 912
f 902 918 891
f 926 909 882
f 846 986 873
f 929 979 871
f 931 917 906
f 918 925 919
f 868 932 882
f 1001 1006 922
f 930 886 840
f 896 982 876
f 887 950 892
f 863 936 887
f 916 931 912
f 898 917 907
f 925 968 919
f 919 932 868
f 932 926 882
f 884 960 913
f 997 933 858
f 933 965 858
f 1006 900 922
f 949 896 979
f 949 945 896
f 956 936 863
f 903 957 877
f 910 956 888
f 966 917 931
f 907 972 902
f 932 951 926
f 913 986 846
f 986 948 873
f 1055 929 923
f 930 1055 886
f 1063 957 903
f 917 938 907
f 941 972 907
f 972 918 902
f 951 927 926
f 964 960 884
f 944 954 889
f 1036 1055 930
f 936 950 887
f 938 977 907
f 967 941 907
f 968 925 918
f 945 982 896
f 1036 930 892
f 1002 958 878
f 988 897 937
f 1003 915 911
f 916 963 931
f 966 977 917
f 977 967 907
f 972 995 918
f 918 942 968
f 921 964 884
f 944 1039 954
f 982 903 940
f 958 910 878
f 897 980 946
f 963 959 931
f 977 938 917
f 982 940 876
f 950 1036 892
f 957 988 914
f 946 963 916
f 959 975 931
f 995 942 918
f 969 1005 919
f 1005 932 919
f 1039 1114 954
f 935 900 833
f 915 1002 879
f 967 972 941
f 968 969 919
f 951 978 927
f 978 921 927
f 974 903 982
f 1002 993 958
f 984 972 967
f 1005 951 932
f 1005 978 951
f 948 997 928
f 949 1029 945
f 958 993 910
f 975 966 931
f 955 1001 922
f 976 966 975
f 968 1005 969
f 960 964 913
f 1029 982 945
f 936 1036 950
f 976 977 966
f 968 973 1005
f 973 996 1005
f 985 921 978
f 965 970 955
f 971 900 1039
f 971 1039 944
f 910 987 956
f 1062 988 957
f 989 980 897
f 983 946 980
f 946 983 963
f 997 965 933
f 1055 979 929
f 990 967 981
f 990 984 967
f 990 972 984
f 995 992 942
f 992 968 942
f 992 973 968
f 1007 913 964
f 913 1007 986
f 1063 1062 957
f 1003 1002 915
f 983 959 963
f 994 977 1053
f 977 994 967
f 990 995 972
f 1011 1014 1005
f 1014 978 1005
f 985 964 921
f 1017 948 986
f 970 1001 955
f 998 949 979
f 982 1063 974
f 987 936 956
f 974 1063 903
f 989 983 980
f 1034 975 959
f 1034 976 975
f 1010 977 976
f 991 992 995
f 985 1016 964
f 1006 1024 900
f 1056 1037 936
f 997 1035 965
f 1055 998 979
f 987 1056 936
f 910 1012 987
f 1003 1031 1002
f 1008 1013 959
f 1021 1053 977
f 992 996 973
f 1015 985 978
f 948 1023 997
f 1029 1018 982
f 993 1012 910
f 1040 959 983
f 1034 1010 976
f 1009 1005 992
f 1005 996 992
f 1014 1045 978
f 1045 1015 978
f 1016 1007 964
f 1024 1039 900
f 1012 1056 987
f 989 1040 983
f 1013 1034 959
f 1010 1042 977
f 1042 1021 977
f 994 1053 967
f 1019 981 967
f 1019 990 981
f 1019 995 990
f 1020 1009 992
f 1009 1011 1005
f 1031 993 1002
f 1040 1008 959
f 1053 1019 967
f 1019 1022 995
f 1022 991 995
f 1077 1006 1001
f 936 1084 1036
f 982 1071 1063
f 1032 989 988
f 1022 1020 991
f 1020 992 991
f 1015 1016 985
f 1007 1017 986
f 970 1077 1001
f 1077 1024 1006
f 1018 1071 982
f 1042 1010 1034
f 1023 1035 997
f 1048 949 998
f 1064 988 1062
f 1032 1040 989
f 1009 1014 1011
f 1038 1045 1014
f 1054 1023 948
f 1061 1114 1039
f 1069 998 1055
f 993 1052 1012
f 1065 1040 1033
f 1040 1065 1008
f 1065 1013 1008
f 1053 1026 1019
f 1035 970 965
f 1069 1048 998
f 1037 1084 936
f 1042 1053 1021
f 1049 1009 1020
f 1009 1038 1014
f 1017 1054 948
f 1065 1025 1013
f 1025 1034 1013
f 1034 1025 1042
f 1026 1022 1019
f 1015 1068 1016
f 1007 1054 1017
f 1077 1139 1024
f 1048 1029 949
f 1040 1106 1033
f 1054 1007 1016
f 1159 1071 1018
f 1012 1095 1056
f 1030 1063 1071
f 1065 1041 1025
f 1051 1009 1049
f 1044 1038 1009
f 1058 1015 1045
f 1106 1065 1033
f 1113 1025 1041
f 1042 1087 1053
f 1043 1026 1053
f 1026 1043 1088
f 1088 1022 1026
f 1022 1049 1020
f 1015 1058 1068
f 1031 1052 993
f 1075 1049 1022
f 1081 1009 1051
f 1024 1028 1039
f 1159 1018 1029
f 1084 1070 1036
f 1049 1081 1051
f 1081 1044 1009
f 1068 1054 1016
f 1082 1023 1054
f 1104 1035 1023
f 1047 970 1035
f 1047 1077 970
f 1028 1024 1139
f 1078 1048 1069
f 1048 1105 1029
f 1118 1062 1063
f 1065 1066 1041
f 1066 1113 1041
f 1038 1058 1045
f 1095 1084 1037
f 1056 1095 1037
f 1115 1052 1031
f 1064 1091 988
f 988 1100 1032
f 1100 1040 1032
f 1074 1042 1025
f 1074 1087 1042
f 1079 1022 1088
f 1075 1081 1049
f 1082 1104 1023
f 1128 1030 1071
f 1091 1100 988
f 1100 1106 1040
f 1113 1072 1025
f 1109 1094 1038
f 1038 1094 1058
f 1104 1047 1035
f 1128 1063 1030
f 1052 1095 1012
f 1062 1118 1064
f 1118 1091 1064
f 1087 1043 1053
f 1143 1038 1044
f 1068 1099 1054
f 1110 1069 1055
f 1095 1174 1084
f 1031 1073 1115
f 1072 1074 1025
f 1022 1089 1075
f 1101 1081 1075
f 1101 1044 1081
f 1146 1114 1061
f 1085 1095 1052
f 1087 1098 1043
f 1079 1043 1098
f 1043 1079 1088
f 1134 1068 1058
f 1110 1078 1069
f 1128 1118 1063
f 1086 1066 1065
f 1047 1162 1077
f 1162 1139 1077
f 1106 1093 1065
f 1093 1086 1065
f 1086 1113 1066
f 1096 1087 1074
f 1105 1048 1078
f 1136 1174 1095
f 1052 1122 1085
f 1115 1111 1052
f 1093 1106 1086
f 1079 1089 1022
f 1094 1120 1058
f 1120 1134 1058
f 1122 1095 1085
f 1111 1122 1052
f 1123 1113 1086
f 1072 1096 1074
f 1098 1124 1079
f 1125 1075 1089
f 1109 1120 1094
f 1134 1099 1068
f 1105 1159 1029
f 1111 1095 1122
f 1129 1073 1031
f 1072 1116 1096
f 1124 1089 1079
f 1125 1101 1075
f 1102 1044 1101
f 1112 1054 1099
f 1082 1127 1104
f 1104 1208 1047
f 1148 1128 1071
f 1111 1136 1095
f 1140 1086 1106
f 1116 1087 1096
f 1116 1097 1087
f 1119 1109 1038
f 1112 1082 1054
f 1145 1127 1082
f 1127 1208 1104
f 1174 1070 1084
f 1140 1123 1086
f 1119 1038 1143
f 1130 1109 1119
f 1130 1120 1109
f 1139 1193 1028
f 1083 1153 1110
f 1123 1072 1113
f 1142 1116 1072
f 1097 1156 1087
f 1156 1098 1087
f 1101 1126 1102
f 1110 1105 1078
f 1159 1148 1071
f 1128 1177 1118
f 1118 1100 1091
f 1102 1143 1044
f 1208 1121 1047
f 1169 1142 1072
f 1156 1124 1098
f 1125 1126 1101
f 1121 1162 1047
f 1146 1152 1114
f 1129 1236 1073
f 1133 1119 1143
f 1130 1138 1120
f 1138 1134 1120
f 1134 1144 1099
f 1153 1147 1110
f 1073 1111 1115
f 1132 1100 1118
f 1100 1197 1106
f 1123 1179 1072
f 1157 1124 1156
f 1124 1125 1089
f 1126 1158 1102
f 1158 1143 1102
f 1131 1082 1112
f 1147 1105 1110
f 1148 1154 1128
f 1118 1177 1132
f 1132 1177 1100
f 1178 1140 1106
f 1181 1125 1124
f 1133 1130 1119
f 1160 1138 1130
f 1131 1145 1082
f 1163 1111 1073
f 1150 1197 1100
f 1141 1123 1140
f 1181 1126 1125
f 1193 1183 1028
f 1136 1149 1174
f 1149 1136 1111
f 1168 1236 1129
f 1177 1150 1100
f 1197 1178 1106
f 1179 1123 1141
f 1142 1097 1116
f 1133 1143 1182
f 1151 1130 1133
f 1151 1160 1130
f 1160 1134 1138
f 1152 1161 1114
f 1162 1166 1139
f 1179 1169 1072
f 1171 1124 1157
f 1171 1239 1124
f 1158 1182 1143
f 1112 1145 1131
f 1172 1162 1121
f 1166 1193 1139
f 1128 1167 1177
f 1163 1176 1111
f 1178 1220 1140
f 1140 1179 1141
f 1169 1189 1142
f 1142 1156 1097
f 1160 1151 1133
f 1146 1161 1152
f 1175 1233 1111
f 1233 1149 1111
f 1154 1167 1128
f 1142 1198 1156
f 1156 1198 1157
f 1124 1239 1181
f 1133 1165 1160
f 1160 1144 1134
f 1185 1208 1145
f 1208 1127 1145
f 1159 1173 1148
f 1176 1175 1111
f 1236 1163 1073
f 1197 1150 1177
f 1189 1170 1142
f 1184 1126 1181
f 1182 1165 1133
f 1183 1161 1146
f 1232 1153 1083
f 1287 1173 1159
f 1233 1174 1149
f 1188 1140 1220
f 1170 1198 1142
f 1144 1112 1099
f 1196 1070 1174
f 1167 1203 1177
f 1188 1179 1140
f 1198 1171 1157
f 1184 1226 1126
f 1226 1182 1126
f 1182 1158 1126
f 1190 1112 1144
f 1208 1172 1121
f 1172 1166 1162
f 1153 1194 1147
f 1233 1196 1174
f 1176 1233 1175
f 1163 1236 1176
f 1178 1197 1220
f 1239 1184 1181
f 1144 1160 1165
f 1200 1190 1144
f 1067 1192 1206
f 1202 1148 1173
f 1202 1173 1287
f 1195 1196 1233
f 1218 1154 1148
f 1235 1233 1176
f 1203 1197 1177
f 1189 1169 1179
f 1112 1191 1145
f 1191 1185 1145
f 1090 1135 1192
f 1208 1201 1172
f 1232 1194 1153
f 1194 1256 1147
f 1256 1105 1147
f 1256 1287 1105
f 1202 1247 1148
f 1154 1203 1167
f 1219 1220 1197
f 1198 1250 1171
f 1200 1144 1165
f 1200 1216 1190
f 1185 1217 1208
f 1195 1070 1196
f 1247 1218 1148
f 1235 1176 1236
f 1204 1219 1197
f 1190 1191 1112
f 1192 1135 1206
f 1234 1154 1218
f 1186 1236 1168
f 1168 1210 1186
f 1187 1210 1168
f 1187 1221 1210
f 1220 1211 1188
f 1212 1221 1187
f 1211 1179 1188
f 1189 1198 1170
f 1250 1239 1171
f 1227 1214 1199
f 1253 1227 1215
f 1206 1207 1253
f 1206 1229 1207
f 1191 1217 1185
f 1217 1244 1208
f 1208 1244 1201
f 1161 1245 1135
f 1232 1231 1194
f 1285 1070 1195
f 1154 1234 1209
f 1209 1203 1154
f 1203 1204 1197
f 1204 1237 1219
f 1223 1222 1164
f 1223 1260 1222
f 1223 1224 1260
f 1225 1213 1205
f 1226 1228 1182
f 1228 1242 1182
f 1242 1165 1182
f 1216 1191 1190
f 1246 1172 1201
f 1230 1166 1172
f 1234 1269 1209
f 1258 1235 1236
f 1210 1341 1186
f 1237 1220 1219
f 1221 1293 1210
f 1220 1237 1211
f 1212 1248 1221
f 1237 1179 1211
f 1237 1238 1179
f 1179 1238 1189
f 1238 1198 1189
f 1251 1239 1250
f 1214 1252 1213
f 1240 1226 1184
f 1227 1252 1214
f 1241 1252 1227
f 1253 1241 1227
f 1242 1263 1165
f 1229 1253 1207
f 1165 1263 1200
f 1200 1280 1216
f 1280 1191 1216
f 1206 1265 1243
f 1206 1135 1265
f 1191 1244 1217
f 1183 1245 1161
f 1235 1257 1233
f 1258 1257 1235
f 1186 1258 1236
f 1209 1269 1203
f 1571 1186 1341
f 1210 1271 1341
f 1293 1271 1210
f 1248 1293 1221
f 1222 1293 1248
f 1222 1272 1293
f 1224 1345 1260
f 1238 1249 1198
f 1249 1250 1198
f 1205 1345 1224
f 1205 1312 1345
f 1251 1261 1239
f 1213 1312 1205
f 1261 1275 1239
f 1252 1312 1213
f 1275 1184 1239
f 1275 1240 1184
f 1240 1228 1226
f 1228 1240 1242
f 1253 1318 1241
f 1240 1263 1242
f 1229 1254 1253
f 1206 1243 1229
f 1135 1255 1505
f 1135 1245 1255
f 1266 1246 1201
f 1246 1230 1172
f 1340 1166 1230
f 1166 1527 1193
f 1193 1527 1183
f 1218 1247 1234
f 1267 1285 1195
f 1233 1267 1195
f 1204 1259 1237
f 1259 1292 1237
f 1237 1273 1238
f 1222 1260 1272
f 1249 1308 1250
f 1250 1308 1251
f 1274 1261 1251
f 1275 1276 1240
f 1263 1264 1200
f 1264 1278 1200
f 1243 1265 1229
f 1229 1265 1279
f 1281 1334 1191
f 1191 1334 1244
f 1265 1135 1505
f 1244 1266 1201
f 1255 1245 1505
f 1562 1231 1232
f 1231 1256 1194
f 1267 1233 1257
f 1186 1534 1258
f 1186 1571 1534
f 1203 1269 1204
f 1269 1290 1204
f 1290 1270 1204
f 1270 1259 1204
f 1292 1273 1237
f 1308 1274 1251
f 1276 1317 1240
f 1317 1262 1240
f 1241 1318 1252
f 1253 1516 1318
f 1253 1550 1516
f 1253 1277 1550
f 1254 1277 1253
f 1330 1280 1278
f 1278 1280 1200
f 1280 1281 1191
f 1346 1279 1505
f 1279 1265 1505
f 1334 1266 1244
f 1266 1230 1246
f 1340 1527 1166
f 1562 1347 1231
f 1347 1282 1231
f 1287 1247 1202
f 1287 1268 1247
f 1268 1234 1247
f 1271 1288 1341
f 1290 1259 1270
f 1290 1292 1259
f 1298 1273 1292
f 1260 1343 1272
f 1298 1297 1273
f 1273 1297 1238
f 1238 1297 1249
f 1297 1274 1249
f 1345 1343 1260
f 1274 1308 1249
f 1345 1312 1513
f 1274 1314 1261
f 1314 1275 1261
f 1314 1315 1275
f 1275 1315 1276
f 1318 1312 1252
f 1315 1317 1276
f 1317 1324 1262
f 1262 1324 1240
f 1264 1263 1240
f 1326 1330 1264
f 1264 1330 1278
f 1333 1280 1330
f 1333 1335 1280
f 1279 1346 1229
f 1280 1335 1281
f 1281 1335 1334
f 1334 1336 1266
f 1338 1230 1266
f 1231 1282 1256
f 1256 1506 1283
f 1283 1506 1284
f 1257 1285 1267
f 1284 1567 1286
f 1296 1294 1286
f 1271 1571 1288
f 1293 1510 1271
f 1380 1342 1296
f 1342 1408 1303
f 1344 1343 1345
f 1344 1591 1343
f 1345 1591 1344
f 1345 1513 1591
f 1590 1303 1408
f 1303 1590 1313
f 1590 1514 1313
f 1254 1550 1277
f 1254 1520 1550
f 1229 1520 1254
f 1229 1346 1520
f 1562 1070 1285
f 1531 1562 1285
f 1531 1285 1257
f 1564 1531 1257
f 1348 1564 1258
f 1564 1257 1258
f 1534 1348 1258
f 1286 1567 1296
f 1354 1569 1509
f 1351 1542 1571
f 1349 1543 1542
f 1351 1350 1542
f 1350 1349 1542
f 1349 1354 1543
f 1354 1509 1543
f 1352 1354 1349
f 1341 1357 1571
f 1357 1351 1571
f 1351 1353 1350
f 1350 1353 1349
f 1353 1356 1349
f 1349 1356 1352
f 1356 1354 1352
f 1364 1351 1357
f 1355 1353 1351
f 1356 1359 1354
f 1364 1361 1351
f 1353 1355 1356
f 1360 1362 1356
f 1356 1362 1359
f 1359 1363 1354
f 1351 1361 1355
f 1361 1367 1355
f 1356 1355 1360
f 1363 1569 1354
f 1362 1366 1359
f 1366 1368 1359
f 1367 1365 1355
f 1361 1364 1358
f 1361 1358 1367
f 1365 1373 1355
f 1373 1360 1355
f 1360 1366 1362
f 1359 1368 1363
f 1363 1368 1569
f 1387 1364 1357
f 1387 1370 1364
f 1358 1369 1367
f 1367 1369 1365
f 1365 1369 1373
f 1373 1366 1360
f 1374 1358 1364
f 1364 1370 1374
f 1369 1376 1373
f 1374 1372 1358
f 1358 1372 1369
f 1371 1376 1369
f 1366 1375 1368
f 1373 1375 1366
f 1369 1381 1371
f 1372 1381 1369
f 1371 1373 1376
f 1379 1375 1373
f 1379 1377 1375
f 1370 1383 1374
f 1371 1382 1373
f 1374 1383 1372
f 1387 1383 1370
f 1384 1381 1372
f 1381 1382 1371
f 1385 1379 1373
f 1381 1385 1382
f 1382 1385 1373
f 1383 1384 1372
f 1384 1389 1381
f 1387 1394 1383
f 1390 1381 1389
f 1394 1384 1383
f 1381 1390 1385
f 1396 1377 1379
f 1385 1388 1379
f 1392 1394 1387
f 1394 1395 1384
f 1384 1395 1389
f 1390 1391 1385
f 1379 1388 1396
f 1391 1388 1385
f 1377 1393 1386
f 1389 1391 1390
f 1396 1393 1377
f 1387 1512 1392
f 1392 1397 1394
f 1397 1395 1394
f 1395 1402 1389
f 1402 1391 1389
f 1397 1398 1395
f 1391 1399 1388
f 1398 1400 1395
f 1401 1402 1395
f 1512 1409 1392
f 1397 1400 1398
f 1400 1405 1395
f 1405 1401 1395
f 1409 1397 1392
f 1396 1388 1393
f 1391 1407 1399
f 1399 1407 1388
f 1402 1407 1391
f 1406 1405 1400
f 1404 1393 1388
f 1512 1413 1409
f 1409 1417 1397
f 1397 1417 1400
f 1405 1403 1401
f 1410 1403 1405
f 1401 1407 1402
f 1407 1404 1388
f 1403 1410 1401
f 1400 1417 1406
f 1512 1411 1413
f 1410 1414 1401
f 1407 1416 1404
f 1406 1410 1405
f 1414 1407 1401
f 1414 1416 1407
f 1406 1412 1410
f 1412 1414 1410
f 1416 1583 1404
f 1418 1413 1411
f 1413 1415 1409
f 1417 1412 1406
f 1415 1417 1409
f 1425 1416 1414
f 1426 1419 1417
f 1512 1418 1411
f 1412 1417 1414
f 1413 1423 1415
f 1417 1420 1414
f 1421 1425 1414
f 1423 1417 1415
f 1420 1422 1414
f 1423 1426 1417
f 1419 1424 1417
f 1417 1424 1420
f 1416 1425 1583
f 1418 1423 1413
f 1414 1422 1421
f 1418 1429 1423
f 1426 1424 1419
f 1424 1422 1420
f 1422 1425 1421
f 1423 1428 1426
f 1427 1425 1422
f 1424 1431 1422
f 1423 1429 1428
f 1426 1430 1424
f 1428 1433 1426
f 1431 1427 1422
f 1435 1448 1418
f 1448 1429 1418
f 1433 1430 1426
f 1427 1583 1425
f 1430 1431 1424
f 1448 1442 1429
f 1437 1428 1429
f 1430 1438 1431
f 1438 1436 1431
f 1429 1434 1432
f 1432 1437 1429
f 1437 1433 1428
f 1429 1442 1434
f 1431 1443 1427
f 1443 1601 1427
f 1427 1601 1583
f 1433 1437 1430
f 1437 1438 1430
f 1432 1434 1437
f 1434 1439 1437
f 1436 1443 1431
f 1547 1448 1435
f 1441 1438 1437
f 1438 1440 1436
f 1446 1449 1434
f 1439 1441 1437
f 1448 1451 1442
f 1547 1515 1448
f 1442 1446 1434
f 1434 1449 1439
f 1441 1444 1438
f 1444 1440 1438
f 1436 1601 1443
f 1442 1451 1446
f 1439 1444 1441
f 1448 1445 1451
f 1449 1447 1439
f 1439 1447 1444
f 1447 1450 1444
f 1436 1549 1601
f 1448 1460 1445
f 1449 1450 1447
f 1445 1460 1451
f 1453 1449 1446
f 1440 1549 1436
f 1515 1465 1448
f 1450 1440 1444
f 1465 1460 1448
f 1460 1453 1451
f 1451 1453 1446
f 1453 1455 1449
f 1449 1454 1450
f 1457 1454 1449
f 1449 1456 1457
f 1454 1440 1450
f 1452 1320 1313
f 1455 1456 1449
f 1454 1549 1440
f 1460 1455 1453
f 1465 1461 1460
f 1460 1462 1455
f 1462 1463 1455
f 1455 1463 1456
f 1456 1458 1457
f 1459 1462 1460
f 1457 1464 1454
f 1515 1469 1465
f 1458 1464 1457
f 1456 1464 1458
f 1460 1467 1459
f 1461 1467 1460
f 1459 1468 1462
f 1463 1462 1456
f 1462 1466 1456
f 1468 1470 1462
f 1466 1464 1456
f 1469 1461 1465
f 1466 1471 1464
f 1464 1549 1454
f 1471 1549 1464
f 1467 1475 1459
f 1459 1470 1468
f 1320 1613 1325
f 1475 1478 1459
f 1487 1469 1515
f 1469 1475 1461
f 1461 1475 1467
f 1478 1473 1459
f 1473 1470 1459
f 1474 1472 1470
f 1470 1472 1462
f 1462 1472 1466
f 1325 1613 1331
f 1517 1487 1515
f 1479 1475 1469
f 1487 1477 1469
f 1469 1480 1479
f 1477 1480 1469
f 1473 1478 1470
f 1466 1476 1471
f 1479 1482 1475
f 1482 1478 1475
f 1487 1480 1477
f 1493 1471 1476
f 1478 1474 1470
f 1474 1476 1472
f 1476 1466 1472
f 1480 1481 1479
f 1481 1482 1479
f 1488 1489 1474
f 1489 1476 1474
f 1481 1483 1482
f 1487 1486 1480
f 1500 1493 1476
f 1484 1478 1482
f 1484 1488 1474
f 1483 1484 1482
f 1484 1474 1478
f 1613 1337 1331
f 1481 1480 1483
f 1483 1480 1484
f 1476 1489 1500
f 1486 1494 1480
f 1487 1485 1491
f 1480 1492 1484
f 1490 1488 1484
f 1487 1498 1486
f 1498 1494 1486
f 1500 1489 1488
f 1480 1494 1492
f 1491 1498 1487
f 1492 1495 1484
f 1490 1500 1488
f 1495 1490 1484
f 1495 1499 1490
f 1497 1500 1490
f 1500 1624 1493
f 1496 1492 1494
f 1492 1499 1495
f 1491 1485 1498
f 1498 1496 1494
f 1499 1497 1490
f 1496 1502 1492
f 1485 1525 1498
f 1498 1525 1496
f 1525 1502 1496
f 1492 1502 1499
f 1497 1501 1500
f 1500 1501 1624
f 1346 1485 1520
f 1552 1525 1485
f 1502 1503 1499
f 1503 1626 1499
f 1626 1497 1499
f 1346 1650 1485
f 1340 1339 1557
f 1507 1566 1284
f 1566 1540 1284
f 1540 1567 1284
f 1571 1508 1534
f 1288 1571 1341
f 1341 1571 1357
f 1571 1544 1357
f 1357 1544 1387
f 1386 1368 1375
f 1386 1375 1377
f 1386 1393 1368
f 1961 1342 1380
f 1387 1378 1512
f 1404 1583 1393
f 1512 1547 1418
f 1418 1547 1435
f 1514 1452 1313
f 1515 1604 1517
f 1487 1517 1485
f 1517 1521 1485
f 1521 1520 1485
f 1519 1523 1337
f 1337 1523 1339
f 1626 1503 1497
f 1497 1504 1501
f 1650 1551 1485
f 1551 1524 1485
f 1504 1624 1501
f 1519 1628 1339
f 1625 1624 1504
f 1339 1651 1950
f 1526 1340 1557
f 1526 1527 1340
f 1528 1347 1562
f 1533 1637 1563
f 1530 1532 1563
f 1532 1533 1563
f 1537 1533 1532
f 1533 1535 1538
f 1536 1537 1532
f 1568 1533 1537
f 1568 1535 1533
f 1508 1539 1534
f 1539 1568 1536
f 1568 1537 1536
f 1535 1540 1538
f 1508 1571 1975
f 1541 1380 1296
f 1545 1571 1271
f 1544 1378 1387
f 1512 1546 1547
f 1547 1604 1515
f 1452 1613 1320
f 1516 1617 1605
f 1516 1550 1617
f 1550 1518 1617
f 1992 1337 1613
f 1550 1520 1518
f 1616 1520 1517
f 1992 1649 1337
f 1337 1649 1519
f 1517 1520 1521
f 1520 1522 1518
f 1520 1554 1522
f 1520 1551 1650
f 1524 1552 1485
f 1525 1553 1502
f 1553 1503 1502
f 1497 1625 1504
f 1523 1519 1339
f 1346 1505 1650
f 1505 1631 1633
f 1559 1560 1561
f 1560 1636 1561
f 1557 1527 1526
f 1529 1563 1528
f 1562 1529 1528
f 1563 1347 1528
f 1563 1256 1282
f 1529 1562 1563
f 1563 1637 1256
f 1637 1638 1256
f 1638 1506 1256
f 1530 1563 1562
f 1531 1530 1562
f 1564 1532 1531
f 1531 1532 1530
f 1506 1507 1284
f 1536 1565 1564
f 1565 1532 1564
f 1565 1536 1532
f 1348 1536 1564
f 1348 1534 1536
f 1536 1534 1539
f 1508 1979 1539
f 1509 1569 1543
f 1571 1572 1544
f 1544 1572 1378
f 1572 1576 1378
f 1378 1576 1512
f 1576 1580 1512
f 1963 1408 1342
f 1580 1588 1512
f 1512 1588 1546
f 1546 1588 1547
f 1408 1954 1590
f 1588 1596 1547
f 1596 1600 1547
f 1600 1604 1547
f 1607 1610 1604
f 1610 1615 1604
f 1604 1615 1517
f 1517 1615 1616
f 1503 1625 1497
f 1552 1553 1525
f 1505 1633 1650
f 1650 1633 1629
f 1629 1630 1973
f 1973 1630 1627
f 1561 1555 1630
f 1627 1632 1628
f 1949 1651 1339
f 1633 1556 1629
f 1555 1632 1630
f 1630 1632 1627
f 1629 1556 1630
f 1635 1561 1630
f 1559 1633 1631
f 1556 1635 1630
f 1505 1559 1631
f 1652 1632 1555
f 1652 1951 1632
f 1633 1635 1556
f 1634 1633 1559
f 1634 1635 1633
f 1561 1652 1555
f 1559 1635 1634
f 1558 1652 1561
f 1635 1559 1561
f 1183 1560 1559
f 1636 1527 1561
f 1183 1527 1560
f 1527 1636 1560
f 1347 1563 1282
f 1637 1533 1638
f 1638 1533 1506
f 1506 1533 1507
f 1533 1538 1507
f 1538 1566 1507
f 1540 1566 1538
f 1567 1541 1296
f 1540 1380 1541
f 1590 1452 1514
f 1988 1613 1452
f 1876 1613 1988
f 1554 1938 1522
f 1551 1552 1524
f 1950 1651 1632
f 1951 1950 1632
f 1951 1557 1339
f 1652 1653 1557
f 1654 1653 1558
f 1654 1557 1653
f 1561 1654 1558
f 1557 1654 1527
f 1527 1654 1561
f 1975 1976 1508
f 1952 1978 1568
f 1568 1981 1535
f 1981 1540 1535
f 1567 1540 1541
f 1658 1657 1953
f 1658 1953 1655
f 1664 1658 1655
f 1660 1657 1659
f 1660 1665 1657
f 1540 1960 1380
f 1658 1659 1657
f 1661 1658 1664
f 1672 1663 1656
f 1663 1655 1656
f 1658 1661 1673
f 1673 1666 1658
f 1658 1662 1659
f 1662 1660 1659
f 1668 1655 1663
f 1662 1658 1666
f 1666 1670 1660
f 1669 1655 1668
f 1669 1664 1655
f 1666 1660 1662
f 1669 1676 1664
f 1673 1661 1664
f 1672 1667 1682
f 1666 1677 1670
f 1671 1675 1667
f 1672 1679 1663
f 1676 1669 1668
f 1673 1677 1666
f 1670 1665 1660
f 1667 1674 1671
f 1674 1675 1671
f 1679 1668 1663
f 1668 1680 1676
f 1545 1678 1674
f 1545 1674 1667
f 1675 1682 1667
f 1680 1684 1676
f 1664 1676 1673
f 1676 1684 1673
f 1687 1688 1673
f 1678 1675 1674
f 1682 1686 1672
f 1686 1679 1672
f 1679 1680 1668
f 1687 1673 1684
f 1673 1681 1677
f 1677 1681 1670
f 1681 1665 1670
f 1689 1675 1678
f 1683 1680 1679
f 1673 1688 1681
f 1689 1702 1675
f 1702 1682 1675
f 1686 1683 1679
f 1683 1692 1680
f 1680 1687 1684
f 1690 1689 1685
f 1686 1682 1683
f 1692 1683 1697
f 1693 1690 1639
f 1690 1702 1689
f 1691 1688 1687
f 1691 1681 1688
f 1699 1665 1681
f 1693 1694 1690
f 1690 1694 1702
f 1682 1697 1683
f 1694 1696 1702
f 1702 1697 1682
f 1703 1680 1692
f 1703 1698 1680
f 1698 1687 1680
f 1693 1696 1694
f 1698 1704 1687
f 1703 1692 1697
f 1696 1734 1702
f 1695 1697 1702
f 1695 1703 1697
f 1691 1700 1681
f 1681 1700 1699
f 1705 1701 1574
f 1574 1701 1696
f 1696 1701 1734
f 1713 1695 1702
f 1704 1691 1687
f 1695 1720 1703
f 1703 1704 1698
f 1705 1711 1701
f 1715 1712 1702
f 1712 1713 1702
f 1704 1708 1691
f 1711 1734 1701
f 1734 1715 1702
f 1707 1704 1703
f 1708 1700 1691
f 1706 1720 1695
f 1719 1708 1704
f 1710 1711 1705
f 1709 1706 1695
f 1703 1719 1707
f 1719 1704 1707
f 1961 1963 1342
f 1718 1711 1710
f 1713 1709 1695
f 1723 1699 1719
f 1719 1699 1708
f 1720 1736 1703
f 1699 1700 1708
f 1711 1718 1734
f 1712 1715 1713
f 1703 1736 1719
f 1713 1706 1709
f 1716 1717 1714
f 1714 1717 1718
f 1736 1728 1719
f 1717 1734 1718
f 1734 1724 1715
f 1511 1721 1716
f 1716 1721 1717
f 1721 1734 1717
f 1724 1722 1715
f 1726 1736 1720
f 1511 1725 1721
f 1722 1713 1715
f 1725 1734 1721
f 1713 1727 1706
f 1727 1720 1706
f 1733 1725 1511
f 1724 1713 1722
f 1727 1726 1720
f 1726 1727 1713
f 1728 1744 1719
f 1719 1739 1723
f 1733 1734 1725
f 1724 1745 1713
f 1745 1735 1713
f 1739 1699 1723
f 1726 1713 1735
f 1736 1744 1728
f 1726 1730 1736
f 1747 1724 1734
f 1731 1719 1744
f 1739 1732 1699
f 1729 1737 1726
f 1737 1730 1726
f 1719 1731 1739
f 1735 1729 1726
f 1730 1744 1736
f 1641 1738 1733
f 1738 1747 1733
f 1733 1747 1734
f 1642 1738 1641
f 1747 1745 1724
f 1642 1741 1738
f 1741 1747 1738
f 1743 1729 1735
f 1731 1740 1739
f 1732 1749 1699
f 1747 1757 1745
f 1730 1737 1744
f 1744 1752 1740
f 1744 1740 1731
f 1745 1742 1735
f 1742 1743 1735
f 1729 1744 1737
f 1750 1747 1741
f 1749 1732 1739
f 1742 1729 1743
f 1751 1744 1729
f 1746 1739 1740
f 1754 1749 1739
f 1740 1748 1746
f 1748 1739 1746
f 1748 1754 1739
f 1753 1740 1752
f 1760 1759 1750
f 1759 1747 1750
f 1742 1745 1757
f 1742 1756 1729
f 1756 1751 1729
f 1764 1744 1751
f 1765 1752 1744
f 1753 1748 1740
f 1755 1742 1757
f 1764 1765 1744
f 1765 1761 1752
f 1760 1758 1759
f 1747 1755 1757
f 1755 1762 1742
f 1762 1767 1742
f 1767 1756 1742
f 1756 1764 1751
f 1758 1747 1759
f 1763 1766 1758
f 1763 1758 1760
f 1766 1747 1758
f 1748 1770 1754
f 1776 1771 1747
f 1747 1771 1755
f 1771 1773 1755
f 1773 1762 1755
f 1761 1768 1752
f 1753 1770 1748
f 1756 1778 1764
f 1768 1753 1752
f 1772 1766 1763
f 1815 1747 1766
f 1747 1790 1776
f 1778 1765 1764
f 1765 1768 1761
f 1768 1789 1753
f 1773 1769 1762
f 1777 1767 1762
f 1777 1762 1769
f 1777 1756 1767
f 1789 1770 1753
f 1772 1774 1766
f 1774 1815 1766
f 1815 1790 1747
f 1790 1771 1776
f 1756 1787 1778
f 1770 1749 1754
f 1775 1774 1772
f 1787 1756 1777
f 1775 1781 1774
f 1778 1779 1765
f 1765 1779 1768
f 1781 1815 1774
f 1791 1773 1771
f 1787 1777 1769
f 1780 1781 1775
f 1791 1771 1790
f 1784 1769 1773
f 1779 1789 1768
f 1769 1784 1787
f 1785 1782 1780
f 1780 1782 1781
f 1782 1815 1781
f 1790 1796 1791
f 1792 1778 1787
f 1590 1954 1452
f 1782 1803 1815
f 1797 1790 1815
f 1813 1788 1778
f 1770 1783 1749
f 1785 1786 1782
f 1786 1803 1782
f 1792 1813 1778
f 1794 1793 1779
f 1793 1789 1779
f 1789 1808 1770
f 1784 1792 1787
f 1778 1794 1779
f 1795 1786 1785
f 1791 1784 1773
f 1795 1800 1786
f 1800 1803 1786
f 1797 1796 1790
f 1788 1794 1778
f 1794 1789 1793
f 1794 1804 1789
f 1804 1808 1789
f 1808 1965 1770
f 1770 1965 1783
f 1799 1800 1795
f 1797 1819 1796
f 1798 1801 1791
f 1801 1784 1791
f 1801 1792 1784
f 1801 1809 1792
f 1809 1813 1792
f 1802 1788 1813
f 1819 1791 1796
f 1799 1806 1800
f 1806 1803 1800
f 1819 1816 1791
f 1816 1798 1791
f 1798 1816 1801
f 1805 1806 1799
f 1806 1815 1803
f 1805 1811 1806
f 1816 1807 1801
f 1802 1794 1788
f 1811 1815 1806
f 1807 1823 1801
f 1823 1809 1801
f 1813 1839 1802
f 1817 1804 1794
f 1810 1811 1805
f 1802 1817 1794
f 1811 1840 1815
f 1809 1836 1813
f 1839 1813 1836
f 1817 1821 1804
f 1810 1814 1811
f 1814 1840 1811
f 1819 1812 1816
f 1835 1816 1812
f 1804 1824 1808
f 1818 1826 1814
f 1818 1814 1810
f 1826 1840 1814
f 1840 1797 1815
f 1797 1833 1819
f 1820 1812 1819
f 1816 1823 1807
f 1802 1821 1817
f 1851 1824 1804
f 1824 1965 1808
f 1825 1826 1818
f 1833 1820 1819
f 1828 1809 1823
f 1828 1822 1809
f 1821 1829 1804
f 1829 1851 1804
f 1822 1836 1809
f 1838 1816 1835
f 1820 1827 1812
f 1838 1823 1816
f 1828 1836 1822
f 1839 1821 1802
f 1851 1965 1824
f 1830 1826 1825
f 1833 1827 1820
f 1823 1838 1828
f 1831 1832 1830
f 1830 1832 1826
f 1832 1840 1826
f 1840 1833 1797
f 1834 1835 1827
f 1835 1812 1827
f 1850 1842 1839
f 1842 1821 1839
f 1842 1829 1821
f 1850 1839 1836
f 1837 1843 1832
f 1837 1832 1831
f 1840 1827 1833
f 1834 1838 1835
f 1845 1828 1838
f 1828 1845 1852
f 1828 1852 1836
f 1852 1850 1836
f 1848 1843 1837
f 1864 1832 1843
f 1844 1841 1827
f 1841 1834 1827
f 1838 1834 1845
f 1851 1873 1965
f 1864 1840 1832
f 1850 1846 1842
f 1848 1849 1843
f 1849 1864 1843
f 1834 1852 1845
f 1842 1847 1829
f 1847 1851 1829
f 1844 1834 1841
f 1853 1849 1848
f 1844 1860 1834
f 1834 1861 1856
f 1853 1854 1849
f 1865 1860 1844
f 1860 1861 1834
f 1854 1864 1849
f 1857 1850 1852
f 1847 1842 1846
f 1873 1851 1847
f 1858 1854 1853
f 1840 1855 1827
f 1855 1844 1827
f 1856 1866 1834
f 1866 1852 1834
f 1858 1859 1854
f 1859 1864 1854
f 1852 1868 1857
f 1868 1850 1857
f 1863 1846 1850
f 1861 1866 1856
f 1866 1868 1852
f 1872 1863 1850
f 1862 1867 1859
f 1863 1847 1846
f 1847 1886 1873
f 1840 1864 1855
f 1868 1872 1850
f 1859 1867 1864
f 1863 1870 1847
f 1870 1886 1847
f 1864 1874 1855
f 1878 1865 1844
f 1865 1861 1860
f 1879 1866 1861
f 1878 1875 1861
f 1877 1864 1867
f 1874 1844 1855
f 1865 1878 1861
f 1875 1879 1861
f 1868 1866 1879
f 1871 1867 1862
f 1868 1887 1872
f 1872 1869 1863
f 1869 1870 1863
f 1867 1871 1877
f 1893 1878 1844
f 1874 1864 1877
f 1879 1885 1868
f 1882 1868 1884
f 1871 1880 1877
f 1893 1844 1874
f 1878 1879 1875
f 1882 1887 1868
f 1886 1955 1873
f 1899 1881 1878
f 1885 1884 1868
f 1887 1869 1872
f 1880 1883 1877
f 1881 1879 1878
f 1888 1883 1880
f 1883 1874 1877
f 1888 1898 1883
f 1898 1874 1883
f 1899 1879 1881
f 1890 1885 1879
f 1889 1869 1887
f 1889 1902 1869
f 1897 1898 1888
f 1898 1893 1874
f 1893 1899 1878
f 1899 1905 1879
f 1905 1890 1879
f 1890 1903 1885
f 1885 1901 1884
f 1891 1884 1904
f 1891 1887 1882
f 1869 1895 1870
f 1903 1901 1885
f 1894 1904 1884
f 1891 1882 1884
f 1887 1902 1889
f 1902 1895 1869
f 1895 1886 1870
f 1902 1887 1891
f 1876 1892 1613
f 1891 1896 1902
f 1909 1893 1898
f 1909 1906 1893
f 1906 1899 1893
f 1905 1907 1890
f 1907 1903 1890
f 1913 1891 1904
f 1617 1900 1897
f 1897 1900 1898
f 1900 1911 1909
f 1900 1909 1898
f 1901 1908 1884
f 1908 1894 1884
f 1617 1911 1900
f 1955 1886 1895
f 1906 1905 1899
f 1903 1908 1901
f 1896 1910 1902
f 1918 1912 1911
f 1911 1912 1909
f 1906 1916 1905
f 1905 1916 1919
f 1919 1907 1905
f 1907 1908 1903
f 1894 1917 1904
f 1922 1913 1904
f 1891 1913 1896
f 1916 1906 1909
f 1908 1917 1894
f 1910 1914 1902
f 1913 1914 1896
f 1914 1910 1896
f 1902 1955 1895
f 1915 1918 1911
f 1927 1908 1907
f 1912 1916 1909
f 1916 1924 1919
f 1922 1921 1913
f 1921 1914 1913
f 1914 1931 1902
f 1931 1955 1902
f 1918 1920 1912
f 1920 1916 1912
f 1916 1923 1924
f 1919 1927 1907
f 1934 1904 1917
f 1915 1920 1918
f 1927 1917 1908
f 1927 1934 1917
f 1904 1921 1922
f 1921 1931 1914
f 1924 1923 1919
f 1934 1926 1904
f 1926 1921 1904
f 1648 1920 1915
f 1920 1932 1916
f 1932 1923 1916
f 1923 1925 1919
f 1928 1921 1926
f 1648 1935 1920
f 1919 1925 1927
f 1933 1934 1927
f 1935 1932 1920
f 1939 1925 1923
f 1939 1927 1925
f 1613 1956 1992
f 1932 1939 1923
f 1927 1937 1933
f 1929 1931 1921
f 1939 1937 1927
f 1930 1926 1934
f 1928 1929 1921
f 1930 1928 1926
f 1935 1945 1932
f 1945 1939 1932
f 1942 1936 1939
f 1939 1936 1937
f 1933 1930 1934
f 1991 1955 1931
f 1930 1943 1928
f 1928 1941 1929
f 1938 1945 1935
f 1937 1936 1933
f 1942 1930 1933
f 1942 1946 1930
f 1940 1941 1928
f 1941 1931 1929
f 1941 1991 1931
f 1947 1939 1945
f 1936 1942 1933
f 1944 1940 1928
f 1948 1942 1939
f 1946 1943 1930
f 1940 1991 1941
f 1947 1945 1938
f 1947 1948 1939
f 1946 1928 1943
f 1946 1944 1928
f 1946 1940 1944
f 1628 1949 1339
f 1949 1628 1632
f 1949 1632 1651
f 1950 1951 1339
f 1951 1652 1557
f 1558 1653 1652
f 1952 1539 1979
f 1539 1952 1568
f 1672 1656 1975
f 1656 1982 1975
f 1958 1960 1540
f 1956 1613 1892
f 1968 1942 1948
f 1968 1957 1942
f 1942 1957 1946
f 1957 1969 1946
f 1967 1971 1946
f 1998 1940 1946
f 1998 1970 1940
f 1972 1947 1938
f 1649 1628 1519
f 1976 1977 1508
f 1981 1568 1978
f 1981 1958 1540
f 1960 1961 1380
f 1961 1962 1963
f 1963 1954 1408
f 1783 1452 1954
f 1987 1989 1452
f 1989 1988 1452
f 1972 1948 1947
f 1972 1968 1948
f 1969 1957 1968
f 1969 1967 1946
f 1971 1998 1946
f 1972 1994 1968
f 1994 1969 1968
f 1554 1629 1994
f 1994 1629 1973
f 1973 1997 1996
f 1974 1628 1995
f 1977 1979 1508
f 1979 1980 1952
f 1975 1982 1976
f 1982 1959 1976
f 1959 1977 1976
f 1959 1979 1977
f 1959 1982 1979
f 1952 1980 1978
f 1953 1983 1978
f 1978 1983 1981
f 1979 1982 1980
f 1980 1953 1978
f 1983 1984 1981
f 1984 1657 1981
f 1981 1657 1958
f 1982 1953 1980
f 1953 1984 1983
f 1657 1665 1958
f 1665 1960 1958
f 1985 1960 1665
f 1960 1962 1961
f 1985 1962 1960
f 1985 1963 1962
f 1986 1963 1985
f 1986 1954 1963
f 1986 1964 1954
f 1783 1964 1986
f 1783 1954 1964
f 1783 1987 1452
f 1873 1987 1783
f 1873 1989 1987
f 1873 1988 1989
f 1966 1988 1873
f 1966 1990 1988
f 1990 1876 1988
f 1892 1990 1966
f 1876 1990 1892
f 1991 1892 1966
f 1991 1956 1892
f 1991 1992 1956
f 1970 1992 1991
f 1970 1649 1992
f 1938 1993 1972
f 1973 1969 1994
f 1973 1996 1969
f 1967 1974 1971
f 1998 1995 1970
f 1995 1628 1970
f 1628 1649 1970
f 1554 1972 1993
f 1554 1993 1938
f 1554 1994 1972
f 1996 1997 1969
f 1969 1997 1967
f 1997 1627 1967
f 1967 1627 1974
f 1974 1998 1971
f 1974 1995 1998

