#usda 1.0
(
    defaultPrim = "Root"
    upAxis = "Z"
)

def Xform "Root"
{
    def "bin_b04" (
        prepend payload = @https://omniverse-content-staging.s3.us-west-2.amazonaws.com/Assets/simready_content/common_assets/props/bin_b04/bin_b04.usd@
        variants = {
            string PhysicsVariant = "RigidBody"
        }
    )
    {
        float3 xformOp:rotateXYZ = (0, -0, 0)
        float3 xformOp:scale = (1, 1, 1)
        double3 xformOp:translate = (0.00433264292598512, -0.0043328816072021326, 8.881784197001252e-16)
        uniform token[] xformOpOrder = ["xformOp:translate", "xformOp:rotateXYZ", "xformOp:scale"]

        over "bin_b04_inst" (
            variants = {
                string PhysicsVariant = "RigidBody"
            }
        )
        {
            def Xform "Meshes"
            {
                quatd xformOp:orient = (1, 0, 0, 0)
                double3 xformOp:scale = (1, 1, 1)
                double3 xformOp:translate = (0, 0, 0)
                uniform token[] xformOpOrder = ["xformOp:translate", "xformOp:orient", "xformOp:scale"]

                def Scope "Looks_01"
                {
                    bool ingested = 1
                    float3 xformOp:rotateXYZ = (0, 0, 0)
                    float3 xformOp:scale = (1, 1, 1)
                    double3 xformOp:translate = (0, 0, 0)
                    uniform token[] xformOpOrder = ["xformOp:translate", "xformOp:rotateXYZ", "xformOp:scale"]

                    def Material "opaque__plastic__bin_b" (
                        customData = {
                            dictionary ui = {
                                dictionary nodegraph = {
                                    dictionary node = {
                                        dictionary pos = {
                                            double2 input = (-810.0355834960938, 315.9468078613281)
                                            double2 output = (177.1549530029297, -249.24122619628906)
                                        }
                                    }
                                }
                            }
                        }
                        instanceable = false
                    )
                    {
                        reorder properties = ["outputs:displacement", "outputs:mdl:displacement", "outputs:mdl:surface", "outputs:mdl:volume", "outputs:surface", "outputs:volume", "inputs:diffuse_texture", "inputs:diffuse_tint", "inputs:ORM_texture"]
                        bool ingested = 1
                        float inputs:albedo_add = 0 (
                            customData = {
                                double default = 0
                                dictionary soft_range = {
                                    double max = 1
                                    double min = -1
                                }
                            }
                            displayGroup = "Albedo"
                            displayName = "Albedo Add"
                        )
                        float inputs:albedo_brightness = 1 (
                            customData = {
                                double default = 1
                                dictionary soft_range = {
                                    double max = 1
                                    double min = 0
                                }
                            }
                            displayGroup = "Albedo"
                            displayName = "Albedo Brightness"
                        )
                        float inputs:albedo_desaturation = 0 (
                            customData = {
                                double default = 0
                                dictionary soft_range = {
                                    double max = 1
                                    double min = 0
                                }
                            }
                            displayGroup = "Albedo"
                            displayName = "Albedo Desaturation"
                        )
                        float inputs:bump_factor = 1 (
                            customData = {
                                double default = 1
                                dictionary soft_range = {
                                    double max = 1
                                    double min = 0
                                }
                            }
                            displayGroup = "Normal"
                            displayName = "Normal Map Strength"
                        )
                        asset inputs:diffuse_texture = @https://omniverse-content-staging.s3.us-west-2.amazonaws.com/Assets/simready_content/common_assets/props/bin_b04/textures/T_Plastic_Gray_A_Albedo.png@ (
                            colorSpace = "sRGB"
                            displayGroup = "Variant_Options"
                            displayName = "Albedo Map"
                        )
                        color3f inputs:diffuse_tint = (1, 1, 1) (
                            customData = {
                                float3 default = (1, 1, 1)
                            }
                            displayGroup = "Variant_Options"
                            displayName = "Color Tint"
                        )
                        asset inputs:normalmap_texture = @https://omniverse-content-staging.s3.us-west-2.amazonaws.com/Assets/simready_content/common_assets/props/bin_b04/textures/T_Plastic_Normal_1k.png@ (
                            colorSpace = "raw"
                            displayGroup = "Normal"
                            displayName = "Normal Map"
                        )
                        asset inputs:ORM_texture = @https://omniverse-content-staging.s3.us-west-2.amazonaws.com/Assets/simready_content/common_assets/props/bin_b04/textures/T_Plastic_Gray_A_ORM.png@ (
                            colorSpace = "raw"
                            displayGroup = "Variant_Options"
                            displayName = "ORM Map"
                        )
                        token outputs:mdl:displacement.connect = </Root/bin_b04/bin_b04_inst/Meshes/Looks_01/opaque__plastic__bin_b/Shader.outputs:out>
                        token outputs:mdl:surface.connect = </Root/bin_b04/bin_b04_inst/Meshes/Looks_01/opaque__plastic__bin_b/Shader.outputs:out>
                        token outputs:mdl:volume.connect = </Root/bin_b04/bin_b04_inst/Meshes/Looks_01/opaque__plastic__bin_b/Shader.outputs:out>
                        float3 xformOp:rotateXYZ = (0, 0, 0)
                        float3 xformOp:scale = (1, 1, 1)
                        double3 xformOp:translate = (0, 0, 0)
                        uniform token[] xformOpOrder = ["xformOp:translate", "xformOp:rotateXYZ", "xformOp:scale"]

                        def Shader "Shader"
                        {
                            uniform token info:implementationSource = "sourceAsset"
                            uniform asset info:mdl:sourceAsset = @https://omniverse-content-staging.s3.us-west-2.amazonaws.com/Assets/simready_content/common_assets/props/bin_b04/materials/Plastic_B.mdl@
                            uniform token info:mdl:sourceAsset:subIdentifier = "Plastic_B"
                            float inputs:albedo_add = 0 (
                                customData = {
                                    float default = 0
                                    dictionary soft_range = {
                                        float max = 1
                                        float min = -1
                                    }
                                }
                                displayGroup = "Albedo"
                                displayName = "Albedo Add"
                                doc = "Adds a constant value to the diffuse color "
                                hidden = false
                            )
                            float inputs:albedo_add.connect = </Root/bin_b04/bin_b04_inst/Meshes/Looks_01/opaque__plastic__bin_b.inputs:albedo_add>
                            float inputs:albedo_brightness = 1 (
                                customData = {
                                    float default = 1
                                    dictionary soft_range = {
                                        float max = 1
                                        float min = 0
                                    }
                                }
                                displayGroup = "Albedo"
                                displayName = "Albedo Brightness"
                                doc = "Multiplier for the diffuse color "
                                hidden = false
                            )
                            float inputs:albedo_brightness.connect = </Root/bin_b04/bin_b04_inst/Meshes/Looks_01/opaque__plastic__bin_b.inputs:albedo_brightness>
                            float inputs:albedo_desaturation = 0 (
                                customData = {
                                    float default = 0
                                    dictionary soft_range = {
                                        float max = 1
                                        float min = 0
                                    }
                                }
                                displayGroup = "Albedo"
                                displayName = "Albedo Desaturation"
                                doc = "Desaturates the diffuse color"
                                hidden = false
                            )
                            float inputs:albedo_desaturation.connect = </Root/bin_b04/bin_b04_inst/Meshes/Looks_01/opaque__plastic__bin_b.inputs:albedo_desaturation>
                            asset inputs:ao_texture = @@ (
                                colorSpace = "raw"
                                customData = {
                                    asset default = @@
                                    dictionary displayGroup = {
                                        string state = "closed"
                                    }
                                }
                                displayGroup = "AO"
                                displayName = "Ambient Occlusion Map"
                                doc = "The Ambient Occlusion texture for the material"
                                hidden = false
                            )
                            float inputs:bump_factor = 1 (
                                customData = {
                                    float default = 1
                                    dictionary soft_range = {
                                        float max = 1
                                        float min = 0
                                    }
                                }
                                displayGroup = "Normal"
                                displayName = "Normal Map Strength"
                                doc = "Strength of normal map."
                                hidden = false
                            )
                            float inputs:bump_factor.connect = </Root/bin_b04/bin_b04_inst/Meshes/Looks_01/opaque__plastic__bin_b.inputs:bump_factor>
                            color3f inputs:diffuse_color_constant = (0.9082218, 0.11113997, 0.11113997) (
                                customData = {
                                    float3 default = (0, 0, 0)
                                }
                                displayGroup = "Albedo"
                                displayName = "Base Color"
                                doc = "This is the base color"
                                hidden = false
                            )
                            asset inputs:diffuse_texture = @@ (
                                colorSpace = "sRGB"
                                customData = {
                                    asset default = @@
                                }
                                displayGroup = "Albedo"
                                displayName = "Albedo Map"
                                hidden = false
                            )
                            asset inputs:diffuse_texture.connect = </Root/bin_b04/bin_b04_inst/Meshes/Looks_01/opaque__plastic__bin_b.inputs:diffuse_texture>
                            color3f inputs:diffuse_tint = (1, 1, 1) (
                                customData = {
                                    float3 default = (1, 1, 1)
                                }
                                displayGroup = "Albedo"
                                displayName = "Color Tint"
                                doc = "When enabled, this color value is multiplied over the final albedo color"
                                hidden = false
                            )
                            color3f inputs:diffuse_tint.connect = </Root/bin_b04/bin_b04_inst/Meshes/Looks_01/opaque__plastic__bin_b.inputs:diffuse_tint>
                            asset inputs:normalmap_texture = @https://omniverse-content-staging.s3.us-west-2.amazonaws.com/Assets/simready_content/common_assets/props/bin_b04/textures/T_Plastic_Normal_1k.png@ (
                                colorSpace = "raw"
                                displayGroup = "Normal"
                                displayName = "Normal Map"
                                doc = "Enables the usage of the normalmap texture"
                                hidden = false
                            )
                            asset inputs:normalmap_texture.connect = </Root/bin_b04/bin_b04_inst/Meshes/Looks_01/opaque__plastic__bin_b.inputs:normalmap_texture>
                            float inputs:opacity_constant = 1 (
                                customData = {
                                    dictionary displayGroup = {
                                        string state = "closed"
                                    }
                                }
                                displayGroup = "Opacity"
                                displayName = "Opacity Amount"
                                doc = "Opacity value between 0 and 1, when Opacity Map is not valid"
                                hidden = false
                            )
                            int inputs:opacity_mode = 1 (
                                customData = {
                                    dictionary displayGroup = {
                                        string state = "closed"
                                    }
                                }
                                displayGroup = "Opacity"
                                displayName = "Opacity Mono Source"
                                doc = "Determines how to lookup opacity from the supplied texture. mono_alpha, mono_average, mono_luminance, mono_maximum"
                                hidden = false
                                renderType = "::base::mono_mode"
                                sdrMetadata = {
                                    string __SDR__enum_value = "mono_average"
                                    string options = "mono_alpha:0|mono_average:1|mono_luminance:2|mono_maximum:3"
                                }
                            )
                            asset inputs:ORM_texture = @https://omniverse-content-staging.s3.us-west-2.amazonaws.com/Assets/simready_content/common_assets/props/bin_b04/textures/T_Plastic_ORM_1k.png@ (
                                colorSpace = "raw"
                                displayGroup = "Reflectivity"
                                displayName = "ORM Map"
                                doc = "Texture that hae Occlusion, Roughness and Metallic map stored in the respective r, g and b channels"
                                hidden = false
                            )
                            asset inputs:ORM_texture.connect = </Root/bin_b04/bin_b04_inst/Meshes/Looks_01/opaque__plastic__bin_b.inputs:ORM_texture>
                            float inputs:reflection_roughness_constant = 0.17999999 (
                                customData = {
                                    float default = 0.5
                                    dictionary range = {
                                        float max = 1
                                        float min = 0
                                    }
                                }
                                displayGroup = "Reflectivity"
                                displayName = "Roughness Amount"
                                doc = "Higher roughness values lead to more blurry reflections"
                                hidden = false
                            )
                            float inputs:reflection_roughness_constant.connect = </Root/bin_b04/bin_b04_inst/Meshes/Looks_01/opaque__plastic__bin_b.inputs:reflection_roughness_constant>
                            token outputs:out
                            uniform token ui:nodegraph:node:expansionState = "open"
                            float3 xformOp:rotateXYZ = (0, 0, 0)
                            float3 xformOp:scale = (1, 1, 1)
                            double3 xformOp:translate = (0, 0, 0)
                            uniform token[] xformOpOrder = ["xformOp:translate", "xformOp:rotateXYZ", "xformOp:scale"]
                        }
                    }
                }

                def Xform "collision" (
                    references = @file:/isaac-sim/.local/share/ov/data/bin_b04.usd@
                )
                {
                    quatd xformOp:orient = (1, 0, 0, 0)
                    double3 xformOp:scale = (1, 1, 1)
                    double3 xformOp:translate = (0, 0, 0)
                    uniform token[] xformOpOrder = ["xformOp:translate", "xformOp:orient", "xformOp:scale"]
                }

                def Mesh "Bin_B04_01" (
                    prepend apiSchemas = ["MaterialBindingAPI", "PhysicsCollisionAPI", "PhysicsMeshCollisionAPI"]
                )
                {
                    float3[] extent = [(-0.1748985, -0.0999572, 0), (0.17489849, 0.09995714, 0.14378363)]
                    int[] faceVertexCounts = [4, 4, 4, 4, 4, 4, 4, 4, 4, 4, 4, 4, 4, 4, 4, 4, 4, 4, 4, 4, 4, 4, 4, 4, 4, 4, 4, 4, 4, 4, 4, 4, 4, 4, 4, 4, 4, 4, 4, 4, 4, 4, 4, 4, 4, 4, 4, 4, 4, 4, 4, 4, 4, 4, 4, 4, 4, 4, 4, 4, 4, 4, 4, 4, 4, 4, 4, 4, 4, 4, 4, 4, 4, 4, 4, 4, 4, 4, 4, 4, 4, 4, 4, 4, 4, 4, 4, 4, 4, 4, 4, 4, 4, 4, 4, 4, 4, 4, 4, 4, 4, 4, 4, 4, 4, 4, 4, 4, 4, 4, 4, 4, 4, 4, 4, 4, 4, 4, 4, 4, 4, 4, 4, 4, 4, 4, 4, 4, 4, 4, 4, 4, 4, 4, 4, 4, 4, 4, 4, 4, 4, 4, 4, 4, 4, 4, 4, 4, 4, 4, 4, 4, 4, 4, 4, 4, 4, 4, 4, 4, 4, 4, 4, 4, 4, 4, 4, 4, 4, 4, 4, 4, 4, 4, 4, 4, 4, 4, 4, 4, 4, 4, 4, 4, 4, 4, 4, 4, 4, 4, 4, 4, 4, 4, 4, 4, 4, 4, 4, 4, 4, 4, 4, 4, 4, 4, 4, 4, 4, 4, 4, 4, 4, 4, 4, 4, 4, 4, 4, 4, 4, 4, 4, 4, 4, 4, 4, 4, 4, 4, 4, 4, 4, 4, 4, 4, 4, 4, 4, 4, 4, 4, 4, 4, 4, 4, 4, 4, 4, 4, 4, 4, 4, 4, 4, 4, 4, 4, 4, 4, 4, 4, 4, 4, 4, 4, 4, 4, 4, 4, 4, 4, 4, 4, 4, 4, 4, 4, 4, 4, 4, 4, 4, 4, 4, 4, 4, 4, 4, 4, 4, 4, 4, 4, 4, 4, 4, 4, 4, 4, 4, 4, 4, 4, 4, 4, 4, 4, 4, 4, 4, 4, 4, 4, 4, 4, 4, 4, 4, 4, 4, 4, 4, 4, 4, 4, 4, 4, 4, 4, 4, 4, 4, 3, 4, 4, 4, 4, 4, 4, 4, 3, 4, 3, 4, 4, 4, 3, 4, 4, 4, 4, 3, 4, 4, 4, 4, 4, 4, 4, 4, 3, 3, 4, 4, 4, 4, 4, 4, 4, 4, 4, 4, 4, 4, 4, 4, 4, 4, 4, 4, 4, 4, 4, 4, 4, 4, 4, 4, 4, 3, 4, 4, 4, 4, 4, 4, 3, 4, 3, 4, 4, 4, 4, 4, 4, 4, 4, 4, 4, 3, 3, 3, 4, 4, 4, 3, 3, 3, 3, 4, 4, 4, 4, 4, 3, 4, 3, 3, 4, 3, 4, 4, 4, 4, 4, 4, 4, 4, 4, 4, 4, 4, 4, 4, 4, 4, 4, 6, 4, 4, 4, 4, 4, 4, 4, 4, 4, 4, 4, 4, 4, 4, 4, 4, 4, 4, 4, 4, 4, 4, 3, 4, 4, 4, 4, 4, 4, 4, 4, 4, 4, 4, 4, 4, 4, 4, 4, 4, 4, 4, 4, 4, 4, 4, 4, 4, 4, 4, 4, 4, 4, 4, 4, 4, 4, 4, 4, 4, 4, 4, 4, 4, 4, 4, 4, 4, 4, 4, 4, 4, 4, 4, 4, 4, 4, 4, 4, 4, 4, 4, 4, 4, 4, 4, 4, 4, 4, 4, 4, 4, 4, 4, 4, 4, 4, 4, 4, 4, 4, 4, 4, 4, 4, 4, 4, 4, 4, 4, 4, 4, 4, 4, 4, 4, 4, 4, 4, 4, 4, 4, 4, 4, 4, 4, 4, 4, 4, 4, 4, 4, 4, 4, 4, 4, 4, 4, 4, 4, 4, 4, 4, 4, 4, 4, 4, 4, 4, 4, 4, 4, 4, 4, 4, 4, 4, 4, 4, 4, 4, 4, 4, 4, 4, 4, 4, 4, 4, 4, 4, 4, 4, 4, 4, 4, 4, 4, 4, 4, 4, 4, 4, 4, 4, 4, 4, 4, 4, 4, 4, 4, 4, 4, 4, 4, 4, 4, 4, 4, 4, 4, 4, 4, 4, 4, 4, 4, 4, 4, 4, 4, 4, 4, 4, 4, 4, 4, 4, 4, 4, 4, 4, 4, 4, 4, 4, 4, 4, 4, 4, 4, 4, 4, 4, 4, 4, 4, 4, 4, 4, 4, 4, 4, 4, 4, 4, 4, 4, 4, 4, 4, 4, 4, 4, 4, 4, 4, 4, 4, 4, 4, 4, 4, 4, 4, 4, 4, 4, 4, 4, 4, 4, 4, 4, 4, 4, 4, 4, 4, 4, 4, 3, 4, 4, 4, 4, 4, 4, 4, 4, 4, 4, 4, 4, 4, 4, 4, 4, 4, 4, 4, 4, 4, 4, 4, 4, 4, 4, 4, 4, 4, 4, 4, 4, 4, 4, 4, 4, 4, 4, 4, 4, 4, 4, 4, 4, 4, 4, 4, 4, 4, 4, 4, 4, 4, 4, 3, 4, 4, 3, 3, 4, 3, 4, 4, 4, 4, 4, 3, 4, 3, 4, 4, 4, 4, 4, 3, 3, 3, 4, 3, 4, 3, 3, 4, 4, 4, 3, 3, 4, 4, 4, 4, 4, 4, 4, 4, 4, 4, 4, 4, 4, 4, 4, 4, 4, 4, 4, 3, 4, 3, 3, 4, 4, 3, 4, 4, 4, 4, 4, 4, 4, 4, 4, 4, 4, 4, 4, 4, 4, 4, 4, 4, 4, 4, 4, 4, 4, 4, 4, 4, 4, 4, 4, 4, 4, 4, 4, 4, 4, 4, 4, 4, 4, 4, 4, 4, 4, 4, 4, 4, 4, 4, 4, 4, 4, 4, 4, 4, 4, 4, 4, 4, 4, 4, 4, 4, 4, 4, 4, 4, 4, 4, 4, 4, 4, 4, 4, 4, 4, 4, 4, 4, 4, 4, 3, 4, 4, 4, 4, 4, 4, 4, 4, 4, 4, 4, 4, 4, 4, 4, 4, 4, 4, 4, 4, 4, 4, 4, 4, 4, 4, 4, 4, 4, 4, 4, 4, 4, 4, 4, 4, 4, 4, 4, 4, 4, 4, 4, 4, 4, 4, 4, 4, 4, 4, 4, 4, 4, 4, 4, 4, 4, 4, 4, 4, 4, 4, 4, 4, 4, 4, 4, 4, 4, 4, 4, 4, 4, 4, 4, 4, 4, 4, 4, 4, 4, 3, 4, 3, 4, 3, 3, 4, 4, 4, 4, 4, 4, 4, 4, 4, 4, 4, 3, 4, 4, 4, 4, 4, 4, 4, 4, 4, 4, 4, 4, 4, 4, 4, 4, 4, 4, 4, 4, 4, 4, 4, 4, 4, 4, 4, 3, 4, 3, 3, 3, 3, 4, 4, 4, 4, 4, 4, 4, 4, 4, 4, 4, 4, 4, 4, 4, 4, 4, 4, 4, 4, 4, 4, 4, 4, 4, 4, 4, 4, 4, 4, 4, 4, 4, 4, 4, 4, 4, 4, 4, 4, 4, 4, 4, 4, 4, 4, 4, 4, 4, 4, 6, 4, 4, 4, 4, 4, 4, 4, 4, 4, 4, 4, 4, 4, 4, 4, 4, 4, 4, 4, 4, 4, 4, 4, 4, 4, 4, 4, 4, 4, 4, 4, 4, 4, 4, 4, 4, 4, 4, 4, 4, 4, 4, 3, 4, 4, 4, 4, 4, 4, 4, 4, 4, 4, 4, 4, 4, 4, 3, 4, 4, 4, 4, 4, 4, 4, 4, 4, 4, 4, 4, 4, 4, 4, 4, 4, 4, 4, 4, 4, 4, 4, 4, 4, 4, 4, 4, 4, 4, 4, 4, 4, 4, 4, 4, 4, 4, 4, 4, 4, 4, 4, 4, 4, 4, 4, 4, 4, 4, 4, 4, 4, 4, 4, 4, 4, 4, 4, 4, 4, 4, 4, 4, 4, 4, 4, 4, 4, 4, 3, 4, 4, 4, 4, 4, 4, 4, 4, 4, 4, 4, 4, 4, 4, 4, 4, 4, 4, 4, 4, 4, 4, 4, 4, 4, 4, 4, 4, 4, 4, 4, 4, 4, 4, 4, 4, 3, 4, 3, 4, 4, 4, 4, 4, 4, 4, 4, 4, 4, 4, 4, 4, 4, 4, 4, 4, 4, 4, 4, 4, 4, 4, 4, 4, 4, 4, 4, 4, 4, 4, 4, 4, 3, 4, 3, 3, 3, 3, 4, 4, 4, 4, 4, 4, 4, 4, 4, 4, 4, 4, 4, 3, 4, 4, 3, 4, 4, 4, 4, 4, 4, 4, 4, 4, 4, 4, 4, 4, 4, 4, 4, 4, 4, 4, 4, 4, 4, 4, 4, 4, 4, 3, 3, 4, 4, 4, 3, 4, 4, 4, 4, 4, 4, 3, 4, 4, 4, 3, 3, 4, 4, 4, 4, 4, 4, 4, 4, 4, 4, 4, 4, 4, 4, 4, 4, 4, 4, 4, 4, 4, 4, 4, 4, 4, 4, 4, 4, 4, 4, 4, 4, 4, 4, 4, 4, 4, 4, 4, 4, 4, 4, 4, 4, 4, 4, 4, 4, 4, 4, 4, 4, 4, 4, 4, 4, 4, 4, 4, 4, 4, 4, 4, 4, 4, 4, 4, 4, 4, 4, 4, 4, 4, 4, 4, 4, 4, 4, 4, 4, 4, 4, 4, 4, 4, 4, 4, 4, 4, 4, 4, 4, 4, 4, 4, 4, 4, 4, 4, 4, 4, 4, 4, 4, 4, 4, 4, 4, 4, 4, 4, 4, 4, 4, 4, 4, 4, 4, 4, 4, 4, 4, 4, 4, 4, 4, 4, 4, 4, 4, 4, 4, 4, 4, 4, 4, 4, 4, 4, 4, 4, 4, 4, 4, 4, 4, 4, 4, 4, 4, 4, 4, 4, 4, 4, 4, 4, 4, 4, 4, 4, 4, 4, 4, 4, 4, 4, 4, 4, 4, 4, 4, 4, 4, 4, 4, 4, 4, 4, 4, 4, 4, 4, 4, 4, 4, 4, 4, 4, 4, 4, 4, 4, 4, 4, 4, 4, 4, 4, 4, 4, 4, 4, 4, 4, 4, 4, 4, 4, 4, 4, 4, 4, 4, 4, 4, 4, 4, 4, 4, 4, 4, 4, 4, 4, 4, 4, 4, 4, 4, 4, 4, 4, 4, 4, 4, 4, 4, 4, 4, 4, 4, 4, 4, 4, 4, 4, 4, 4, 4, 4, 4, 4, 4, 4, 4, 4, 4, 4, 3, 4, 4, 4, 4, 4, 4, 4, 3, 4, 3, 4, 4, 4, 3, 4, 4, 4, 4, 3, 4, 4, 4, 4, 4, 4, 4, 4, 3, 3, 4, 4, 4, 4, 4, 4, 4, 4, 4, 4, 4, 4, 4, 4, 4, 4, 4, 4, 4, 4, 4, 4, 4, 4, 4, 4, 4, 3, 4, 4, 4, 4, 4, 4, 3, 4, 3, 4, 4, 4, 4, 4, 4, 4, 4, 4, 4, 3, 3, 3, 4, 4, 4, 3, 3, 3, 3, 4, 4, 4, 4, 4, 3, 4, 3, 3, 4, 3, 4, 4, 4, 4, 4, 4, 4, 4, 4, 4, 4, 4, 4, 4, 4, 4, 4, 6, 4, 4, 4, 4, 4, 4, 4, 4, 4, 4, 4, 4, 4, 4, 4, 4, 4, 4, 4, 4, 4, 4, 3, 4, 4, 4, 4, 4, 4, 4, 4, 4, 4, 4, 4, 4, 4, 4, 4, 4, 4, 4, 4, 4, 4, 4, 4, 4, 4, 4, 4, 4, 4, 4, 4, 4, 4, 4, 4, 4, 4, 4, 4, 4, 4, 4, 4, 4, 4, 4, 4, 4, 4, 4, 4, 4, 4, 4, 4, 4, 4, 4, 4, 4, 4, 4, 4, 4, 4, 4, 4, 4, 4, 4, 4, 4, 4, 4, 4, 4, 4, 4, 4, 4, 4, 4, 4, 4, 4, 4, 4, 4, 4, 4, 4, 4, 4, 4, 4, 4, 4, 4, 4, 4, 4, 4, 4, 4, 4, 4, 4, 4, 4, 4, 4, 4, 4, 4, 4, 4, 4, 4, 4, 4, 4, 4, 4, 4, 4, 4, 4, 4, 4, 4, 4, 4, 4, 4, 4, 4, 4, 4, 4, 4, 4, 4, 4, 4, 4, 4, 4, 4, 4, 4, 4, 4, 4, 4, 4, 4, 4, 4, 4, 4, 4, 4, 4, 4, 4, 4, 4, 4, 4, 4, 4, 4, 4, 4, 4, 4, 4, 4, 4, 4, 4, 4, 4, 4, 4, 4, 4, 4, 4, 4, 4, 4, 4, 4, 4, 4, 4, 4, 4, 4, 4, 4, 4, 4, 4, 4, 4, 4, 4, 4, 4, 4, 4, 4, 4, 4, 4, 4, 4, 4, 4, 4, 4, 4, 4, 4, 4, 4, 4, 4, 4, 4, 4, 4, 4, 4, 4, 4, 4, 4, 4, 4, 4, 4, 4, 4, 4, 4, 4, 4, 4, 4, 4, 4, 4, 4, 4, 4, 3, 4, 4, 4, 4, 4, 4, 4, 4, 4, 4, 4, 4, 4, 4, 4, 4, 4, 4, 4, 4, 4, 4, 4, 4, 4, 4, 4, 4, 4, 4, 4, 4, 4, 4, 4, 4, 4, 4, 4, 4, 4, 4, 4, 4, 4, 4, 4, 4, 4, 4, 4, 4, 4, 4, 3, 4, 4, 3, 3, 4, 3, 4, 4, 4, 4, 3, 4, 3, 4, 4, 4, 4, 4, 3, 3, 3, 4, 3, 4, 3, 3, 4, 4, 4, 3, 3, 4, 4, 4, 4, 4, 4, 4, 4, 4, 4, 4, 4, 4, 4, 4, 4, 4, 4, 4, 3, 4, 3, 3, 4, 4, 3, 4, 4, 4, 4, 4, 4, 4, 4, 4, 4, 4, 4, 4, 4, 4, 4, 4, 4, 4, 4, 4, 4, 4, 4, 4, 4, 4, 4, 4, 4, 4, 4, 4, 4, 4, 4, 4, 4, 4, 4, 4, 4, 4, 4, 4, 4, 4, 4, 4, 4, 4, 4, 4, 4, 4, 4, 4, 4, 4, 4, 4, 4, 4, 4, 4, 4, 4, 4, 4, 4, 4, 4, 4, 4, 4, 4, 4, 4, 4, 4, 3, 4, 4, 4, 4, 4, 4, 4, 4, 4, 4, 4, 4, 4, 4, 4, 4, 4, 4, 4, 4, 4, 4, 4, 4, 4, 4, 4, 4, 4, 4, 4, 4, 4, 4, 4, 4, 4, 4, 4, 4, 4, 4, 4, 4, 4, 4, 4, 4, 4, 4, 4, 4, 4, 4, 4, 4, 4, 4, 4, 4, 4, 4, 4, 4, 4, 4, 4, 4, 4, 4, 4, 4, 4, 4, 4, 4, 4, 4, 4, 4, 4, 3, 4, 3, 4, 3, 3, 4, 4, 4, 4, 4, 4, 4, 4, 4, 4, 4, 3, 4, 4, 4, 4, 4, 4, 4, 4, 4, 4, 4, 4, 4, 4, 4, 4, 4, 4, 4, 4, 4, 4, 4, 4, 4, 4, 4, 3, 4, 3, 3, 3, 3, 4, 4, 4, 4, 4, 4, 4, 4, 4, 4, 4, 4, 4, 4, 4, 4, 4, 4, 4, 4, 4, 4, 4, 4, 4, 4, 4, 4, 4, 4, 4, 4, 4, 4, 4, 4, 4, 4, 4, 4, 4, 4, 4, 4, 4, 4, 4, 4, 4, 4, 6, 4, 4, 4, 4, 4, 4, 4, 4, 4, 4, 4, 4, 4, 4, 4, 4, 4, 4, 4, 4, 4, 4, 4, 4, 4, 4, 4, 4, 4, 4, 4, 4, 4, 4, 4, 4, 4, 4, 4, 4, 4, 4, 3, 4, 4, 4, 4, 4, 4, 4, 4, 4, 4, 4, 4, 4, 4, 3, 4, 4, 4, 4, 4, 4, 4, 4, 4, 4, 4, 4, 4, 4, 4, 4, 4, 4, 4, 4, 4, 4, 4, 4, 4, 4, 4, 4, 4, 4, 4, 4, 4, 4, 4, 4, 4, 4, 4, 4, 4, 4, 4, 4, 4, 4, 4, 4, 4, 4, 4, 4, 4, 4, 4, 4, 4, 4, 4, 4, 4, 4, 4, 4, 4, 4, 4, 4, 4, 4, 3, 4, 4, 4, 4, 4, 4, 4, 4, 4, 4, 4, 4, 4, 4, 4, 4, 4, 4, 4, 4, 4, 4, 4, 4, 4, 4, 4, 4, 4, 4, 4, 4, 4, 4, 4, 3, 4, 3, 4, 4, 4, 4, 4, 4, 4, 4, 4, 4, 4, 4, 4, 4, 4, 4, 4, 4, 4, 4, 4, 4, 4, 4, 4, 4, 4, 4, 4, 4, 4, 4, 4, 3, 4, 3, 3, 3, 3, 4, 4, 4, 4, 4, 4, 4, 4, 4, 4, 4, 4, 4, 3, 4, 4, 3, 4, 4, 4, 4, 4, 4, 4, 4, 4, 4, 4, 4, 4, 4, 4, 4, 4, 4, 4, 4, 4, 4, 4, 4, 4, 4, 3, 3, 4, 4, 4, 4, 3, 4, 4, 4, 4, 4, 4, 3, 3, 4, 5, 4, 4]
                    int[] faceVertexIndices = [1546, 1545, 237, 238, 1547, 1546, 238, 239, 1437, 1547, 239, 129, 1436, 1437, 129, 128, 1435, 1436, 128, 127, 1557, 1435, 127, 249, 1556, 1557, 249, 248, 1555, 1556, 248, 247, 2022, 1555, 247, 714, 1566, 2022, 714, 258, 1571, 1566, 258, 263, 1345, 1571, 263, 37, 1344, 1345, 37, 36, 1343, 1344, 36, 35, 1354, 1343, 35, 46, 1353, 1354, 46, 45, 1352, 1353, 45, 44, 1391, 1352, 44, 83, 1390, 1391, 83, 82, 1389, 1390, 82, 81, 1324, 1389, 81, 16, 1323, 1324, 16, 15, 1322, 1323, 15, 14, 1327, 1322, 14, 19, 1326, 1327, 19, 18, 1325, 1326, 18, 17, 1337, 1325, 17, 29, 1336, 1337, 29, 28, 1335, 1336, 28, 27, 2007, 1335, 27, 699, 2006, 2007, 699, 698, 2038, 2006, 698, 730, 1311, 2038, 730, 3, 1312, 1311, 3, 4, 1313, 1312, 4, 5, 1310, 1313, 5, 2, 1309, 1310, 2, 1, 1308, 1309, 1, 0, 1935, 1308, 0, 627, 1934, 1935, 627, 626, 1933, 1934, 626, 625, 1524, 1933, 625, 216, 1535, 1536, 228, 227, 1534, 1535, 227, 226, 1542, 1534, 226, 234, 1541, 1542, 234, 233, 1540, 1541, 233, 232, 1998, 1540, 232, 690, 1997, 1998, 690, 689, 1996, 1997, 689, 688, 1882, 1996, 688, 574, 1881, 1882, 574, 573, 1880, 1881, 573, 572, 1890, 1880, 572, 582, 1889, 1890, 582, 581, 1888, 1889, 581, 580, 1958, 1888, 580, 650, 1957, 1958, 650, 649, 1956, 1957, 649, 648, 1983, 1956, 648, 675, 1982, 1983, 675, 674, 1987, 1982, 674, 679, 1977, 1987, 679, 669, 1976, 1977, 669, 668, 1981, 1976, 668, 673, 1948, 1981, 673, 640, 1954, 1948, 640, 646, 1953, 1954, 646, 645, 1924, 1953, 645, 616, 1923, 1924, 616, 615, 1922, 1923, 615, 614, 1930, 1922, 614, 622, 1932, 1930, 622, 624, 1545, 1929, 621, 237, 0, 1, 303, 295, 1, 2, 272, 264, 4, 3, 482, 474, 5, 4, 453, 445, 2, 5, 186, 178, 452, 451, 187, 193, 185, 184, 273, 279, 271, 270, 304, 310, 481, 480, 454, 460, 215, 208, 483, 489, 71, 70, 829, 830, 72, 71, 830, 831, 1276, 1277, 9, 79, 1279, 1280, 79, 9, 13, 12, 1283, 1277, 700, 705, 21, 20, 701, 700, 20, 25, 31, 30, 22, 21, 838, 839, 25, 24, 26, 694, 699, 27, 695, 694, 26, 31, 262, 261, 33, 32, 263, 262, 32, 37, 41, 40, 34, 33, 60, 59, 38, 43, 254, 253, 43, 42, 255, 254, 42, 41, 51, 50, 820, 821, 52, 51, 821, 822, 57, 56, 823, 824, 58, 57, 824, 825, 244, 243, 62, 61, 245, 244, 61, 60, 64, 63, 68, 67, 68, 63, 62, 69, 1281, 737, 79, 1280, 80, 737, 1281, 1282, 79, 737, 1275, 1276, 737, 80, 1274, 1275, 1156, 1155, 134, 133, 1155, 1154, 135, 134, 142, 147, 103, 102, 143, 142, 102, 107, 108, 1307, 107, 106, 109, 108, 106, 105, 118, 117, 113, 112, 119, 118, 112, 111, 152, 151, 115, 114, 153, 152, 114, 113, 122, 129, 117, 116, 123, 122, 116, 121, 250, 249, 127, 126, 251, 250, 126, 125, 146, 145, 131, 130, 147, 146, 130, 135, 140, 139, 133, 132, 141, 140, 132, 131, 586, 591, 136, 141, 1158, 1157, 139, 138, 149, 148, 145, 144, 150, 149, 144, 143, 174, 173, 165, 164, 175, 174, 164, 169, 220, 219, 169, 168, 229, 228, 171, 170, 230, 229, 170, 177, 682, 681, 177, 176, 683, 682, 176, 175, 192, 191, 180, 179, 186, 192, 179, 178, 422, 427, 182, 181, 423, 422, 181, 180, 389, 394, 184, 183, 390, 389, 183, 182, 189, 188, 519, 524, 188, 187, 520, 519, 428, 433, 191, 190, 429, 428, 190, 189, 206, 205, 197, 196, 207, 206, 196, 195, 217, 216, 194, 200, 317, 316, 203, 202, 311, 317, 202, 207, 513, 518, 213, 212, 514, 513, 212, 211, 208, 214, 549, 554, 214, 213, 550, 549, 219, 1305, 684, 683, 556, 555, 224, 223, 557, 556, 223, 222, 235, 234, 226, 225, 236, 235, 225, 230, 680, 687, 232, 231, 681, 680, 231, 236, 241, 240, 252, 257, 252, 240, 245, 253, 243, 242, 246, 251, 246, 242, 241, 247, 261, 260, 256, 255, 278, 277, 266, 265, 272, 278, 265, 264, 410, 415, 268, 267, 411, 410, 267, 266, 361, 366, 270, 269, 362, 361, 269, 268, 383, 388, 275, 274, 384, 383, 274, 273, 416, 421, 277, 276, 417, 416, 276, 275, 67, 68, 281, 280, 68, 69, 282, 281, 70, 71, 284, 283, 71, 72, 285, 284, 76, 77, 287, 286, 77, 78, 288, 287, 56, 57, 290, 289, 57, 58, 291, 290, 50, 51, 293, 292, 51, 52, 294, 293, 309, 308, 297, 296, 303, 309, 296, 295, 398, 403, 299, 298, 399, 398, 298, 297, 349, 354, 301, 300, 350, 349, 300, 299, 355, 360, 306, 305, 356, 355, 305, 304, 404, 409, 308, 307, 405, 404, 307, 306, 325, 324, 315, 314, 319, 325, 314, 313, 402, 401, 323, 322, 403, 402, 322, 321, 341, 340, 331, 330, 335, 341, 330, 329, 406, 405, 327, 333, 407, 406, 333, 332, 414, 413, 339, 338, 415, 414, 338, 337, 396, 395, 344, 343, 397, 396, 343, 348, 353, 352, 346, 345, 354, 353, 345, 344, 312, 311, 348, 347, 313, 312, 347, 346, 320, 319, 352, 351, 321, 320, 351, 350, 365, 364, 358, 357, 366, 365, 357, 356, 328, 327, 360, 359, 329, 328, 359, 358, 336, 335, 364, 363, 337, 336, 363, 362, 426, 425, 371, 370, 427, 426, 370, 369, 378, 377, 367, 373, 379, 378, 373, 372, 418, 417, 375, 381, 419, 418, 381, 380, 393, 392, 386, 385, 394, 393, 385, 384, 376, 375, 388, 387, 377, 376, 387, 386, 368, 367, 392, 391, 369, 368, 391, 390, 408, 407, 401, 400, 409, 408, 400, 399, 420, 419, 413, 412, 421, 420, 412, 411, 432, 431, 425, 424, 433, 432, 424, 423, 430, 429, 439, 438, 444, 443, 436, 435, 459, 458, 447, 446, 453, 459, 446, 445, 1017, 1018, 449, 448, 1026, 1017, 448, 447, 451, 450, 525, 530, 450, 449, 526, 525, 456, 455, 531, 536, 455, 454, 532, 531, 1021, 1022, 458, 457, 1025, 1021, 457, 456, 473, 472, 464, 463, 495, 494, 471, 470, 488, 487, 476, 475, 482, 488, 475, 474, 490, 495, 478, 477, 491, 490, 477, 476, 480, 479, 537, 542, 479, 478, 538, 537, 485, 484, 543, 548, 484, 483, 544, 543, 496, 501, 487, 486, 497, 496, 486, 485, 500, 499, 493, 492, 501, 500, 492, 491, 498, 497, 506, 505, 507, 512, 504, 503, 517, 516, 511, 510, 518, 517, 510, 509, 529, 528, 522, 521, 530, 529, 521, 520, 434, 439, 524, 523, 435, 434, 523, 522, 440, 444, 528, 527, 441, 440, 527, 526, 541, 540, 534, 533, 542, 541, 533, 532, 462, 461, 536, 535, 463, 462, 535, 534, 469, 473, 540, 539, 470, 469, 539, 538, 553, 552, 546, 545, 554, 553, 545, 544, 502, 506, 548, 547, 503, 502, 547, 546, 508, 507, 552, 551, 509, 508, 551, 550, 566, 571, 561, 560, 567, 566, 560, 559, 597, 596, 565, 564, 576, 575, 569, 568, 577, 576, 568, 567, 651, 650, 580, 579, 652, 651, 579, 578, 607, 606, 578, 584, 608, 607, 584, 583, 620, 619, 594, 593, 603, 602, 596, 595, 604, 603, 595, 594, 609, 608, 600, 599, 610, 609, 599, 604, 664, 663, 606, 605, 665, 664, 605, 610, 644, 643, 612, 611, 645, 644, 611, 616, 623, 622, 614, 613, 617, 623, 613, 612, 632, 631, 619, 618, 633, 632, 618, 617, 642, 641, 629, 628, 643, 642, 628, 633, 639, 638, 631, 630, 634, 639, 630, 629, 672, 671, 636, 635, 673, 672, 635, 634, 661, 660, 638, 637, 656, 661, 637, 636, 662, 667, 654, 653, 663, 662, 653, 652, 676, 675, 658, 657, 677, 676, 657, 656, 666, 665, 660, 659, 667, 666, 659, 658, 678, 677, 671, 670, 679, 678, 670, 669, 705, 704, 696, 695, 66, 10, 11, 65, 706, 17, 23, 823, 56, 52, 822, 831, 64, 67, 72, 76, 58, 825, 826, 78, 828, 829, 70, 131, 145, 148, 141, 153, 113, 117, 129, 1307, 150, 143, 107, 135, 103, 147, 1157, 1156, 133, 139, 713, 137, 221, 62, 243, 251, 69, 833, 257, 715, 259, 705, 695, 31, 21, 69, 251, 282, 72, 67, 280, 285, 78, 70, 283, 288, 58, 76, 286, 291, 52, 56, 289, 294, 292, 324, 326, 285, 280, 92, 87, 288, 283, 89, 93, 291, 286, 95, 96, 99, 294, 289, 98, 315, 324, 292, 101, 50, 292, 331, 340, 319, 313, 346, 352, 335, 329, 358, 364, 251, 125, 1149, 379, 372, 50, 367, 377, 386, 392, 311, 207, 195, 348, 354, 344, 395, 301, 403, 321, 350, 299, 327, 405, 306, 360, 270, 366, 356, 304, 415, 337, 362, 268, 375, 417, 275, 388, 427, 369, 390, 182, 184, 394, 384, 273, 323, 401, 407, 332, 380, 339, 413, 419, 718, 371, 425, 431, 444, 435, 522, 528, 187, 451, 530, 520, 1018, 441, 526, 449, 473, 463, 534, 540, 461, 1025, 456, 536, 454, 480, 542, 532, 495, 470, 538, 478, 507, 503, 546, 552, 506, 497, 485, 548, 518, 509, 550, 213, 483, 208, 554, 544, 439, 429, 189, 524, 41, 33, 261, 255, 575, 583, 585, 569, 727, 589, 598, 575, 600, 608, 583, 216, 625, 397, 194, 840, 989, 842, 17, 161, 158, 1285, 14, 86, 163, 16, 81, 13, 84, 83, 44, 46, 39, 708, 253, 245, 60, 43, 257, 833, 241, 688, 562, 561, 574, 565, 577, 567, 559, 602, 577, 565, 596, 631, 638, 594, 619, 612, 643, 633, 617, 638, 660, 604, 594, 660, 665, 610, 604, 641, 673, 634, 629, 658, 675, 654, 667, 677, 656, 636, 671, 589, 151, 598, 621, 728, 237, 153, 129, 239, 151, 588, 150, 115, 683, 175, 169, 219, 691, 685, 224, 555, 177, 681, 230, 693, 690, 232, 681, 236, 230, 687, 693, 232, 491, 476, 487, 501, 423, 180, 191, 433, 411, 266, 277, 421, 399, 297, 308, 409, 295, 302, 627, 0, 340, 342, 50, 688, 691, 555, 562, 137, 710, 221, 148, 586, 141, 1022, 1026, 447, 458, 563, 557, 222, 578, 606, 663, 652, 12, 11, 10, 1283, 9, 731, 1278, 1279, 162, 161, 14, 15, 163, 162, 15, 16, 29, 706, 22, 30, 837, 838, 24, 707, 59, 65, 708, 38, 40, 709, 35, 34, 11, 12, 45, 46, 12, 13, 44, 45, 77, 76, 826, 827, 78, 77, 827, 828, 85, 86, 81, 82, 84, 85, 82, 83, 1144, 1145, 124, 123, 124, 1145, 1149, 125, 591, 1300, 1301, 590, 710, 136, 154, 1158, 138, 711, 587, 586, 148, 149, 588, 587, 149, 150, 238, 237, 151, 152, 239, 238, 152, 153, 204, 203, 155, 156, 205, 204, 156, 157, 159, 160, 840, 1284, 158, 159, 1284, 1285, 221, 220, 168, 713, 260, 715, 257, 256, 281, 282, 90, 91, 280, 281, 91, 92, 284, 285, 87, 88, 283, 284, 88, 89, 287, 288, 93, 94, 286, 287, 94, 95, 290, 291, 96, 97, 289, 290, 97, 98, 293, 294, 99, 100, 292, 293, 100, 101, 431, 430, 438, 718, 437, 718, 717, 720, 716, 436, 443, 494, 493, 721, 471, 472, 723, 465, 464, 511, 724, 504, 512, 499, 498, 505, 726, 725, 722, 721, 726, 564, 565, 559, 558, 563, 564, 558, 557, 573, 574, 571, 570, 572, 573, 570, 569, 601, 600, 575, 576, 602, 601, 576, 577, 727, 597, 564, 563, 621, 620, 593, 728, 626, 627, 395, 396, 625, 626, 396, 397, 692, 691, 688, 689, 693, 692, 689, 690, 692, 693, 687, 686, 691, 692, 686, 685, 703, 729, 696, 704, 20, 732, 24, 25, 22, 732, 20, 21, 23, 732, 22, 706, 24, 732, 23, 707, 26, 733, 30, 31, 28, 733, 26, 27, 30, 733, 28, 29, 32, 734, 36, 37, 34, 734, 32, 33, 36, 734, 34, 35, 38, 735, 42, 43, 39, 735, 38, 708, 40, 735, 39, 709, 42, 735, 40, 41, 59, 736, 66, 65, 61, 736, 59, 60, 63, 736, 61, 62, 66, 736, 63, 64, 102, 738, 106, 107, 104, 738, 102, 103, 106, 738, 104, 105, 110, 739, 108, 109, 112, 739, 110, 111, 114, 739, 112, 113, 116, 740, 120, 121, 118, 740, 116, 117, 120, 740, 118, 119, 122, 741, 128, 129, 124, 741, 122, 123, 126, 741, 124, 125, 128, 741, 126, 127, 130, 742, 134, 135, 132, 742, 130, 131, 134, 742, 132, 133, 136, 743, 140, 141, 137, 743, 136, 710, 138, 743, 137, 711, 140, 743, 138, 139, 142, 744, 146, 147, 144, 744, 142, 143, 146, 744, 144, 145, 164, 745, 168, 169, 166, 745, 164, 165, 167, 745, 166, 712, 168, 745, 167, 713, 170, 746, 176, 177, 172, 746, 170, 171, 174, 746, 172, 173, 176, 746, 174, 175, 179, 747, 185, 178, 181, 747, 179, 180, 183, 747, 181, 182, 185, 747, 183, 184, 193, 748, 192, 186, 188, 748, 193, 187, 190, 748, 188, 189, 192, 748, 190, 191, 201, 749, 200, 194, 196, 749, 201, 195, 198, 749, 196, 197, 202, 750, 206, 207, 204, 750, 202, 203, 206, 750, 204, 205, 215, 751, 214, 208, 210, 751, 215, 209, 212, 751, 210, 211, 214, 751, 212, 213, 225, 752, 229, 230, 227, 752, 225, 226, 229, 752, 227, 228, 231, 753, 235, 236, 233, 753, 231, 232, 235, 753, 233, 234, 240, 754, 244, 245, 242, 754, 240, 241, 244, 754, 242, 243, 246, 755, 250, 251, 248, 755, 246, 247, 250, 755, 248, 249, 252, 756, 256, 257, 254, 756, 252, 253, 256, 756, 254, 255, 258, 757, 262, 263, 259, 757, 258, 714, 260, 757, 259, 715, 262, 757, 260, 261, 265, 758, 271, 264, 267, 758, 265, 266, 269, 758, 267, 268, 271, 758, 269, 270, 279, 759, 278, 272, 274, 759, 279, 273, 276, 759, 274, 275, 278, 759, 276, 277, 296, 760, 302, 295, 298, 760, 296, 297, 300, 760, 298, 299, 302, 760, 300, 301, 310, 761, 309, 303, 305, 761, 310, 304, 307, 761, 305, 306, 309, 761, 307, 308, 312, 762, 317, 311, 314, 762, 312, 313, 318, 762, 314, 315, 317, 762, 318, 316, 320, 763, 325, 319, 322, 763, 320, 321, 326, 763, 322, 323, 325, 763, 326, 324, 328, 764, 333, 327, 330, 764, 328, 329, 334, 764, 330, 331, 333, 764, 334, 332, 336, 765, 341, 335, 338, 765, 336, 337, 342, 765, 338, 339, 341, 765, 342, 340, 343, 766, 347, 348, 345, 766, 343, 344, 347, 766, 345, 346, 349, 767, 353, 354, 351, 767, 349, 350, 353, 767, 351, 352, 355, 768, 359, 360, 357, 768, 355, 356, 359, 768, 357, 358, 361, 769, 365, 366, 363, 769, 361, 362, 365, 769, 363, 364, 368, 770, 373, 367, 370, 770, 368, 369, 374, 770, 370, 371, 373, 770, 374, 372, 376, 771, 381, 375, 378, 771, 376, 377, 382, 771, 378, 379, 381, 771, 382, 380, 383, 772, 387, 388, 385, 772, 383, 384, 387, 772, 385, 386, 389, 773, 393, 394, 391, 773, 389, 390, 393, 773, 391, 392, 398, 774, 402, 403, 400, 774, 398, 399, 402, 774, 400, 401, 404, 775, 408, 409, 406, 775, 404, 405, 408, 775, 406, 407, 410, 776, 414, 415, 412, 776, 410, 411, 414, 776, 412, 413, 416, 777, 420, 421, 418, 777, 416, 417, 420, 777, 418, 419, 422, 778, 426, 427, 424, 778, 422, 423, 426, 778, 424, 425, 428, 779, 432, 433, 430, 779, 428, 429, 432, 779, 430, 431, 434, 780, 438, 439, 436, 780, 434, 435, 717, 780, 436, 716, 438, 780, 717, 718, 440, 781, 443, 444, 442, 781, 440, 441, 446, 782, 452, 445, 448, 782, 446, 447, 450, 782, 448, 449, 452, 782, 450, 451, 460, 783, 459, 453, 455, 783, 460, 454, 457, 783, 455, 456, 459, 783, 457, 458, 462, 784, 467, 461, 464, 784, 462, 463, 468, 784, 464, 465, 467, 784, 468, 466, 469, 785, 472, 473, 471, 785, 469, 470, 722, 785, 471, 721, 472, 785, 722, 723, 475, 786, 481, 474, 477, 786, 475, 476, 479, 786, 477, 478, 481, 786, 479, 480, 489, 787, 488, 482, 484, 787, 489, 483, 486, 787, 484, 485, 488, 787, 486, 487, 490, 788, 494, 495, 492, 788, 490, 491, 494, 788, 492, 493, 496, 789, 500, 501, 498, 789, 496, 497, 500, 789, 498, 499, 502, 790, 505, 506, 504, 790, 502, 503, 725, 790, 504, 724, 505, 790, 725, 726, 508, 791, 512, 507, 510, 791, 508, 509, 511, 512, 791, 510, 513, 792, 517, 518, 515, 792, 513, 514, 517, 792, 515, 516, 519, 793, 523, 524, 521, 793, 519, 520, 523, 793, 521, 522, 525, 794, 529, 530, 527, 794, 525, 526, 529, 794, 527, 528, 531, 795, 535, 536, 533, 795, 531, 532, 535, 795, 533, 534, 537, 796, 541, 542, 539, 796, 537, 538, 541, 796, 539, 540, 543, 797, 547, 548, 545, 797, 543, 544, 547, 797, 545, 546, 549, 798, 553, 554, 551, 798, 549, 550, 553, 798, 551, 552, 556, 799, 562, 555, 558, 799, 556, 557, 560, 799, 558, 559, 562, 799, 560, 561, 566, 800, 570, 571, 568, 800, 566, 567, 570, 800, 568, 569, 579, 801, 584, 578, 581, 801, 579, 580, 585, 801, 581, 582, 584, 801, 585, 583, 587, 802, 591, 586, 1306, 588, 592, 593, 803, 598, 728, 595, 803, 593, 594, 597, 803, 595, 596, 598, 803, 597, 727, 599, 804, 603, 604, 601, 804, 599, 600, 603, 804, 601, 602, 605, 805, 609, 610, 607, 805, 605, 606, 609, 805, 607, 608, 611, 806, 615, 616, 613, 806, 611, 612, 615, 806, 613, 614, 618, 807, 623, 617, 620, 807, 618, 619, 624, 807, 620, 621, 623, 807, 624, 622, 628, 808, 632, 633, 630, 808, 628, 629, 632, 808, 630, 631, 635, 809, 639, 634, 637, 809, 635, 636, 639, 809, 637, 638, 647, 810, 646, 640, 642, 810, 647, 641, 644, 810, 642, 643, 646, 810, 644, 645, 649, 811, 655, 648, 651, 811, 649, 650, 653, 811, 651, 652, 655, 811, 653, 654, 657, 812, 661, 656, 659, 812, 657, 658, 661, 812, 659, 660, 662, 813, 666, 667, 664, 813, 662, 663, 666, 813, 664, 665, 668, 814, 672, 673, 670, 814, 668, 669, 672, 814, 670, 671, 674, 815, 678, 679, 676, 815, 674, 675, 678, 815, 676, 677, 680, 816, 686, 687, 682, 816, 680, 681, 684, 816, 682, 683, 686, 816, 684, 685, 694, 817, 698, 699, 696, 817, 694, 695, 697, 817, 696, 729, 698, 817, 697, 730, 700, 818, 704, 705, 702, 818, 700, 701, 704, 818, 702, 703, 46, 35, 709, 65, 11, 46, 708, 64, 6, 10, 66, 46, 709, 39, 151, 592, 588, 585, 582, 572, 569, 221, 710, 590, 832, 1212, 1211, 167, 137, 713, 167, 711, 194, 397, 348, 201, 301, 395, 627, 302, 1, 264, 271, 310, 1, 310, 303, 2, 178, 185, 279, 2, 279, 272, 318, 315, 101, 1105, 323, 332, 334, 326, 334, 331, 292, 326, 339, 380, 382, 342, 382, 379, 50, 342, 437, 717, 716, 17, 707, 23, 29, 17, 706, 3, 209, 215, 489, 3, 489, 482, 4, 474, 481, 460, 4, 460, 453, 5, 193, 186, 5, 445, 452, 193, 589, 727, 563, 222, 151, 237, 728, 598, 673, 647, 640, 675, 655, 654, 781, 819, 720, 443, 442, 719, 819, 781, 719, 466, 468, 819, 493, 499, 726, 721, 821, 820, 49, 48, 822, 821, 48, 47, 47, 55, 823, 822, 824, 823, 55, 54, 825, 824, 54, 53, 826, 825, 53, 73, 827, 826, 73, 74, 828, 827, 74, 75, 828, 75, 8, 829, 830, 829, 8, 7, 831, 830, 7, 6, 716, 720, 820, 437, 819, 468, 820, 720, 723, 722, 725, 820, 49, 820, 724, 511, 724, 820, 725, 820, 468, 465, 723, 64, 831, 6, 167, 712, 832, 205, 157, 832, 197, 833, 259, 714, 247, 247, 241, 833, 703, 702, 847, 846, 702, 701, 848, 847, 25, 839, 848, 701, 846, 850, 729, 703, 851, 850, 912, 904, 849, 851, 883, 875, 882, 881, 852, 856, 911, 910, 884, 890, 861, 857, 913, 919, 945, 950, 854, 853, 946, 945, 853, 852, 855, 862, 836, 845, 863, 862, 855, 854, 942, 944, 859, 858, 839, 942, 858, 848, 975, 980, 857, 860, 976, 975, 860, 859, 869, 868, 864, 863, 874, 873, 867, 866, 889, 888, 877, 876, 883, 889, 876, 875, 1031, 1032, 879, 878, 1040, 1031, 878, 877, 951, 956, 881, 880, 952, 951, 880, 879, 957, 962, 886, 885, 958, 957, 885, 884, 1035, 1038, 888, 887, 1039, 1035, 887, 886, 903, 902, 894, 893, 925, 924, 901, 900, 918, 917, 906, 905, 912, 918, 905, 904, 920, 925, 908, 907, 921, 920, 907, 906, 963, 968, 910, 909, 964, 963, 909, 908, 969, 974, 915, 914, 970, 969, 914, 913, 926, 931, 917, 916, 927, 926, 916, 915, 930, 929, 923, 922, 931, 930, 922, 921, 936, 935, 928, 927, 937, 941, 934, 933, 943, 837, 842, 940, 944, 943, 940, 939, 955, 954, 948, 947, 956, 955, 947, 946, 865, 869, 950, 949, 866, 865, 949, 948, 870, 874, 954, 953, 871, 870, 953, 952, 967, 966, 960, 959, 968, 967, 959, 958, 892, 891, 962, 961, 893, 892, 961, 960, 899, 903, 966, 965, 900, 899, 965, 964, 979, 978, 972, 971, 980, 979, 971, 970, 932, 936, 974, 973, 933, 932, 973, 972, 938, 937, 978, 977, 939, 938, 977, 976, 874, 866, 948, 954, 881, 956, 946, 852, 1032, 871, 952, 879, 903, 893, 960, 966, 891, 1039, 886, 962, 910, 968, 958, 884, 925, 900, 964, 908, 937, 933, 972, 978, 936, 927, 915, 974, 944, 939, 976, 859, 857, 980, 970, 913, 869, 863, 854, 950, 921, 906, 917, 931, 1038, 1040, 877, 888, 868, 983, 834, 864, 841, 983, 982, 985, 981, 867, 873, 923, 986, 901, 924, 902, 988, 895, 894, 842, 989, 934, 941, 935, 991, 929, 928, 990, 987, 986, 991, 856, 992, 844, 843, 853, 992, 856, 852, 855, 992, 853, 854, 844, 992, 855, 845, 861, 993, 860, 857, 847, 993, 861, 846, 858, 993, 847, 848, 860, 993, 858, 859, 862, 994, 835, 836, 864, 994, 862, 863, 835, 994, 864, 834, 865, 995, 868, 869, 867, 995, 865, 866, 982, 995, 867, 981, 868, 995, 982, 983, 870, 996, 873, 874, 872, 996, 870, 871, 876, 997, 882, 875, 878, 997, 876, 877, 880, 997, 878, 879, 882, 997, 880, 881, 890, 998, 889, 883, 885, 998, 890, 884, 887, 998, 885, 886, 889, 998, 887, 888, 892, 999, 897, 891, 894, 999, 892, 893, 898, 999, 894, 895, 897, 999, 898, 896, 899, 1000, 902, 903, 901, 1000, 899, 900, 987, 1000, 901, 986, 902, 1000, 987, 988, 905, 1001, 911, 904, 907, 1001, 905, 906, 909, 1001, 907, 908, 911, 1001, 909, 910, 919, 1002, 918, 912, 914, 1002, 919, 913, 916, 1002, 914, 915, 918, 1002, 916, 917, 920, 1003, 924, 925, 922, 1003, 920, 921, 924, 1003, 922, 923, 926, 1004, 930, 931, 928, 1004, 926, 927, 930, 1004, 928, 929, 932, 1005, 935, 936, 934, 1005, 932, 933, 990, 1005, 934, 989, 935, 1005, 990, 991, 938, 1006, 941, 937, 940, 1006, 938, 939, 842, 941, 1006, 940, 942, 1007, 943, 944, 838, 1007, 942, 839, 943, 1007, 838, 837, 945, 1008, 949, 950, 947, 1008, 945, 946, 949, 1008, 947, 948, 951, 1009, 955, 956, 953, 1009, 951, 952, 955, 1009, 953, 954, 957, 1010, 961, 962, 959, 1010, 957, 958, 961, 1010, 959, 960, 963, 1011, 967, 968, 965, 1011, 963, 964, 967, 1011, 965, 966, 969, 1012, 973, 974, 971, 1012, 969, 970, 973, 1012, 971, 972, 975, 1013, 979, 980, 977, 1013, 975, 976, 979, 1013, 977, 978, 841, 982, 981, 850, 846, 861, 919, 850, 919, 912, 851, 904, 911, 890, 851, 890, 883, 849, 856, 843, 849, 875, 882, 856, 996, 1014, 985, 873, 872, 984, 1014, 996, 984, 896, 898, 1014, 929, 991, 986, 923, 840, 160, 841, 981, 840, 981, 985, 1014, 840, 895, 988, 987, 898, 895, 840, 1014, 990, 989, 840, 987, 842, 837, 707, 17, 841, 160, 983, 1016, 1015, 1018, 1017, 1023, 1022, 1021, 1020, 1024, 1023, 1020, 1019, 1018, 1015, 442, 441, 1024, 1019, 467, 466, 1019, 1025, 461, 467, 1015, 1028, 719, 442, 1028, 1024, 466, 719, 1020, 1021, 1025, 1019, 1027, 1026, 1022, 1023, 1028, 1027, 1023, 1024, 1027, 1028, 1015, 1016, 1026, 1027, 1016, 1017, 1030, 1029, 1032, 1031, 1041, 1040, 1038, 1037, 1042, 1041, 1037, 1036, 1032, 1029, 872, 871, 897, 896, 1036, 1033, 891, 897, 1033, 1039, 1042, 984, 872, 1029, 1042, 1036, 896, 984, 1034, 1035, 1039, 1033, 1037, 1038, 1035, 1034, 1036, 1037, 1034, 1033, 1041, 1042, 1029, 1030, 1040, 1041, 1030, 1031, 3, 730, 697, 851, 3, 851, 849, 729, 850, 851, 697, 374, 50, 372, 673, 641, 647, 648, 655, 675, 561, 571, 574, 1050, 1051, 1048, 1049, 1053, 1054, 1051, 1050, 1066, 1065, 1054, 1053, 1092, 1093, 1065, 1066, 1093, 1092, 1067, 1068, 1070, 1069, 1068, 1067, 1094, 1095, 1069, 1070, 1095, 1094, 1071, 1072, 1074, 1073, 1072, 1071, 1096, 1097, 1073, 1074, 1097, 1096, 1075, 1076, 1078, 1077, 1076, 1075, 1099, 1100, 1077, 1078, 1100, 1099, 1088, 1089, 1091, 1090, 1089, 1088, 1108, 1109, 1090, 1091, 1110, 1111, 1109, 1108, 1050, 1049, 1047, 1046, 1053, 1050, 1046, 1052, 91, 90, 1062, 1061, 92, 91, 1061, 1063, 1066, 1053, 1052, 1043, 1070, 1067, 1045, 1055, 1074, 1071, 1057, 1058, 1064, 1078, 1075, 1060, 87, 92, 1063, 1079, 93, 89, 1080, 1081, 96, 95, 1082, 1083, 1085, 99, 98, 1084, 1087, 1091, 1088, 1086, 1092, 1066, 1043, 1044, 1067, 1092, 1044, 1045, 1094, 1070, 1055, 1056, 1071, 1094, 1056, 1057, 1096, 1074, 1058, 1059, 1075, 1096, 1059, 1060, 1099, 1078, 1064, 1098, 1088, 1099, 1098, 1086, 88, 87, 1079, 1101, 89, 88, 1101, 1080, 94, 93, 1081, 1102, 95, 94, 1102, 1082, 97, 96, 1083, 1103, 98, 97, 1103, 1084, 100, 99, 1085, 1104, 101, 100, 1104, 1105, 1108, 1091, 1087, 1106, 1110, 1108, 1106, 1107, 156, 155, 1090, 1109, 157, 156, 1109, 1111, 155, 203, 316, 318, 1112, 1113, 1140, 1141, 1113, 1112, 1117, 1116, 1114, 1115, 1118, 1119, 1115, 1114, 1121, 1120, 1116, 1117, 1123, 1122, 1120, 1121, 1125, 1124, 1122, 1123, 1127, 1126, 1124, 1125, 1129, 1128, 1126, 1127, 1131, 1130, 1128, 1129, 1133, 1132, 1130, 1131, 1135, 1134, 1132, 1133, 1137, 1136, 1134, 1135, 1139, 1138, 1136, 1137, 1141, 1140, 1138, 1139, 1116, 1063, 1061, 1114, 1062, 1118, 1114, 1061, 1120, 1079, 1063, 1116, 1122, 1101, 1079, 1120, 1101, 1122, 1124, 1080, 1126, 1081, 1080, 1124, 1128, 1102, 1081, 1126, 1102, 1128, 1130, 1082, 1132, 1083, 1082, 1130, 1134, 1103, 1083, 1132, 1103, 1134, 1136, 1084, 1138, 1085, 1084, 1136, 1140, 1104, 1085, 1138, 1112, 1105, 1104, 1140, 1121, 1117, 1054, 1065, 1127, 1125, 1068, 1069, 1133, 1131, 1072, 1073, 1077, 1139, 1137, 1076, 1123, 1121, 1065, 1093, 1125, 1123, 1093, 1068, 1129, 1127, 1069, 1095, 1131, 1129, 1095, 1072, 1135, 1133, 1073, 1097, 1137, 1135, 1097, 1076, 1141, 1139, 1077, 1100, 1113, 1141, 1100, 1089, 1115, 1119, 1048, 1051, 1117, 1115, 1051, 1054, 1105, 1112, 318, 1142, 121, 120, 1143, 1144, 123, 121, 1142, 1143, 120, 119, 1146, 1146, 119, 111, 1147, 1147, 111, 110, 1148, 1148, 110, 109, 1150, 1150, 109, 105, 1151, 1151, 105, 104, 1152, 1152, 104, 103, 1153, 1153, 103, 135, 1154, 1089, 1090, 155, 1113, 1188, 1187, 251, 1149, 1119, 1118, 251, 1048, 1049, 1048, 251, 1047, 251, 90, 282, 1062, 90, 251, 1118, 1052, 1161, 1159, 1043, 1160, 1044, 1043, 1159, 1163, 1045, 1044, 1160, 1164, 1055, 1045, 1163, 1161, 1052, 1046, 1162, 1047, 1166, 1162, 1046, 1165, 1056, 1055, 1164, 1167, 1057, 1056, 1165, 1168, 1058, 1057, 1167, 1169, 1059, 1058, 1168, 1170, 1060, 1059, 1169, 1171, 1064, 1060, 1170, 1172, 1098, 1064, 1171, 1098, 1172, 1173, 1086, 1174, 1087, 1086, 1173, 1175, 1106, 1087, 1174, 1176, 1107, 1106, 1175, 1180, 1179, 1177, 1178, 1181, 1182, 1178, 1177, 1184, 1183, 1179, 1180, 1185, 1186, 1182, 1181, 1190, 1189, 1183, 1184, 1187, 1188, 1186, 1185, 1192, 1191, 1189, 1190, 1194, 1193, 1191, 1192, 1196, 1195, 1193, 1194, 1198, 1197, 1195, 1196, 1200, 1199, 1197, 1198, 1202, 1201, 1199, 1200, 1204, 1203, 1201, 1202, 1206, 1205, 1203, 1204, 1208, 1207, 1205, 1206, 1210, 1209, 1207, 1208, 1211, 1212, 1209, 1210, 1179, 1160, 1159, 1177, 1161, 1181, 1177, 1159, 1183, 1163, 1160, 1179, 1162, 1185, 1181, 1161, 1166, 1187, 1185, 1162, 1189, 1164, 1163, 1183, 1191, 1165, 1164, 1189, 1193, 1167, 1165, 1191, 1195, 1168, 1167, 1193, 1197, 1169, 1168, 1195, 1199, 1170, 1169, 1197, 1201, 1171, 1170, 1199, 1203, 1172, 1171, 1201, 1205, 1173, 1172, 1203, 1207, 1174, 1173, 1205, 1209, 1175, 1174, 1207, 1212, 1176, 1175, 1209, 1143, 1180, 1178, 1142, 1182, 1144, 1142, 1178, 1186, 1145, 1144, 1182, 1146, 1184, 1180, 1143, 1147, 1190, 1184, 1146, 1148, 1192, 1190, 1147, 1188, 1149, 1145, 1186, 1150, 1194, 1192, 1148, 1151, 1196, 1194, 1150, 1152, 1198, 1196, 1151, 1153, 1200, 1198, 1152, 1154, 1202, 1200, 1153, 1155, 1204, 1202, 1154, 1156, 1206, 1204, 1155, 1157, 1208, 1206, 1156, 1158, 1210, 1208, 1157, 154, 1211, 1210, 1158, 1166, 1047, 251, 1187, 195, 201, 348, 437, 374, 371, 718, 820, 50, 374, 437, 1929, 1932, 624, 621, 1219, 1218, 1217, 1216, 1220, 1219, 1216, 1215, 1221, 1220, 1215, 1214, 1222, 1221, 1214, 1213, 1229, 1228, 1227, 1226, 1230, 1229, 1226, 1225, 1231, 1230, 1225, 1224, 1232, 1231, 1224, 1223, 1238, 1242, 1237, 1236, 1239, 1238, 1236, 1235, 1240, 1239, 1235, 1234, 1241, 1240, 1234, 1233, 158, 161, 1217, 1218, 55, 47, 1222, 1213, 1218, 1243, 159, 158, 159, 1243, 1272, 160, 514, 211, 1227, 1228, 845, 836, 1232, 1223, 210, 1252, 1227, 211, 1223, 1248, 844, 845, 843, 844, 1248, 1267, 1253, 1258, 516, 515, 1228, 1253, 515, 514, 49, 516, 1258, 1268, 48, 1247, 1222, 47, 1268, 1247, 48, 49, 53, 54, 1237, 1242, 1213, 1237, 54, 55, 1241, 1233, 162, 163, 162, 1233, 1217, 161, 836, 835, 1257, 1232, 835, 834, 1262, 1257, 210, 209, 1266, 1252, 160, 834, 983, 1242, 1238, 80, 1282, 80, 1239, 1240, 849, 843, 1267, 1273, 1247, 1246, 1221, 1222, 1246, 1245, 1220, 1221, 1244, 1243, 1218, 1219, 1245, 1244, 1219, 1220, 1252, 1251, 1226, 1227, 1251, 1250, 1225, 1226, 1249, 1248, 1223, 1224, 1250, 1249, 1224, 1225, 1257, 1256, 1231, 1232, 1256, 1255, 1230, 1231, 1254, 1253, 1228, 1229, 1255, 1254, 1229, 1230, 1236, 1237, 1213, 1214, 1235, 1236, 1214, 1215, 1234, 1235, 1215, 1216, 1233, 1234, 1216, 1217, 1266, 1265, 1251, 1252, 1265, 1264, 1250, 1251, 1263, 1267, 1248, 1249, 1264, 1263, 1249, 1250, 1262, 1261, 1256, 1257, 1261, 1260, 1255, 1256, 1259, 1258, 1253, 1254, 1260, 1259, 1254, 1255, 1272, 1271, 1261, 1262, 1271, 1270, 1260, 1261, 1269, 1268, 1258, 1259, 1270, 1269, 1259, 1260, 1271, 1272, 1243, 1244, 1270, 1271, 1244, 1245, 1269, 1270, 1245, 1246, 1268, 1269, 1246, 1247, 1263, 1273, 1267, 209, 3, 1273, 1266, 849, 1273, 3, 1273, 1265, 1266, 1273, 1264, 1265, 1263, 1264, 1273, 1241, 163, 86, 1274, 1275, 1274, 86, 85, 1276, 1275, 85, 84, 84, 13, 1277, 1276, 7, 1278, 10, 6, 1279, 1278, 7, 8, 8, 75, 1280, 1279, 75, 74, 1281, 1280, 1282, 1281, 74, 73, 73, 53, 1242, 1282, 731, 1283, 10, 1278, 1277, 1283, 731, 9, 1241, 1274, 80, 1240, 80, 1238, 1239, 18, 1284, 840, 17, 1285, 1284, 18, 19, 19, 14, 1285, 1303, 1302, 684, 1288, 1301, 1300, 1290, 1291, 1292, 1293, 1291, 1290, 1304, 1305, 1293, 1292, 1297, 1296, 1294, 1295, 1298, 1299, 1295, 1294, 1302, 1303, 1296, 1297, 1287, 1298, 1294, 1286, 1300, 1287, 1286, 1290, 1288, 1289, 1296, 1303, 1292, 1289, 1288, 1304, 1299, 589, 222, 1295, 590, 1301, 1291, 221, 1302, 1297, 223, 224, 219, 220, 1293, 1305, 1291, 1293, 220, 221, 223, 1297, 1295, 222, 1289, 1292, 1290, 1286, 1296, 1289, 1286, 1294, 802, 1287, 1300, 591, 1298, 1287, 802, 1306, 592, 1299, 1298, 1306, 224, 685, 684, 1302, 1304, 1288, 684, 1305, 1306, 802, 587, 588, 589, 1299, 592, 151, 739, 1307, 108, 150, 1307, 115, 739, 114, 115, 1307, 1176, 1212, 832, 1107, 1110, 1107, 832, 1111, 516, 49, 511, 1262, 834, 160, 1272, 166, 198, 197, 712, 199, 165, 173, 218, 200, 199, 218, 217, 165, 199, 198, 166, 749, 198, 199, 200, 218, 173, 1526, 1526, 1525, 217, 218, 1525, 1524, 216, 217, 1479, 1480, 172, 171, 832, 712, 197, 832, 157, 1111, 1308, 1603, 1611, 1309, 1309, 1572, 1580, 1310, 1312, 1782, 1790, 1311, 1313, 1753, 1761, 1312, 1310, 1486, 1494, 1313, 1760, 1501, 1495, 1759, 1493, 1587, 1581, 1492, 1579, 1618, 1612, 1578, 1789, 1768, 1762, 1788, 1523, 1797, 1791, 1516, 1379, 2138, 2137, 1378, 1380, 2139, 2138, 1379, 2584, 1387, 1317, 2585, 2587, 1317, 1387, 2588, 1321, 2585, 2591, 1320, 2008, 1328, 1329, 2013, 2009, 1333, 1328, 2008, 1339, 1329, 1330, 1338, 2146, 1332, 1333, 2147, 1334, 1335, 2007, 2002, 2003, 1339, 1334, 2002, 1570, 1340, 1341, 1569, 1571, 1345, 1340, 1570, 1349, 1341, 1342, 1348, 1368, 1351, 1346, 1367, 1562, 1350, 1351, 1561, 1563, 1349, 1350, 1562, 1359, 2129, 2128, 1358, 1360, 2130, 2129, 1359, 1365, 2132, 2131, 1364, 1366, 2133, 2132, 1365, 1552, 1369, 1370, 1551, 1553, 1368, 1369, 1552, 1372, 1375, 1376, 1371, 1376, 1377, 1370, 1371, 2589, 2588, 1387, 2045, 1388, 2590, 2589, 2045, 1387, 2584, 2583, 2045, 2045, 2583, 2582, 1388, 2464, 1441, 1442, 2463, 2463, 1442, 1443, 2462, 1450, 1410, 1411, 1455, 1451, 1415, 1410, 1450, 1416, 1414, 1415, 2615, 1417, 1413, 1414, 1416, 1426, 1420, 1421, 1425, 1427, 1419, 1420, 1426, 1460, 1422, 1423, 1459, 1461, 1421, 1422, 1460, 1430, 1424, 1425, 1437, 1431, 1429, 1424, 1430, 1558, 1434, 1435, 1557, 1559, 1433, 1434, 1558, 1454, 1438, 1439, 1453, 1455, 1443, 1438, 1454, 1448, 1440, 1441, 1447, 1449, 1439, 1440, 1448, 1894, 1449, 1444, 1899, 2466, 1446, 1447, 2465, 1457, 1452, 1453, 1456, 1458, 1451, 1452, 1457, 1482, 1472, 1473, 1481, 1483, 1477, 1472, 1482, 1528, 1476, 1477, 1527, 1537, 1478, 1479, 1536, 1538, 1485, 1478, 1537, 1990, 1484, 1485, 1989, 1991, 1483, 1484, 1990, 1500, 1487, 1488, 1499, 1494, 1486, 1487, 1500, 1730, 1489, 1490, 1735, 1731, 1488, 1489, 1730, 1697, 1491, 1492, 1702, 1698, 1490, 1491, 1697, 1497, 1832, 1827, 1496, 1496, 1827, 1828, 1495, 1736, 1498, 1499, 1741, 1737, 1497, 1498, 1736, 1514, 1504, 1505, 1513, 1515, 1503, 1504, 1514, 1525, 1508, 1502, 1524, 1625, 1510, 1511, 1624, 1619, 1515, 1510, 1625, 1821, 1520, 1521, 1826, 1822, 1519, 1520, 1821, 1516, 1862, 1857, 1522, 1522, 1857, 1858, 1521, 1527, 1991, 1992, 2613, 1864, 1531, 1532, 1863, 1865, 1530, 1531, 1864, 1543, 1533, 1534, 1542, 1544, 1538, 1533, 1543, 1988, 1539, 1540, 1995, 1989, 1544, 1539, 1988, 1549, 1565, 1560, 1548, 1560, 1561, 1553, 1548, 1551, 1559, 1554, 1550, 1554, 1555, 1549, 1550, 1569, 1563, 1564, 1568, 1586, 1573, 1574, 1585, 1580, 1572, 1573, 1586, 1718, 1575, 1576, 1723, 1719, 1574, 1575, 1718, 1669, 1577, 1578, 1674, 1670, 1576, 1577, 1669, 1691, 1582, 1583, 1696, 1692, 1581, 1582, 1691, 1724, 1584, 1585, 1729, 1725, 1583, 1584, 1724, 1375, 1588, 1589, 1376, 1376, 1589, 1590, 1377, 1378, 1591, 1592, 1379, 1379, 1592, 1593, 1380, 1384, 1594, 1595, 1385, 1385, 1595, 1596, 1386, 1364, 1597, 1598, 1365, 1365, 1598, 1599, 1366, 1358, 1600, 1601, 1359, 1359, 1601, 1602, 1360, 1617, 1604, 1605, 1616, 1611, 1603, 1604, 1617, 1706, 1606, 1607, 1711, 1707, 1605, 1606, 1706, 1657, 1608, 1609, 1662, 1658, 1607, 1608, 1657, 1663, 1613, 1614, 1668, 1664, 1612, 1613, 1663, 1712, 1615, 1616, 1717, 1713, 1614, 1615, 1712, 1633, 1622, 1623, 1632, 1627, 1621, 1622, 1633, 1710, 1630, 1631, 1709, 1711, 1629, 1630, 1710, 1649, 1638, 1639, 1648, 1643, 1637, 1638, 1649, 1714, 1641, 1635, 1713, 1715, 1640, 1641, 1714, 1722, 1646, 1647, 1721, 1723, 1645, 1646, 1722, 1704, 1651, 1652, 1703, 1705, 1656, 1651, 1704, 1661, 1653, 1654, 1660, 1662, 1652, 1653, 1661, 1620, 1655, 1656, 1619, 1621, 1654, 1655, 1620, 1628, 1659, 1660, 1627, 1629, 1658, 1659, 1628, 1673, 1665, 1666, 1672, 1674, 1664, 1665, 1673, 1636, 1667, 1668, 1635, 1637, 1666, 1667, 1636, 1644, 1671, 1672, 1643, 1645, 1670, 1671, 1644, 1734, 1678, 1679, 1733, 1735, 1677, 1678, 1734, 1686, 1681, 1675, 1685, 1687, 1680, 1681, 1686, 1726, 1689, 1683, 1725, 1727, 1688, 1689, 1726, 1701, 1693, 1694, 1700, 1702, 1692, 1693, 1701, 1684, 1695, 1696, 1683, 1685, 1694, 1695, 1684, 1676, 1699, 1700, 1675, 1677, 1698, 1699, 1676, 1716, 1708, 1709, 1715, 1717, 1707, 1708, 1716, 1728, 1720, 1721, 1727, 1729, 1719, 1720, 1728, 1740, 1732, 1733, 1739, 1741, 1731, 1732, 1740, 1738, 1746, 1747, 1737, 1752, 1743, 1744, 1751, 1767, 1754, 1755, 1766, 1761, 1753, 1754, 1767, 2325, 1756, 1757, 2326, 2334, 1755, 1756, 2325, 1759, 1838, 1833, 1758, 1758, 1833, 1834, 1757, 1764, 1844, 1839, 1763, 1763, 1839, 1840, 1762, 2329, 1765, 1766, 2330, 2333, 1764, 1765, 2329, 1781, 1771, 1772, 1780, 1803, 1778, 1779, 1802, 1796, 1783, 1784, 1795, 1790, 1782, 1783, 1796, 1798, 1785, 1786, 1803, 1799, 1784, 1785, 1798, 1788, 1850, 1845, 1787, 1787, 1845, 1846, 1786, 1793, 1856, 1851, 1792, 1792, 1851, 1852, 1791, 1804, 1794, 1795, 1809, 1805, 1793, 1794, 1804, 1808, 1800, 1801, 1807, 1809, 1799, 1800, 1808, 1806, 1813, 1814, 1805, 1815, 1811, 1812, 1820, 1825, 1818, 1819, 1824, 1826, 1817, 1818, 1825, 1837, 1829, 1830, 1836, 1838, 1828, 1829, 1837, 1742, 1831, 1832, 1747, 1743, 1830, 1831, 1742, 1748, 1835, 1836, 1752, 1749, 1834, 1835, 1748, 1849, 1841, 1842, 1848, 1850, 1840, 1841, 1849, 1770, 1843, 1844, 1769, 1771, 1842, 1843, 1770, 1777, 1847, 1848, 1781, 1778, 1846, 1847, 1777, 1861, 1853, 1854, 1860, 1862, 1852, 1853, 1861, 1810, 1855, 1856, 1814, 1811, 1854, 1855, 1810, 1816, 1859, 1860, 1815, 1817, 1858, 1859, 1816, 1874, 1868, 1869, 1879, 1875, 1867, 1868, 1874, 1905, 1872, 1873, 1904, 1884, 1876, 1877, 1883, 1885, 1875, 1876, 1884, 1959, 1887, 1888, 1958, 1960, 1886, 1887, 1959, 1915, 1892, 1886, 1914, 1916, 1891, 1892, 1915, 1928, 1901, 1902, 1927, 1911, 1903, 1904, 1910, 1912, 1902, 1903, 1911, 1917, 1907, 1908, 1916, 1918, 1912, 1907, 1917, 1972, 1913, 1914, 1971, 1973, 1918, 1913, 1972, 1952, 1919, 1920, 1951, 1953, 1924, 1919, 1952, 1931, 1921, 1922, 1930, 1925, 1920, 1921, 1931, 1940, 1926, 1927, 1939, 1941, 1925, 1926, 1940, 1950, 1936, 1937, 1949, 1951, 1941, 1936, 1950, 1947, 1938, 1939, 1946, 1942, 1937, 1938, 1947, 1980, 1943, 1944, 1979, 1981, 1942, 1943, 1980, 1969, 1945, 1946, 1968, 1964, 1944, 1945, 1969, 1970, 1961, 1962, 1975, 1971, 1960, 1961, 1970, 1984, 1965, 1966, 1983, 1985, 1964, 1965, 1984, 1974, 1967, 1968, 1973, 1975, 1966, 1967, 1974, 1986, 1978, 1979, 1985, 1987, 1977, 1978, 1986, 2013, 2003, 2004, 2012, 1374, 1373, 1319, 1318, 2014, 1331, 1325, 2131, 2130, 1360, 1364, 2139, 1380, 1375, 1372, 1384, 2134, 2133, 1366, 1386, 1378, 2137, 2136, 1439, 1449, 1456, 1453, 1461, 1437, 1425, 1421, 2615, 1415, 1451, 1458, 1443, 1455, 1411, 2465, 1447, 1441, 2464, 2021, 1529, 1445, 1370, 1377, 1559, 1551, 2023, 1565, 2141, 1567, 2013, 1329, 1339, 2003, 1377, 1590, 1559, 1380, 1593, 1588, 1375, 1386, 1596, 1591, 1378, 1366, 1599, 1594, 1384, 1360, 1602, 1597, 1364, 1600, 1634, 1632, 1593, 1395, 1400, 1588, 1596, 1401, 1397, 1591, 1599, 1404, 1403, 1594, 1407, 1406, 1597, 1602, 1623, 1409, 1600, 1632, 1358, 1648, 1639, 1600, 1627, 1660, 1654, 1621, 1643, 1672, 1666, 1637, 1559, 2457, 1433, 1687, 1358, 1680, 1675, 1700, 1694, 1685, 1619, 1656, 1503, 1515, 1662, 1609, 1703, 1652, 1711, 1607, 1658, 1629, 1635, 1668, 1614, 1713, 1578, 1612, 1664, 1674, 1723, 1576, 1670, 1645, 1683, 1696, 1583, 1725, 1735, 1490, 1698, 1677, 1492, 1581, 1692, 1702, 1631, 1640, 1715, 1709, 1688, 1727, 1721, 1647, 2026, 1739, 1733, 1679, 1752, 1836, 1830, 1743, 1495, 1828, 1838, 1759, 2326, 1757, 1834, 1749, 1781, 1848, 1842, 1771, 1769, 1844, 1764, 2333, 1762, 1840, 1850, 1788, 1803, 1786, 1846, 1778, 1815, 1860, 1854, 1811, 1814, 1856, 1793, 1805, 1826, 1521, 1858, 1817, 1791, 1852, 1862, 1516, 1747, 1832, 1497, 1737, 1349, 1563, 1569, 1341, 1883, 1877, 1893, 1891, 2035, 1906, 1897, 1883, 1891, 1916, 1908, 1524, 1502, 1705, 1933, 2148, 1325, 2150, 2297, 1469, 1322, 2593, 1466, 1394, 1389, 1324, 1471, 1321, 1352, 1391, 1392, 1354, 2016, 1347, 1561, 1351, 1368, 1553, 1565, 1549, 2141, 1996, 1882, 1869, 1870, 1873, 1867, 1875, 1885, 1910, 1904, 1873, 1885, 1939, 1927, 1902, 1946, 1920, 1925, 1941, 1951, 1946, 1902, 1912, 1968, 1968, 1912, 1918, 1973, 1949, 1937, 1942, 1981, 1966, 1975, 1962, 1983, 1985, 1979, 1944, 1964, 1897, 1906, 1459, 1929, 1545, 2036, 1461, 1547, 1437, 1459, 1423, 1458, 1896, 1991, 1527, 1477, 1483, 1999, 1863, 1532, 1993, 1485, 1538, 1989, 2001, 1540, 1998, 1989, 1538, 1544, 1995, 1540, 2001, 1799, 1809, 1795, 1784, 1731, 1741, 1499, 1488, 1719, 1729, 1585, 1574, 1707, 1717, 1616, 1605, 1603, 1308, 1935, 1610, 1648, 1358, 1650, 1996, 1870, 1863, 1999, 1445, 1529, 2018, 1456, 1449, 1894, 2330, 1766, 1755, 2334, 1871, 1530, 1865, 1886, 1960, 1971, 1914, 1320, 2591, 1318, 1319, 1317, 2587, 2586, 2039, 1470, 1323, 1322, 1469, 1471, 1324, 1323, 1470, 1337, 1338, 1330, 2014, 2145, 2015, 1332, 2146, 1367, 1346, 2016, 1373, 1348, 1342, 1343, 2017, 1319, 1354, 1353, 1320, 1320, 1353, 1352, 1321, 1385, 2135, 2134, 1384, 1386, 2136, 2135, 1385, 1393, 1390, 1389, 1394, 1392, 1391, 1390, 1393, 2452, 1431, 1432, 2453, 1432, 1433, 2457, 2453, 1444, 2018, 1898, 2609, 2608, 1899, 1462, 2019, 1446, 2466, 1895, 1457, 1456, 1894, 1896, 1458, 1457, 1895, 1546, 1460, 1459, 1545, 1547, 1461, 1460, 1546, 1512, 1464, 1463, 1511, 1513, 1465, 1464, 1512, 1467, 2592, 2148, 1468, 1466, 2593, 2592, 1467, 1529, 2021, 1476, 1528, 1568, 1564, 1565, 2023, 1589, 1399, 1398, 1590, 1588, 1400, 1399, 1589, 1592, 1396, 1395, 1593, 1591, 1397, 1396, 1592, 1595, 1402, 1401, 1596, 1594, 1403, 1402, 1595, 1598, 1405, 1404, 1599, 1597, 1406, 1405, 1598, 1601, 1408, 1407, 1602, 1600, 1409, 1408, 1601, 1739, 2026, 1746, 1738, 1745, 2025, 2026, 2028, 1751, 1744, 2024, 1802, 1779, 2029, 1801, 1780, 1772, 1773, 2031, 1819, 1820, 1812, 2032, 1807, 2034, 1813, 1806, 2033, 2034, 2029, 2030, 1872, 1866, 1867, 1873, 1871, 1865, 1866, 1872, 1881, 1878, 1879, 1882, 1880, 1877, 1878, 1881, 1909, 1884, 1883, 1908, 1910, 1885, 1884, 1909, 2035, 1871, 1872, 1905, 1929, 2036, 1901, 1928, 1934, 1704, 1703, 1935, 1933, 1705, 1704, 1934, 2000, 1997, 1996, 1999, 2001, 1998, 1997, 2000, 2000, 1994, 1995, 2001, 1999, 1993, 1994, 2000, 2011, 2012, 2004, 2037, 1328, 1333, 1332, 2040, 1330, 1329, 1328, 2040, 1331, 2014, 1330, 2040, 1332, 2015, 1331, 2040, 1334, 1339, 1338, 2041, 1336, 1335, 1334, 2041, 1336, 2041, 1338, 1337, 1340, 1345, 1344, 2042, 1342, 1341, 1340, 2042, 1344, 1343, 1342, 2042, 1346, 1351, 1350, 2043, 1347, 2016, 1346, 2043, 1348, 2017, 1347, 2043, 1350, 1349, 1348, 2043, 1367, 1373, 1374, 2044, 1369, 1368, 1367, 2044, 1371, 1370, 1369, 2044, 1374, 1372, 1371, 2044, 1410, 1415, 1414, 2046, 1412, 1411, 1410, 2046, 1414, 1413, 1412, 2046, 1418, 1417, 1416, 2047, 1420, 1419, 1418, 2047, 1422, 1421, 1420, 2047, 1424, 1429, 1428, 2048, 1426, 1425, 1424, 2048, 1428, 1427, 1426, 2048, 1430, 1437, 1436, 2049, 1432, 1431, 1430, 2049, 1434, 1433, 1432, 2049, 1436, 1435, 1434, 2049, 1438, 1443, 1442, 2050, 1440, 1439, 1438, 2050, 1442, 1441, 1440, 2050, 1444, 1449, 1448, 2051, 1445, 2018, 1444, 2051, 1446, 2019, 1445, 2051, 1448, 1447, 1446, 2051, 1450, 1455, 1454, 2052, 1452, 1451, 1450, 2052, 1454, 1453, 1452, 2052, 1472, 1477, 1476, 2053, 1474, 1473, 1472, 2053, 1475, 2020, 1474, 2053, 1476, 2021, 1475, 2053, 1478, 1485, 1484, 2054, 1480, 1479, 1478, 2054, 1482, 1481, 1480, 2054, 1484, 1483, 1482, 2054, 1487, 1486, 1493, 2055, 1489, 1488, 1487, 2055, 1491, 1490, 1489, 2055, 1493, 1492, 1491, 2055, 1501, 1494, 1500, 2056, 1496, 1495, 1501, 2056, 1498, 1497, 1496, 2056, 1500, 1499, 1498, 2056, 1509, 1502, 1508, 2057, 1504, 1503, 1509, 2057, 1506, 1505, 1504, 2057, 1510, 1515, 1514, 2058, 1512, 1511, 1510, 2058, 1514, 1513, 1512, 2058, 1523, 1516, 1522, 2059, 1518, 1517, 1523, 2059, 1520, 1519, 1518, 2059, 1522, 1521, 1520, 2059, 1533, 1538, 1537, 2060, 1535, 1534, 1533, 2060, 1537, 1536, 1535, 2060, 1539, 1544, 1543, 2061, 1541, 1540, 1539, 2061, 1543, 1542, 1541, 2061, 1548, 1553, 1552, 2062, 1550, 1549, 1548, 2062, 1552, 1551, 1550, 2062, 1554, 1559, 1558, 2063, 1556, 1555, 1554, 2063, 1558, 1557, 1556, 2063, 1560, 1565, 1564, 2064, 1562, 1561, 1560, 2064, 1564, 1563, 1562, 2064, 1566, 1571, 1570, 2065, 1567, 2022, 1566, 2065, 1568, 2023, 1567, 2065, 1570, 1569, 1568, 2065, 1573, 1572, 1579, 2066, 1575, 1574, 1573, 2066, 1577, 1576, 1575, 2066, 1579, 1578, 1577, 2066, 1587, 1580, 1586, 2067, 1582, 1581, 1587, 2067, 1584, 1583, 1582, 2067, 1586, 1585, 1584, 2067, 1604, 1603, 1610, 2068, 1606, 1605, 1604, 2068, 1608, 1607, 1606, 2068, 1610, 1609, 1608, 2068, 1618, 1611, 1617, 2069, 1613, 1612, 1618, 2069, 1615, 1614, 1613, 2069, 1617, 1616, 1615, 2069, 1620, 1619, 1625, 2070, 1622, 1621, 1620, 2070, 1626, 1623, 1622, 2070, 1625, 1624, 1626, 2070, 1628, 1627, 1633, 2071, 1630, 1629, 1628, 2071, 1634, 1631, 1630, 2071, 1633, 1632, 1634, 2071, 1636, 1635, 1641, 2072, 1638, 1637, 1636, 2072, 1642, 1639, 1638, 2072, 1641, 1640, 1642, 2072, 1644, 1643, 1649, 2073, 1646, 1645, 1644, 2073, 1650, 1647, 1646, 2073, 1649, 1648, 1650, 2073, 1651, 1656, 1655, 2074, 1653, 1652, 1651, 2074, 1655, 1654, 1653, 2074, 1657, 1662, 1661, 2075, 1659, 1658, 1657, 2075, 1661, 1660, 1659, 2075, 1663, 1668, 1667, 2076, 1665, 1664, 1663, 2076, 1667, 1666, 1665, 2076, 1669, 1674, 1673, 2077, 1671, 1670, 1669, 2077, 1673, 1672, 1671, 2077, 1676, 1675, 1681, 2078, 1678, 1677, 1676, 2078, 1682, 1679, 1678, 2078, 1681, 1680, 1682, 2078, 1684, 1683, 1689, 2079, 1686, 1685, 1684, 2079, 1690, 1687, 1686, 2079, 1689, 1688, 1690, 2079, 1691, 1696, 1695, 2080, 1693, 1692, 1691, 2080, 1695, 1694, 1693, 2080, 1697, 1702, 1701, 2081, 1699, 1698, 1697, 2081, 1701, 1700, 1699, 2081, 1706, 1711, 1710, 2082, 1708, 1707, 1706, 2082, 1710, 1709, 1708, 2082, 1712, 1717, 1716, 2083, 1714, 1713, 1712, 2083, 1716, 1715, 1714, 2083, 1718, 1723, 1722, 2084, 1720, 1719, 1718, 2084, 1722, 1721, 1720, 2084, 1724, 1729, 1728, 2085, 1726, 1725, 1724, 2085, 1728, 1727, 1726, 2085, 1730, 1735, 1734, 2086, 1732, 1731, 1730, 2086, 1734, 1733, 1732, 2086, 1736, 1741, 1740, 2087, 1738, 1737, 1736, 2087, 1740, 1739, 1738, 2087, 1742, 1747, 1746, 2088, 1744, 1743, 1742, 2088, 2025, 2024, 1744, 2088, 1746, 2026, 2025, 2088, 1748, 1752, 1751, 2089, 1750, 1749, 1748, 2089, 1754, 1753, 1760, 2090, 1756, 1755, 1754, 2090, 1758, 1757, 1756, 2090, 1760, 1759, 1758, 2090, 1768, 1761, 1767, 2091, 1763, 1762, 1768, 2091, 1765, 1764, 1763, 2091, 1767, 1766, 1765, 2091, 1770, 1769, 1775, 2092, 1772, 1771, 1770, 2092, 1776, 1773, 1772, 2092, 1775, 1774, 1776, 2092, 1777, 1781, 1780, 2093, 1779, 1778, 1777, 2093, 2030, 2029, 1779, 2093, 1780, 2031, 2030, 2093, 1783, 1782, 1789, 2094, 1785, 1784, 1783, 2094, 1787, 1786, 1785, 2094, 1789, 1788, 1787, 2094, 1797, 1790, 1796, 2095, 1792, 1791, 1797, 2095, 1794, 1793, 1792, 2095, 1796, 1795, 1794, 2095, 1798, 1803, 1802, 2096, 1800, 1799, 1798, 2096, 1802, 1801, 1800, 2096, 1804, 1809, 1808, 2097, 1806, 1805, 1804, 2097, 1808, 1807, 1806, 2097, 1810, 1814, 1813, 2098, 1812, 1811, 1810, 2098, 2033, 2032, 1812, 2098, 1813, 2034, 2033, 2098, 1816, 1815, 1820, 2099, 1818, 1817, 1816, 2099, 2099, 1820, 1819, 1818, 1821, 1826, 1825, 2100, 1823, 1822, 1821, 2100, 1825, 1824, 1823, 2100, 1827, 1832, 1831, 2101, 1829, 1828, 1827, 2101, 1831, 1830, 1829, 2101, 1833, 1838, 1837, 2102, 1835, 1834, 1833, 2102, 1837, 1836, 1835, 2102, 1839, 1844, 1843, 2103, 1841, 1840, 1839, 2103, 1843, 1842, 1841, 2103, 1845, 1850, 1849, 2104, 1847, 1846, 1845, 2104, 1849, 1848, 1847, 2104, 1851, 1856, 1855, 2105, 1853, 1852, 1851, 2105, 1855, 1854, 1853, 2105, 1857, 1862, 1861, 2106, 1859, 1858, 1857, 2106, 1861, 1860, 1859, 2106, 1864, 1863, 1870, 2107, 1866, 1865, 1864, 2107, 1868, 1867, 1866, 2107, 1870, 1869, 1868, 2107, 1874, 1879, 1878, 2108, 1876, 1875, 1874, 2108, 1878, 1877, 1876, 2108, 1887, 1886, 1892, 2109, 1889, 1888, 1887, 2109, 1893, 1890, 1889, 2109, 1892, 1891, 1893, 2109, 1895, 1894, 1899, 2110, 2614, 1900, 1896, 1901, 2036, 1906, 2111, 1903, 1902, 1901, 2111, 1905, 1904, 1903, 2111, 1906, 2035, 1905, 2111, 1907, 1912, 1911, 2112, 1909, 1908, 1907, 2112, 1911, 1910, 1909, 2112, 1913, 1918, 1917, 2113, 1915, 1914, 1913, 2113, 1917, 1916, 1915, 2113, 1919, 1924, 1923, 2114, 1921, 1920, 1919, 2114, 1923, 1922, 1921, 2114, 1926, 1925, 1931, 2115, 1928, 1927, 1926, 2115, 1932, 1929, 1928, 2115, 1931, 1930, 1932, 2115, 1936, 1941, 1940, 2116, 1938, 1937, 1936, 2116, 1940, 1939, 1938, 2116, 1943, 1942, 1947, 2117, 1945, 1944, 1943, 2117, 1947, 1946, 1945, 2117, 1955, 1948, 1954, 2118, 1950, 1949, 1955, 2118, 1952, 1951, 1950, 2118, 1954, 1953, 1952, 2118, 1957, 1956, 1963, 2119, 1959, 1958, 1957, 2119, 1961, 1960, 1959, 2119, 1963, 1962, 1961, 2119, 1965, 1964, 1969, 2120, 1967, 1966, 1965, 2120, 1969, 1968, 1967, 2120, 1970, 1975, 1974, 2121, 1972, 1971, 1970, 2121, 1974, 1973, 1972, 2121, 1976, 1981, 1980, 2122, 1978, 1977, 1976, 2122, 1980, 1979, 1978, 2122, 1982, 1987, 1986, 2123, 1984, 1983, 1982, 2123, 1986, 1985, 1984, 2123, 1988, 1995, 1994, 2124, 1990, 1989, 1988, 2124, 1992, 1991, 1990, 2124, 1994, 1993, 1992, 2124, 2002, 2007, 2006, 2125, 2004, 2003, 2002, 2125, 2005, 2037, 2004, 2125, 2006, 2038, 2005, 2125, 2008, 2013, 2012, 2126, 2010, 2009, 2008, 2126, 2012, 2011, 2010, 2126, 1354, 2017, 1343, 1373, 2016, 1354, 1319, 1372, 1374, 1318, 1314, 1354, 1347, 2017, 1459, 1896, 1900, 1893, 1877, 1880, 1890, 1529, 1898, 2018, 1445, 2019, 1475, 2021, 1502, 1509, 1656, 1705, 1609, 1610, 1935, 1703, 1309, 1618, 1579, 1572, 1309, 1611, 1618, 1310, 1587, 1493, 1486, 1310, 1580, 1587, 1626, 2413, 1409, 1623, 1631, 1634, 1642, 1640, 1642, 1634, 1600, 1639, 1647, 1650, 1690, 1688, 1690, 1650, 1358, 1687, 1745, 2024, 2025, 1325, 1331, 2015, 1337, 2014, 1325, 1311, 1797, 1523, 1517, 1311, 1790, 1797, 1312, 1768, 1789, 1782, 1312, 1761, 1768, 1313, 1494, 1501, 1313, 1501, 1760, 1753, 1897, 1530, 1871, 2035, 1459, 1906, 2036, 1545, 1981, 1948, 1955, 1983, 1962, 1963, 2089, 1751, 2028, 2127, 1750, 2089, 2127, 2027, 2027, 2127, 1776, 1774, 1801, 2029, 2034, 1807, 2129, 1356, 1357, 2128, 2130, 1355, 1356, 2129, 1355, 2130, 2131, 1363, 2132, 1362, 1363, 2131, 2133, 1361, 1362, 2132, 2134, 1381, 1361, 2133, 2135, 1382, 1381, 2134, 2136, 1383, 1382, 2135, 2136, 2137, 1316, 1383, 2138, 1315, 1316, 2137, 2139, 1314, 1315, 2138, 2024, 1745, 2128, 2028, 2127, 2028, 2128, 1776, 2031, 2128, 2033, 2030, 1357, 1819, 2032, 2128, 2032, 2033, 2128, 2128, 2031, 1773, 1776, 1372, 1314, 2139, 1475, 2140, 2020, 1513, 1505, 2140, 1465, 2141, 1555, 2022, 1567, 1555, 2141, 1549, 2011, 2154, 2155, 2010, 2010, 2155, 2156, 2009, 1333, 2009, 2156, 2147, 2154, 2011, 2037, 2158, 2159, 2212, 2220, 2158, 2157, 2183, 2191, 2159, 2190, 2164, 2160, 2189, 2219, 2198, 2192, 2218, 2169, 2227, 2221, 2165, 2253, 2161, 2162, 2258, 2254, 2160, 2161, 2253, 2163, 2153, 2144, 2170, 2171, 2162, 2163, 2170, 2250, 2166, 2167, 2252, 2147, 2156, 2166, 2250, 2283, 2168, 2165, 2288, 2284, 2167, 2168, 2283, 2177, 2171, 2172, 2176, 2182, 2174, 2175, 2181, 2197, 2184, 2185, 2196, 2191, 2183, 2184, 2197, 2339, 2186, 2187, 2340, 2348, 2185, 2186, 2339, 2259, 2188, 2189, 2264, 2260, 2187, 2188, 2259, 2265, 2193, 2194, 2270, 2266, 2192, 2193, 2265, 2343, 2195, 2196, 2346, 2347, 2194, 2195, 2343, 2211, 2201, 2202, 2210, 2233, 2208, 2209, 2232, 2226, 2213, 2214, 2225, 2220, 2212, 2213, 2226, 2228, 2215, 2216, 2233, 2229, 2214, 2215, 2228, 2271, 2217, 2218, 2276, 2272, 2216, 2217, 2271, 2277, 2222, 2223, 2282, 2278, 2221, 2222, 2277, 2234, 2224, 2225, 2239, 2235, 2223, 2224, 2234, 2238, 2230, 2231, 2237, 2239, 2229, 2230, 2238, 2244, 2235, 2236, 2243, 2245, 2241, 2242, 2249, 2251, 2248, 2150, 2145, 2252, 2247, 2248, 2251, 2263, 2255, 2256, 2262, 2264, 2254, 2255, 2263, 2173, 2257, 2258, 2177, 2174, 2256, 2257, 2173, 2178, 2261, 2262, 2182, 2179, 2260, 2261, 2178, 2275, 2267, 2268, 2274, 2276, 2266, 2267, 2275, 2200, 2269, 2270, 2199, 2201, 2268, 2269, 2200, 2207, 2273, 2274, 2211, 2208, 2272, 2273, 2207, 2287, 2279, 2280, 2286, 2288, 2278, 2279, 2287, 2240, 2281, 2282, 2244, 2241, 2280, 2281, 2240, 2246, 2285, 2286, 2245, 2247, 2284, 2285, 2246, 2182, 2262, 2256, 2174, 2189, 2160, 2254, 2264, 2340, 2187, 2260, 2179, 2211, 2274, 2268, 2201, 2199, 2270, 2194, 2347, 2218, 2192, 2266, 2276, 2233, 2216, 2272, 2208, 2245, 2286, 2280, 2241, 2244, 2282, 2223, 2235, 2252, 2167, 2284, 2247, 2165, 2221, 2278, 2288, 2177, 2258, 2162, 2171, 2229, 2239, 2225, 2214, 2346, 2196, 2185, 2348, 2176, 2172, 2142, 2291, 2149, 2290, 2291, 2293, 2181, 2175, 2289, 2231, 2232, 2209, 2294, 2210, 2202, 2203, 2296, 2150, 2249, 2242, 2297, 2243, 2236, 2237, 2299, 2298, 2299, 2294, 2295, 2164, 2151, 2152, 2300, 2161, 2160, 2164, 2300, 2163, 2162, 2161, 2300, 2152, 2153, 2163, 2300, 2169, 2165, 2168, 2301, 2155, 2154, 2169, 2301, 2166, 2156, 2155, 2301, 2168, 2167, 2166, 2301, 2170, 2144, 2143, 2302, 2172, 2171, 2170, 2302, 2143, 2142, 2172, 2302, 2173, 2177, 2176, 2303, 2175, 2174, 2173, 2303, 2290, 2289, 2175, 2303, 2176, 2291, 2290, 2303, 2178, 2182, 2181, 2304, 2180, 2179, 2178, 2304, 2184, 2183, 2190, 2305, 2186, 2185, 2184, 2305, 2188, 2187, 2186, 2305, 2190, 2189, 2188, 2305, 2198, 2191, 2197, 2306, 2193, 2192, 2198, 2306, 2195, 2194, 2193, 2306, 2197, 2196, 2195, 2306, 2200, 2199, 2205, 2307, 2202, 2201, 2200, 2307, 2206, 2203, 2202, 2307, 2205, 2204, 2206, 2307, 2207, 2211, 2210, 2308, 2209, 2208, 2207, 2308, 2295, 2294, 2209, 2308, 2210, 2296, 2295, 2308, 2213, 2212, 2219, 2309, 2215, 2214, 2213, 2309, 2217, 2216, 2215, 2309, 2219, 2218, 2217, 2309, 2227, 2220, 2226, 2310, 2222, 2221, 2227, 2310, 2224, 2223, 2222, 2310, 2226, 2225, 2224, 2310, 2228, 2233, 2232, 2311, 2230, 2229, 2228, 2311, 2232, 2231, 2230, 2311, 2234, 2239, 2238, 2312, 2236, 2235, 2234, 2312, 2238, 2237, 2236, 2312, 2240, 2244, 2243, 2313, 2242, 2241, 2240, 2313, 2298, 2297, 2242, 2313, 2243, 2299, 2298, 2313, 2246, 2245, 2249, 2314, 2248, 2247, 2246, 2314, 2314, 2249, 2150, 2248, 2250, 2252, 2251, 2315, 2146, 2147, 2250, 2315, 2251, 2145, 2146, 2315, 2253, 2258, 2257, 2316, 2255, 2254, 2253, 2316, 2257, 2256, 2255, 2316, 2259, 2264, 2263, 2317, 2261, 2260, 2259, 2317, 2263, 2262, 2261, 2317, 2265, 2270, 2269, 2318, 2267, 2266, 2265, 2318, 2269, 2268, 2267, 2318, 2271, 2276, 2275, 2319, 2273, 2272, 2271, 2319, 2275, 2274, 2273, 2319, 2277, 2282, 2281, 2320, 2279, 2278, 2277, 2320, 2281, 2280, 2279, 2320, 2283, 2288, 2287, 2321, 2285, 2284, 2283, 2321, 2287, 2286, 2285, 2321, 2149, 2289, 2290, 2158, 2227, 2169, 2154, 2158, 2220, 2227, 2159, 2198, 2219, 2212, 2159, 2191, 2198, 2157, 2151, 2164, 2157, 2164, 2190, 2183, 2304, 2181, 2293, 2322, 2180, 2304, 2322, 2292, 2292, 2322, 2206, 2204, 2237, 2231, 2294, 2299, 2148, 2289, 2149, 1468, 2148, 2322, 2293, 2289, 2148, 2295, 2296, 2203, 2206, 2322, 2148, 2203, 2298, 2295, 2148, 2297, 2150, 1325, 2015, 2145, 2149, 2291, 1468, 2324, 2325, 2326, 2323, 2331, 2328, 2329, 2330, 2332, 2327, 2328, 2331, 2326, 1749, 1750, 2323, 2332, 1774, 1775, 2327, 2327, 1775, 1769, 2333, 2323, 1750, 2027, 2336, 2336, 2027, 1774, 2332, 2328, 2327, 2333, 2329, 2335, 2331, 2330, 2334, 2336, 2332, 2331, 2335, 2335, 2324, 2323, 2336, 2334, 2325, 2324, 2335, 2338, 2339, 2340, 2337, 2349, 2345, 2346, 2348, 2350, 2344, 2345, 2349, 2340, 2179, 2180, 2337, 2205, 2341, 2344, 2204, 2199, 2347, 2341, 2205, 2350, 2337, 2180, 2292, 2350, 2292, 2204, 2344, 2342, 2341, 2347, 2343, 2345, 2342, 2343, 2346, 2344, 2341, 2342, 2345, 2349, 2338, 2337, 2350, 2348, 2339, 2338, 2349, 1311, 2159, 2005, 2038, 1311, 2157, 2159, 2037, 2005, 2159, 2158, 1682, 1680, 1358, 1981, 1955, 1949, 1956, 1983, 1963, 1869, 1882, 1879, 2358, 2357, 2356, 2359, 2361, 2358, 2359, 2362, 2374, 2361, 2362, 2373, 2400, 2374, 2373, 2401, 2401, 2376, 2375, 2400, 2378, 2375, 2376, 2377, 2402, 2378, 2377, 2403, 2403, 2380, 2379, 2402, 2382, 2379, 2380, 2381, 2404, 2382, 2381, 2405, 2405, 2384, 2383, 2404, 2386, 2383, 2384, 2385, 2407, 2386, 2385, 2408, 2408, 2397, 2396, 2407, 2399, 2396, 2397, 2398, 2416, 2399, 2398, 2417, 2418, 2416, 2417, 2419, 2358, 2354, 2355, 2357, 2361, 2360, 2354, 2358, 1399, 2369, 2370, 1398, 1400, 2371, 2369, 1399, 2374, 2351, 2360, 2361, 2378, 2363, 2353, 2375, 2382, 2366, 2365, 2379, 2372, 2368, 2383, 2386, 1395, 2387, 2371, 1400, 1401, 2389, 2388, 1397, 1404, 2391, 2390, 1403, 2393, 2392, 1406, 1407, 2395, 2394, 2396, 2399, 2400, 2352, 2351, 2374, 2375, 2353, 2352, 2400, 2402, 2364, 2363, 2378, 2379, 2365, 2364, 2402, 2404, 2367, 2366, 2382, 2383, 2368, 2367, 2404, 2407, 2406, 2372, 2386, 2396, 2394, 2406, 2407, 1396, 2409, 2387, 1395, 1397, 2388, 2409, 1396, 1402, 2410, 2389, 1401, 1403, 2390, 2410, 1402, 1405, 2411, 2391, 1404, 1406, 2392, 2411, 1405, 1408, 2412, 2393, 1407, 1409, 2413, 2412, 1408, 2416, 2414, 2395, 2399, 2418, 2415, 2414, 2416, 1464, 2417, 2398, 1463, 1465, 2419, 2417, 1464, 2421, 2420, 1626, 1624, 1511, 1463, 2448, 2420, 2421, 2449, 2425, 2423, 2422, 2424, 2426, 2422, 2423, 2427, 2429, 2425, 2424, 2428, 2431, 2429, 2428, 2430, 2433, 2431, 2430, 2432, 2435, 2433, 2432, 2434, 2437, 2435, 2434, 2436, 2439, 2437, 2436, 2438, 2441, 2439, 2438, 2440, 2443, 2441, 2440, 2442, 2445, 2443, 2442, 2444, 2447, 2445, 2444, 2446, 2449, 2447, 2446, 2448, 2424, 2422, 2369, 2371, 2370, 2369, 2422, 2426, 2428, 2424, 2371, 2387, 2430, 2428, 2387, 2409, 2409, 2388, 2432, 2430, 2434, 2432, 2388, 2389, 2436, 2434, 2389, 2410, 2410, 2390, 2438, 2436, 2440, 2438, 2390, 2391, 2442, 2440, 2391, 2411, 2411, 2392, 2444, 2442, 2446, 2444, 2392, 2393, 2448, 2446, 2393, 2412, 2420, 2448, 2412, 2413, 2429, 2373, 2362, 2425, 2435, 2377, 2376, 2433, 2441, 2381, 2380, 2439, 2385, 2384, 2445, 2447, 2431, 2401, 2373, 2429, 2433, 2376, 2401, 2431, 2437, 2403, 2377, 2435, 2439, 2380, 2403, 2437, 2443, 2405, 2381, 2441, 2445, 2384, 2405, 2443, 2449, 2408, 2385, 2447, 2421, 2397, 2408, 2449, 2423, 2359, 2356, 2427, 2425, 2362, 2359, 2423, 2413, 1626, 2420, 2450, 2451, 1428, 1429, 2452, 2450, 1429, 1431, 2451, 2454, 1427, 1428, 2454, 2455, 1419, 1427, 2455, 2456, 1418, 1419, 2456, 2458, 1417, 1418, 2458, 2459, 1413, 1417, 2459, 2460, 1412, 1413, 2460, 2461, 1411, 1412, 2461, 2462, 1443, 1411, 2397, 2421, 1463, 2398, 2496, 2457, 1559, 2495, 2427, 2356, 1559, 2426, 2357, 2355, 1559, 2356, 1559, 1590, 1398, 2370, 2426, 1559, 1398, 2360, 2351, 2467, 2469, 2468, 2467, 2351, 2352, 2471, 2468, 2352, 2353, 2472, 2471, 2353, 2363, 2469, 2470, 2354, 2360, 2355, 2354, 2470, 2474, 2473, 2472, 2363, 2364, 2475, 2473, 2364, 2365, 2476, 2475, 2365, 2366, 2477, 2476, 2366, 2367, 2478, 2477, 2367, 2368, 2479, 2478, 2368, 2372, 2480, 2479, 2372, 2406, 2406, 2394, 2481, 2480, 2482, 2481, 2394, 2395, 2483, 2482, 2395, 2414, 2484, 2483, 2414, 2415, 2488, 2486, 2485, 2487, 2489, 2485, 2486, 2490, 2492, 2488, 2487, 2491, 2493, 2489, 2490, 2494, 2498, 2492, 2491, 2497, 2495, 2493, 2494, 2496, 2500, 2498, 2497, 2499, 2502, 2500, 2499, 2501, 2504, 2502, 2501, 2503, 2506, 2504, 2503, 2505, 2508, 2506, 2505, 2507, 2510, 2508, 2507, 2509, 2512, 2510, 2509, 2511, 2514, 2512, 2511, 2513, 2516, 2514, 2513, 2515, 2518, 2516, 2515, 2517, 2519, 2518, 2517, 2520, 2487, 2485, 2467, 2468, 2469, 2467, 2485, 2489, 2491, 2487, 2468, 2471, 2470, 2469, 2489, 2493, 2474, 2470, 2493, 2495, 2497, 2491, 2471, 2472, 2499, 2497, 2472, 2473, 2501, 2499, 2473, 2475, 2503, 2501, 2475, 2476, 2505, 2503, 2476, 2477, 2507, 2505, 2477, 2478, 2509, 2507, 2478, 2479, 2511, 2509, 2479, 2480, 2513, 2511, 2480, 2481, 2515, 2513, 2481, 2482, 2517, 2515, 2482, 2483, 2520, 2517, 2483, 2484, 2451, 2450, 2486, 2488, 2490, 2486, 2450, 2452, 2494, 2490, 2452, 2453, 2454, 2451, 2488, 2492, 2455, 2454, 2492, 2498, 2456, 2455, 2498, 2500, 2496, 2494, 2453, 2457, 2458, 2456, 2500, 2502, 2459, 2458, 2502, 2504, 2460, 2459, 2504, 2506, 2461, 2460, 2506, 2508, 2462, 2461, 2508, 2510, 2463, 2462, 2510, 2512, 2464, 2463, 2512, 2514, 2465, 2464, 2514, 2516, 2466, 2465, 2516, 2518, 1462, 2466, 2518, 2519, 2474, 2495, 1559, 2355, 1503, 1656, 1509, 1745, 2026, 1679, 1682, 2128, 1745, 1682, 1358, 2527, 2524, 2525, 2526, 2528, 2523, 2524, 2527, 2529, 2522, 2523, 2528, 2530, 2521, 2522, 2529, 2537, 2534, 2535, 2536, 2538, 2533, 2534, 2537, 2539, 2532, 2533, 2538, 2540, 2531, 2532, 2539, 2546, 2544, 2545, 2550, 2547, 2543, 2544, 2546, 2548, 2542, 2543, 2547, 2549, 2541, 2542, 2548, 1466, 2526, 2525, 1469, 1363, 2521, 2530, 1355, 2526, 1466, 1467, 2551, 1467, 1468, 2580, 2551, 1822, 2536, 2535, 1519, 2153, 2531, 2540, 2144, 1518, 1519, 2535, 2560, 2531, 2153, 2152, 2556, 2151, 2575, 2556, 2152, 2561, 1823, 1824, 2566, 2536, 1822, 1823, 2561, 1357, 2576, 2566, 1824, 1356, 1355, 2530, 2555, 2576, 1357, 1356, 2555, 1361, 2550, 2545, 1362, 2521, 1363, 1362, 2545, 2549, 1471, 1470, 2541, 1470, 1469, 2525, 2541, 2144, 2540, 2565, 2143, 2143, 2565, 2570, 2142, 1518, 2560, 2574, 1517, 1468, 2291, 2142, 2550, 2590, 1388, 2546, 1388, 2548, 2547, 2157, 2581, 2575, 2151, 2555, 2530, 2529, 2554, 2554, 2529, 2528, 2553, 2552, 2527, 2526, 2551, 2553, 2528, 2527, 2552, 2560, 2535, 2534, 2559, 2559, 2534, 2533, 2558, 2557, 2532, 2531, 2556, 2558, 2533, 2532, 2557, 2565, 2540, 2539, 2564, 2564, 2539, 2538, 2563, 2562, 2537, 2536, 2561, 2563, 2538, 2537, 2562, 2544, 2522, 2521, 2545, 2543, 2523, 2522, 2544, 2542, 2524, 2523, 2543, 2541, 2525, 2524, 2542, 2574, 2560, 2559, 2573, 2573, 2559, 2558, 2572, 2571, 2557, 2556, 2575, 2572, 2558, 2557, 2571, 2570, 2565, 2564, 2569, 2569, 2564, 2563, 2568, 2567, 2562, 2561, 2566, 2568, 2563, 2562, 2567, 2580, 2570, 2569, 2579, 2579, 2569, 2568, 2578, 2577, 2567, 2566, 2576, 2578, 2568, 2567, 2577, 2579, 2552, 2551, 2580, 2578, 2553, 2552, 2579, 2577, 2554, 2553, 2578, 2576, 2555, 2554, 2577, 2571, 2575, 2581, 1517, 2574, 2581, 1311, 2157, 1311, 2581, 2581, 2574, 2573, 2581, 2573, 2572, 2571, 2581, 2572, 2549, 2582, 1394, 1471, 2583, 1393, 1394, 2582, 2584, 1392, 1393, 2583, 1392, 2584, 2585, 1321, 1315, 1314, 1318, 2586, 2587, 1316, 1315, 2586, 1316, 2587, 2588, 1383, 1383, 2588, 2589, 1382, 2590, 1381, 1382, 2589, 1381, 2590, 2550, 1361, 2039, 2586, 1318, 2591, 2585, 1317, 2039, 2591, 2549, 2548, 1388, 2582, 1388, 2547, 2546, 1326, 1325, 2148, 2592, 2593, 1327, 1326, 2592, 1327, 2593, 1322, 2611, 2596, 1992, 2610, 2609, 2599, 2598, 2608, 2600, 2598, 2599, 2601, 2612, 2600, 2601, 2613, 2605, 2603, 2602, 2604, 2606, 2602, 2603, 2607, 2610, 2605, 2604, 2611, 2595, 2594, 2602, 2606, 2608, 2598, 2594, 2595, 2596, 2611, 2604, 2597, 2600, 2612, 2596, 2597, 2607, 2603, 1530, 1897, 1898, 1529, 2599, 2609, 2610, 1532, 1531, 2605, 1527, 2613, 2601, 1528, 2599, 1529, 1528, 2601, 1531, 1530, 2603, 2605, 2597, 2594, 2598, 2600, 2604, 2602, 2594, 2597, 2110, 1899, 2608, 2595, 2606, 2614, 2110, 2595, 1900, 2614, 2606, 2607, 1532, 2610, 1992, 1993, 2612, 2613, 1992, 2596, 2614, 1896, 1895, 2110, 1897, 1459, 1900, 2607, 2047, 1416, 2615, 1458, 1423, 2615, 2047, 2615, 1423, 1422, 2484, 2415, 2140, 2520, 1475, 2019, 1462, 2519, 2418, 2419, 2140, 2415, 1824, 1819, 1357, 2570, 2580, 1468, 2142, 1474, 2020, 1505, 1506, 1507, 1526, 1481, 1473, 1508, 1525, 1526, 1507, 1473, 1474, 1506, 1507, 2057, 1508, 1507, 1506, 2140, 1505, 2020, 2140, 2419, 1465, 228, 1536, 1479, 171, 1526, 173, 172, 1480, 1481, 167, 1211, 154, 711, 2520, 2140, 1475, 2519]
                    bool ingested = 1
                    custom rel material:binding = None
                    normal3f[] normals = [(55.924763, 1.92666e-14, 82.90007), (99.81624, 3.438762e-14, 6.059726), (99.81624, 3.438762e-14, 6.059726), (55.924763, 1.92666e-14, 82.90007), (0.49591684, 1.7084796e-16, 99.99877), (55.924763, 1.92666e-14, 82.90007), (55.924763, 1.92666e-14, 82.90007), (0.49591684, 1.7084796e-16, 99.99877), (-0.5340632, 0.02861053, 99.998566), (0.49591684, 1.7084796e-16, 99.99877), (0.49591684, 1.7084796e-16, 99.99877), (-0.5340632, -0.02861053, 99.998566), (-31.395233, 0.019073652, 94.94388), (-0.5340632, 0.02861053, 99.998566), (-0.5340632, -0.02861053, 99.998566), (-31.395233, -0.019073652, 94.94388), (-88.39885, 0.038152285, 46.75086), (-31.395233, 0.019073652, 94.94388), (-31.395233, -0.019073652, 94.94388), (-88.39885, -0.038152285, 46.75086), (-88.4389, 0.038144883, 46.67503), (-88.39885, 0.038152285, 46.75086), (-88.39885, -0.038152285, 46.75086), (-88.4389, -0.038144883, 46.67503), (-42.037006, 0.028609578, 90.735275), (-88.4389, 0.038144883, 46.67503), (-88.4389, -0.038144883, 46.67503), (-42.037006, -0.028609578, 90.735275), (-0.019073045, 0.06675565, 99.99997), (-42.037006, 0.028609578, 90.735275), (-42.037006, -0.028609578, 90.735275), (-0.019073045, -0.06675565, 99.99997), (0.01907305, 0.0047682626, 100), (-0.019073045, 0.06675565, 99.99997), (-0.019073045, -0.06675565, 99.99997), (0.01907305, -0.0047682626, 100), (77.72271, -0.014304793, 62.922012), (0.01907305, 0.0047682626, 100), (0.01907305, -0.0047682626, 100), (77.72271, 0.014304793, 62.922012), (99.99997, -0.0095365215, 0.08582869), (77.72271, -0.014304793, 62.922012), (77.72271, 0.014304793, 62.922012), (99.99997, 0.009537431, 0.08583688), (100, -0.009536524, 0.057219144), (99.99997, -0.0095365215, 0.08582869), (99.99997, 0.009537431, 0.08583688), (99.999985, 0.009537433, 0.057224598), (75.39338, -0.0047681117, 65.695045), (100, -0.009536524, 0.057219144), (99.999985, 0.009537433, 0.057224598), (75.38926, 0.0047684545, 65.69976), (0.5054294, -0.023841009, 99.998726), (75.39338, -0.0047681117, 65.695045), (75.38926, 0.0047684545, 65.69976), (0.5054294, 0.023841009, 99.998726), (1.2968583, 4.467797e-16, 99.99159), (0.5054294, -0.023841009, 99.998726), (0.5054294, 0.023841009, 99.998726), (1.2968583, 4.467797e-16, 99.99159), (89.30497, 3.076639e-14, 44.99582), (1.2968583, 4.467797e-16, 99.99159), (1.2968583, 4.467797e-16, 99.99159), (89.30883, 3.076772e-14, 44.988155), (99.99778, 3.4450165e-14, 0.6676693), (89.30497, 3.076639e-14, 44.99582), (89.30883, 3.076772e-14, 44.988155), (99.99777, 3.445016e-14, 0.66754186), (99.99679, 3.4449823e-14, 0.80119514), (99.99778, 3.4450165e-14, 0.6676693), (99.99777, 3.445016e-14, 0.66754186), (99.996796, 3.4449826e-14, 0.8010425), (79.32194, 2.7327145e-14, 60.89361), (99.99679, 3.4449823e-14, 0.80119514), (99.996796, 3.4449826e-14, 0.8010425), (79.329, 2.7329577e-14, 60.884388), (6.446806, 2.2209846e-15, 99.791985), (79.32194, 2.7327145e-14, 60.89361), (79.329, 2.7329577e-14, 60.884388), (6.446806, 2.2209846e-15, 99.791985), (-5.5506997, -1.9122675e-15, 99.84583), (6.446806, 2.2209846e-15, 99.791985), (6.446806, 2.2209846e-15, 99.791985), (-5.5506997, -1.9122675e-15, 99.84583), (-70.49101, -2.4284809e-14, 70.92968), (-5.5506997, -1.9122675e-15, 99.84583), (-5.5506997, -1.9122675e-15, 99.84583), (-70.48141, -2.4281499e-14, 70.93921), (-99.998024, -3.4450246e-14, 0.6293982), (-70.49101, -2.4284809e-14, 70.92968), (-70.48141, -2.4281499e-14, 70.93921), (-99.99802, -3.4450246e-14, 0.6295183), (-99.99826, -3.4450328e-14, -0.59125423), (-99.998024, -3.4450246e-14, 0.6293982), (-99.99802, -3.4450246e-14, 0.6295183), (-99.99825, -3.4450328e-14, -0.591367), (-55.518433, -1.9126616e-14, -83.172745), (-99.99826, -3.4450328e-14, -0.59125423), (-99.99825, -3.4450328e-14, -0.591367), (-55.518433, -1.9126616e-14, -83.172745), (-1.5259573, -5.257065e-16, -99.988365), (-55.518433, -1.9126616e-14, -83.172745), (-55.518433, -1.9126616e-14, -83.172745), (-1.5259573, -5.257065e-16, -99.988365), (-0.40056905, 0.019074716, -99.99921), (-1.5259573, -5.257065e-16, -99.988365), (-1.5259573, -5.257065e-16, -99.988365), (-0.32427105, -0.02384346, -99.999466), (-61.70124, -0.07152385, -78.69531), (-0.40056905, 0.019074716, -99.99921), (-0.32427105, -0.02384346, -99.999466), (-59.470673, -0.15735506, -80.39413), (-99.99993, -0.10966996, 0.019073037), (-61.70124, -0.07152385, -78.69531), (-59.470673, -0.15735506, -80.39413), (-99.99987, -0.16212071, 0.019073026), (-99.99993, -0.10966996, 0.038146075), (-99.99993, -0.10966996, 0.019073037), (-99.99987, -0.16212071, 0.019073026), (-99.99986, -0.1621207, 0.03814605), (-78.499626, 0.02383978, -61.950054), (-99.99993, -0.10966996, 0.038146075), (-99.99986, -0.1621207, 0.03814605), (-78.4923, -0.023843348, -61.95932), (-0.82015264, -2.825502e-16, -99.99664), (-78.499626, 0.02383978, -61.950054), (-78.4923, -0.023843348, -61.95932), (-0.8010806, -2.759797e-16, -99.99679), (0, 0, -100), (-0.82015264, -2.825502e-16, -99.99664), (-0.8010806, -2.759797e-16, -99.99679), (0, 0, -100), (0, 0, -100), (0, 0, -100), (0, 0, -100), (0, 0, -100), (0, 0, -100), (0, 0, -100), (0, 0, -100), (0, 0, -100), (0, 0, -100), (0, 0, -100), (0, 0, -100), (0, 0, -100), (0, 0, -100), (0, 0, -100), (0, 0, -100), (0, 0, -100), (0, 0, -100), (0, 0, -100), (0, 0, -100), (0, 0, -100), (4.2725363, 1.4719284e-15, -99.90868), (0, 0, -100), (0, 0, -100), (4.2725363, 1.4719284e-15, -99.90868), (69.426094, 2.3917934e-14, -71.97235), (4.2725363, 1.4719284e-15, -99.90868), (4.2725363, 1.4719284e-15, -99.90868), (69.426094, 2.3917934e-14, -71.97235), (99.9905, 3.4447658e-14, -1.3781598), (69.426094, 2.3917934e-14, -71.97235), (69.426094, 2.3917934e-14, -71.97235), (99.9905, 3.4447658e-14, -1.3781598), (99.98208, 3.4444754e-14, -1.893022), (99.9905, 3.4447658e-14, -1.3781598), (99.9905, 3.4447658e-14, -1.3781598), (99.98208, 3.4444754e-14, -1.893022), (43.565567, 0.02861136, -90.011345), (65.34328, 5.8648744, -75.47092), (65.34563, -5.865085, -75.468864), (43.565567, -0.02861136, -90.011345), (1.4113996, 0.04768242, -99.99003), (43.565567, 0.02861136, -90.011345), (43.565567, -0.02861136, -90.011345), (1.4113996, -0.04768242, -99.99003), (0.15259148, 0.047684837, -99.99987), (1.4113996, 0.04768242, -99.99003), (1.4113996, -0.04768242, -99.99003), (0.15259148, -0.047684837, -99.99987), (-75.257675, 0.028607832, -65.850464), (0.15259148, 0.047684837, -99.99987), (0.15259148, -0.047684837, -99.99987), (-75.257675, -0.028607832, -65.850464), (-99.996574, 0.11445621, -0.82026947), (-75.257675, 0.028607832, -65.850464), (-75.257675, -0.028607832, -65.850464), (-99.996574, -0.11445621, -0.82026947), (-99.99998, -3.445092e-14, -0.07630674), (-99.996574, 0.11445621, -0.82026947), (-99.996574, -0.11445621, -0.82026947), (-99.99998, -3.445092e-14, -0.07630674), (-76.87214, -2.6483166e-14, -63.958385), (-99.99998, -3.445092e-14, -0.07630674), (-99.99998, -3.445092e-14, -0.07630674), (-76.87214, -2.6483166e-14, -63.958385), (-2.098074, -7.22806e-16, -99.97798), (-76.87214, -2.6483166e-14, -63.958385), (-76.87214, -2.6483166e-14, -63.958385), (-2.098074, -7.22806e-16, -99.97798), (2.0599432, 7.0966956e-16, -99.978775), (-2.098074, -7.22806e-16, -99.97798), (-2.098074, -7.22806e-16, -99.97798), (2.0599432, 7.0966956e-16, -99.978775), (75.92263, 2.615605e-14, -65.08267), (2.0599432, 7.0966956e-16, -99.978775), (2.0599432, 7.0966956e-16, -99.978775), (75.92263, 2.615605e-14, -65.08267), (99.98963, 3.4447356e-14, -1.4401406), (75.92263, 2.615605e-14, -65.08267), (75.92263, 2.615605e-14, -65.08267), (99.98963, 3.4447356e-14, -1.4401406), (99.99634, 0.0023844987, 0.85603505), (99.98963, 3.4447356e-14, -1.4401406), (99.98963, 3.4447356e-14, -1.4401406), (99.99634, -0.0023844987, 0.85603505), (88.09078, 0.045304377, 47.32877), (99.99634, 0.0023844987, 0.85603505), (99.99634, -0.0023844987, 0.85603505), (88.09078, -0.045304377, 47.32877), (13.313184, 0.09775081, 99.10979), (88.09078, 0.045304377, 47.32877), (88.09078, -0.045304377, 47.32877), (13.313184, -0.09775081, 99.10979), (-12.5504675, 0.0953683, 99.20926), (13.313184, 0.09775081, 99.10979), (13.313184, -0.09775081, 99.10979), (-12.5504675, -0.0953683, 99.20926), (-87.74313, 0.045302164, 47.97022), (-12.5504675, 0.0953683, 99.20926), (-12.5504675, -0.0953683, 99.20926), (-87.74313, -0.045302164, 47.97022), (-99.99632, 0.0023844982, 0.8584194), (-87.74313, 0.045302164, 47.97022), (-87.74313, -0.045302164, 47.97022), (-99.99632, -0.0023844982, 0.8584194), (-99.94833, 0.948937, 3.0709317), (-99.99632, 0.0023844982, 0.8584194), (-99.99632, -0.0023844982, 0.8584194), (-99.94833, -0.948937, 3.0709317), (-75.948204, 0.057218634, 65.05282), (-99.94833, 0.948937, 3.0709317), (-99.94833, -0.948937, 3.0709317), (-75.948204, -0.057218634, 65.05282), (-6.5230846, 0.0905984, 99.78698), (-75.948204, 0.057218634, 65.05282), (-75.948204, -0.057218634, 65.05282), (-6.5230846, -0.0905984, 99.78698), (6.5613794, 0.090600446, 99.78447), (-6.5230846, 0.0905984, 99.78698), (-6.5230846, -0.0905984, 99.78698), (6.5613794, -0.090600446, 99.78447), (75.948204, 0.057218634, 65.05282), (6.5613794, 0.090600446, 99.78447), (6.5613794, -0.090600446, 99.78447), (75.948204, -0.057218634, 65.05282), (99.94833, 0.948937, 3.0709317), (75.948204, 0.057218634, 65.05282), (75.948204, -0.057218634, 65.05282), (99.94833, -0.948937, 3.0709317), (99.99632, 0.0023844982, 0.8584194), (99.94833, 0.948937, 3.0709317), (99.94833, -0.948937, 3.0709317), (99.99632, -0.0023844982, 0.8584194), (87.154495, 0.047677513, 49.03155), (99.99632, 0.0023844982, 0.8584194), (99.99632, -0.0023844982, 0.8584194), (87.154495, -0.047677513, 49.03155), (31.967312, 0.0834469, 94.752754), (87.154495, 0.047677513, 49.03155), (87.154495, -0.047677513, 49.03155), (31.967312, -0.0834469, 94.752754), (30.517704, 0.07152587, 95.229546), (31.967312, 0.0834469, 94.752754), (31.967312, -0.0834469, 94.752754), (30.517704, -0.07152587, 95.229546), (83.34743, 0.05721791, 55.255814), (30.517704, 0.07152587, 95.229546), (30.517704, -0.07152587, 95.229546), (83.34743, -0.05721791, 55.255814), (99.99949, 0.08822923, 0.30761003), (83.34743, 0.05721791, 55.255814), (83.34743, -0.05721791, 55.255814), (99.99949, -0.08822923, 0.30761003), (99.99999, 0.040537957, 0), (99.99949, 0.08822923, 0.30761003), (99.99949, -0.08822923, 0.30761003), (99.99999, -0.040537957, 0), (99.99996, 0.05961463, 0.05246087), (99.99999, 0.040537957, 0), (99.99999, -0.040537957, 0), (99.99996, -0.05961463, 0.05246087), (99.81624, 3.438762e-14, 6.059726), (99.99991, 0.004769168, 0.13830586), (99.99991, -0.004769168, 0.13830586), (99.81624, 3.438762e-14, 6.059726), (0, 0, -100), (0, 0, -100), (0.40054443, 3.6907306, -99.93106), (-0.24795966, 2.2030263, -99.975426), (0, 0, -100), (0, 0, -100), (0.26702702, 2.3078763, -99.97301), (-0.13351241, 1.3160509, -99.99126), (0, 0, -100), (0, 0, -100), (0.1525898, 1.45914, -99.989235), (-0.17166547, 1.6880438, -99.98561), (0, 0, -100), (0, 0, -100), (0.11444261, 1.068131, -99.994225), (-0.114443414, 1.0013798, -99.99493), (0, 0, -100), (0, 0, -100), (-1.0743738e-15, 3.1185627, -99.95136), (-6.5052157e-16, 1.8882556, -99.98218), (-0.6866576, 0.7915637, -99.99452), (-3.2997267, 0.11444139, -99.94548), (3.3759322, 0.17165759, -99.942856), (1.0108973, 1.1539488, -99.98823), (-0.6866576, 0.7915637, -99.99452), (-3.4522967, 0.20980808, -99.94017), (3.4522967, 0.20980808, -99.94017), (0.9918257, 1.153951, -99.98843), (-0.6866571, 0.80109984, -99.99444), (-3.4522967, 0.20980808, -99.94017), (3.4522967, 0.20980808, -99.94017), (0.9918257, 1.153951, -99.98843), (-0.72480047, 0.83924264, -99.99385), (-3.4903963, 0.21934186, -99.93883), (3.4903975, 0.20980531, -99.93885), (1.7547611, 2.02179, -99.964165), (-0.72480047, 0.83924264, -99.99385), (-3.4903975, 0.20980531, -99.93885), (3.4903975, 0.20980531, -99.93885), (1.7547611, 2.02179, -99.964165), (0.019072475, -77.939674, 62.653084), (3.4450365e-14, -99.99836, 0.5721821), (3.4450365e-14, -99.99836, 0.5721821), (2.4399882e-14, -70.825035, 70.596146), (0.038148124, -1.6594433, 99.98624), (0.019072475, -77.939674, 62.653084), (2.4399882e-14, -70.825035, 70.596146), (2.3654478e-16, -0.6866136, 99.99764), (99.987366, -1.373348, 0.8011197), (99.9896, -1.3543041, 0.49594232), (64.031006, -76.8105, 0.4196253), (63.112606, -77.56042, 1.0871618), (1.3351101, -99.99021, 0.419606), (1.3541596, -99.98847, 0.6866161), (63.112606, -77.56042, 1.0871618), (64.031006, -76.8105, 0.4196253), (99.99782, -0.123972125, 0.64846957), (89.68548, -0.1144434, 44.232376), (88.76683, -1.5067854, 46.023712), (99.9896, -1.3543041, 0.49594232), (-92.215416, -38.682213, -0.061998367), (-84.90788, -52.82659, -0.057228412), (-84.90788, -52.82659, -0.057228412), (-91.44239, -40.47575, -0.057223022), (-99.99008, -1.4067662, -0.081067875), (-92.215416, -38.682213, -0.061998367), (-91.44239, -40.47575, -0.057223022), (-99.98582, -1.683279, -0.05722195), (-84.90575, -52.83003, -0.057226967), (-65.11592, -40.44473, -64.21948), (-63.352818, -39.388054, -66.59581), (-84.90788, -52.82659, -0.057228412), (-83.57758, -1.54526, -54.885345), (-99.97389, -2.284273, -0.057226036), (-99.98582, -1.683279, -0.05722195), (-83.005905, -1.3780278, -55.75052), (-93.5077, -35.444435, -0.05721458), (-93.50928, -35.440266, -0.05244759), (-99.99986, -0.1621207, 0.03814605), (-99.99987, -0.16212071, 0.019073026), (-84.91107, -52.821476, -0.057217702), (-93.50928, -35.440266, -0.05244759), (-93.5077, -35.444435, -0.05721458), (-84.90575, -52.83003, -0.057226967), (95.09748, 30.926708, 0.08582805), (51.118183, 85.94722, 0.085832775), (51.0704, 85.975655, 0.038147822), (95.08817, 30.955393, 0.057218842), (99.99997, 0.009537431, 0.08583688), (95.09748, 30.926708, 0.08582805), (95.08817, 30.955393, 0.057218842), (99.999985, 0.009537433, 0.057224598), (51.138577, 85.93512, 0.03814888), (42.03552, 70.110054, 57.598576), (46.14764, 77.475395, 43.219902), (51.0704, 85.975655, 0.038147822), (99.999886, -0.14304772, 0.038146056), (85.24361, -0.12398376, 52.283), (89.4694, 0.05721769, 44.667946), (99.99997, 0.061987393, 0.03814609), (95.54017, 29.530857, 0.0762948), (99.99995, 0.06198738, 0.09059694), (99.99997, 0.061987393, 0.03814609), (95.515625, 29.610224, 0.038145214), (51.154747, 85.925476, 0.07152509), (95.54017, 29.530857, 0.0762948), (95.515625, 29.610224, 0.038145214), (51.138577, 85.93512, 0.03814888), (-2.2720036e-14, 65.94898, -75.17136), (-4.093522e-15, 11.882183, -99.291565), (-6.8599682e-15, 19.912289, -97.99745), (-2.2899776e-14, 66.47071, -74.7104), (-3.4450504e-14, 99.99877, -0.49589318), (-2.2720036e-14, 65.94898, -75.17136), (-2.2899776e-14, 66.47071, -74.7104), (-3.4450504e-14, 99.99877, -0.49589318), (0.0381476, 76.26659, 64.67925), (-3.4450504e-14, 99.99877, 0.49589318), (-3.4450504e-14, 99.99877, 0.49589318), (-2.6277544e-14, 76.27528, 64.66901), (0.038142897, 5.9979706, 99.81996), (0.0381476, 76.26659, 64.67925), (-2.6277544e-14, 76.27528, 64.66901), (-2.06675e-15, 5.9991126, 99.81989), (65.70516, -75.384514, 0.08105862), (0.038146086, -99.99997, 0.07629217), (0.038146097, -100, 0), (65.7099, -75.38042, 0.057221975), (99.99986, -0.14304768, 0.09059686), (65.70516, -75.384514, 0.08105862), (65.7099, -75.38042, 0.057221975), (99.999886, -0.14304772, 0.038146056), (0.019072639, -5.893445, 99.82619), (0.019074142, -91.29838, 40.799587), (0.01907388, -91.66907, 39.959778), (0.019073622, -1.7929205, 99.983925), (0.01907388, -91.66907, 39.959778), (0.019074142, -91.29838, 40.799587), (0.038146097, -100, 0), (0.038146097, -100, 0.019073049), (1.1825622, -83.06546, 55.666256), (28.420675, -43.079258, 85.653046), (63.112606, -77.56042, 1.0871618), (1.3541596, -99.98847, 0.6866161), (1.4495714, -1.2016184, 99.982285), (28.420675, -43.079258, 85.653046), (1.1825622, -83.06546, 55.666256), (-0.057218235, -6.1986427, 99.80768), (63.112606, -77.56042, 1.0871618), (28.420675, -43.079258, 85.653046), (78.35482, -1.1158124, 62.123093), (99.987366, -1.373348, 0.8011197), (28.420675, -43.079258, 85.653046), (1.4495714, -1.2016184, 99.982285), (6.3512187, -0.10490001, 99.79805), (78.35482, -1.1158124, 62.123093), (-97.15694, 1.9740368, -23.593077), (-78.586105, 58.82513, -19.074297), (-84.15353, 50.0496, -20.32788), (-97.17603, 1.7645825, -23.530945), (-78.586105, 58.82513, -19.074297), (-0.19073015, 99.99982, -0.03814603), (-0.41960302, 99.99902, -0.14304648), (-84.15353, 50.0496, -20.32788), (71.9514, 69.39533, -2.6991313), (0.83922064, 99.81004, -6.103423), (0.30516726, 99.999504, 0.09059653), (67.03029, 74.20256, 0.9585293), (99.76817, 5.169632, -4.425663), (71.9514, 69.39533, -2.6991313), (67.03029, 74.20256, 0.9585293), (99.8261, 5.559669, 1.9597117), (95.230644, -5.2460785, 30.060032), (99.97422, -0.46725836, 2.2218614), (99.8261, 5.559669, 1.9597117), (95.77334, 3.785545, 28.515549), (96.41199, -6.028134, 25.853252), (95.230644, -5.2460785, 30.060032), (95.77334, 3.785545, 28.515549), (96.414375, 6.0282826, 25.844355), (0.38147312, -54.06428, 84.12437), (0.34332782, -1.9741349, 99.97992), (0.61035514, -1.9550438, 99.97903), (1.1443825, -38.32728, 92.35643), (0.4958924, -99.99861, 0.17642327), (0.38147312, -54.06428, 84.12437), (1.1443825, -38.32728, 92.35643), (1.0681224, -99.993416, 0.4196195), (55.6965, -0.028611217, 83.05359), (99.58756, 0.01907077, 9.072919), (99.88277, 0.047690395, 4.840575), (54.171658, -1.7643938, 84.037605), (1.7165667, -0.07629185, 99.98524), (55.6965, -0.028611217, 83.05359), (54.171658, -1.7643938, 84.037605), (0.61035514, -1.9550438, 99.97903), (17.814743, -0.93460643, 98.395935), (-0.5340632, -0.02861053, 99.998566), (0.34332782, -1.9741349, 99.97992), (22.58317, -1.5545003, 97.40423), (97.28238, -1.9647224, 23.071182), (17.814743, -0.93460643, 98.395935), (22.58317, -1.5545003, 97.40423), (97.29193, -1.7932239, 23.044834), (-60.158157, -73.30941, 31.728945), (-88.4389, -0.038144883, 46.67503), (-88.39885, -0.038152285, 46.75086), (-60.42798, -73.00761, 31.911617), (3.4450924e-14, -99.999985, 0.06675567), (-60.158157, -73.30941, 31.728945), (-60.42798, -73.00761, 31.911617), (-0.30516726, -99.999504, 0.095364764), (0.2288815, 65.39335, -75.65487), (0.38147503, 3.0994847, -99.951225), (-0.57218844, 3.0516717, -99.95179), (-0.3814613, 69.197075, -72.19155), (0.83922064, 99.81004, -6.103423), (0.2288815, 65.39335, -75.65487), (-0.3814613, 69.197075, -72.19155), (-0.41960302, 99.99902, -0.14304648), (-50.239742, 2.1648486, -86.436584), (-97.174034, 1.9934603, -23.520924), (-97.17603, 1.7645825, -23.530945), (-50.201817, 1.3542283, -86.475105), (-0.61033666, 3.1851945, -99.9474), (-50.239742, 2.1648486, -86.436584), (-50.201817, 1.3542283, -86.475105), (-0.57218844, 3.0516717, -99.95179), (1.3733118, 6.113145, -99.80353), (1.754763, 73.22321, -68.0829), (-0.1907383, 75.961525, -65.03699), (-0.61033666, 3.1851945, -99.9474), (-72.4176, 66.67683, -17.60375), (-97.15946, 1.5735486, -23.612764), (-97.174034, 1.9934603, -23.520924), (-64.04578, 75.21278, -15.5298605), (75.91544, -0.1812052, -65.09082), (0.7247913, -0.057220366, -99.99735), (0.38147503, 3.0994847, -99.951225), (76.975845, 3.280437, -63.749195), (99.90498, 0.03814623, -4.3582067), (75.91544, -0.1812052, -65.09082), (76.975845, 3.280437, -63.749195), (99.76817, 5.169632, -4.425663), (72.24285, -1.6592207, -69.12466), (78.934715, 2.7193742e-14, -61.394722), (78.81827, 4.6352468, -61.36933), (65.45102, 8.801178, -75.09131), (2.4414103, -5.626688, -99.81172), (72.24285, -1.6592207, -69.12466), (65.45102, 8.801178, -75.09131), (2.2125635, 7.1717577, -99.71796), (0.8773848, 82.979614, -55.79976), (1.6784383, 7.362241, -99.71449), (2.2125635, 7.1717577, -99.71796), (1.1444091, 82.00645, -57.215687), (61.994446, -77.10201, -14.559157), (65.34563, -5.865085, -75.468864), (82.51537, -52.83578, -19.989855), (67.29117, -72.21213, -16.040781), (0.95369685, -99.99512, -0.25749817), (61.994446, -77.10201, -14.559157), (67.29117, -72.21213, -16.040781), (1.4877794, -99.986404, -0.7105101), (1.4496015, -66.9487, -74.268234), (-0.11443703, -99.99889, -0.45774812), (1.4877794, -99.986404, -0.7105101), (2.212503, -66.72795, -74.44787), (1.678454, -4.8541656, -99.86801), (1.4496015, -66.9487, -74.268234), (2.212503, -66.72795, -74.44787), (2.4414103, -5.626688, -99.81172), (0.019073525, 70.93444, -70.486206), (0.019073049, 100, -0.057219144), (-0.019073049, 100, -0.052450884), (-2.4404798e-14, 70.8393, -70.58181), (-1.0743738e-15, 3.1185627, -99.95136), (0.019073525, 70.93444, -70.486206), (-2.4404798e-14, 70.8393, -70.58181), (-6.5052157e-16, 1.8882556, -99.98218), (-58.367134, 81.19899, -0.038148455), (-99.9239, 3.9004462, -0.057219256), (-99.92389, 3.9004457, -0.07152406), (-58.362606, 81.20222, -0.07629099), (-0.019073049, 100, -0.038146097), (-58.367134, 81.19899, -0.038148455), (-58.362606, 81.20222, -0.07629099), (-0.019073049, 100, -0.052450884), (-68.736885, 2.4508016, -72.58951), (-5.054557, 3.2902305, -99.81796), (-3.4522967, 0.20980808, -99.94017), (-60.71126, 2.3365157, -79.42722), (-99.9239, 3.9004462, -0.057219256), (-68.736885, 2.4508016, -72.58951), (-60.71126, 2.3365157, -79.42722), (-99.92389, 3.9004457, -0.07152406), (99.94072, 3.4426143, -0.0524498), (61.244263, 1.8405702, -79.03008), (69.40847, 1.8978134, -71.96432), (99.94072, 3.4426143, -0.03814531), (61.244263, 1.8405702, -79.03008), (3.3759322, 0.17165759, -99.942856), (5.0353875, 3.3759983, -99.81607), (69.40847, 1.8978134, -71.96432), (59.052822, 80.70171, -0.01907391), (0.019073049, 100, -0.038146097), (0.019073049, 100, -0.057219144), (59.09748, 80.66897, -0.071523495), (99.94039, 3.4521394, -0.03814519), (59.052822, 80.70171, -0.01907391), (59.09748, 80.66897, -0.071523495), (99.94072, 3.4426143, -0.0524498), (62.95904, 77.69272, -0.019072719), (3.0517218, 99.95343, -0.019073261), (11.672816, 99.31431, -0.64372146), (76.06955, 64.9109, -0.014305958), (99.92501, 3.8718798, -0.038146596), (62.95904, 77.69272, -0.019072719), (76.06955, 64.9109, -0.014305958), (99.98936, 1.4592113, 0.028611988), (80.394226, 2.7696558e-14, -59.470745), (99.98208, 3.4444754e-14, -1.893022), (99.99555, 0.09536101, -0.93930596), (81.3302, 4.5872216, -58.003082), (79.8229, 4.9209814, -60.03407), (-29.580427, -3.127782, -95.47364), (-27.959675, -0.74381125, -96.00887), (77.05961, 3.910203, -63.612324), (99.89732, 4.5303826, -0.019075295), (79.8229, 4.9209814, -60.03407), (77.05961, 3.910203, -63.612324), (99.92501, 3.8718798, -0.038146596), (-58.997353, 80.742256, -0.03814895), (-99.926834, 3.8242662, -0.057220936), (-99.92719, 3.8147433, -0.07152643), (-58.99734, 80.74224, -0.081066504), (-1.3732609, 99.990555, -0.057219204), (-58.997353, 80.742256, -0.03814895), (-58.99734, 80.74224, -0.081066504), (-1.373261, 99.99057, -0.03814614), (-3.4903975, 0.20980531, -99.93885), (-61.30216, 2.2792807, -78.97374), (-69.32579, 2.3935037, -72.029205), (-5.149921, 3.2902272, -99.813095), (-61.30216, 2.2792807, -78.97374), (-99.92719, 3.8147433, -0.07152643), (-99.92937, 3.7576036, -0.057222392), (-69.32579, 2.3935037, -72.029205), (1.6784383, 7.362241, -99.71449), (1.1444263, 8.440144, -99.63662), (-1.0681115, -2.470008, -99.96379), (1.678454, -4.8541656, -99.86801), (67.063835, 0.10013797, -74.1784), (3.623918, 0.009536627, -99.93431), (5.5314198, 1.9056255e-15, -99.8469), (73.88539, 0.01907212, -67.386566), (99.948746, 0.26703864, -3.190158), (67.063835, 0.10013797, -74.1784), (73.88539, 0.01907212, -67.386566), (99.999565, 3.4450778e-14, -0.29568738), (0.15258706, -79.2499, -60.98714), (0.15259148, -0.047684837, -99.99987), (1.4113996, -0.04768242, -99.99003), (0.76292825, -82.253204, -56.866768), (-1.2206907, -99.99173, -0.40530744), (0.15258706, -79.2499, -60.98714), (0.76292825, -82.253204, -56.866768), (0.95369685, -99.99512, -0.25749817), (-65.45958, -75.597046, -0.3623928), (-99.998085, -0.23845404, -0.5722897), (-99.996574, -0.11445621, -0.82026947), (-65.72538, -75.36675, -0.16212006), (-0.11443703, -99.99889, -0.45774812), (-65.45958, -75.597046, -0.3623928), (-65.72538, -75.36675, -0.16212006), (-1.2206907, -99.99173, -0.40530744), (0.057221323, -0.4386968, 99.99902), (70.34493, -0.05722202, 71.07452), (63.300907, 0.08582528, 77.4144), (0.7438616, 0.24318554, 99.99693), (63.300907, 0.08582528, 77.4144), (70.34493, -0.05722202, 71.07452), (99.99986, -0.14304768, 0.09059686), (99.99995, 0.06198738, 0.09059694), (0.038146086, -99.99997, 0.07629217), (0.019073645, -68.951225, 72.4274), (2.4319385e-14, -70.59138, 70.829796), (3.4450924e-14, -99.999985, 0.06675567), (2.4319385e-14, -70.59138, 70.829796), (0.019073645, -68.951225, 72.4274), (0.057221323, -0.4386968, 99.99902), (-0.019073045, -0.06675565, 99.99997), (51.118183, 85.94722, 0.085832775), (31.548271, 52.276855, 79.19494), (33.66596, 56.531155, 75.30493), (51.154747, 85.925476, 0.07152509), (3.623932, 68.80702, -72.47387), (6.256234, 99.8041, -0.057221655), (-6.256234, 99.8041, -0.057221655), (-3.6048834, 68.807495, -72.474365), (0.26702702, 2.3078763, -99.97301), (3.623932, 68.80702, -72.47387), (-3.6048834, 68.807495, -72.474365), (-0.13351241, 1.3160509, -99.99126), (-58.323902, 81.23006, -0.038145132), (-99.9239, 3.9004462, -0.057219256), (-99.92389, 3.9004457, -0.07152406), (-58.362606, 81.20222, -0.07629099), (-6.2372346, 99.80529, -0.038148224), (-58.323902, 81.23006, -0.038145132), (-58.362606, 81.20222, -0.07629099), (-6.256234, 99.8041, -0.057221655), (-68.71967, 2.4508681, -72.60578), (-5.0735817, 3.2901988, -99.817), (-3.4522967, 0.20980808, -99.94017), (-60.708958, 2.336427, -79.428986), (-99.9239, 3.9004462, -0.057219256), (-68.71967, 2.4508681, -72.60578), (-60.708958, 2.336427, -79.428986), (-99.92389, 3.9004457, -0.07152406), (68.736885, 2.4508016, -72.58951), (99.9239, 3.9004462, -0.057219256), (99.92389, 3.9004457, -0.07152406), (60.71126, 2.3365157, -79.42722), (5.0735817, 3.2901988, -99.817), (68.736885, 2.4508016, -72.58951), (60.71126, 2.3365157, -79.42722), (3.4522967, 0.20980808, -99.94017), (58.440018, 81.14656, -0.038146224), (6.2942314, 99.80171, -0.038146857), (6.256234, 99.8041, -0.057221655), (58.34551, 81.21451, -0.07629357), (99.92427, 3.890924, -0.05721947), (58.440018, 81.14656, -0.038146224), (58.34551, 81.21451, -0.07629357), (99.92389, 3.9004457, -0.07152406), (0.019073622, -1.7929205, 99.983925), (0.01907388, -91.66907, 39.959778), (0.97269577, -91.7481, 39.76609), (2.479775, -1.7453802, 99.954), (0.01907388, -91.66907, 39.959778), (0.038146097, -100, 0.019073049), (3.4450927e-14, -100, 0), (0.97269577, -91.7481, 39.76609), (3.4450365e-14, -99.99836, 0.5721821), (0.019072475, -77.939674, 62.653084), (1.5448734, -78.42616, 62.023804), (0.01907276, -99.998474, 0.55311), (0.019072475, -77.939674, 62.653084), (0.038148124, -1.6594433, 99.98624), (2.4797995, -1.6881713, 99.955), (1.5448734, -78.42616, 62.023804), (0.019075256, -7.143683, 99.744514), (2.9483875e-14, -85.58224, 51.726994), (2.1361969, -85.06641, 52.527554), (4.0629053, -7.095778, 99.66517), (2.9483875e-14, -85.58224, 51.726994), (3.445007e-14, -99.997505, 0.70575255), (0.038148627, -99.997086, 0.76297253), (2.1361969, -85.06641, 52.527554), (-3.4450504e-14, 99.99877, 0.49589318), (0.0381476, 76.26659, 64.67925), (2.6702056, 75.70033, 65.28653), (0.019072738, 99.99836, 0.5721821), (0.0381476, 76.26659, 64.67925), (0.038142897, 5.9979706, 99.81996), (4.0819364, 5.93216, 99.7404), (2.6702056, 75.70033, 65.28653), (-4.093522e-15, 11.882183, -99.291565), (-2.2720036e-14, 65.94898, -75.17136), (-1.6022964, 67.22968, -74.01083), (-3.566884, 10.195185, -99.41497), (-2.2720036e-14, 65.94898, -75.17136), (-3.4450504e-14, 99.99877, -0.49589318), (-3.44506e-14, 99.99905, -0.43867594), (-1.6022964, 67.22968, -74.01083), (3.623932, 68.80702, -72.47387), (6.2752323, 99.802895, -0.061989374), (-6.256234, 99.8041, -0.052453183), (-3.623932, 68.80702, -72.47387), (0.40054443, 3.6907306, -99.93106), (3.623932, 68.80702, -72.47387), (-3.623932, 68.80702, -72.47387), (-0.24795966, 2.2030263, -99.975426), (-57.871838, 81.55275, 0), (-99.92241, 3.9385335, -0.0190728), (-99.92391, 3.9004464, -0.02384136), (-58.362617, 81.20223, -0.04768188), (-6.065631, 99.81587, -0.038148623), (-57.871838, 81.55275, 0), (-58.362617, 81.20223, -0.04768188), (-6.256234, 99.8041, -0.052453183), (-68.736885, 2.4508016, -72.58951), (-4.7874546, 3.2997196, -99.83082), (-2.4986205, 0.1525875, -99.96866), (-60.69462, 2.3366091, -79.43995), (-99.92391, 3.9004464, -0.009536544), (-68.736885, 2.4508016, -72.58951), (-60.69462, 2.3366091, -79.43995), (-99.92391, 3.9004464, -0.02384136), (68.70485, 2.4510198, -72.619804), (99.92384, 3.9004443, -0.109670185), (99.923836, 3.9004436, -0.12397497), (60.692448, 2.326989, -79.44188), (5.0735817, 3.2901988, -99.817), (68.70485, 2.4510198, -72.619804), (60.692448, 2.326989, -79.44188), (3.4522967, 0.20980808, -99.94017), (58.88178, 80.826546, -0.07629644), (6.4847918, 99.7895, -0.05721875), (6.2752323, 99.802895, -0.061989374), (58.36711, 81.19895, -0.10967676), (99.92569, 3.8528323, -0.11444057), (58.88178, 80.826546, -0.07629644), (58.36711, 81.19895, -0.10967676), (99.923836, 3.9004436, -0.12397497), (-7.5534377, 69.31615, -71.681366), (-6.8477216, 5.951223, -99.587616), (-11.349919, 2.3462858, -99.3261), (-2.5179305, 70.5116, -70.86448), (-4.195976, 99.9119, -0.05721785), (-7.5534377, 69.31615, -71.681366), (-2.5179305, 70.5116, -70.86448), (3.032666, 99.954, -0.057220113), (-70.30626, 2.489139, -71.06922), (-11.44339, 3.2327578, -99.29048), (-9.040586, 0.44821474, -99.5895), (-62.712475, 2.345996, -77.85655), (-99.92241, 3.9385335, -0.0190728), (-70.30626, 2.489139, -71.06922), (-62.712475, 2.345996, -77.85655), (-99.926865, 3.8242671, -0.019073652), (-2.7276537, 69.29766, -72.044395), (-1.0680075, -0.6484331, -99.9922), (-1.0109963, -0.57226205, -99.993256), (1.9455888, 69.36406, -72.00587), (-3.890924, 99.92427, -0.05721947), (-2.7276537, 69.29766, -72.044395), (1.9455888, 69.36406, -72.00587), (3.8528342, 99.92574, -0.05722031), (66.821556, 2.4512045, -74.356384), (99.92569, 3.8528323, -0.11444057), (99.92382, 3.900443, -0.13351151), (58.30803, 2.4032753, -81.2059), (4.653548, 3.1659381, -99.841484), (66.821556, 2.4512045, -74.356384), (58.30803, 2.4032753, -81.2059), (2.1742067, 0.44819173, -99.975365), (-68.89334, 2.45094, -72.44101), (-8.412389, 3.1951816, -99.59429), (-5.9705677, 0.3433553, -99.82102), (-60.9194, 2.3364518, -79.2677), (-99.9239, 3.9004462, -0.057219256), (-68.89334, 2.45094, -72.44101), (-60.9194, 2.3364518, -79.2677), (-99.92425, 3.8909235, -0.07629261), (69.42847, 0.019073756, -71.97005), (5.7793956, 1.9910553e-15, -99.832855), (4.9018874, 3.2806408, -99.82589), (69.426506, 2.3173957, -71.93464), (99.98161, 0.03814636, -1.9168547), (69.42847, 0.019073756, -71.97005), (69.426506, 2.3173957, -71.93464), (99.004234, 14.075347, -0.21456322), (-3.1472542, 84.9091, -52.730812), (-4.67314, 99.89075, -0.03337957), (3.9290116, 99.922775, -0.04768218), (2.0981386, 84.47868, -53.469154), (-4.7874546, 3.2997196, -99.83082), (-3.1472542, 84.9091, -52.730812), (2.0981386, 84.47868, -53.469154), (4.9018874, 3.2806408, -99.82589), (51.536495, 85.69707, -0.038146928), (99.89732, 4.5303826, -0.019075295), (99.004234, 14.075347, -0.21456322), (57.582172, 81.75753, -0.01907326), (3.032666, 99.954, -0.057220113), (51.536495, 85.69707, -0.038146928), (57.582172, 81.75753, -0.01907326), (3.9290116, 99.922775, -0.04768218), (-59.39405, 80.4509, -0.038146466), (-4.195976, 99.9119, -0.05721785), (-4.67314, 99.89075, -0.03337957), (-64.10939, 76.746254, -0.0190745), (-99.926865, 3.8242671, -0.019073652), (-59.39405, 80.4509, -0.038146466), (-64.10939, 76.746254, -0.0190745), (-99.92391, 3.9004464, -0.009536544), (-3.166257, 80.04336, -59.85847), (-3.890924, 99.92427, -0.038146313), (3.8718798, 99.92501, -0.042914923), (3.166257, 80.04336, -59.85847), (-5.0735817, 3.2901988, -99.817), (-3.166257, 80.04336, -59.85847), (3.166257, 80.04336, -59.85847), (5.0735817, 3.2901988, -99.817), (58.289654, 81.25456, -0.11444304), (99.92382, 3.900443, -0.13351151), (99.92384, 3.9004443, -0.109670185), (58.36261, 81.20223, -0.06675462), (3.8528342, 99.92574, -0.05722031), (58.289654, 81.25456, -0.11444304), (58.36261, 81.20223, -0.06675462), (3.8718798, 99.92501, -0.042914923), (-58.440006, 81.14654, -0.07629243), (-3.890924, 99.92427, -0.05721947), (-3.890924, 99.92427, -0.038146313), (-58.36262, 81.20224, -0.033377316), (-99.92425, 3.8909235, -0.07629261), (-58.440006, 81.14654, -0.07629243), (-58.36262, 81.20224, -0.033377316), (-99.9239, 3.9004462, -0.057219256), (-68.70724, 2.4511046, -72.61755), (-0.019071698, 3.585479, -99.9357), (-0.01907305, -6.5708428e-18, -100), (-60.697052, 2.3271651, -79.43836), (-99.9239, 3.9004462, -0.057219256), (-68.70724, 2.4511046, -72.61755), (-60.697052, 2.3271651, -79.43836), (-99.923874, 3.9004452, -0.07629233), (2.4794214, 69.423805, -71.93183), (3.948055, 99.92203, -0.057218183), (-3.9670975, 99.92127, -0.057217754), (-2.4795916, 69.428566, -71.92723), (0.19072604, 4.415308, -99.902306), (2.4794214, 69.423805, -71.93183), (-2.4795916, 69.428566, -71.92723), (-0.9726655, 11.71013, -99.30724), (68.52599, 2.4507627, -72.78861), (99.92427, 3.890924, -0.05721947), (99.923874, 3.9004452, -0.07629233), (60.44344, 2.336485, -79.631226), (7.6671944, 3.194664, -99.65445), (68.52599, 2.4507627, -72.78861), (60.44344, 2.336485, -79.631226), (5.2258215, 0.34330213, -99.86278), (-3.1471124, 80.04155, -59.86189), (-3.9670975, 99.92127, -0.042913314), (3.9670975, 99.92127, -0.042913314), (3.1661668, 80.04108, -59.86153), (-5.054557, 3.2902305, -99.81796), (-3.1471124, 80.04155, -59.86189), (3.1661668, 80.04108, -59.86153), (5.0735817, 3.2901988, -99.817), (58.362606, 81.20222, -0.07629099), (99.923874, 3.9004452, -0.07629233), (99.9239, 3.9004462, -0.057219256), (58.367134, 81.19899, -0.033379897), (3.948055, 99.92203, -0.057218183), (58.362606, 81.20222, -0.07629099), (58.367134, 81.19899, -0.033379897), (3.9670975, 99.92127, -0.042913314), (-58.362606, 81.20222, -0.07629099), (-3.9670975, 99.92127, -0.057217754), (-3.9670975, 99.92127, -0.042913314), (-58.367134, 81.19899, -0.033379897), (-99.923874, 3.9004452, -0.07629233), (-58.362606, 81.20222, -0.07629099), (-58.367134, 81.19899, -0.033379897), (-99.9239, 3.9004462, -0.057219256), (3.2042623, 79.54391, -60.5186), (4.653548, 3.1659381, -99.841484), (-11.44339, 3.2327578, -99.29048), (-7.0194974, 79.91354, -59.703876), (6.4847918, 99.7895, -0.05721875), (3.2042623, 79.54391, -60.5186), (-7.0194974, 79.91354, -59.703876), (-6.065631, 99.81587, -0.038148623), (4.9014907, 79.86378, -59.981277), (7.6671944, 3.194664, -99.65445), (-8.412389, 3.1951816, -99.59429), (-5.321352, 79.906105, -59.88905), (6.2942314, 99.80171, -0.038146857), (4.9014907, 79.86378, -59.981277), (-5.321352, 79.906105, -59.88905), (-6.2372346, 99.80529, -0.038148224), (0.019073678, 80.195274, -59.738758), (0.038143396, 3.585479, -99.9357), (-0.019071698, 3.585479, -99.9357), (-0.019073678, 80.195274, -59.738758), (0.019073049, 100, -0.038146097), (0.019073678, 80.195274, -59.738758), (-0.019073678, 80.195274, -59.738758), (-0.019073049, 100, -0.038146097), (70.00766, 2.5275245, -71.36203), (99.94039, 3.4521394, -0.03814519), (99.94039, 3.4521394, -0.03814519), (68.87701, 3.4619708, -72.415276), (-3.9290116, 99.922775, -0.038145747), (-3.795523, 78.513916, -61.815525), (4.0819454, 78.85403, -61.362698), (3.9290116, 99.922775, -0.038145747), (3.4713712, 68.969666, -72.32659), (6.141641, 99.8112, -0.06198862), (-6.198643, 99.80769, -0.05721825), (-3.5095239, 68.91255, -72.37916), (0.11444261, 1.068131, -99.994225), (3.4713712, 68.969666, -72.32659), (-3.5095239, 68.91255, -72.37916), (-0.114443414, 1.0013798, -99.99493), (-64.575836, 76.35418, -0.038148478), (-99.97019, 2.4413211, -0.038145643), (-99.96972, 2.4603822, -0.047681823), (-64.43118, 76.47626, -0.076295055), (-6.1796436, 99.808876, -0.03814595), (-64.575836, 76.35418, -0.038148478), (-64.43118, 76.47626, -0.076295055), (-6.198643, 99.80769, -0.05721825), (-3.2997267, 0.11444139, -99.94548), (-61.286552, 0.61038584, -79.01635), (-69.812386, 0.5150094, -71.59585), (-5.168895, 3.3187737, -99.81117), (-61.286552, 0.61038584, -79.01635), (-99.96972, 2.4603822, -0.047681823), (-99.96925, 2.4794433, -0.033377122), (-69.812386, 0.5150094, -71.59585), (99.926414, 3.833787, -0.119209796), (61.29931, 2.3173199, -78.97483), (69.308105, 2.431696, -72.04495), (99.927536, 3.8048563, -0.10966377), (61.29931, 2.3173199, -78.97483), (3.4903975, 0.20980531, -99.93885), (5.1499367, 3.2807004, -99.8134), (69.308105, 2.431696, -72.04495), (63.75539, 77.04054, -0.07629665), (6.0846343, 99.81471, -0.03814818), (6.141641, 99.8112, -0.06198862), (64.09904, 76.75481, -0.10967697), (99.926056, 3.8433099, -0.11444099), (63.75539, 77.04054, -0.07629665), (64.09904, 76.75481, -0.10967697), (99.926414, 3.833787, -0.119209796), (-4.119817, 99.91509, -0.019073226), (-3.7193687, 82.89424, -55.809605), (3.9291067, 85.353165, -51.95576), (4.119817, 99.91509, -0.03814645), (-99.92201, 3.9484313, -0.057223637), (-69.94588, 2.4888718, -71.42394), (-68.74327, 3.52872, -72.53903), (-99.92013, 3.9956608, -0.057217095), (3.681253, 68.84705, -72.432945), (6.4088154, 99.79441, -0.057221565), (-6.4088154, 99.79441, -0.057221565), (-3.6620908, 68.854935, -72.42643), (0.1525898, 1.45914, -99.989235), (3.681253, 68.84705, -72.432945), (-3.6620908, 68.854935, -72.42643), (-0.17166547, 1.6880438, -99.98561), (-58.937317, 80.78609, -0.03814713), (-99.92201, 3.9484313, -0.057223637), (-99.92239, 3.9385326, -0.071522996), (-58.958836, 80.770355, -0.076297425), (-6.38982, 99.79564, -0.03814818), (-58.937317, 80.78609, -0.03814713), (-58.958836, 80.770355, -0.076297425), (-6.4088154, 99.79441, -0.057221565), (-3.4903963, 0.21934186, -99.93883), (-61.29386, 2.4414546, -78.975334), (-69.2592, 2.575046, -72.08698), (-5.130653, 3.2901027, -99.81409), (-61.29386, 2.4414546, -78.975334), (-99.92239, 3.9385326, -0.071522996), (-99.92201, 3.9484313, -0.057223637), (-69.2592, 2.575046, -72.08698), (99.92646, 3.8337886, -0.07152591), (61.30162, 2.3174071, -78.973045), (69.31048, 2.4317791, -72.04265), (99.92648, 3.833789, -0.057220735), (61.30162, 2.3174071, -78.973045), (3.4903975, 0.20980531, -99.93885), (5.149921, 3.2902272, -99.813095), (69.31048, 2.4317791, -72.04265), (59.01433, 80.72985, -0.038147595), (6.408816, 99.79441, -0.038147714), (6.4088154, 99.79441, -0.057221565), (58.986576, 80.7501, -0.0762963), (99.92648, 3.833789, -0.057220735), (59.01433, 80.72985, -0.038147595), (58.986576, 80.7501, -0.0762963), (99.92646, 3.8337886, -0.07152591), (5.130841, 79.8809, -59.939285), (8.201834, 3.4142518, -99.60459), (-8.583826, 3.4144552, -99.57238), (-5.32115, 79.89353, -59.905846), (6.408816, 99.79441, -0.038147714), (5.130841, 79.8809, -59.939285), (-5.32115, 79.89353, -59.905846), (-6.38982, 99.79564, -0.03814818), (69.815346, 2.4988554, -71.55119), (99.92648, 3.833789, -0.057220735), (99.92425, 3.8912945, -0.05722492), (68.62645, 3.4999871, -72.650955), (-4.234457, 99.9103, -0.03814826), (-1.8691028, 73.93446, -67.30678), (3.3948514, 79.82669, -60.134644), (4.1959767, 99.91193, -0.03814524), (-68.991066, 2.1458378, -72.35764), (-1.3733331, 4.4633327, -99.89091), (-0.305196, 0.18121012, -99.99937), (-56.438095, 2.8610053, -82.501854), (-99.926834, 3.8242662, -0.057220936), (-68.991066, 2.1458378, -72.35764), (-56.438095, 2.8610053, -82.501854), (-99.94646, 3.2711484, -0.076295), (-3.0707495, 80.32585, -59.483852), (-3.948055, 99.92203, -0.042913638), (3.948055, 99.92203, -0.042913638), (3.0136063, 80.242035, -59.59979), (-5.168895, 3.3187737, -99.81117), (-3.0707495, 80.32585, -59.483852), (3.0136063, 80.242035, -59.59979), (5.0353875, 3.3759983, -99.81607), (59.097492, 80.66899, -0.038145874), (99.94039, 3.4521394, -0.03814519), (99.94072, 3.4426143, -0.03814531), (59.108253, 80.66112, -0.019073332), (3.9290116, 99.922775, -0.038145747), (59.097492, 80.66899, -0.038145874), (59.108253, 80.66112, -0.019073332), (3.948055, 99.92203, -0.042913638), (-59.180588, 80.60804, -0.038144108), (-3.9290116, 99.922775, -0.038145747), (-3.948055, 99.92203, -0.042913638), (-59.355682, 80.47921, -0.009536581), (-99.96853, 2.5082736, -0.038148645), (-59.180588, 80.60804, -0.038144108), (-59.355682, 80.47921, -0.009536581), (-99.96925, 2.4794433, -0.033377122), (-3.204306, 80.02182, -59.885235), (-3.9290116, 99.922775, -0.042913962), (3.8718798, 99.92501, -0.042914923), (3.2233894, 80.03161, -59.87112), (-5.130653, 3.2901027, -99.81409), (-3.204306, 80.02182, -59.885235), (3.2233894, 80.03161, -59.87112), (5.1499367, 3.2807004, -99.8134), (64.15622, 76.70707, -0.07629697), (99.94918, 3.1850994, -0.13350716), (99.927536, 3.8048563, -0.10966377), (59.68365, 80.23627, -0.061991643), (4.119817, 99.91509, -0.03814645), (64.15622, 76.70707, -0.07629697), (59.68365, 80.23627, -0.061991643), (3.8718798, 99.92501, -0.042914923), (-58.965057, 80.76582, -0.057219855), (-4.119817, 99.91509, -0.019073226), (-3.9290116, 99.922775, -0.042913962), (-58.958847, 80.77038, -0.03814872), (-99.92013, 3.9956608, -0.057217095), (-58.965057, 80.76582, -0.057219855), (-58.958847, 80.77038, -0.03814872), (-99.92201, 3.9484313, -0.057223637), (-3.204457, 80.04467, -59.854683), (-4.062692, 99.91743, -0.04291576), (4.0246067, 99.91897, -0.04291642), (3.204366, 80.04239, -59.857746), (-5.149921, 3.2902272, -99.813095), (-3.204457, 80.04467, -59.854683), (3.204366, 80.04239, -59.857746), (5.149921, 3.2902272, -99.813095), (58.94808, 80.77823, -0.057221882), (99.92425, 3.8912945, -0.05722492), (99.92648, 3.833789, -0.057220735), (58.986588, 80.750114, -0.038148157), (4.1959767, 99.91193, -0.03814524), (58.94808, 80.77823, -0.057221882), (58.986588, 80.750114, -0.038148157), (4.0246067, 99.91897, -0.04291642), (-63.441593, 77.29917, -0.057223324), (-4.234457, 99.9103, -0.03814826), (-4.062692, 99.91743, -0.04291576), (-60.044235, 79.9668, -0.033379104), (-99.94646, 3.2711484, -0.076295), (-63.441593, 77.29917, -0.057223324), (-60.044235, 79.9668, -0.033379104), (-99.92937, 3.7576036, -0.057222392), (1.8692263, 79.53748, -60.582954), (5.454945, 3.9720006, -99.77209), (0.038146585, 0.83445656, -99.996506), (1.7547213, 71.576416, -69.81216), (2.4795122, 99.96249, -1.1634634), (1.8692263, 79.53748, -60.582954), (1.7547213, 71.576416, -69.81216), (2.2888036, 99.96351, -1.4352707), (60.196472, 79.85188, 0.25272602), (2.3269393, 99.97256, 0.27179414), (2.5558069, 99.96733, 0), (66.37717, 74.79353, -0.00953695), (65.61315, 75.46466, 0), (99.9737, 2.2933686, 0), (99.9038, 3.6333857, -2.4556346), (65.617874, 75.45578, -0.8488358), (2.517685, 99.96831, 0), (65.61315, 75.46466, 0), (65.617874, 75.45578, -0.8488358), (2.4795122, 99.96249, -1.1634634), (-14.15256, -79.82511, 58.5462), (-12.5504675, -0.0953683, 99.20926), (13.313184, -0.09775081, 99.10979), (15.106142, -79.64341, 58.55537), (-9.803741, -99.51799, 0.23841783), (-14.15256, -79.82511, 58.5462), (15.106142, -79.64341, 58.55537), (10.375859, -99.459946, 0.24318418), (75.46396, -65.613686, 0.19075824), (8.77385, -99.6142, 0.1764307), (10.375859, -99.459946, 0.24318418), (82.729935, -56.17598, 0.12872915), (99.977684, -2.090815, 0.30515888), (75.46396, -65.613686, 0.19075824), (82.729935, -56.17598, 0.12872915), (99.99636, -0.85365075, 0.0071534975), (87.97344, -1.0634258, 47.534653), (31.357975, -2.131541, 94.93227), (18.959301, 8.13972, 97.8483), (83.83324, 2.2455332, 54.46967), (1.9836315, 76.53194, 64.33451), (2.517676, 99.96796, 0.26225796), (2.3269393, 99.97256, 0.27179414), (3.2805772, 77.47502, 63.141575), (11.329537, 7.128644, 99.100075), (1.9836315, 76.53194, 64.33451), (3.2805772, 77.47502, 63.141575), (18.959301, 8.13972, 97.8483), (83.89252, -1.3829485, 54.407104), (99.977684, -2.090815, 0.30515888), (99.97755, 2.0979645, 0.30039036), (83.72893, 1.5973343, 54.652676), (11.787218, -1.5902253, 99.290146), (83.89252, -1.3829485, 54.407104), (83.72893, 1.5973343, 54.652676), (11.329537, 7.128644, 99.100075), (-6.599519, -79.63292, 60.12524), (-8.125362, -99.6692, 0.17643097), (8.77385, -99.6142, 0.1764307), (7.2479577, -79.63455, 60.048374), (-9.841744, -1.7094309, 99.49984), (-6.599519, -79.63292, 60.12524), (7.2479577, -79.63455, 60.048374), (11.787218, -1.5902253, 99.290146), (33.951057, -75.312225, 56.35065), (24.643194, -96.91575, 0.22649993), (23.155243, -97.28206, 0.18596675), (26.779549, -77.54672, 57.178337), (31.967312, -0.0834469, 94.752754), (33.951057, -75.312225, 56.35065), (26.779549, -77.54672, 57.178337), (30.517704, -0.07152587, 95.229546), (82.322784, -56.770966, 0.13351703), (99.99999, -0.040537957, 0), (99.99949, -0.08822923, 0.30761003), (74.77223, -66.40089, 0.19074547), (24.375772, -96.98334, 0.23364882), (82.322784, -56.770966, 0.13351703), (74.77223, -66.40089, 0.19074547), (23.155243, -97.28206, 0.18596675), (27.427906, -77.40802, 57.05882), (30.06031, -1.9646015, 95.354706), (31.357975, -2.131541, 94.93227), (33.79852, -75.28611, 56.4771), (23.422369, -97.2181, 0.18596752), (27.427906, -77.40802, 57.05882), (33.79852, -75.28611, 56.4771), (24.375772, -96.98334, 0.23364882), (81.608, -57.793743, 0.13830248), (99.9975, -0.7082043, 0.004769053), (99.9703, -2.4220197, 0.27176204), (73.621, -67.67506, 0.190728), (24.643194, -96.91575, 0.22649993), (81.608, -57.793743, 0.13830248), (73.621, -67.67506, 0.190728), (23.422369, -97.2181, 0.18596752), (70.72554, -2.5654223, 70.64925), (16.02159, -4.925685, 98.58523), (30.06031, -1.9646015, 95.354706), (83.24807, -1.8909178, 55.373127), (99.96062, -2.7827778, 0.36245263), (70.72554, -2.5654223, 70.64925), (83.24807, -1.8909178, 55.373127), (99.9703, -2.4220197, 0.27176204), (65.615425, -75.4625, 0.1668997), (4.882802, -99.88048, 0.21934462), (4.882781, -99.88005, 0.36716226), (65.614, -75.46325, 0.31948674), (99.94833, -0.948937, 3.0709317), (65.615425, -75.4625, 0.1668997), (65.614, -75.46325, 0.31948674), (99.96062, -2.7827778, 0.36245263), (-4.6157036, -89.81072, 43.73475), (-0.38147384, -4.797034, 99.884155), (16.02159, -4.925685, 98.58523), (4.425046, -89.62148, 44.140785), (-4.844609, -99.881905, 0.36716032), (-4.6157036, -89.81072, 43.73475), (4.425046, -89.62148, 44.140785), (4.882781, -99.88005, 0.36716226), (-74.79851, -66.371284, 0.19071522), (-99.9703, -2.4220197, 0.27176204), (-99.9975, -0.7082043, 0.004769053), (-82.322784, -56.770966, 0.1311328), (-8.125362, -99.6692, 0.17643097), (-74.79851, -66.371284, 0.19071522), (-82.322784, -56.770966, 0.1311328), (-9.803741, -99.51799, 0.23841783), (-65.615425, -75.4625, 0.16213113), (-99.94833, -0.948937, 3.0709317), (-99.96062, -2.7827778, 0.36245263), (-65.61518, -75.46223, 0.3194925), (-4.84463, -99.88234, 0.21934347), (-65.615425, -75.4625, 0.16213113), (-65.61518, -75.46223, 0.3194925), (-4.844609, -99.881905, 0.36716032), (-84.18385, -1.873825, 53.94041), (-9.841744, -1.7094309, 99.49984), (-0.38147384, -4.797034, 99.884155), (-72.0202, -2.641631, 69.32612), (-99.9703, -2.4220197, 0.27176204), (-84.18385, -1.873825, 53.94041), (-72.0202, -2.641631, 69.32612), (-99.96062, -2.7827778, 0.36245263), (-3.85287, -79.999504, 59.876842), (-4.84463, -99.88234, 0.21934347), (4.882802, -99.88048, 0.21934462), (3.890997, -79.994316, 59.8813), (-6.5230846, -0.0905984, 99.78698), (-3.85287, -79.999504, 59.876842), (3.890997, -79.994316, 59.8813), (6.5613794, -0.090600446, 99.78447), (-84.90788, -52.82659, -0.057228412), (-63.915157, -39.753857, -65.83681), (-68.14513, -42.359455, -59.681824), (-84.91107, -52.821476, -0.057217702), (0.057217132, -0.8391845, 99.99647), (2.880258, -2.6990497, 99.922066), (2.0789094, -0.047681414, 99.978386), (1.2015153, -0.04767918, 99.992775), (-1.73578, -1.0872469, -99.97903), (-1.5259573, -5.257065e-16, -99.988365), (-2.517704, -0.89645517, -99.96429), (-3.4450504e-14, 99.99877, 0.49589318), (-3.4450504e-14, 99.99877, 0.49589318), (-3.4450504e-14, 99.99877, -0.49589318), (-3.4450504e-14, 99.99877, -0.49589318), (2.3654478e-16, -0.6866136, 99.99764), (0.019072639, -5.893445, 99.82619), (0.019073622, -1.7929205, 99.983925), (0.038148124, -1.6594433, 99.98624), (0.019075256, -7.143683, 99.744514), (0.038142897, 5.9979706, 99.81996), (-2.06675e-15, 5.9991126, 99.81989), (2.4605968e-15, -7.142324, 99.744606), (3.445007e-14, -99.997505, 0.70575255), (3.445007e-14, -99.997505, 0.70575255), (3.4450365e-14, -99.99836, 0.5721821), (3.4450365e-14, -99.99836, 0.5721821), (-0.57218844, 3.0516717, -99.95179), (0.38147503, 3.0994847, -99.951225), (0.7247913, -0.057220366, -99.99735), (-0.61033666, 3.1851945, -99.9474), (1.7165667, -0.07629185, 99.98524), (0.61035514, -1.9550438, 99.97903), (0.34332782, -1.9741349, 99.97992), (-0.5340632, -0.02861053, 99.998566), (99.97422, -0.46725836, 2.2218614), (99.90498, 0.03814623, -4.3582067), (99.76817, 5.169632, -4.425663), (99.8261, 5.559669, 1.9597117), (-0.41960302, 99.99902, -0.14304648), (0.30516726, 99.999504, 0.09059653), (0.83922064, 99.81004, -6.103423), (-97.15946, 1.5735486, -23.612764), (-97.15694, 1.9740368, -23.593077), (-97.17603, 1.7645825, -23.530945), (-97.174034, 1.9934603, -23.520924), (-3.4450727e-14, 99.99941, -0.3433129), (-0.038146097, 100, -0.033377837), (-3.4450768e-14, 99.999535, -0.3099356), (0.038146097, -100, 0), (0.038146086, -99.99997, 0.07629217), (3.4450924e-14, -99.999985, 0.06675567), (0.038146097, -100, 0.019073049), (0.009536525, 3.2854214e-18, 100), (0.7438616, 0.24318554, 99.99693), (0.4673042, 0.33855712, 99.99834), (0.057221588, -0.31471872, 99.99949), (-84.90788, -52.82659, -0.057228412), (-84.91107, -52.821476, -0.057217702), (-84.90575, -52.83003, -0.057226967), (-84.90788, -52.82659, -0.057228412), (0.038146097, -100, 0.019073049), (3.4450924e-14, -99.999985, 0.06675567), (3.4450927e-14, -100, 0), (0.038148124, -1.6594433, 99.98624), (0.019073622, -1.7929205, 99.983925), (2.479775, -1.7453802, 99.954), (2.4797995, -1.6881713, 99.955), (3.445007e-14, -99.997505, 0.70575255), (3.4450365e-14, -99.99836, 0.5721821), (0.01907276, -99.998474, 0.55311), (0.038148627, -99.997086, 0.76297253), (0.038142897, 5.9979706, 99.81996), (0.019075256, -7.143683, 99.744514), (4.0629053, -7.095778, 99.66517), (4.0819364, 5.93216, 99.7404), (-3.4450504e-14, 99.99877, -0.49589318), (-3.4450504e-14, 99.99877, 0.49589318), (0.019072738, 99.99836, 0.5721821), (-3.44506e-14, 99.99905, -0.43867594), (-3.566884, 10.195185, -99.41497), (-6.8477216, 5.951223, -99.587616), (-4.672935, 2.1648088, -99.8673), (2.4797995, -1.6881713, 99.955), (2.479775, -1.7453802, 99.954), (12.836965, -1.735756, 99.15745), (12.857024, -1.6977378, 99.15551), (0.038148627, -99.997086, 0.76297253), (0.01907276, -99.998474, 0.55311), (0.038145732, -99.99903, 0.4386759), (0.15259239, -99.9957, 0.91555434), (4.0819364, 5.93216, 99.7404), (4.0629053, -7.095778, 99.66517), (15.505746, -7.0758076, 98.53682), (15.526048, 5.8937945, 98.61139), (-0.038145944, 99.99959, -0.28609458), (-3.44506e-14, 99.99905, -0.43867594), (0.019072738, 99.99836, 0.5721821), (0.11444613, 99.99731, 0.7248255), (-11.349919, 2.3462858, -99.3261), (-6.8477216, 5.951223, -99.587616), (-3.566884, 10.195185, -99.41497), (-9.461071, 6.7524576, -99.322174), (-4.093522e-15, 11.882183, -99.291565), (-3.566884, 10.195185, -99.41497), (-1.0109963, -0.57226205, -99.993256), (-1.0680075, -0.6484331, -99.9922), (-4.195976, 99.9119, -0.05721785), (3.032666, 99.954, -0.057220113), (3.9290116, 99.922775, -0.04768218), (-4.67314, 99.89075, -0.03337957), (-3.890924, 99.92427, -0.05721947), (3.8528342, 99.92574, -0.05722031), (3.8718798, 99.92501, -0.042914923), (-3.890924, 99.92427, -0.038146313), (3.4450924e-14, -99.999985, 0.06675567), (-0.30516726, -99.999504, 0.095364764), (0.26702175, -99.99964, 0.03814596), (0.19072604, 4.415308, -99.902306), (-0.9726655, 11.71013, -99.30724), (-4.093522e-15, 11.882183, -99.291565), (-3.9670975, 99.92127, -0.057217754), (3.948055, 99.92203, -0.057218183), (3.9670975, 99.92127, -0.042913314), (-3.9670975, 99.92127, -0.042913314), (99.89732, 4.5303826, -0.019075295), (99.92501, 3.8718798, -0.038146596), (99.98936, 1.4592113, 0.028611988), (99.004234, 14.075347, -0.21456322), (-4.7874546, 3.2997196, -99.83082), (4.9018874, 3.2806408, -99.82589), (5.7793956, 1.9910553e-15, -99.832855), (-2.4986205, 0.1525875, -99.96866), (-99.92241, 3.9385335, -0.0190728), (-99.926865, 3.8242671, -0.019073652), (-99.92391, 3.9004464, -0.009536544), (-99.92391, 3.9004464, -0.02384136), (99.92382, 3.900443, -0.13351151), (99.92569, 3.8528323, -0.11444057), (99.923836, 3.9004436, -0.12397497), (99.92384, 3.9004443, -0.109670185), (-3.4522967, 0.20980808, -99.94017), (-5.0735817, 3.2901988, -99.817), (5.0735817, 3.2901988, -99.817), (3.4522967, 0.20980808, -99.94017), (-99.9239, 3.9004462, -0.057219256), (-99.92425, 3.8909235, -0.07629261), (-99.9239, 3.9004462, -0.057219256), (-99.92389, 3.9004457, -0.07152406), (99.923874, 3.9004452, -0.07629233), (99.92427, 3.890924, -0.05721947), (99.92389, 3.9004457, -0.07152406), (99.9239, 3.9004462, -0.057219256), (-99.9239, 3.9004462, -0.057219256), (-99.923874, 3.9004452, -0.07629233), (-99.9239, 3.9004462, -0.057219256), (-99.92389, 3.9004457, -0.07152406), (-3.4522967, 0.20980808, -99.94017), (-5.054557, 3.2902305, -99.81796), (5.0735817, 3.2901988, -99.817), (3.4522967, 0.20980808, -99.94017), (-9.040586, 0.44821474, -99.5895), (-11.44339, 3.2327578, -99.29048), (4.653548, 3.1659381, -99.841484), (2.1742067, 0.44819173, -99.975365), (5.2258215, 0.34330213, -99.86278), (-5.9705677, 0.3433553, -99.82102), (-8.412389, 3.1951816, -99.59429), (7.6671944, 3.194664, -99.65445), (0.038146097, 1.3141685e-17, -100), (-0.01907305, -6.5708428e-18, -100), (-0.019071698, 3.585479, -99.9357), (0.038143396, 3.585479, -99.9357), (-3.9290116, 99.922775, -0.038145747), (3.9290116, 99.922775, -0.038145747), (3.948055, 99.92203, -0.042913638), (-3.948055, 99.92203, -0.042913638), (3.3759322, 0.17165759, -99.942856), (-3.2997267, 0.11444139, -99.94548), (-5.168895, 3.3187737, -99.81117), (5.0353875, 3.3759983, -99.81607), (-99.97019, 2.4413211, -0.038145643), (-99.96853, 2.5082736, -0.038148645), (-99.96925, 2.4794433, -0.033377122), (-99.96972, 2.4603822, -0.047681823), (-4.119817, 99.91509, -0.019073226), (4.119817, 99.91509, -0.03814645), (3.8718798, 99.92501, -0.042914923), (-3.9290116, 99.922775, -0.042913962), (99.94918, 3.1850994, -0.13350716), (99.926056, 3.8433099, -0.11444099), (99.926414, 3.833787, -0.119209796), (99.927536, 3.8048563, -0.10966377), (3.4903975, 0.20980531, -99.93885), (-3.4903963, 0.21934186, -99.93883), (-5.130653, 3.2901027, -99.81409), (5.1499367, 3.2807004, -99.8134), (-99.92201, 3.9484313, -0.057223637), (-99.92013, 3.9956608, -0.057217095), (-99.92201, 3.9484313, -0.057223637), (-99.92239, 3.9385326, -0.071522996), (-4.234457, 99.9103, -0.03814826), (4.1959767, 99.91193, -0.03814524), (4.0246067, 99.91897, -0.04291642), (-4.062692, 99.91743, -0.04291576), (99.92425, 3.8912945, -0.05722492), (99.92648, 3.833789, -0.057220735), (99.92646, 3.8337886, -0.07152591), (99.92648, 3.833789, -0.057220735), (-99.926834, 3.8242662, -0.057220936), (-99.94646, 3.2711484, -0.076295), (-99.92937, 3.7576036, -0.057222392), (-99.92719, 3.8147433, -0.07152643), (3.4903975, 0.20980531, -99.93885), (-3.4903975, 0.20980531, -99.93885), (-5.149921, 3.2902272, -99.813095), (5.149921, 3.2902272, -99.813095), (99.94039, 3.4521394, -0.03814519), (99.94039, 3.4521394, -0.03814519), (99.94072, 3.4426143, -0.0524498), (99.94072, 3.4426143, -0.03814531), (51.138577, 85.93512, 0.03814888), (51.0704, 85.975655, 0.038147822), (51.118183, 85.94722, 0.085832775), (51.154747, 85.925476, 0.07152509), (99.9737, 2.2933686, 0), (99.99636, -0.85365075, 0.0071534975), (99.99996, -0.0643838, 0.05723004), (99.9038, 3.6333857, -2.4556346), (99.99991, 0.13830586, 0), (99.99999, 3.4450927e-14, -0.0333842), (100, 0.028615031, 0.014307516), (99.9737, 2.2933686, 0), (99.97755, 2.0979645, 0.30039036), (99.977684, -2.090815, 0.30515888), (99.99636, -0.85365075, 0.0071534975), (99.98208, 3.4444754e-14, -1.893022), (99.9905, 3.4447658e-14, -1.3781598), (99.98161, 0.03814636, -1.9168547), (99.99555, 0.09536101, -0.93930596), (-13.257606, -0.009537845, -99.11729), (-1.6020833, 0.047681052, -99.98716), (-0.22889647, -0.34811336, -99.99914), (-1.5259573, -5.257065e-16, -99.988365), (-99.99807, 0.11443609, 0.6103258), (-99.99851, 0.114436604, -0.5340375), (-99.99895, -3.4450565e-14, -0.45783567), (-99.99802, -3.4450246e-14, 0.6295183), (6.446806, -0.009536696, 99.791985), (-5.5506997, 0.009537284, 99.84583), (-5.5506997, -1.9122675e-15, 99.84583), (6.446806, 2.2209846e-15, 99.791985), (99.99782, -0.123972125, 0.64846957), (99.996704, -0.13353242, 0.8011945), (99.996796, 3.4449826e-14, 0.8010425), (99.99777, 3.445016e-14, 0.66754186), (1.2968583, 4.467797e-16, 99.99159), (2.1552565, -2.6034737, 99.94286), (1.773853, 6.111088e-16, 99.984276), (99.99995, 0.06198738, 0.09059694), (99.99986, -0.14304768, 0.09059686), (99.999886, -0.14304772, 0.038146056), (99.99997, 0.061987393, 0.03814609), (0.7438616, 0.24318554, 99.99693), (0.009536525, 3.2854214e-18, 100), (0.057221323, -0.4386968, 99.99902), (-2.098074, -7.22806e-16, -99.97798), (0.11444358, 0.138286, -99.99984), (0.038146585, 0.83445656, -99.996506), (2.0599432, 7.0966956e-16, -99.978775), (2.5558069, 99.96733, 0), (2.517685, 99.96831, 0), (2.4795122, 99.96249, -1.1634634), (2.2888036, 99.96351, -1.4352707), (2.517676, 99.96796, 0.26225796), (2.517685, 99.96831, 0), (2.5558069, 99.96733, 0), (2.3269393, 99.97256, 0.27179414), (30.06031, -1.9646015, 95.354706), (16.02159, -4.925685, 98.58523), (18.959301, 8.13972, 97.8483), (31.357975, -2.131541, 94.93227), (23.155243, -97.28206, 0.18596675), (24.643194, -96.91575, 0.22649993), (23.422369, -97.2181, 0.18596752), (24.375772, -96.98334, 0.23364882), (16.02159, -4.925685, 98.58523), (-0.38147384, -4.797034, 99.884155), (11.329537, 7.128644, 99.100075), (18.959301, 8.13972, 97.8483), (-0.38147384, -4.797034, 99.884155), (-9.841744, -1.7094309, 99.49984), (11.787218, -1.5902253, 99.290146), (11.329537, 7.128644, 99.100075), (99.9975, -0.7082043, 0.004769053), (99.94833, -0.948937, 3.0709317), (99.96062, -2.7827778, 0.36245263), (99.9703, -2.4220197, 0.27176204), (-99.96062, -2.7827778, 0.36245263), (-99.94833, -0.948937, 3.0709317), (-99.9975, -0.7082043, 0.004769053), (-99.9703, -2.4220197, 0.27176204), (-4.84463, -99.88234, 0.21934347), (-4.844609, -99.881905, 0.36716032), (4.882781, -99.88005, 0.36716226), (4.882802, -99.88048, 0.21934462), (99.99999, 3.4450927e-14, -0.0333842), (99.58756, 0.01907077, 9.072919), (100, 0.028615031, 0.014307516), (99.99991, -0.004769168, 0.13830586), (99.99965, 0.009538311, 0.2670727), (99.81624, 3.438762e-14, 6.059726), (1.7165667, -0.07629185, 99.98524), (-0.5340632, -0.02861053, 99.998566), (0.49591684, 1.7084796e-16, 99.99877), (99.58756, 0.01907077, 9.072919), (99.93969, -0.104898535, -3.4711876), (99.90498, 0.03814623, -4.3582067), (99.88277, 0.047690395, 4.840575), (1.678454, -4.8541656, -99.86801), (2.4414103, -5.626688, -99.81172), (2.2125635, 7.1717577, -99.71796), (1.6784383, 7.362241, -99.71449), (-6.141642, -2.1158527e-15, -99.811226), (-4.196177, -0.0095367655, -99.911934), (5.5314198, 1.9056255e-15, -99.8469), (3.623918, 0.009536627, -99.93431), (1.4877794, -99.986404, -0.7105101), (-0.11443703, -99.99889, -0.45774812), (0.95369685, -99.99512, -0.25749817), (-99.99102, -3.4447834e-14, -1.3400171), (-99.99998, -3.445092e-14, -0.07630674), (-99.996574, -0.11445621, -0.82026947), (-0.11443703, -99.99889, -0.45774812), (-1.2206907, -99.99173, -0.40530744), (0.95369685, -99.99512, -0.25749817), (-99.998085, -0.23845404, -0.5722897), (-99.99102, -3.4447834e-14, -1.3400171), (-99.996574, -0.11445621, -0.82026947), (-6.38982, 99.79564, -0.03814818), (-6.4088154, 99.79441, -0.057221565), (6.4088154, 99.79441, -0.057221565), (6.408816, 99.79441, -0.038147714), (-0.019073049, 100, -0.038146097), (-0.019073049, 100, -0.052450884), (0.019073049, 100, -0.057219144), (0.019073049, 100, -0.038146097), (-6.2372346, 99.80529, -0.038148224), (-6.256234, 99.8041, -0.057221655), (6.256234, 99.8041, -0.057221655), (6.2942314, 99.80171, -0.038146857), (-6.065631, 99.81587, -0.038148623), (-6.256234, 99.8041, -0.052453183), (6.2752323, 99.802895, -0.061989374), (6.4847918, 99.7895, -0.05721875), (-0.24795966, 2.2030263, -99.975426), (-0.5149808, 0.60081095, -99.99687), (4.2725363, 1.4719284e-15, -99.90868), (0, 0, -100), (-1.0680075, -0.6484331, -99.9922), (-2.5937486, 2.4793186, -99.93561), (-4.093522e-15, 11.882183, -99.291565), (-2.098074, -7.22806e-16, -99.97798), (-6.141642, -2.1158527e-15, -99.811226), (3.623918, 0.009536627, -99.93431), (0.11444358, 0.138286, -99.99984), (-0.038146097, 100, -0.033377837), (-3.4449813e-14, 99.99676, -0.80588704), (-3.4450768e-14, 99.999535, -0.3099356), (0.7247913, -0.057220366, -99.99735), (1.3733118, 6.113145, -99.80353), (-0.61033666, 3.1851945, -99.9474), (6.0846343, 99.81471, -0.03814818), (-6.1796436, 99.808876, -0.03814595), (-6.198643, 99.80769, -0.05721825), (6.141641, 99.8112, -0.06198862), (99.99995, 0.104921736, 0), (99.948746, 0.26703864, -3.190158), (99.999565, 3.4450778e-14, -0.29568738), (10.375859, -99.459946, 0.24318418), (8.77385, -99.6142, 0.1764307), (-8.125362, -99.6692, 0.17643097), (-9.803741, -99.51799, 0.23841783), (89.68548, -0.1144434, 44.232376), (2.0789094, -0.047681414, 99.978386), (2.880258, -2.6990497, 99.922066), (88.76683, -1.5067854, 46.023712), (64.031006, -76.8105, 0.4196253), (67.390976, -63.75724, 37.32922), (1.5069038, -88.18248, 47.133663), (1.3351101, -99.99021, 0.419606), (-70.32813, 0.0858358, 71.09112), (-99.99807, 0.11443609, 0.6103258), (-99.99802, -3.4450246e-14, 0.6295183), (-70.48141, -2.4281499e-14, 70.93921), (-5.5506997, 0.009537284, 99.84583), (-70.32813, 0.0858358, 71.09112), (-70.48141, -2.4281499e-14, 70.93921), (-5.5506997, -1.9122675e-15, 99.84583), (-0.32427105, -0.02384346, -99.999466), (-1.73578, -1.0872469, -99.97903), (-63.352818, -39.388054, -66.59581), (-65.11592, -40.44473, -64.21948), (-2.1172624, -2.3461556, -99.95005), (-83.57758, -1.54526, -54.885345), (-83.005905, -1.3780278, -55.75052), (-2.1744359, -0.023842497, -99.97636), (85.24361, -0.12398376, 52.283), (1.2015153, -0.04767918, 99.992775), (1.773853, 6.111088e-16, 99.984276), (89.4694, 0.05721769, 44.667946), (42.03552, 70.110054, 57.598576), (1.1444628, 1.0538595, 99.9879), (0.5054294, 0.023841009, 99.998726), (46.14764, 77.475395, 43.219902), (2.0789094, -0.047681414, 99.978386), (89.68548, -0.1144434, 44.232376), (89.30883, 3.076772e-14, 44.988155), (1.2968583, 4.467797e-16, 99.99159), (89.68548, -0.1144434, 44.232376), (99.99782, -0.123972125, 0.64846957), (99.99777, 3.445016e-14, 0.66754186), (89.30883, 3.076772e-14, 44.988155), (2.9483875e-14, -85.58224, 51.726994), (0.019075256, -7.143683, 99.744514), (2.4605968e-15, -7.142324, 99.744606), (2.9486782e-14, -85.590675, 51.71302), (3.445007e-14, -99.997505, 0.70575255), (2.9483875e-14, -85.58224, 51.726994), (2.9486782e-14, -85.590675, 51.71302), (3.445007e-14, -99.997505, 0.70575255), (79.270874, -0.10490611, 60.959984), (6.446806, -0.009536696, 99.791985), (6.446806, 2.2209846e-15, 99.791985), (79.329, 2.7329577e-14, 60.884388), (99.996704, -0.13353242, 0.8011945), (79.270874, -0.10490611, 60.959984), (79.329, 2.7329577e-14, 60.884388), (99.996796, 3.4449826e-14, 0.8010425), (97.27429, -1.8215089, 23.11695), (80.53716, -56.110867, 19.113747), (50.621487, -85.39276, 12.064089), (97.28238, -1.9647224, 23.071182), (50.621487, -85.39276, 12.064089), (80.53716, -56.110867, 19.113747), (0.26702175, -99.99964, 0.03814596), (-0.30516726, -99.999504, 0.095364764), (1.754763, 73.22321, -68.0829), (22.507038, 97.30479, -5.0211673), (1.0681309, 99.78441, -6.4755435), (-3.44486e-14, 99.99324, -1.1634883), (-3.4449813e-14, 99.99676, -0.80588704), (-0.1907383, 75.961525, -65.03699), (-0.7248249, 99.99722, -0.17166905), (-72.4176, 66.67683, -17.60375), (-64.04578, 75.21278, -15.5298605), (-0.53403735, 99.9985, -0.12397296), (75.98721, 1.6307496, -64.9868), (1.3733118, 6.113145, -99.80353), (0.7247913, -0.057220366, -99.99735), (75.91544, -0.1812052, -65.09082), (99.93969, -0.104898535, -3.4711876), (75.98721, 1.6307496, -64.9868), (75.91544, -0.1812052, -65.09082), (99.90498, 0.03814623, -4.3582067), (55.924763, 1.92666e-14, 82.90007), (99.81624, 3.438762e-14, 6.059726), (99.58756, 0.01907077, 9.072919), (55.6965, -0.028611217, 83.05359), (0.49591684, 1.7084796e-16, 99.99877), (55.924763, 1.92666e-14, 82.90007), (55.6965, -0.028611217, 83.05359), (1.7165667, -0.07629185, 99.98524), (-7.7248597, 80.99659, -58.136726), (-27.959675, -0.74381125, -96.00887), (-40.57154, -0.88696605, -91.395645), (-19.682814, 84.83445, -49.149815), (3.0517218, 99.95343, -0.019073261), (-7.7248597, 80.99659, -58.136726), (-19.682814, 84.83445, -49.149815), (-0.01907305, 100, -0.01907305), (-55.90501, 0.06675795, -82.91337), (-1.9454541, -6.70227e-16, -99.98109), (-13.257606, -0.009537845, -99.11729), (-55.562428, -1.9141772e-14, -83.143364), (-99.99851, 0.114436604, -0.5340375), (-55.90501, 0.06675795, -82.91337), (-55.562428, -1.9141772e-14, -83.143364), (-99.99895, -3.4450565e-14, -0.45783567), (-3.4450768e-14, 99.999535, -0.3099356), (0.8773848, 82.979614, -55.79976), (1.1444091, 82.00645, -57.215687), (-3.4450727e-14, 99.99941, -0.3433129), (31.548271, 52.276855, 79.19494), (0.4673042, 0.33855712, 99.99834), (0.7438616, 0.24318554, 99.99693), (33.66596, 56.531155, 75.30493), (0.97269577, -91.7481, 39.76609), (3.4450927e-14, -100, 0), (-0.11443822, -99.99993, -0.019073037), (5.2639112, -91.088554, 40.928818), (2.479775, -1.7453802, 99.954), (0.97269577, -91.7481, 39.76609), (5.2639112, -91.088554, 40.928818), (12.836965, -1.735756, 99.15745), (1.5448734, -78.42616, 62.023804), (2.4797995, -1.6881713, 99.955), (12.857024, -1.6977378, 99.15551), (7.8017287, -79.49561, 60.162964), (0.01907276, -99.998474, 0.55311), (1.5448734, -78.42616, 62.023804), (7.8017287, -79.49561, 60.162964), (0.038145732, -99.99903, 0.4386759), (2.1361969, -85.06641, 52.527554), (0.038148627, -99.997086, 0.76297253), (0.15259239, -99.9957, 0.91555434), (8.27813, -84.59333, 52.682472), (4.0629053, -7.095778, 99.66517), (2.1361969, -85.06641, 52.527554), (8.27813, -84.59333, 52.682472), (15.505746, -7.0758076, 98.53682), (2.6702056, 75.70033, 65.28653), (4.0819364, 5.93216, 99.7404), (15.526048, 5.8937945, 98.61139), (10.204641, 75.399895, 64.89007), (0.019072738, 99.99836, 0.5721821), (2.6702056, 75.70033, 65.28653), (10.204641, 75.399895, 64.89007), (0.11444613, 99.99731, 0.7248255), (-1.6022964, 67.22968, -74.01083), (-3.44506e-14, 99.99905, -0.43867594), (-0.038145944, 99.99959, -0.28609458), (-8.868911, 67.403725, -73.3354), (-3.566884, 10.195185, -99.41497), (-1.6022964, 67.22968, -74.01083), (-8.868911, 67.403725, -73.3354), (-9.461071, 6.7524576, -99.322174), (0.038143396, 3.585479, -99.9357), (70.00766, 2.5275245, -71.36203), (68.87701, 3.4619708, -72.415276), (0.038146097, 1.3141685e-17, -100), (0, 0, -100), (0.038146097, 1.3141685e-17, -100), (14.209272, 16.583843, -97.586235), (-0.19073422, 5.4836082, -99.84936), (0.30513978, 5.683228, -99.83792), (4.0819454, 78.85403, -61.362698), (-3.795523, 78.513916, -61.815525), (-69.94588, 2.4888718, -71.42394), (-8.583826, 3.4144552, -99.57238), (-7.859243, 0.2765996, -99.6903), (-68.74327, 3.52872, -72.53903), (-3.7193687, 82.89424, -55.809605), (-0.49593967, 7.305573, -99.73156), (0.30515832, 9.183358, -99.57697), (3.9291067, 85.353165, -51.95576), (-0.305196, 0.18121012, -99.99937), (0.038145985, 1.401865, -99.990166), (3.3948514, 79.82669, -60.134644), (-1.8691028, 73.93446, -67.30678), (8.201834, 3.4142518, -99.60459), (69.815346, 2.4988554, -71.55119), (68.62645, 3.4999871, -72.650955), (7.47707, 0.2765753, -99.719696), (1.9454823, 2.7084165, -99.94438), (-1.449433, 1.8308629, -99.97274), (-7.859243, 0.2765996, -99.6903), (7.47707, 0.2765753, -99.719696), (66.37717, 74.79353, -0.00953695), (2.5558069, 99.96733, 0), (2.2888036, 99.96351, -1.4352707), (59.889862, 80.05978, -1.9073204), (99.99995, 0.104921736, 0), (66.37717, 74.79353, -0.00953695), (59.889862, 80.05978, -1.9073204), (99.948746, 0.26703864, -3.190158), (75.92263, 2.615605e-14, -65.08267), (2.0599432, 7.0966956e-16, -99.978775), (5.454945, 3.9720006, -99.77209), (75.9103, 1.4161658, -65.08164), (99.98963, 3.4447356e-14, -1.4401406), (75.92263, 2.615605e-14, -65.08267), (75.9103, 1.4161658, -65.08164), (99.9038, 3.6333857, -2.4556346), (65.61539, 75.46246, 0.19551097), (99.97755, 2.0979645, 0.30039036), (99.9737, 2.2933686, 0), (65.61315, 75.46466, 0), (2.517676, 99.96796, 0.26225796), (65.61539, 75.46246, 0.19551097), (65.61315, 75.46466, 0), (2.517685, 99.96831, 0), (99.99991, 0.13830586, 0), (60.196472, 79.85188, 0.25272602), (66.37717, 74.79353, -0.00953695), (99.99995, 0.104921736, 0), (99.99991, -0.004769168, 0.13830586), (87.97344, -1.0634258, 47.534653), (83.83324, 2.2455332, 54.46967), (99.99965, 0.009538311, 0.2670727), (69.426094, 2.3917934e-14, -71.97235), (4.2725363, 1.4719284e-15, -99.90868), (5.7793956, 1.9910553e-15, -99.832855), (69.42847, 0.019073756, -71.97005), (99.9905, 3.4447658e-14, -1.3781598), (69.426094, 2.3917934e-14, -71.97235), (69.42847, 0.019073756, -71.97005), (99.98161, 0.03814636, -1.9168547), (-73.9312, -2.5469984e-14, -67.33632), (-6.141642, -2.1158527e-15, -99.811226), (-2.098074, -7.22806e-16, -99.97798), (-76.87214, -2.6483166e-14, -63.958385), (-99.99102, -3.4447834e-14, -1.3400171), (-73.9312, -2.5469984e-14, -67.33632), (-76.87214, -2.6483166e-14, -63.958385), (-99.99998, -3.445092e-14, -0.07630674), (-73.9312, -2.5469984e-14, -67.33632), (-99.99102, -3.4447834e-14, -1.3400171), (-99.998085, -0.23845404, -0.5722897), (-67.74715, -0.08582832, -73.55486), (-6.141642, -2.1158527e-15, -99.811226), (-73.9312, -2.5469984e-14, -67.33632), (-67.74715, -0.08582832, -73.55486), (-4.196177, -0.0095367655, -99.911934), (-1.4114355, -0.6675709, -99.987816), (-3.5667412, -2.2220607, -99.91167), (-68.14513, -42.359455, -59.681824), (-63.915157, -39.753857, -65.83681), (-91.44239, -40.47575, -0.057223022), (-72.117874, -32.730564, -61.055096), (-83.005905, -1.3780278, -55.75052), (-99.98582, -1.683279, -0.05722195), (-63.352818, -39.388054, -66.59581), (-72.117874, -32.730564, -61.055096), (-91.44239, -40.47575, -0.057223022), (-84.90788, -52.82659, -0.057228412), (-2.517704, -0.89645517, -99.96429), (-72.117874, -32.730564, -61.055096), (-63.352818, -39.388054, -66.59581), (-1.73578, -1.0872469, -99.97903), (-83.005905, -1.3780278, -55.75052), (-72.117874, -32.730564, -61.055096), (-2.517704, -0.89645517, -99.96429), (-2.1744359, -0.023842497, -99.97636), (-93.5077, -35.444435, -0.05721458), (-79.29363, -32.58917, -51.482685), (-65.11592, -40.44473, -64.21948), (-84.90575, -52.83003, -0.057226967), (-59.470673, -0.15735506, -80.39413), (-79.29363, -32.58917, -51.482685), (-93.5077, -35.444435, -0.05721458), (-99.99987, -0.16212071, 0.019073026), (-65.11592, -40.44473, -64.21948), (-79.29363, -32.58917, -51.482685), (-59.470673, -0.15735506, -80.39413), (-0.32427105, -0.02384346, -99.999466), (95.08817, 30.955393, 0.057218842), (84.83112, 27.57131, 45.20512), (75.38926, 0.0047684545, 65.69976), (99.999985, 0.009537433, 0.057224598), (46.14764, 77.475395, 43.219902), (84.83112, 27.57131, 45.20512), (95.08817, 30.955393, 0.057218842), (51.0704, 85.975655, 0.038147822), (75.38926, 0.0047684545, 65.69976), (84.83112, 27.57131, 45.20512), (46.14764, 77.475395, 43.219902), (0.5054294, 0.023841009, 99.998726), (89.4694, 0.05721769, 44.667946), (83.48588, 25.668524, 48.69533), (95.515625, 29.610224, 0.038145214), (99.99997, 0.061987393, 0.03814609), (2.1552565, -2.6034737, 99.94286), (83.48588, 25.668524, 48.69533), (89.4694, 0.05721769, 44.667946), (1.773853, 6.111088e-16, 99.984276), (42.03552, 70.110054, 57.598576), (83.48588, 25.668524, 48.69533), (2.1552565, -2.6034737, 99.94286), (1.1444628, 1.0538595, 99.9879), (95.515625, 29.610224, 0.038145214), (83.48588, 25.668524, 48.69533), (42.03552, 70.110054, 57.598576), (51.138577, 85.93512, 0.03814888), (85.24361, -0.12398376, 52.283), (46.081703, -54.922295, 69.71383), (0.057217132, -0.8391845, 99.99647), (1.2015153, -0.04767918, 99.992775), (65.7099, -75.38042, 0.057221975), (46.081703, -54.922295, 69.71383), (85.24361, -0.12398376, 52.283), (99.999886, -0.14304772, 0.038146056), (0.019074142, -91.29838, 40.799587), (46.081703, -54.922295, 69.71383), (65.7099, -75.38042, 0.057221975), (0.038146097, -100, 0), (0.057217132, -0.8391845, 99.99647), (46.081703, -54.922295, 69.71383), (0.019074142, -91.29838, 40.799587), (0.019072639, -5.893445, 99.82619), (67.03029, 74.20256, 0.9585293), (77.58348, 59.14119, 21.98008), (95.77334, 3.785545, 28.515549), (99.8261, 5.559669, 1.9597117), (65.87307, 73.13932, 17.645935), (77.58348, 59.14119, 21.98008), (67.03029, 74.20256, 0.9585293), (0.30516726, 99.999504, 0.09059653), (95.77334, 3.785545, 28.515549), (77.58348, 59.14119, 21.98008), (65.87307, 73.13932, 17.645935), (96.414375, 6.0282826, 25.844355), (62.248367, -76.44687, 16.763577), (66.82886, -29.93376, 68.10193), (95.230644, -5.2460785, 30.060032), (96.41199, -6.028134, 25.853252), (1.1443825, -38.32728, 92.35643), (66.82886, -29.93376, 68.10193), (62.248367, -76.44687, 16.763577), (1.0681224, -99.993416, 0.4196195), (54.171658, -1.7643938, 84.037605), (66.82886, -29.93376, 68.10193), (1.1443825, -38.32728, 92.35643), (0.61035514, -1.9550438, 99.97903), (22.58317, -1.5545003, 97.40423), (20.598885, -39.50027, 89.528854), (64.549385, -74.83074, 15.288513), (97.29193, -1.7932239, 23.044834), (0.38147312, -54.06428, 84.12437), (20.598885, -39.50027, 89.528854), (22.58317, -1.5545003, 97.40423), (0.34332782, -1.9741349, 99.97992), (64.549385, -74.83074, 15.288513), (20.598885, -39.50027, 89.528854), (0.38147312, -54.06428, 84.12437), (0.4958924, -99.99861, 0.17642327), (17.814743, -0.93460643, 98.395935), (-6.71379, -42.094696, 90.45973), (-31.395233, -0.019073652, 94.94388), (-0.5340632, -0.02861053, 99.998566), (50.621487, -85.39276, 12.064089), (-6.71379, -42.094696, 90.45973), (17.814743, -0.93460643, 98.395935), (97.28238, -1.9647224, 23.071182), (-60.42798, -73.00761, 31.911617), (-6.71379, -42.094696, 90.45973), (50.621487, -85.39276, 12.064089), (-0.30516726, -99.999504, 0.095364764), (-31.395233, -0.019073652, 94.94388), (-6.71379, -42.094696, 90.45973), (-60.42798, -73.00761, 31.911617), (-88.39885, -0.038152285, 46.75086), (-0.3814613, 69.197075, -72.19155), (-46.081814, 41.56137, -78.41633), (-84.15353, 50.0496, -20.32788), (-0.41960302, 99.99902, -0.14304648), (-50.201817, 1.3542283, -86.475105), (-46.081814, 41.56137, -78.41633), (-0.3814613, 69.197075, -72.19155), (-0.57218844, 3.0516717, -99.95179), (-84.15353, 50.0496, -20.32788), (-46.081814, 41.56137, -78.41633), (-50.201817, 1.3542283, -86.475105), (-97.17603, 1.7645825, -23.530945), (-0.1907383, 75.961525, -65.03699), (-31.357664, 78.203415, -53.860218), (-50.239742, 2.1648486, -86.436584), (-0.61033666, 3.1851945, -99.9474), (-0.038146097, 100, -0.033377837), (-31.357664, 78.203415, -53.860218), (-0.1907383, 75.961525, -65.03699), (-3.4449813e-14, 99.99676, -0.80588704), (-64.04578, 75.21278, -15.5298605), (-31.357664, 78.203415, -53.860218), (-0.038146097, 100, -0.033377837), (-0.53403735, 99.9985, -0.12397296), (-50.239742, 2.1648486, -86.436584), (-31.357664, 78.203415, -53.860218), (-64.04578, 75.21278, -15.5298605), (-97.174034, 1.9934603, -23.520924), (71.9514, 69.39533, -2.6991313), (61.3768, 58.849632, -52.627075), (0.2288815, 65.39335, -75.65487), (0.83922064, 99.81004, -6.103423), (76.975845, 3.280437, -63.749195), (61.3768, 58.849632, -52.627075), (71.9514, 69.39533, -2.6991313), (99.76817, 5.169632, -4.425663), (0.2288815, 65.39335, -75.65487), (61.3768, 58.849632, -52.627075), (76.975845, 3.280437, -63.749195), (0.38147503, 3.0994847, -99.951225), (65.45102, 8.801178, -75.09131), (25.023514, 92.58891, -28.304035), (1.1444091, 82.00645, -57.215687), (2.2125635, 7.1717577, -99.71796), (56.99178, 69.246544, -44.236343), (25.023514, 92.58891, -28.304035), (65.45102, 8.801178, -75.09131), (78.81827, 4.6352468, -61.36933), (-3.4450927e-14, 100, 0), (25.023514, 92.58891, -28.304035), (56.99178, 69.246544, -44.236343), (1.1443722, 99.98953, -0.88688856), (1.1444091, 82.00645, -57.215687), (25.023514, 92.58891, -28.304035), (-3.4450927e-14, 100, 0), (-3.4450727e-14, 99.99941, -0.3433129), (67.29117, -72.21213, -16.040781), (67.05932, -27.083115, -69.06194), (2.212503, -66.72795, -74.44787), (1.4877794, -99.986404, -0.7105101), (79.07059, 2.724055e-14, -61.219627), (67.05932, -27.083115, -69.06194), (67.29117, -72.21213, -16.040781), (82.51537, -52.83578, -19.989855), (72.24285, -1.6592207, -69.12466), (67.05932, -27.083115, -69.06194), (79.07059, 2.724055e-14, -61.219627), (78.934715, 2.7193742e-14, -61.394722), (2.212503, -66.72795, -74.44787), (67.05932, -27.083115, -69.06194), (72.24285, -1.6592207, -69.12466), (2.4414103, -5.626688, -99.81172), (-2.4404798e-14, 70.8393, -70.58181), (-34.332027, 47.5594, -80.99021), (-0.6866576, 0.7915637, -99.99452), (-6.5052157e-16, 1.8882556, -99.98218), (-58.362606, 81.20222, -0.07629099), (-34.332027, 47.5594, -80.99021), (-2.4404798e-14, 70.8393, -70.58181), (-0.019073049, 100, -0.052450884), (-60.71126, 2.3365157, -79.42722), (-34.332027, 47.5594, -80.99021), (-58.362606, 81.20222, -0.07629099), (-99.92389, 3.9004457, -0.07152406), (-0.6866576, 0.7915637, -99.99452), (-34.332027, 47.5594, -80.99021), (-60.71126, 2.3365157, -79.42722), (-3.4522967, 0.20980808, -99.94017), (1.0108973, 1.1539488, -99.98823), (34.86486, 47.338398, -80.89201), (0.019073525, 70.93444, -70.486206), (-1.0743738e-15, 3.1185627, -99.95136), (61.244263, 1.8405702, -79.03008), (34.86486, 47.338398, -80.89201), (1.0108973, 1.1539488, -99.98823), (3.3759322, 0.17165759, -99.942856), (59.09748, 80.66897, -0.071523495), (34.86486, 47.338398, -80.89201), (61.244263, 1.8405702, -79.03008), (99.94072, 3.4426143, -0.0524498), (0.019073525, 70.93444, -70.486206), (34.86486, 47.338398, -80.89201), (59.09748, 80.66897, -0.071523495), (0.019073049, 100, -0.057219144), (99.99941, 0.22887525, -0.25748467), (83.805595, 39.890625, -37.22044), (81.3302, 4.5872216, -58.003082), (99.99555, 0.09536101, -0.93930596), (76.06955, 64.9109, -0.014305958), (83.805595, 39.890625, -37.22044), (99.99941, 0.22887525, -0.25748467), (99.98936, 1.4592113, 0.028611988), (65.13825, 56.57396, -50.560825), (83.805595, 39.890625, -37.22044), (76.06955, 64.9109, -0.014305958), (11.672816, 99.31431, -0.64372146), (77.05961, 3.910203, -63.612324), (43.449524, 70.5721, -55.961765), (62.95904, 77.69272, -0.019072719), (99.92501, 3.8718798, -0.038146596), (-7.7248597, 80.99659, -58.136726), (43.449524, 70.5721, -55.961765), (77.05961, 3.910203, -63.612324), (-27.959675, -0.74381125, -96.00887), (62.95904, 77.69272, -0.019072719), (43.449524, 70.5721, -55.961765), (-7.7248597, 80.99659, -58.136726), (3.0517218, 99.95343, -0.019073261), (-0.72480047, 0.83924264, -99.99385), (-34.84533, 47.452206, -80.83373), (-61.30216, 2.2792807, -78.97374), (-3.4903975, 0.20980531, -99.93885), (-0.89643514, 75.84413, -65.16797), (-34.84533, 47.452206, -80.83373), (-0.72480047, 0.83924264, -99.99385), (-0.07629258, 3.0707762, -99.95281), (-58.99734, 80.74224, -0.081066504), (-34.84533, 47.452206, -80.83373), (-0.89643514, 75.84413, -65.16797), (-1.373261, 99.99057, -0.03814614), (-61.30216, 2.2792807, -78.97374), (-34.84533, 47.452206, -80.83373), (-58.99734, 80.74224, -0.081066504), (-99.92719, 3.8147433, -0.07152643), (0.76292825, -82.253204, -56.866768), (32.883312, -67.10179, -66.45328), (61.994446, -77.10201, -14.559157), (0.95369685, -99.99512, -0.25749817), (43.565567, -0.02861136, -90.011345), (32.883312, -67.10179, -66.45328), (0.76292825, -82.253204, -56.866768), (1.4113996, -0.04768242, -99.99003), (61.994446, -77.10201, -14.559157), (32.883312, -67.10179, -66.45328), (43.565567, -0.02861136, -90.011345), (65.34563, -5.865085, -75.468864), (-65.72538, -75.36675, -0.16212006), (-56.61271, -65.987755, -49.4026), (0.15258706, -79.2499, -60.98714), (-1.2206907, -99.99173, -0.40530744), (-75.257675, -0.028607832, -65.850464), (-56.61271, -65.987755, -49.4026), (-65.72538, -75.36675, -0.16212006), (-99.996574, -0.11445621, -0.82026947), (0.15258706, -79.2499, -60.98714), (-56.61271, -65.987755, -49.4026), (-75.257675, -0.028607832, -65.850464), (0.15259148, -0.047684837, -99.99987), (70.34493, -0.05722202, 71.07452), (57.278873, -66.00518, 48.605026), (65.70516, -75.384514, 0.08105862), (99.99986, -0.14304768, 0.09059686), (0.019073645, -68.951225, 72.4274), (57.278873, -66.00518, 48.605026), (70.34493, -0.05722202, 71.07452), (0.057221323, -0.4386968, 99.99902), (65.70516, -75.384514, 0.08105862), (57.278873, -66.00518, 48.605026), (0.019073645, -68.951225, 72.4274), (0.038146086, -99.99997, 0.07629217), (2.4319385e-14, -70.59138, 70.829796), (-36.028816, -53.318455, 76.54455), (-60.158157, -73.30941, 31.728945), (3.4450924e-14, -99.999985, 0.06675567), (-42.037006, -0.028609578, 90.735275), (-36.028816, -53.318455, 76.54455), (2.4319385e-14, -70.59138, 70.829796), (-0.019073045, -0.06675565, 99.99997), (-60.158157, -73.30941, 31.728945), (-36.028816, -53.318455, 76.54455), (-42.037006, -0.028609578, 90.735275), (-88.4389, -0.038144883, 46.67503), (63.300907, 0.08582528, 77.4144), (68.73873, 21.59529, 69.34429), (33.66596, 56.531155, 75.30493), (0.7438616, 0.24318554, 99.99693), (95.54017, 29.530857, 0.0762948), (68.73873, 21.59529, 69.34429), (63.300907, 0.08582528, 77.4144), (99.99995, 0.06198738, 0.09059694), (33.66596, 56.531155, 75.30493), (68.73873, 21.59529, 69.34429), (95.54017, 29.530857, 0.0762948), (51.154747, 85.925476, 0.07152509), (77.72271, 0.014304793, 62.922012), (71.135025, 23.231655, 66.33324), (95.09748, 30.926708, 0.08582805), (99.99997, 0.009537431, 0.08583688), (0.057221588, -0.31471872, 99.99949), (71.135025, 23.231655, 66.33324), (77.72271, 0.014304793, 62.922012), (0.01907305, -0.0047682626, 100), (31.548271, 52.276855, 79.19494), (71.135025, 23.231655, 66.33324), (0.057221588, -0.31471872, 99.99949), (0.4673042, 0.33855712, 99.99834), (95.09748, 30.926708, 0.08582805), (71.135025, 23.231655, 66.33324), (31.548271, 52.276855, 79.19494), (51.118183, 85.94722, 0.085832775), (-3.6048834, 68.807495, -72.474365), (-34.35151, 47.55996, -80.98163), (-0.6866571, 0.80109984, -99.99444), (-0.13351241, 1.3160509, -99.99126), (-58.362606, 81.20222, -0.07629099), (-34.35151, 47.55996, -80.98163), (-3.6048834, 68.807495, -72.474365), (-6.256234, 99.8041, -0.057221655), (-60.708958, 2.336427, -79.428986), (-34.35151, 47.55996, -80.98163), (-58.362606, 81.20222, -0.07629099), (-99.92389, 3.9004457, -0.07152406), (-0.6866571, 0.80109984, -99.99444), (-34.35151, 47.55996, -80.98163), (-60.708958, 2.336427, -79.428986), (-3.4522967, 0.20980808, -99.94017), (0.9918257, 1.153951, -99.98843), (34.369656, 47.558674, -80.97468), (3.623932, 68.80702, -72.47387), (0.26702702, 2.3078763, -99.97301), (60.71126, 2.3365157, -79.42722), (34.369656, 47.558674, -80.97468), (0.9918257, 1.153951, -99.98843), (3.4522967, 0.20980808, -99.94017), (58.34551, 81.21451, -0.07629357), (34.369656, 47.558674, -80.97468), (60.71126, 2.3365157, -79.42722), (99.92389, 3.9004457, -0.07152406), (3.623932, 68.80702, -72.47387), (34.369656, 47.558674, -80.97468), (58.34551, 81.21451, -0.07629357), (6.256234, 99.8041, -0.057221655), (-3.623932, 68.80702, -72.47387), (-34.35151, 47.55996, -80.98163), (-0.5149808, 0.60081095, -99.99687), (-0.24795966, 2.2030263, -99.975426), (-58.362617, 81.20223, -0.04768188), (-34.35151, 47.55996, -80.98163), (-3.623932, 68.80702, -72.47387), (-6.256234, 99.8041, -0.052453183), (-60.69462, 2.3366091, -79.43995), (-34.35151, 47.55996, -80.98163), (-58.362617, 81.20223, -0.04768188), (-99.92391, 3.9004464, -0.02384136), (-0.5149808, 0.60081095, -99.99687), (-34.35151, 47.55996, -80.98163), (-60.69462, 2.3366091, -79.43995), (-2.4986205, 0.1525875, -99.96866), (0.9918257, 1.153951, -99.98843), (34.35174, 47.550743, -80.986946), (3.623932, 68.80702, -72.47387), (0.40054443, 3.6907306, -99.93106), (60.692448, 2.326989, -79.44188), (34.35174, 47.550743, -80.986946), (0.9918257, 1.153951, -99.98843), (3.4522967, 0.20980808, -99.94017), (58.36711, 81.19895, -0.10967676), (34.35174, 47.550743, -80.986946), (60.692448, 2.326989, -79.44188), (99.923836, 3.9004436, -0.12397497), (3.623932, 68.80702, -72.47387), (34.35174, 47.550743, -80.986946), (58.36711, 81.19895, -0.10967676), (6.2752323, 99.802895, -0.061989374), (51.536495, 85.69707, -0.038146928), (46.290554, 58.70718, -66.412735), (79.8229, 4.9209814, -60.03407), (99.89732, 4.5303826, -0.019075295), (-2.5179305, 70.5116, -70.86448), (46.290554, 58.70718, -66.412735), (51.536495, 85.69707, -0.038146928), (3.032666, 99.954, -0.057220113), (-31.225988, -2.8803449, -94.956), (46.290554, 58.70718, -66.412735), (-2.5179305, 70.5116, -70.86448), (-11.349919, 2.3462858, -99.3261), (79.8229, 4.9209814, -60.03407), (46.290554, 58.70718, -66.412735), (-31.225988, -2.8803449, -94.956), (-29.580427, -3.127782, -95.47364), (-59.39405, 80.4509, -0.038146466), (-37.84172, 47.09234, -79.68886), (-7.5534377, 69.31615, -71.681366), (-4.195976, 99.9119, -0.05721785), (-62.712475, 2.345996, -77.85655), (-37.84172, 47.09234, -79.68886), (-59.39405, 80.4509, -0.038146466), (-99.926865, 3.8242671, -0.019073652), (-4.672935, 2.1648088, -99.8673), (-37.84172, 47.09234, -79.68886), (-62.712475, 2.345996, -77.85655), (-9.040586, 0.44821474, -99.5895), (-7.5534377, 69.31615, -71.681366), (-37.84172, 47.09234, -79.68886), (-4.672935, 2.1648088, -99.8673), (-6.8477216, 5.951223, -99.587616), (58.289654, 81.25456, -0.11444304), (32.061337, 48.15876, -81.56473), (58.30803, 2.4032753, -81.2059), (99.92382, 3.900443, -0.13351151), (1.9455888, 69.36406, -72.00587), (32.061337, 48.15876, -81.56473), (58.289654, 81.25456, -0.11444304), (3.8528342, 99.92574, -0.05722031), (-2.2696013, 1.8118666, -99.95782), (32.061337, 48.15876, -81.56473), (1.9455888, 69.36406, -72.00587), (-1.0109963, -0.57226205, -99.993256), (58.30803, 2.4032753, -81.2059), (32.061337, 48.15876, -81.56473), (-2.2696013, 1.8118666, -99.95782), (2.1742067, 0.44819173, -99.975365), (-58.440006, 81.14654, -0.07629243), (-34.67559, 47.512043, -80.87157), (-2.7276537, 69.29766, -72.044395), (-3.890924, 99.92427, -0.05721947), (-60.9194, 2.3364518, -79.2677), (-34.67559, 47.512043, -80.87157), (-58.440006, 81.14654, -0.07629243), (-99.92425, 3.8909235, -0.07629261), (-2.5937486, 2.4793186, -99.93561), (-34.67559, 47.512043, -80.87157), (-60.9194, 2.3364518, -79.2677), (-5.9705677, 0.3433553, -99.82102), (-2.7276537, 69.29766, -72.044395), (-34.67559, 47.512043, -80.87157), (-2.5937486, 2.4793186, -99.93561), (-1.0680075, -0.6484331, -99.9922), (69.426506, 2.3173957, -71.93464), (49.687534, 69.74375, -51.64261), (57.582172, 81.75753, -0.01907326), (99.004234, 14.075347, -0.21456322), (2.0981386, 84.47868, -53.469154), (49.687534, 69.74375, -51.64261), (69.426506, 2.3173957, -71.93464), (4.9018874, 3.2806408, -99.82589), (57.582172, 81.75753, -0.01907326), (49.687534, 69.74375, -51.64261), (2.0981386, 84.47868, -53.469154), (3.9290116, 99.922775, -0.04768218), (-68.736885, 2.4508016, -72.58951), (-45.071026, 76.00848, -46.811497), (-3.1472542, 84.9091, -52.730812), (-4.7874546, 3.2997196, -99.83082), (-64.10939, 76.746254, -0.0190745), (-45.071026, 76.00848, -46.811497), (-68.736885, 2.4508016, -72.58951), (-99.92391, 3.9004464, -0.009536544), (-3.1472542, 84.9091, -52.730812), (-45.071026, 76.00848, -46.811497), (-64.10939, 76.746254, -0.0190745), (-4.67314, 99.89075, -0.03337957), (68.70485, 2.4510198, -72.619804), (49.687534, 69.74375, -51.64261), (58.36261, 81.20223, -0.06675462), (99.92384, 3.9004443, -0.109670185), (3.166257, 80.04336, -59.85847), (49.687534, 69.74375, -51.64261), (68.70485, 2.4510198, -72.619804), (5.0735817, 3.2901988, -99.817), (58.36261, 81.20223, -0.06675462), (49.687534, 69.74375, -51.64261), (3.166257, 80.04336, -59.85847), (3.8718798, 99.92501, -0.042914923), (-68.71967, 2.4508681, -72.60578), (-49.706425, 69.733955, -51.63765), (-3.166257, 80.04336, -59.85847), (-5.0735817, 3.2901988, -99.817), (-58.36262, 81.20224, -0.033377316), (-49.706425, 69.733955, -51.63765), (-68.71967, 2.4508681, -72.60578), (-99.9239, 3.9004462, -0.057219256), (-3.166257, 80.04336, -59.85847), (-49.706425, 69.733955, -51.63765), (-58.36262, 81.20224, -0.033377316), (-3.890924, 99.92427, -0.038146313), (-58.362606, 81.20222, -0.07629099), (-34.352837, 47.561794, -80.979996), (-2.4795916, 69.428566, -71.92723), (-3.9670975, 99.92127, -0.057217754), (-60.697052, 2.3271651, -79.43836), (-34.352837, 47.561794, -80.979996), (-58.362606, 81.20222, -0.07629099), (-99.923874, 3.9004452, -0.07629233), (0, 0, -100), (-34.352837, 47.561794, -80.979996), (-60.697052, 2.3271651, -79.43836), (-0.01907305, -6.5708428e-18, -100), (-2.4795916, 69.428566, -71.92723), (-34.352837, 47.561794, -80.979996), (0, 0, -100), (-0.9726655, 11.71013, -99.30724), (58.362606, 81.20222, -0.07629099), (34.104534, 47.62809, -81.04596), (60.44344, 2.336485, -79.631226), (99.923874, 3.9004452, -0.07629233), (2.4794214, 69.423805, -71.93183), (34.104534, 47.62809, -81.04596), (58.362606, 81.20222, -0.07629099), (3.948055, 99.92203, -0.057218183), (0.72470945, 1.144278, -99.99083), (34.104534, 47.62809, -81.04596), (2.4794214, 69.423805, -71.93183), (0.19072604, 4.415308, -99.902306), (60.44344, 2.336485, -79.631226), (34.104534, 47.62809, -81.04596), (0.72470945, 1.144278, -99.99083), (5.2258215, 0.34330213, -99.86278), (68.736885, 2.4508016, -72.58951), (49.687534, 69.74375, -51.64261), (58.367134, 81.19899, -0.033379897), (99.9239, 3.9004462, -0.057219256), (3.1661668, 80.04108, -59.86153), (49.687534, 69.74375, -51.64261), (68.736885, 2.4508016, -72.58951), (5.0735817, 3.2901988, -99.817), (58.367134, 81.19899, -0.033379897), (49.687534, 69.74375, -51.64261), (3.1661668, 80.04108, -59.86153), (3.9670975, 99.92127, -0.042913314), (-68.736885, 2.4508016, -72.58951), (-49.687534, 69.74375, -51.64261), (-3.1471124, 80.04155, -59.86189), (-5.054557, 3.2902305, -99.81796), (-58.367134, 81.19899, -0.033379897), (-49.687534, 69.74375, -51.64261), (-68.736885, 2.4508016, -72.58951), (-99.9239, 3.9004462, -0.057219256), (-3.1471124, 80.04155, -59.86189), (-49.687534, 69.74375, -51.64261), (-58.367134, 81.19899, -0.033379897), (-3.9670975, 99.92127, -0.042913314), (-57.871838, 81.55275, 0), (-50.77449, 69.51451, -50.88894), (-70.30626, 2.489139, -71.06922), (-99.92241, 3.9385335, -0.0190728), (-7.0194974, 79.91354, -59.703876), (-50.77449, 69.51451, -50.88894), (-57.871838, 81.55275, 0), (-6.065631, 99.81587, -0.038148623), (-70.30626, 2.489139, -71.06922), (-50.77449, 69.51451, -50.88894), (-7.0194974, 79.91354, -59.703876), (-11.44339, 3.2327578, -99.29048), (58.88178, 80.826546, -0.07629644), (48.180965, 69.51525, -53.350025), (3.2042623, 79.54391, -60.5186), (6.4847918, 99.7895, -0.05721875), (66.821556, 2.4512045, -74.356384), (48.180965, 69.51525, -53.350025), (58.88178, 80.826546, -0.07629644), (99.92569, 3.8528323, -0.11444057), (3.2042623, 79.54391, -60.5186), (48.180965, 69.51525, -53.350025), (66.821556, 2.4512045, -74.356384), (4.653548, 3.1659381, -99.841484), (-58.323902, 81.23006, -0.038145132), (-49.81996, 69.713615, -51.555653), (-68.89334, 2.45094, -72.44101), (-99.9239, 3.9004462, -0.057219256), (-5.321352, 79.906105, -59.88905), (-49.81996, 69.713615, -51.555653), (-58.323902, 81.23006, -0.038145132), (-6.2372346, 99.80529, -0.038148224), (-68.89334, 2.45094, -72.44101), (-49.81996, 69.713615, -51.555653), (-5.321352, 79.906105, -59.88905), (-8.412389, 3.1951816, -99.59429), (58.440018, 81.14656, -0.038146224), (49.530994, 69.70958, -51.83875), (4.9014907, 79.86378, -59.981277), (6.2942314, 99.80171, -0.038146857), (68.52599, 2.4507627, -72.78861), (49.530994, 69.70958, -51.83875), (58.440018, 81.14656, -0.038146224), (99.92427, 3.890924, -0.05721947), (4.9014907, 79.86378, -59.981277), (49.530994, 69.70958, -51.83875), (68.52599, 2.4507627, -72.78861), (7.6671944, 3.194664, -99.65445), (-58.367134, 81.19899, -0.038148455), (-49.707653, 69.73568, -51.63416), (-68.70724, 2.4511046, -72.61755), (-99.9239, 3.9004462, -0.057219256), (-0.019073678, 80.195274, -59.738758), (-49.707653, 69.73568, -51.63416), (-58.367134, 81.19899, -0.038148455), (-0.019073049, 100, -0.038146097), (-68.70724, 2.4511046, -72.61755), (-49.707653, 69.73568, -51.63416), (-0.019073678, 80.195274, -59.738758), (-0.019071698, 3.585479, -99.9357), (59.052822, 80.70171, -0.01907391), (50.3382, 69.45107, -51.40638), (0.019073678, 80.195274, -59.738758), (0.019073049, 100, -0.038146097), (70.00766, 2.5275245, -71.36203), (50.3382, 69.45107, -51.40638), (59.052822, 80.70171, -0.01907391), (99.94039, 3.4521394, -0.03814519), (0.019073678, 80.195274, -59.738758), (50.3382, 69.45107, -51.40638), (70.00766, 2.5275245, -71.36203), (0.038143396, 3.585479, -99.9357), (59.097492, 80.66899, -0.038145874), (39.25234, 54.69197, -73.94621), (68.87701, 3.4619708, -72.415276), (99.94039, 3.4521394, -0.03814519), (4.0819454, 78.85403, -61.362698), (39.25234, 54.69197, -73.94621), (59.097492, 80.66899, -0.038145874), (3.9290116, 99.922775, -0.038145747), (14.209272, 16.583843, -97.586235), (39.25234, 54.69197, -73.94621), (4.0819454, 78.85403, -61.362698), (0.30513978, 5.683228, -99.83792), (68.87701, 3.4619708, -72.415276), (39.25234, 54.69197, -73.94621), (14.209272, 16.583843, -97.586235), (0.038146097, 1.3141685e-17, -100), (-59.180588, 80.60804, -0.038144108), (-37.384758, 52.43403, -76.50524), (-3.795523, 78.513916, -61.815525), (-3.9290116, 99.922775, -0.038145747), (-68.390594, 3.3089147, -72.88194), (-37.384758, 52.43403, -76.50524), (-59.180588, 80.60804, -0.038144108), (-99.96853, 2.5082736, -0.038148645), (-3.5095239, 68.91255, -72.37916), (-34.981308, 46.883347, -81.106476), (-0.6866576, 0.7915637, -99.99452), (-0.114443414, 1.0013798, -99.99493), (-64.43118, 76.47626, -0.076295055), (-34.981308, 46.883347, -81.106476), (-3.5095239, 68.91255, -72.37916), (-6.198643, 99.80769, -0.05721825), (-61.286552, 0.61038584, -79.01635), (-34.981308, 46.883347, -81.106476), (-64.43118, 76.47626, -0.076295055), (-99.96972, 2.4603822, -0.047681823), (-0.6866576, 0.7915637, -99.99452), (-34.981308, 46.883347, -81.106476), (-61.286552, 0.61038584, -79.01635), (-3.2997267, 0.11444139, -99.94548), (1.7547611, 2.02179, -99.964165), (34.846436, 47.46325, -80.82675), (3.4713712, 68.969666, -72.32659), (0.11444261, 1.068131, -99.994225), (61.29931, 2.3173199, -78.97483), (34.846436, 47.46325, -80.82675), (1.7547611, 2.02179, -99.964165), (3.4903975, 0.20980531, -99.93885), (64.09904, 76.75481, -0.10967697), (34.846436, 47.46325, -80.82675), (61.29931, 2.3173199, -78.97483), (99.926414, 3.833787, -0.119209796), (3.4713712, 68.969666, -72.32659), (34.846436, 47.46325, -80.82675), (64.09904, 76.75481, -0.10967697), (6.141641, 99.8112, -0.06198862), (64.15622, 76.70707, -0.07629697), (40.185722, 59.954353, -69.21405), (68.901665, 2.7942128, -72.42066), (99.94918, 3.1850994, -0.13350716), (3.9291067, 85.353165, -51.95576), (40.185722, 59.954353, -69.21405), (64.15622, 76.70707, -0.07629697), (4.119817, 99.91509, -0.03814645), (1.3923179, 2.7941723, -99.951256), (40.185722, 59.954353, -69.21405), (3.9291067, 85.353165, -51.95576), (0.30515832, 9.183358, -99.57697), (68.901665, 2.7942128, -72.42066), (40.185722, 59.954353, -69.21405), (1.3923179, 2.7941723, -99.951256), (7.801646, 0.1335245, -99.69512), (-58.965057, 80.76582, -0.057219855), (-38.203728, 54.864216, -74.366615), (-3.7193687, 82.89424, -55.809605), (-4.119817, 99.91509, -0.019073226), (-68.74327, 3.52872, -72.53903), (-38.203728, 54.864216, -74.366615), (-58.965057, 80.76582, -0.057219855), (-99.92013, 3.9956608, -0.057217095), (-1.449433, 1.8308629, -99.97274), (-38.203728, 54.864216, -74.366615), (-68.74327, 3.52872, -72.53903), (-7.859243, 0.2765996, -99.6903), (-3.7193687, 82.89424, -55.809605), (-38.203728, 54.864216, -74.366615), (-1.449433, 1.8308629, -99.97274), (-0.49593967, 7.305573, -99.73156), (-3.6620908, 68.854935, -72.42643), (-34.818546, 47.521454, -80.80459), (-0.72480047, 0.83924264, -99.99385), (-0.17166547, 1.6880438, -99.98561), (-58.958836, 80.770355, -0.076297425), (-34.818546, 47.521454, -80.80459), (-3.6620908, 68.854935, -72.42643), (-6.4088154, 99.79441, -0.057221565), (-61.29386, 2.4414546, -78.975334), (-34.818546, 47.521454, -80.80459), (-58.958836, 80.770355, -0.076297425), (-99.92239, 3.9385326, -0.071522996), (-0.72480047, 0.83924264, -99.99385), (-34.818546, 47.521454, -80.80459), (-61.29386, 2.4414546, -78.975334), (-3.4903963, 0.21934186, -99.93883), (1.7547611, 2.02179, -99.964165), (34.82945, 47.475624, -80.82682), (3.681253, 68.84705, -72.432945), (0.1525898, 1.45914, -99.989235), (61.30162, 2.3174071, -78.973045), (34.82945, 47.475624, -80.82682), (1.7547611, 2.02179, -99.964165), (3.4903975, 0.20980531, -99.93885), (58.986576, 80.7501, -0.0762963), (34.82945, 47.475624, -80.82682), (61.30162, 2.3174071, -78.973045), (99.92646, 3.8337886, -0.07152591), (3.681253, 68.84705, -72.432945), (34.82945, 47.475624, -80.82682), (58.986576, 80.7501, -0.0762963), (6.4088154, 99.79441, -0.057221565), (-58.937317, 80.78609, -0.03814713), (-50.41167, 69.42811, -51.36536), (-69.94588, 2.4888718, -71.42394), (-99.92201, 3.9484313, -0.057223637), (-5.32115, 79.89353, -59.905846), (-50.41167, 69.42811, -51.36536), (-58.937317, 80.78609, -0.03814713), (-6.38982, 99.79564, -0.03814818), (-69.94588, 2.4888718, -71.42394), (-50.41167, 69.42811, -51.36536), (-5.32115, 79.89353, -59.905846), (-8.583826, 3.4144552, -99.57238), (59.01433, 80.72985, -0.038147595), (50.266975, 69.43538, -51.497185), (5.130841, 79.8809, -59.939285), (6.408816, 99.79441, -0.038147714), (69.815346, 2.4988554, -71.55119), (50.266975, 69.43538, -51.497185), (59.01433, 80.72985, -0.038147595), (99.92648, 3.833789, -0.057220735), (5.130841, 79.8809, -59.939285), (50.266975, 69.43538, -51.497185), (69.815346, 2.4988554, -71.55119), (8.201834, 3.4142518, -99.60459), (58.94808, 80.77823, -0.057221882), (38.352524, 54.744366, -74.37834), (68.62645, 3.4999871, -72.650955), (99.92425, 3.8912945, -0.05722492), (3.3948514, 79.82669, -60.134644), (38.352524, 54.744366, -74.37834), (58.94808, 80.77823, -0.057221882), (4.1959767, 99.91193, -0.03814524), (1.9454823, 2.7084165, -99.94438), (38.352524, 54.744366, -74.37834), (3.3948514, 79.82669, -60.134644), (0.038145985, 1.401865, -99.990166), (68.62645, 3.4999871, -72.650955), (38.352524, 54.744366, -74.37834), (1.9454823, 2.7084165, -99.94438), (7.47707, 0.2765753, -99.719696), (-63.441593, 77.29917, -0.057223324), (-37.056866, 56.977554, -73.35085), (-1.8691028, 73.93446, -67.30678), (-4.234457, 99.9103, -0.03814826), (-56.438095, 2.8610053, -82.501854), (-37.056866, 56.977554, -73.35085), (-63.441593, 77.29917, -0.057223324), (-99.94646, 3.2711484, -0.076295), (-0.305196, 0.18121012, -99.99937), (-1.8691028, 73.93446, -67.30678), (-37.056866, 56.977554, -73.35085), (-56.438095, 2.8610053, -82.501854), (-58.997353, 80.742256, -0.03814895), (-50.34923, 69.420906, -51.436317), (-68.991066, 2.1458378, -72.35764), (-99.926834, 3.8242662, -0.057220936), (-1.1443734, 81.73687, -57.60013), (-50.34923, 69.420906, -51.436317), (-58.997353, 80.742256, -0.03814895), (-1.3732609, 99.990555, -0.057219204), (-68.991066, 2.1458378, -72.35764), (-50.34923, 69.420906, -51.436317), (-1.1443734, 81.73687, -57.60013), (-1.3733331, 4.4633327, -99.89091), (69.40847, 1.8978134, -71.96432), (50.498116, 69.27637, -51.485195), (59.108253, 80.66112, -0.019073332), (99.94072, 3.4426143, -0.03814531), (3.0136063, 80.242035, -59.59979), (50.498116, 69.27637, -51.485195), (69.40847, 1.8978134, -71.96432), (5.0353875, 3.3759983, -99.81607), (59.108253, 80.66112, -0.019073332), (50.498116, 69.27637, -51.485195), (3.0136063, 80.242035, -59.59979), (3.948055, 99.92203, -0.042913638), (-69.812386, 0.5150094, -71.59585), (-50.561333, 69.395485, -51.262253), (-3.0707495, 80.32585, -59.483852), (-5.168895, 3.3187737, -99.81117), (-59.355682, 80.47921, -0.009536581), (-50.561333, 69.395485, -51.262253), (-69.812386, 0.5150094, -71.59585), (-99.96925, 2.4794433, -0.033377122), (-3.0707495, 80.32585, -59.483852), (-50.561333, 69.395485, -51.262253), (-59.355682, 80.47921, -0.009536581), (-3.948055, 99.92203, -0.042913638), (69.308105, 2.431696, -72.04495), (50.343212, 69.45437, -51.396996), (59.68365, 80.23627, -0.061991643), (99.927536, 3.8048563, -0.10966377), (3.2233894, 80.03161, -59.87112), (50.343212, 69.45437, -51.396996), (69.308105, 2.431696, -72.04495), (5.1499367, 3.2807004, -99.8134), (59.68365, 80.23627, -0.061991643), (50.343212, 69.45437, -51.396996), (3.2233894, 80.03161, -59.87112), (3.8718798, 99.92501, -0.042914923), (-69.2592, 2.575046, -72.08698), (-50.318146, 69.45927, -51.414925), (-3.204306, 80.02182, -59.885235), (-5.130653, 3.2901027, -99.81409), (-58.958847, 80.77038, -0.03814872), (-50.318146, 69.45927, -51.414925), (-69.2592, 2.575046, -72.08698), (-99.92201, 3.9484313, -0.057223637), (-3.204306, 80.02182, -59.885235), (-50.318146, 69.45927, -51.414925), (-58.958847, 80.77038, -0.03814872), (-3.9290116, 99.922775, -0.042913962), (69.31048, 2.4317791, -72.04265), (50.345314, 69.44773, -51.40391), (58.986588, 80.750114, -0.038148157), (99.92648, 3.833789, -0.057220735), (3.204366, 80.04239, -59.857746), (50.345314, 69.44773, -51.40391), (69.31048, 2.4317791, -72.04265), (5.149921, 3.2902272, -99.813095), (58.986588, 80.750114, -0.038148157), (50.345314, 69.44773, -51.40391), (3.204366, 80.04239, -59.857746), (4.0246067, 99.91897, -0.04291642), (-69.32579, 2.3935037, -72.029205), (-50.336094, 69.4577, -51.399464), (-3.204457, 80.04467, -59.854683), (-5.149921, 3.2902272, -99.813095), (-60.044235, 79.9668, -0.033379104), (-50.336094, 69.4577, -51.399464), (-69.32579, 2.3935037, -72.029205), (-99.92937, 3.7576036, -0.057222392), (-3.204457, 80.04467, -59.854683), (-50.336094, 69.4577, -51.399464), (-60.044235, 79.9668, -0.033379104), (-4.062692, 99.91743, -0.04291576), (67.063835, 0.10013797, -74.1784), (40.43695, 46.378513, -78.82821), (0.11444358, 0.138286, -99.99984), (3.623918, 0.009536627, -99.93431), (59.889862, 80.05978, -1.9073204), (40.43695, 46.378513, -78.82821), (67.063835, 0.10013797, -74.1784), (99.948746, 0.26703864, -3.190158), (1.7547213, 71.576416, -69.81216), (40.43695, 46.378513, -78.82821), (59.889862, 80.05978, -1.9073204), (2.2888036, 99.96351, -1.4352707), (0.11444358, 0.138286, -99.99984), (40.43695, 46.378513, -78.82821), (1.7547213, 71.576416, -69.81216), (0.038146585, 0.83445656, -99.996506), (1.8692263, 79.53748, -60.582954), (57.295296, 65.992584, -48.60277), (75.9103, 1.4161658, -65.08164), (5.454945, 3.9720006, -99.77209), (65.617874, 75.45578, -0.8488358), (57.295296, 65.992584, -48.60277), (1.8692263, 79.53748, -60.582954), (2.4795122, 99.96249, -1.1634634), (75.9103, 1.4161658, -65.08164), (57.295296, 65.992584, -48.60277), (65.617874, 75.45578, -0.8488358), (99.9038, 3.6333857, -2.4556346), (15.106142, -79.64341, 58.55537), (90.03399, -35.162373, 25.641563), (82.729935, -56.17598, 0.12872915), (10.375859, -99.459946, 0.24318418), (88.09078, -0.045304377, 47.32877), (90.03399, -35.162373, 25.641563), (15.106142, -79.64341, 58.55537), (13.313184, -0.09775081, 99.10979), (99.99996, -0.0643838, 0.05723004), (90.03399, -35.162373, 25.641563), (88.09078, -0.045304377, 47.32877), (99.99634, -0.0023844987, 0.85603505), (82.729935, -56.17598, 0.12872915), (90.03399, -35.162373, 25.641563), (99.99996, -0.0643838, 0.05723004), (99.99636, -0.85365075, 0.0071534975), (75.98721, 1.6307496, -64.9868), (81.14625, 32.73318, -48.413063), (1.754763, 73.22321, -68.0829), (1.3733118, 6.113145, -99.80353), (99.33967, 9.060358, -7.0384674), (99.93969, -0.104898535, -3.4711876), (99.99659, 0.028614057, 0.8250387), (83.83324, 2.2455332, 54.46967), (79.843124, 49.45372, 34.342464), (100, 0.028615031, 0.014307516), (99.99965, 0.009538311, 0.2670727), (3.2805772, 77.47502, 63.141575), (79.843124, 49.45372, 34.342464), (83.83324, 2.2455332, 54.46967), (18.959301, 8.13972, 97.8483), (60.196472, 79.85188, 0.25272602), (79.843124, 49.45372, 34.342464), (3.2805772, 77.47502, 63.141575), (2.3269393, 99.97256, 0.27179414), (100, 0.028615031, 0.014307516), (79.843124, 49.45372, 34.342464), (60.196472, 79.85188, 0.25272602), (99.99991, 0.13830586, 0), (83.72893, 1.5973343, 54.652676), (58.74725, 67.70716, 44.3227), (1.9836315, 76.53194, 64.33451), (11.329537, 7.128644, 99.100075), (65.61539, 75.46246, 0.19551097), (58.74725, 67.70716, 44.3227), (83.72893, 1.5973343, 54.652676), (99.97755, 2.0979645, 0.30039036), (1.9836315, 76.53194, 64.33451), (58.74725, 67.70716, 44.3227), (65.61539, 75.46246, 0.19551097), (2.517676, 99.96796, 0.26225796), (7.2479577, -79.63455, 60.048374), (68.51433, -58.62439, 43.231552), (83.89252, -1.3829485, 54.407104), (11.787218, -1.5902253, 99.290146), (75.46396, -65.613686, 0.19075824), (68.51433, -58.62439, 43.231552), (7.2479577, -79.63455, 60.048374), (8.77385, -99.6142, 0.1764307), (83.89252, -1.3829485, 54.407104), (68.51433, -58.62439, 43.231552), (75.46396, -65.613686, 0.19075824), (99.977684, -2.090815, 0.30515888), (26.779549, -77.54672, 57.178337), (67.67049, -59.24982, 43.705444), (83.34743, -0.05721791, 55.255814), (30.517704, -0.07152587, 95.229546), (74.77223, -66.40089, 0.19074547), (67.67049, -59.24982, 43.705444), (26.779549, -77.54672, 57.178337), (23.155243, -97.28206, 0.18596675), (83.34743, -0.05721791, 55.255814), (67.67049, -59.24982, 43.705444), (74.77223, -66.40089, 0.19074547), (99.99949, -0.08822923, 0.30761003), (33.79852, -75.28611, 56.4771), (89.71666, -35.653507, 26.071999), (82.322784, -56.770966, 0.13351703), (24.375772, -96.98334, 0.23364882), (87.97344, -1.0634258, 47.534653), (89.71666, -35.653507, 26.071999), (33.79852, -75.28611, 56.4771), (31.357975, -2.131541, 94.93227), (99.99996, -0.05961463, 0.05246087), (89.71666, -35.653507, 26.071999), (87.97344, -1.0634258, 47.534653), (99.99991, -0.004769168, 0.13830586), (82.322784, -56.770966, 0.13351703), (89.71666, -35.653507, 26.071999), (99.99996, -0.05961463, 0.05246087), (99.99999, -0.040537957, 0), (73.621, -67.67506, 0.190728), (66.18567, -60.337204, 44.48459), (27.427906, -77.40802, 57.05882), (23.422369, -97.2181, 0.18596752), (83.24807, -1.8909178, 55.373127), (66.18567, -60.337204, 44.48459), (73.621, -67.67506, 0.190728), (99.9703, -2.4220197, 0.27176204), (27.427906, -77.40802, 57.05882), (66.18567, -60.337204, 44.48459), (83.24807, -1.8909178, 55.373127), (30.06031, -1.9646015, 95.354706), (65.614, -75.46325, 0.31948674), (48.904503, -56.00462, 66.87176), (70.72554, -2.5654223, 70.64925), (99.96062, -2.7827778, 0.36245263), (4.425046, -89.62148, 44.140785), (48.904503, -56.00462, 66.87176), (65.614, -75.46325, 0.31948674), (4.882781, -99.88005, 0.36716226), (70.72554, -2.5654223, 70.64925), (48.904503, -56.00462, 66.87176), (4.425046, -89.62148, 44.140785), (16.02159, -4.925685, 98.58523), (99.98117, -1.4590918, 1.2802815), (89.157455, -36.507534, 26.798264), (87.154495, -0.047677513, 49.03155), (99.99632, -0.0023844982, 0.8584194), (81.608, -57.793743, 0.13830248), (89.157455, -36.507534, 26.798264), (99.98117, -1.4590918, 1.2802815), (99.9975, -0.7082043, 0.004769053), (33.951057, -75.312225, 56.35065), (89.157455, -36.507534, 26.798264), (81.608, -57.793743, 0.13830248), (24.643194, -96.91575, 0.22649993), (87.154495, -0.047677513, 49.03155), (89.157455, -36.507534, 26.798264), (33.951057, -75.312225, 56.35065), (31.967312, -0.0834469, 94.752754), (-87.74313, -0.045302164, 47.97022), (-89.714584, -35.657444, 26.073778), (-99.98117, -1.4590918, 1.2802815), (-99.99632, -0.0023844982, 0.8584194), (-14.15256, -79.82511, 58.5462), (-89.714584, -35.657444, 26.073778), (-87.74313, -0.045302164, 47.97022), (-12.5504675, -0.0953683, 99.20926), (-82.322784, -56.770966, 0.1311328), (-89.714584, -35.657444, 26.073778), (-14.15256, -79.82511, 58.5462), (-9.803741, -99.51799, 0.23841783), (-99.98117, -1.4590918, 1.2802815), (-89.714584, -35.657444, 26.073778), (-82.322784, -56.770966, 0.1311328), (-99.9975, -0.7082043, 0.004769053), (-65.61518, -75.46223, 0.3194925), (-49.630405, -56.868965, 65.59529), (-4.6157036, -89.81072, 43.73475), (-4.844609, -99.881905, 0.36716032), (-72.0202, -2.641631, 69.32612), (-49.630405, -56.868965, 65.59529), (-65.61518, -75.46223, 0.3194925), (-99.96062, -2.7827778, 0.36245263), (-4.6157036, -89.81072, 43.73475), (-49.630405, -56.868965, 65.59529), (-72.0202, -2.641631, 69.32612), (-0.38147384, -4.797034, 99.884155), (-74.79851, -66.371284, 0.19071522), (-67.595825, -59.306087, 43.744644), (-84.18385, -1.873825, 53.94041), (-99.9703, -2.4220197, 0.27176204), (-6.599519, -79.63292, 60.12524), (-67.595825, -59.306087, 43.744644), (-74.79851, -66.371284, 0.19071522), (-8.125362, -99.6692, 0.17643097), (-84.18385, -1.873825, 53.94041), (-67.595825, -59.306087, 43.744644), (-6.599519, -79.63292, 60.12524), (-9.841744, -1.7094309, 99.49984), (75.948204, -0.057218634, 65.05282), (57.2598, -66.01472, 48.614563), (65.615425, -75.4625, 0.1668997), (99.94833, -0.948937, 3.0709317), (3.890997, -79.994316, 59.8813), (57.2598, -66.01472, 48.614563), (75.948204, -0.057218634, 65.05282), (6.5613794, -0.090600446, 99.78447), (65.615425, -75.4625, 0.1668997), (57.2598, -66.01472, 48.614563), (3.890997, -79.994316, 59.8813), (4.882802, -99.88048, 0.21934462), (-75.948204, -0.057218634, 65.05282), (-57.260216, -66.01758, 48.61015), (-3.85287, -79.999504, 59.876842), (-6.5230846, -0.0905984, 99.78698), (-65.615425, -75.4625, 0.16213113), (-57.260216, -66.01758, 48.61015), (-75.948204, -0.057218634, 65.05282), (-99.94833, -0.948937, 3.0709317), (-3.85287, -79.999504, 59.876842), (-57.260216, -66.01758, 48.61015), (-65.615425, -75.4625, 0.16213113), (-4.84463, -99.88234, 0.21934347), (-65.45958, -75.597046, -0.3623928), (-39.901936, -45.233006, -79.760956), (-67.74715, -0.08582832, -73.55486), (-99.998085, -0.23845404, -0.5722897), (1.4496015, -66.9487, -74.268234), (-39.901936, -45.233006, -79.760956), (-65.45958, -75.597046, -0.3623928), (-0.11443703, -99.99889, -0.45774812), (-1.0681115, -2.470008, -99.96379), (-39.901936, -45.233006, -79.760956), (1.4496015, -66.9487, -74.268234), (1.678454, -4.8541656, -99.86801), (-67.74715, -0.08582832, -73.55486), (-39.901936, -45.233006, -79.760956), (-1.0681115, -2.470008, -99.96379), (-4.196177, -0.0095367655, -99.911934), (-93.50928, -35.440266, -0.05244759), (-71.1044, -25.567446, -65.501686), (-78.4923, -0.023843348, -61.95932), (-99.99986, -0.1621207, 0.03814605), (-68.14513, -42.359455, -59.681824), (-71.1044, -25.567446, -65.501686), (-93.50928, -35.440266, -0.05244759), (-84.91107, -52.821476, -0.057217702), (-0.01907305, -0.0047682626, -100), (-71.1044, -25.567446, -65.501686), (-68.14513, -42.359455, -59.681824), (-3.5667412, -2.2220607, -99.91167), (-78.4923, -0.023843348, -61.95932), (-71.1044, -25.567446, -65.501686), (-0.01907305, -0.0047682626, -100), (-0.8010806, -2.759797e-16, -99.99679), (-92.215416, -38.682213, -0.061998367), (-80.15597, -26.510414, -53.5931), (-63.915157, -39.753857, -65.83681), (-84.90788, -52.82659, -0.057228412), (-70.477776, -1.015681, -70.93555), (-80.15597, -26.510414, -53.5931), (-92.215416, -38.682213, -0.061998367), (-99.99008, -1.4067662, -0.081067875), (-63.915157, -39.753857, -65.83681), (-80.15597, -26.510414, -53.5931), (-70.477776, -1.015681, -70.93555), (-1.4114355, -0.6675709, -99.987816), (1.2968583, 4.467797e-16, 99.99159), (0.5054294, 0.023841009, 99.998726), (1.1444628, 1.0538595, 99.9879), (1.2015153, -0.04767918, 99.992775), (2.0789094, -0.047681414, 99.978386), (1.2968583, 4.467797e-16, 99.99159), (1.773853, 6.111088e-16, 99.984276), (0.019072639, -5.893445, 99.82619), (0.19073841, -3.2520897, 99.94692), (2.880258, -2.6990497, 99.922066), (0.057217132, -0.8391845, 99.99647), (1.2968583, 4.467797e-16, 99.99159), (1.1444628, 1.0538595, 99.9879), (2.1552565, -2.6034737, 99.94286), (99.58756, 0.01907077, 9.072919), (99.99659, 0.028614057, 0.8250387), (99.93969, -0.104898535, -3.4711876), (99.99996, -0.0643838, 0.05723004), (99.99634, -0.0023844987, 0.85603505), (99.98963, 3.4447356e-14, -1.4401406), (99.9038, 3.6333857, -2.4556346), (-3.4450768e-14, 99.999535, -0.3099356), (-3.4449813e-14, 99.99676, -0.80588704), (-3.44486e-14, 99.99324, -1.1634883), (-3.4450927e-14, 100, 0), (-0.07629218, 99.99997, -0.019073045), (-3.4450927e-14, 100, 0), (-3.4450927e-14, 100, 0), (-0.038146097, 100, -0.033377837), (-3.4450727e-14, 99.99941, -0.3433129), (-3.4450927e-14, 100, 0), (-0.53403735, 99.9985, -0.12397296), (99.99555, 0.09536101, -0.93930596), (99.98161, 0.03814636, -1.9168547), (99.004234, 14.075347, -0.21456322), (99.99941, 0.22887525, -0.25748467), (-2.4986205, 0.1525875, -99.96866), (5.7793956, 1.9910553e-15, -99.832855), (4.2725363, 1.4719284e-15, -99.90868), (-0.5149808, 0.60081095, -99.99687), (0, 0, -100), (-0.13351241, 1.3160509, -99.99126), (-0.6866571, 0.80109984, -99.99444), (0.9918257, 1.153951, -99.98843), (0, 0, -100), (0.9918257, 1.153951, -99.98843), (0.40054443, 3.6907306, -99.93106), (0, 0, -100), (-6.5052157e-16, 1.8882556, -99.98218), (-0.6866576, 0.7915637, -99.99452), (0.9918257, 1.153951, -99.98843), (0, 0, -100), (0.9918257, 1.153951, -99.98843), (0.26702702, 2.3078763, -99.97301), (-31.225988, -2.8803449, -94.956), (-11.349919, 2.3462858, -99.3261), (-9.461071, 6.7524576, -99.322174), (-27.579762, 10.051545, -95.59458), (-9.040586, 0.44821474, -99.5895), (2.1742067, 0.44819173, -99.975365), (-2.2696013, 1.8118666, -99.95782), (-4.672935, 2.1648088, -99.8673), (-2.2696013, 1.8118666, -99.95782), (-1.0109963, -0.57226205, -99.993256), (-3.566884, 10.195185, -99.41497), (-4.672935, 2.1648088, -99.8673), (-5.9705677, 0.3433553, -99.82102), (5.2258215, 0.34330213, -99.86278), (0.72470945, 1.144278, -99.99083), (-2.5937486, 2.4793186, -99.93561), (0.72470945, 1.144278, -99.99083), (0.19072604, 4.415308, -99.902306), (-4.093522e-15, 11.882183, -99.291565), (-2.5937486, 2.4793186, -99.93561), (0, 0, -100), (14.209272, 16.583843, -97.586235), (0.30513978, 5.683228, -99.83792), (-1.5259573, -5.257065e-16, -99.988365), (-2.1744359, -0.023842497, -99.97636), (-2.517704, -0.89645517, -99.96429), (-0.32427105, -0.02384346, -99.999466), (-1.5259573, -5.257065e-16, -99.988365), (-1.73578, -1.0872469, -99.97903), (0, 0, -100), (-0.07629258, 3.0707762, -99.95281), (-0.72480047, 0.83924264, -99.99385), (1.7547611, 2.02179, -99.964165), (0, 0, -100), (1.7547611, 2.02179, -99.964165), (0.1525898, 1.45914, -99.989235), (0, 0, -100), (-0.17166547, 1.6880438, -99.98561), (-0.72480047, 0.83924264, -99.99385), (1.7547611, 2.02179, -99.964165), (0, 0, -100), (1.7547611, 2.02179, -99.964165), (0.11444261, 1.068131, -99.994225), (0, 0, -100), (1.0108973, 1.1539488, -99.98823), (-1.0743738e-15, 3.1185627, -99.95136), (0, 0, -100), (-0.114443414, 1.0013798, -99.99493), (-0.6866576, 0.7915637, -99.99452), (1.0108973, 1.1539488, -99.98823), (99.99999, 3.4450927e-14, -0.0333842), (99.99991, 0.13830586, 0), (99.99995, 0.104921736, 0), (99.999565, 3.4450778e-14, -0.29568738), (99.58756, 0.01907077, 9.072919), (99.81624, 3.438762e-14, 6.059726), (99.99965, 0.009538311, 0.2670727), (100, 0.028615031, 0.014307516), (99.94833, -0.948937, 3.0709317), (99.98117, -1.4590918, 1.2802815), (99.99632, -0.0023844982, 0.8584194), (-99.94833, -0.948937, 3.0709317), (-99.98117, -1.4590918, 1.2802815), (-99.9975, -0.7082043, 0.004769053), (-37.384758, 52.43403, -76.50524), (-0.64855593, 2.2317953, -99.97299), (-0.19073422, 5.4836082, -99.84936), (-3.795523, 78.513916, -61.815525), (-68.390594, 3.3089147, -72.88194), (-7.0765743, 0.15259458, -99.749176), (-0.64855593, 2.2317953, -99.97299), (-37.384758, 52.43403, -76.50524), (-7.0765743, 0.15259458, -99.749176), (7.801646, 0.1335245, -99.69512), (1.3923179, 2.7941723, -99.951256), (-0.64855593, 2.2317953, -99.97299), (-8.583826, 3.4144552, -99.57238), (8.201834, 3.4142518, -99.60459), (7.47707, 0.2765753, -99.719696), (-7.859243, 0.2765996, -99.6903), (-2.2899776e-14, 66.47071, -74.7104), (-6.8599682e-15, 19.912289, -97.99745), (-0.019074723, 3.4048383, -99.94202), (-0.2098107, 64.8029, -76.161285), (-3.4450504e-14, 99.99877, -0.49589318), (-2.2899776e-14, 66.47071, -74.7104), (-0.2098107, 64.8029, -76.161285), (-0.26701874, 99.99851, -0.47681916), (-0.26701874, 99.99851, -0.47681916), (-0.26701847, 99.99842, 0.49589148), (-3.4450504e-14, 99.99877, 0.49589318), (-3.4450504e-14, 99.99877, -0.49589318), (-2.6277544e-14, 76.27528, 64.66901), (-3.4450504e-14, 99.99877, 0.49589318), (-0.26701847, 99.99842, 0.49589148), (-0.2098281, 75.69071, 65.35191), (-2.06675e-15, 5.9991126, 99.81989), (-2.6277544e-14, 76.27528, 64.66901), (-0.2098281, 75.69071, 65.35191), (-0.038148843, 6.0561285, 99.816444), (2.4605968e-15, -7.142324, 99.744606), (-2.06675e-15, 5.9991126, 99.81989), (-0.038148843, 6.0561285, 99.816444), (0.019072661, -7.0664215, 99.75002), (2.9486782e-14, -85.590675, 51.71302), (2.4605968e-15, -7.142324, 99.744606), (0.019072661, -7.0664215, 99.75002), (0.28610668, -85.48867, 51.880676), (3.445007e-14, -99.997505, 0.70575255), (2.9486782e-14, -85.590675, 51.71302), (0.28610668, -85.48867, 51.880676), (0.32426342, -99.997116, 0.6866755), (3.445007e-14, -99.997505, 0.70575255), (0.32426342, -99.997116, 0.6866755), (0.30516273, -99.99801, 0.55310744), (3.4450365e-14, -99.99836, 0.5721821), (2.4399882e-14, -70.825035, 70.596146), (3.4450365e-14, -99.99836, 0.5721821), (0.30516273, -99.99801, 0.55310744), (0.24795312, -85.58197, 51.726837), (2.3654478e-16, -0.6866136, 99.99764), (2.4399882e-14, -70.825035, 70.596146), (0.24795312, -85.58197, 51.726837), (0.19073841, -3.2520897, 99.94692), (0.30513978, 5.683228, -99.83792), (-0.19073422, 5.4836082, -99.84936), (-6.8599682e-15, 19.912289, -97.99745), (0, 0, -100), (-0.64855593, 2.2317953, -99.97299), (1.3923179, 2.7941723, -99.951256), (-6.8599682e-15, 19.912289, -97.99745), (-0.19073422, 5.4836082, -99.84936), (-0.49593967, 7.305573, -99.73156), (-1.449433, 1.8308629, -99.97274), (1.9454823, 2.7084165, -99.94438), (-6.8599682e-15, 19.912289, -97.99745), (-0.019074723, 3.4048383, -99.94202), (-6.8599682e-15, 19.912289, -97.99745), (0.038145985, 1.401865, -99.990166), (-0.305196, 0.18121012, -99.99937), (0.038145985, 1.401865, -99.990166), (-6.8599682e-15, 19.912289, -97.99745), (1.9454823, 2.7084165, -99.94438), (-6.8599682e-15, 19.912289, -97.99745), (1.3923179, 2.7941723, -99.951256), (0.30515832, 9.183358, -99.57697), (-0.49593967, 7.305573, -99.73156), (0.019072639, -5.893445, 99.82619), (2.3654478e-16, -0.6866136, 99.99764), (0.19073841, -3.2520897, 99.94692), (-3.4450927e-14, 100, 0), (1.1443722, 99.98953, -0.88688856), (-3.4450927e-14, 100, 0), (3.0517218, 99.95343, -0.019073261), (-0.01907305, 100, -0.01907305), (-3.4450927e-14, 100, 0), (11.672816, 99.31431, -0.64372146), (0.009536525, 3.2854214e-18, 100), (0.057221588, -0.31471872, 99.99949), (0.01907305, -0.0047682626, 100), (-0.019073045, -0.06675565, 99.99997), (-0.019073045, -0.06675565, 99.99997), (0.057221323, -0.4386968, 99.99902), (0.009536525, 3.2854214e-18, 100), (-1.4114355, -0.6675709, -99.987816), (-70.477776, -1.015681, -70.93555), (-68.022934, -2.2985873, -73.2639), (-0.6675737, -0.04291545, -99.997765), (-70.477776, -1.015681, -70.93555), (-99.99008, -1.4067662, -0.081067875), (-99.975174, -2.2270753, -0.08107126), (-68.022934, -2.2985873, -73.2639), (-99.98582, -1.683279, -0.05722195), (-99.97389, -2.284273, -0.057226036), (-99.975174, -2.2270753, -0.08107126), (-99.99008, -1.4067662, -0.081067875), (-0.6675737, -0.04291545, -99.997765), (0, 0, -100), (-3.5667412, -2.2220607, -99.91167), (-1.4114355, -0.6675709, -99.987816), (0, 0, -100), (0, 0, -100), (-1.182558, 0.14305137, -99.99291), (-1.1444162, -0.13828361, -99.99336), (0, 0, -100), (0, 0, -100), (-1.4114652, 0.16212776, -99.989914), (-1.1062738, -0.12874739, -99.9938), (-0.7629514, -0.74387765, -99.994316), (-0.13351375, -3.4665895, -99.93981), (-0.19073935, 3.519141, -99.93788), (-1.0681211, 1.0728894, -99.98853), (-0.782023, -0.7629492, -99.99403), (-0.20980425, -3.6381965, -99.933586), (-0.20980461, 3.6334343, -99.933754), (-1.4114647, 1.3923908, -99.98034), (-0.801094, -0.78678876, -99.993706), (-0.20980425, -3.6381965, -99.933586), (-0.20980425, 3.6381965, -99.933586), (-1.7357153, 1.6975677, -99.97052), (-1.5831089, 73.92451, -67.32504), (-2.6131124, 99.96586, -0.03337917), (-2.6321728, 99.96535, -0.047684293), (-1.4876906, 65.296265, -75.7244), (-2.9373143, 5.7315774, -99.7924), (-1.5831089, 73.92451, -67.32504), (-1.4876906, 65.296265, -75.7244), (-0.19073935, 3.519141, -99.93788), (-72.12652, 69.26587, -0.07628399), (-72.15473, 69.2365, -0.03814683), (-99.99911, 0.41960335, -0.057218637), (-99.99911, 0.4196834, -0.047691297), (-2.6321728, 99.96535, -0.038147435), (-72.15473, 69.2365, -0.03814683), (-72.12652, 69.26587, -0.07628399), (-2.6321728, 99.96535, -0.047684293), (-72.19207, -69.19757, -0.038146403), (-2.9181862, -99.957405, -0.05721933), (-2.8991284, -99.95794, -0.06675625), (-72.19443, -69.19507, -0.08106376), (-99.97389, -2.284273, -0.057226036), (-72.19207, -69.19757, -0.038146403), (-72.19443, -69.19507, -0.08106376), (-99.975174, -2.2270753, -0.08107126), (-1.9835871, -73.86478, -67.379974), (-2.8609824, -5.8745503, -99.78629), (-0.20980425, -3.6381965, -99.933586), (-1.8500865, -65.32522, -75.69143), (-2.861014, -99.95905, -0.05245192), (-1.9835871, -73.86478, -67.379974), (-1.8500865, -65.32522, -75.69143), (-2.8991284, -99.95794, -0.06675625), (-2.6321728, 99.96535, -0.038147435), (-2.8038461, 73.63911, -67.59749), (-2.0980806, 74.510475, -66.66174), (-2.6321728, 99.96535, -0.038147435), (-99.86651, -5.1650157, -0.05723009), (-73.837036, -4.701842, -67.275444), (-74.232155, 5.0638843, -66.81275), (-99.86627, 5.1697726, -0.057229955), (-64.30193, 4.2489634, -76.46703), (-99.674255, 8.064553, -0.07153655), (-99.671196, -8.102457, -0.06676539), (-64.24139, -4.2916603, -76.51553), (-1.4114652, 0.16212776, -99.989914), (-64.30193, 4.2489634, -76.46703), (-64.24139, -4.2916603, -76.51553), (-1.1062738, -0.12874739, -99.9938), (-67.408615, -73.86527, -0.038148623), (-1.8691889, -99.98253, -0.019073356), (-1.8691887, -99.98253, -0.04291505), (-67.101425, -74.14441, -0.081063405), (-99.682396, -7.9635286, -0.03814864), (-67.408615, -73.86527, -0.038148623), (-67.101425, -74.14441, -0.081063405), (-99.671196, -8.102457, -0.06676539), (-0.45776168, -74.243225, -66.99056), (-2.8800802, -5.850759, -99.78715), (-0.13351375, -3.4665895, -99.93981), (-0.49592057, -65.389984, -75.6565), (-1.8882552, -99.98216, -0.028609928), (-0.45776168, -74.243225, -66.99056), (-0.49592057, -65.389984, -75.6565), (-1.8691887, -99.98253, -0.04291505), (-2.0217948, 73.8575, -67.3868), (-2.899128, 99.957924, -0.095366046), (-2.9181845, 99.95735, -0.10967033), (-1.888278, 65.32202, -75.693245), (-2.8609984, 5.8650465, -99.78686), (-2.0217948, 73.8575, -67.3868), (-1.888278, 65.32202, -75.693245), (-0.20980461, 3.6334343, -99.933754), (-67.78679, 73.51834, -0.07629351), (-99.68654, 7.9114027, -0.05722534), (-99.674255, 8.064553, -0.07153655), (-67.41332, 73.86089, -0.109684944), (-2.9373815, 99.9568, -0.09536953), (-67.78679, 73.51834, -0.07629351), (-67.41332, 73.86089, -0.109684944), (-2.9181845, 99.95735, -0.10967033), (-99.85135, -5.450339, -0.038147602), (-78.58927, -4.6638536, -61.660152), (-81.5703, 5.0123005, -57.62953), (-99.85291, 5.4218125, -0.0190741), (-3.01361, -99.954575, -0.057220437), (-2.0597796, -74.447685, -66.73305), (-2.861046, -73.51458, -67.7305), (-3.0517213, -99.95341, -0.057219774), (-64.12585, 4.506167, -76.60007), (-99.647156, 8.392946, -0.06676207), (-99.647156, -8.392946, -0.06676207), (-64.13053, -4.506496, -76.59612), (-1.182558, 0.14305137, -99.99291), (-64.12585, 4.506167, -76.60007), (-64.13053, -4.506496, -76.59612), (-1.1444162, -0.13828361, -99.99336), (-72.25993, -69.12669, -0.038152024), (-3.01361, -99.954575, -0.057220437), (-3.0136096, -99.95456, -0.06675717), (-72.23174, -69.15612, -0.081062816), (-99.64875, -8.374005, -0.057225548), (-72.25993, -69.12669, -0.038152024), (-72.23174, -69.15612, -0.081062816), (-99.647156, -8.392946, -0.06676207), (-2.1362247, -73.8285, -67.41506), (-2.8610222, -5.8507905, -99.78769), (-0.20980425, -3.6381965, -99.933586), (-1.983671, -65.318085, -75.694214), (-3.01361, -99.954575, -0.052452073), (-2.1362247, -73.8285, -67.41506), (-1.983671, -65.318085, -75.694214), (-3.0136096, -99.95456, -0.06675717), (-2.02173, 73.855125, -67.389404), (-2.9181862, 99.957405, -0.05245106), (-2.9181855, 99.95739, -0.066755876), (-1.888278, 65.32202, -75.693245), (-2.8609903, 5.8697987, -99.78657), (-2.02173, 73.855125, -67.389404), (-1.888278, 65.32202, -75.693245), (-0.20980425, 3.6381965, -99.933586), (-72.18293, 69.2071, -0.038151655), (-99.64556, 8.411887, -0.038149145), (-99.647156, 8.392946, -0.06676207), (-72.21309, 69.175606, -0.08106329), (-2.9181862, 99.957405, -0.05721933), (-72.18293, 69.2071, -0.038151655), (-72.21309, 69.175606, -0.08106329), (-2.9181855, 99.95739, -0.066755876), (-75.63041, 6.2755117, -65.12036), (-2.9757898, 9.351801, -99.51728), (-2.9753735, -9.793939, -99.47475), (-75.65473, -6.5239334, -65.06765), (-99.64556, 8.411887, -0.038149145), (-75.63041, 6.2755117, -65.12036), (-75.65473, -6.5239334, -65.06765), (-99.64875, -8.374005, -0.057225548), (-2.9564397, 99.956276, -0.057221416), (-2.841805, 73.395805, -67.860016), (-2.0599153, 74.323845, -66.87096), (-2.9181862, 99.957405, -0.05721933), (-99.84553, -5.555982, -0.038152665), (-69.23945, -2.4558067, -72.110115), (-75.1837, 4.2150173, -65.80004), (-99.84659, 5.5369644, -0.03815307), (-1.773716, -73.57107, -67.70637), (-2.1172624, -2.3461556, -99.95005), (-0.22889647, -0.34811336, -99.99914), (-2.2124765, -60.700054, -79.43935), (-2.9181862, -99.957405, -0.05721933), (-1.773716, -73.57107, -67.70637), (-2.2124765, -60.700054, -79.43935), (-2.5367453, -99.96779, -0.07629309), (-76.094025, -3.7722723, -64.77244), (-99.865776, -5.1792855, -0.052460536), (-99.86602, 5.174529, -0.052460663), (-76.01768, 3.6721213, -64.86778), (-2.8800802, -5.850759, -99.78715), (-76.094025, -3.7722723, -64.77244), (-76.01768, 3.6721213, -64.86778), (-2.9373143, 5.7315774, -99.7924), (-72.105835, 69.287415, -0.05722686), (-2.6321728, 99.96535, -0.038147435), (-2.6131124, 99.96586, -0.03337917), (-72.0987, 69.29487, -0.01907373), (-99.86627, 5.1697726, -0.057229955), (-72.105835, 69.287415, -0.05722686), (-72.0987, 69.29487, -0.01907373), (-99.86602, 5.174529, -0.052460663), (-72.031044, -69.36517, -0.03815204), (-99.86651, -5.1650157, -0.05723009), (-99.865776, -5.1792855, -0.052460536), (-71.876434, -69.52538, -0.009537743), (-1.9073217, -99.981804, -0.038146436), (-72.031044, -69.36517, -0.03815204), (-71.876434, -69.52538, -0.009537743), (-1.8882552, -99.98216, -0.028609928), (-75.78161, -3.924507, -65.1287), (-99.8675, -5.14599, -0.047692217), (-99.86999, 5.097451, -0.052452724), (-75.78838, 3.9343958, -65.12021), (-2.8610222, -5.8507905, -99.78769), (-75.78161, -3.924507, -65.1287), (-75.78838, 3.9343958, -65.12021), (-2.8609984, 5.8650465, -99.78686), (-67.336075, 73.93138, -0.0763015), (-2.4604983, 99.96966, -0.11444178), (-2.899128, 99.957924, -0.095366046), (-71.566154, 69.84471, -0.06675947), (-99.85291, 5.4218125, -0.0190741), (-67.336075, 73.93138, -0.0763015), (-71.566154, 69.84471, -0.06675947), (-99.86999, 5.097451, -0.052452724), (-72.18293, -69.2071, -0.05722748), (-99.85135, -5.450339, -0.038147602), (-99.8675, -5.14599, -0.047692217), (-72.231766, -69.15614, -0.038147222), (-3.0517213, -99.95341, -0.057219774), (-72.18293, -69.2071, -0.05722748), (-72.231766, -69.15614, -0.038147222), (-3.01361, -99.954575, -0.052452073), (-75.80841, -3.9296763, -65.09718), (-99.858025, -5.326715, -0.05245646), (-99.8608, 5.2744055, -0.047689017), (-75.80841, 3.9296763, -65.09718), (-2.8609824, -5.8745503, -99.78629), (-75.80841, -3.9296763, -65.09718), (-75.80841, 3.9296763, -65.09718), (-2.8609903, 5.8697987, -99.78657), (-72.213104, 69.17561, -0.05722116), (-2.9564397, 99.956276, -0.057221416), (-2.9181862, 99.957405, -0.05245106), (-72.2016, 69.18763, -0.03338251), (-99.84659, 5.5369644, -0.03815307), (-72.213104, 69.17561, -0.05722116), (-72.2016, 69.18763, -0.03338251), (-99.8608, 5.2744055, -0.047689017), (-68.054245, -73.27084, -0.0572205), (-99.84553, -5.555982, -0.038152665), (-99.858025, -5.326715, -0.05245646), (-71.25928, -70.157776, -0.033378944), (-2.5367453, -99.96779, -0.07629309), (-68.054245, -73.27084, -0.0572205), (-71.25928, -70.157776, -0.033378944), (-2.861014, -99.95905, -0.05245192), (-99.86651, -5.1650157, -0.05723009), (-99.86627, 5.1697726, -0.057229955), (-99.86602, 5.174529, -0.052460663), (-99.865776, -5.1792855, -0.052460536), (-0.13351375, -3.4665895, -99.93981), (-2.8800802, -5.850759, -99.78715), (-2.9373143, 5.7315774, -99.7924), (-0.19073935, 3.519141, -99.93788), (-1.8691889, -99.98253, -0.019073356), (-1.9073217, -99.981804, -0.038146436), (-1.8882552, -99.98216, -0.028609928), (-1.8691887, -99.98253, -0.04291505), (-99.85135, -5.450339, -0.038147602), (-99.85291, 5.4218125, -0.0190741), (-99.86999, 5.097451, -0.052452724), (-99.8675, -5.14599, -0.047692217), (-2.4604983, 99.96966, -0.11444178), (-2.9373815, 99.9568, -0.09536953), (-2.9181845, 99.95735, -0.10967033), (-2.899128, 99.957924, -0.095366046), (-0.20980425, -3.6381965, -99.933586), (-2.8610222, -5.8507905, -99.78769), (-2.8609984, 5.8650465, -99.78686), (-0.20980461, 3.6334343, -99.933754), (-3.01361, -99.954575, -0.057220437), (-3.0517213, -99.95341, -0.057219774), (-3.01361, -99.954575, -0.052452073), (-3.0136096, -99.95456, -0.06675717), (-99.84553, -5.555982, -0.038152665), (-99.84659, 5.5369644, -0.03815307), (-99.8608, 5.2744055, -0.047689017), (-99.858025, -5.326715, -0.05245646), (-2.9564397, 99.956276, -0.057221416), (-2.9181862, 99.957405, -0.05721933), (-2.9181855, 99.95739, -0.066755876), (-2.9181862, 99.957405, -0.05245106), (-2.9181862, -99.957405, -0.05721933), (-2.5367453, -99.96779, -0.07629309), (-2.861014, -99.95905, -0.05245192), (-2.8991284, -99.95794, -0.06675625), (-0.20980425, -3.6381965, -99.933586), (-2.8609824, -5.8745503, -99.78629), (-2.8609903, 5.8697987, -99.78657), (-0.20980425, 3.6381965, -99.933586), (-2.6321728, 99.96535, -0.038147435), (-2.6321728, 99.96535, -0.038147435), (-2.6321728, 99.96535, -0.047684293), (-2.6131124, 99.96586, -0.03337917), (-99.64875, -8.374005, -0.057225548), (-99.647156, -8.392946, -0.06676207), (-99.647156, 8.392946, -0.06676207), (-99.64556, 8.411887, -0.038149145), (-99.68654, 7.9114027, -0.05722534), (-99.682396, -7.9635286, -0.03814864), (-99.671196, -8.102457, -0.06676539), (-99.674255, 8.064553, -0.07153655), (-2.8038461, 73.63911, -67.59749), (-1.478567e-16, 0.4291806, -99.99908), (-5.684287, 0.41964534, -99.83743), (-2.0980806, 74.510475, -66.66174), (0, 0, -100), (-1.478567e-16, 0.4291806, -99.99908), (-15.35451, 15.068401, -97.65851), (-4.806809, 0.114447825, -99.88434), (-0.20982309, 0.014306121, -99.99978), (-74.232155, 5.0638843, -66.81275), (-73.837036, -4.701842, -67.275444), (-2.9753735, -9.793939, -99.47475), (-0.2670371, -9.0887985, -99.58576), (-2.861046, -73.51458, -67.7305), (-2.0597796, -74.447685, -66.73305), (-78.58927, -4.6638536, -61.660152), (-5.6842275, -0.6199241, -99.836395), (-5.5887074, 0.2861113, -99.84331), (-81.5703, 5.0123005, -57.62953), (-0.22889647, -0.34811336, -99.99914), (-1.6020833, 0.047681052, -99.98716), (-75.1837, 4.2150173, -65.80004), (-69.23945, -2.4558067, -72.110115), (-2.841805, 73.395805, -67.860016), (-0.26703623, 8.6643715, -99.62358), (-2.9757898, 9.351801, -99.51728), (-2.0599153, 74.323845, -66.87096), (-1.2589173, 0.8392782, -99.988556), (-1.2970091, -1.2207144, -99.98414), (-0.2670371, -9.0887985, -99.58576), (-0.26703623, 8.6643715, -99.62358), (-1.0681211, 1.0728894, -99.98853), (-41.50329, 39.92498, -81.75251), (-72.67991, 0.26222742, -68.68452), (-3.3568857, 0.019073213, -99.943634), (-1.4876906, 65.296265, -75.7244), (-41.50329, 39.92498, -81.75251), (-1.0681211, 1.0728894, -99.98853), (-0.19073935, 3.519141, -99.93788), (-72.12652, 69.26587, -0.07628399), (-41.50329, 39.92498, -81.75251), (-1.4876906, 65.296265, -75.7244), (-2.6321728, 99.96535, -0.047684293), (-72.67991, 0.26222742, -68.68452), (-41.50329, 39.92498, -81.75251), (-72.12652, 69.26587, -0.07628399), (-99.99911, 0.4196834, -0.047691297), (-0.801094, -0.78678876, -99.993706), (-41.59989, -39.897556, -81.7168), (-1.8500865, -65.32522, -75.69143), (-0.20980425, -3.6381965, -99.933586), (-68.022934, -2.2985873, -73.2639), (-41.59989, -39.897556, -81.7168), (-0.801094, -0.78678876, -99.993706), (-0.6675737, -0.04291545, -99.997765), (-72.19443, -69.19507, -0.08106376), (-41.59989, -39.897556, -81.7168), (-68.022934, -2.2985873, -73.2639), (-99.975174, -2.2270753, -0.08107126), (-1.8500865, -65.32522, -75.69143), (-41.59989, -39.897556, -81.7168), (-72.19443, -69.19507, -0.08106376), (-2.8991284, -99.95794, -0.06675625), (-72.15473, 69.2365, -0.03814683), (-61.546177, 58.899906, -52.37242), (-76.33971, 0.31466526, -64.5922), (-99.99911, 0.41960335, -0.057218637), (-2.0980806, 74.510475, -66.66174), (-61.546177, 58.899906, -52.37242), (-72.15473, 69.2365, -0.03814683), (-2.6321728, 99.96535, -0.038147435), (-76.33971, 0.31466526, -64.5922), (-61.546177, 58.899906, -52.37242), (-2.0980806, 74.510475, -66.66174), (-5.684287, 0.41964534, -99.83743), (-72.105835, 69.287415, -0.05722686), (-47.74328, 45.63555, -75.08646), (-2.8038461, 73.63911, -67.59749), (-2.6321728, 99.96535, -0.038147435), (-74.232155, 5.0638843, -66.81275), (-47.74328, 45.63555, -75.08646), (-72.105835, 69.287415, -0.05722686), (-99.86627, 5.1697726, -0.057229955), (-15.35451, 15.068401, -97.65851), (-47.74328, 45.63555, -75.08646), (-74.232155, 5.0638843, -66.81275), (-0.20982309, 0.014306121, -99.99978), (-2.8038461, 73.63911, -67.59749), (-47.74328, 45.63555, -75.08646), (-15.35451, 15.068401, -97.65851), (-1.478567e-16, 0.4291806, -99.99908), (-72.031044, -69.36517, -0.03815204), (-45.60736, -43.542534, -77.61453), (-73.837036, -4.701842, -67.275444), (-99.86651, -5.1650157, -0.05723009), (-2.7082539, -73.189606, -68.08779), (-45.60736, -43.542534, -77.61453), (-72.031044, -69.36517, -0.03815204), (-1.9073217, -99.981804, -0.038146436), (-64.24139, -4.2916603, -76.51553), (-41.08648, -40.070763, -81.89162), (-0.7629514, -0.74387765, -99.994316), (-1.1062738, -0.12874739, -99.9938), (-67.101425, -74.14441, -0.081063405), (-41.08648, -40.070763, -81.89162), (-64.24139, -4.2916603, -76.51553), (-99.671196, -8.102457, -0.06676539), (-0.49592057, -65.389984, -75.6565), (-41.08648, -40.070763, -81.89162), (-67.101425, -74.14441, -0.081063405), (-1.8691887, -99.98253, -0.04291505), (-0.7629514, -0.74387765, -99.994316), (-41.08648, -40.070763, -81.89162), (-0.49592057, -65.389984, -75.6565), (-0.13351375, -3.4665895, -99.93981), (-1.4114647, 1.3923908, -99.98034), (-41.60234, 39.904675, -81.71207), (-64.30193, 4.2489634, -76.46703), (-1.4114652, 0.16212776, -99.989914), (-1.888278, 65.32202, -75.693245), (-41.60234, 39.904675, -81.71207), (-1.4114647, 1.3923908, -99.98034), (-0.20980461, 3.6334343, -99.933754), (-67.41332, 73.86089, -0.109684944), (-41.60234, 39.904675, -81.71207), (-1.888278, 65.32202, -75.693245), (-2.9181845, 99.95735, -0.10967033), (-64.30193, 4.2489634, -76.46703), (-41.60234, 39.904675, -81.71207), (-67.41332, 73.86089, -0.109684944), (-99.674255, 8.064553, -0.07153655), (-67.336075, 73.93138, -0.0763015), (-53.004974, 47.268646, -70.39991), (-2.3078425, 73.69361, -67.55685), (-2.4604983, 99.96966, -0.11444178), (-81.5703, 5.0123005, -57.62953), (-53.004974, 47.268646, -70.39991), (-67.336075, 73.93138, -0.0763015), (-99.85291, 5.4218125, -0.0190741), (-2.0028539, 1.335236, -99.97102), (-53.004974, 47.268646, -70.39991), (-81.5703, 5.0123005, -57.62953), (-5.5887074, 0.2861113, -99.84331), (-2.3078425, 73.69361, -67.55685), (-53.004974, 47.268646, -70.39991), (-2.0028539, 1.335236, -99.97102), (-0.15257256, 9.02562, -99.59174), (-72.18293, -69.2071, -0.05722748), (-47.972923, -44.577625, -75.57404), (-78.58927, -4.6638536, -61.660152), (-99.85135, -5.450339, -0.038147602), (-2.861046, -73.51458, -67.7305), (-47.972923, -44.577625, -75.57404), (-72.18293, -69.2071, -0.05722748), (-3.0517213, -99.95341, -0.057219774), (-1.2970091, -1.2207144, -99.98414), (-47.972923, -44.577625, -75.57404), (-2.861046, -73.51458, -67.7305), (-0.2670371, -9.0887985, -99.58576), (-78.58927, -4.6638536, -61.660152), (-47.972923, -44.577625, -75.57404), (-1.2970091, -1.2207144, -99.98414), (-5.6842275, -0.6199241, -99.836395), (-64.13053, -4.506496, -76.59612), (-41.656887, -39.887806, -81.69252), (-0.782023, -0.7629492, -99.99403), (-1.1444162, -0.13828361, -99.99336), (-72.23174, -69.15612, -0.081062816), (-41.656887, -39.887806, -81.69252), (-64.13053, -4.506496, -76.59612), (-99.647156, -8.392946, -0.06676207), (-1.983671, -65.318085, -75.694214), (-41.656887, -39.887806, -81.69252), (-72.23174, -69.15612, -0.081062816), (-3.0136096, -99.95456, -0.06675717), (-0.782023, -0.7629492, -99.99403), (-41.656887, -39.887806, -81.69252), (-1.983671, -65.318085, -75.694214), (-0.20980425, -3.6381965, -99.933586), (-1.7357153, 1.6975677, -99.97052), (-41.618904, 39.8975, -81.70714), (-64.12585, 4.506167, -76.60007), (-1.182558, 0.14305137, -99.99291), (-1.888278, 65.32202, -75.693245), (-41.618904, 39.8975, -81.70714), (-1.7357153, 1.6975677, -99.97052), (-0.20980425, 3.6381965, -99.933586), (-72.21309, 69.175606, -0.08106329), (-41.618904, 39.8975, -81.70714), (-1.888278, 65.32202, -75.693245), (-2.9181855, 99.95739, -0.066755876), (-64.12585, 4.506167, -76.60007), (-41.618904, 39.8975, -81.70714), (-72.21309, 69.175606, -0.08106329), (-99.647156, 8.392946, -0.06676207), (-72.25993, -69.12669, -0.038152024), (-61.498695, -58.97599, -52.342564), (-2.0597796, -74.447685, -66.73305), (-3.01361, -99.954575, -0.057220437), (-75.65473, -6.5239334, -65.06765), (-61.498695, -58.97599, -52.342564), (-72.25993, -69.12669, -0.038152024), (-99.64875, -8.374005, -0.057225548), (-2.0597796, -74.447685, -66.73305), (-61.498695, -58.97599, -52.342564), (-75.65473, -6.5239334, -65.06765), (-2.9753735, -9.793939, -99.47475), (-72.18293, 69.2071, -0.038151655), (-61.528492, 58.815403, -52.488037), (-75.63041, 6.2755117, -65.12036), (-99.64556, 8.411887, -0.038149145), (-2.0599153, 74.323845, -66.87096), (-61.528492, 58.815403, -52.488037), (-72.18293, 69.2071, -0.038151655), (-2.9181862, 99.957405, -0.05721933), (-75.63041, 6.2755117, -65.12036), (-61.528492, 58.815403, -52.488037), (-2.0599153, 74.323845, -66.87096), (-2.9757898, 9.351801, -99.51728), (-72.213104, 69.17561, -0.05722116), (-47.85235, 44.691116, -75.58344), (-2.841805, 73.395805, -67.860016), (-2.9564397, 99.956276, -0.057221416), (-75.1837, 4.2150173, -65.80004), (-47.85235, 44.691116, -75.58344), (-72.213104, 69.17561, -0.05722116), (-99.84659, 5.5369644, -0.03815307), (-1.2589173, 0.8392782, -99.988556), (-47.85235, 44.691116, -75.58344), (-75.1837, 4.2150173, -65.80004), (-1.6020833, 0.047681052, -99.98716), (-2.841805, 73.395805, -67.860016), (-47.85235, 44.691116, -75.58344), (-1.2589173, 0.8392782, -99.988556), (-0.26703623, 8.6643715, -99.62358), (-68.054245, -73.27084, -0.0572205), (-51.519787, -42.831425, -74.23733), (-69.23945, -2.4558067, -72.110115), (-99.84553, -5.555982, -0.038152665), (-2.2124765, -60.700054, -79.43935), (-51.519787, -42.831425, -74.23733), (-68.054245, -73.27084, -0.0572205), (-2.5367453, -99.96779, -0.07629309), (-0.22889647, -0.34811336, -99.99914), (-69.23945, -2.4558067, -72.110115), (-51.519787, -42.831425, -74.23733), (-2.2124765, -60.700054, -79.43935), (-72.19207, -69.19757, -0.038146403), (-61.5146, -58.910954, -52.397087), (-1.773716, -73.57107, -67.70637), (-2.9181862, -99.957405, -0.05721933), (-83.57758, -1.54526, -54.885345), (-61.5146, -58.910954, -52.397087), (-72.19207, -69.19757, -0.038146403), (-99.97389, -2.284273, -0.057226036), (-1.773716, -73.57107, -67.70637), (-61.5146, -58.910954, -52.397087), (-83.57758, -1.54526, -54.885345), (-2.1172624, -2.3461556, -99.95005), (-1.5831089, 73.92451, -67.32504), (-61.326706, 59.066296, -52.44244), (-72.0987, 69.29487, -0.01907373), (-2.6131124, 99.96586, -0.03337917), (-76.01768, 3.6721213, -64.86778), (-61.326706, 59.066296, -52.44244), (-1.5831089, 73.92451, -67.32504), (-2.9373143, 5.7315774, -99.7924), (-72.0987, 69.29487, -0.01907373), (-61.326706, 59.066296, -52.44244), (-76.01768, 3.6721213, -64.86778), (-99.86602, 5.174529, -0.052460663), (-0.45776168, -74.243225, -66.99056), (-61.440495, -59.113342, -52.255894), (-76.094025, -3.7722723, -64.77244), (-2.8800802, -5.850759, -99.78715), (-71.876434, -69.52538, -0.009537743), (-61.440495, -59.113342, -52.255894), (-0.45776168, -74.243225, -66.99056), (-1.8882552, -99.98216, -0.028609928), (-76.094025, -3.7722723, -64.77244), (-61.440495, -59.113342, -52.255894), (-71.876434, -69.52538, -0.009537743), (-99.865776, -5.1792855, -0.052460536), (-2.0217948, 73.8575, -67.3868), (-61.537594, 58.905174, -52.376583), (-71.566154, 69.84471, -0.06675947), (-2.899128, 99.957924, -0.095366046), (-75.78838, 3.9343958, -65.12021), (-61.537594, 58.905174, -52.376583), (-2.0217948, 73.8575, -67.3868), (-2.8609984, 5.8650465, -99.78686), (-71.566154, 69.84471, -0.06675947), (-61.537594, 58.905174, -52.376583), (-75.78838, 3.9343958, -65.12021), (-99.86999, 5.097451, -0.052452724), (-2.1362247, -73.8285, -67.41506), (-61.55002, -58.884502, -52.385223), (-75.78161, -3.924507, -65.1287), (-2.8610222, -5.8507905, -99.78769), (-72.231766, -69.15614, -0.038147222), (-61.55002, -58.884502, -52.385223), (-2.1362247, -73.8285, -67.41506), (-3.01361, -99.954575, -0.052452073), (-75.78161, -3.924507, -65.1287), (-61.55002, -58.884502, -52.385223), (-72.231766, -69.15614, -0.038147222), (-99.8675, -5.14599, -0.047692217), (-2.02173, 73.855125, -67.389404), (-61.53778, 58.900585, -52.38151), (-72.2016, 69.18763, -0.03338251), (-2.9181862, 99.957405, -0.05245106), (-75.80841, 3.9296763, -65.09718), (-61.53778, 58.900585, -52.38151), (-2.02173, 73.855125, -67.389404), (-2.8609903, 5.8697987, -99.78657), (-72.2016, 69.18763, -0.03338251), (-61.53778, 58.900585, -52.38151), (-75.80841, 3.9296763, -65.09718), (-99.8608, 5.2744055, -0.047689017), (-1.9835871, -73.86478, -67.379974), (-61.53068, -58.917625, -52.370693), (-75.80841, -3.9296763, -65.09718), (-2.8609824, -5.8745503, -99.78629), (-71.25928, -70.157776, -0.033378944), (-61.53068, -58.917625, -52.370693), (-1.9835871, -73.86478, -67.379974), (-2.861014, -99.95905, -0.05245192), (-75.80841, -3.9296763, -65.09718), (-61.53068, -58.917625, -52.370693), (-71.25928, -70.157776, -0.033378944), (-99.858025, -5.326715, -0.05245646), (0, 0, -100), (-15.35451, 15.068401, -97.65851), (-0.20982309, 0.014306121, -99.99978), (0, 0, -100), (-0.6675737, -0.04291545, -99.997765), (-0.801094, -0.78678876, -99.993706), (-1.7357153, 1.6975677, -99.97052), (0, 0, -100), (-1.7357153, 1.6975677, -99.97052), (-1.182558, 0.14305137, -99.99291), (0, 0, -100), (-1.1444162, -0.13828361, -99.99336), (-0.782023, -0.7629492, -99.99403), (-1.4114647, 1.3923908, -99.98034), (0, 0, -100), (-1.4114647, 1.3923908, -99.98034), (-1.4114652, 0.16212776, -99.989914), (0, 0, -100), (-1.0681211, 1.0728894, -99.98853), (-3.3568857, 0.019073213, -99.943634), (0, 0, -100), (-1.1062738, -0.12874739, -99.9938), (-0.7629514, -0.74387765, -99.994316), (-1.0681211, 1.0728894, -99.98853), (-45.60736, -43.542534, -77.61453), (-1.4305849, -0.53408504, -99.98834), (-4.806809, 0.114447825, -99.88434), (-73.837036, -4.701842, -67.275444), (-2.7082539, -73.189606, -68.08779), (-0.15257037, -8.157746, -99.666595), (-1.4305849, -0.53408504, -99.98834), (-45.60736, -43.542534, -77.61453), (-0.15257037, -8.157746, -99.666595), (-0.15257256, 9.02562, -99.59174), (-2.0028539, 1.335236, -99.97102), (-1.4305849, -0.53408504, -99.98834), (-2.9757898, 9.351801, -99.51728), (-0.26703623, 8.6643715, -99.62358), (-0.2670371, -9.0887985, -99.58576), (-2.9753735, -9.793939, -99.47475), (-13.257606, -0.009537845, -99.11729), (-1.9454541, -6.70227e-16, -99.98109), (0, 0, -100), (-0.20982309, 0.014306121, -99.99978), (-13.257606, -0.009537845, -99.11729), (-0.20982309, 0.014306121, -99.99978), (-4.806809, 0.114447825, -99.88434), (-1.4305849, -0.53408504, -99.98834), (-13.257606, -0.009537845, -99.11729), (-5.5887074, 0.2861113, -99.84331), (-5.6842275, -0.6199241, -99.836395), (-1.2970091, -1.2207144, -99.98414), (-2.0028539, 1.335236, -99.97102), (-5.5887074, 0.2861113, -99.84331), (-13.257606, -0.009537845, -99.11729), (-1.4305849, -0.53408504, -99.98834), (-1.2589173, 0.8392782, -99.988556), (-1.6020833, 0.047681052, -99.98716), (-13.257606, -0.009537845, -99.11729), (-1.2970091, -1.2207144, -99.98414), (-0.22889647, -0.34811336, -99.99914), (-2.1172624, -2.3461556, -99.95005), (-2.1744359, -0.023842497, -99.97636), (-1.5259573, -5.257065e-16, -99.988365), (0, 0, -100), (-1.9454541, -6.70227e-16, -99.98109), (-1.478567e-16, 0.4291806, -99.99908), (-64.52086, 57.968628, -49.766422), (-67.4135, 2.393661, -73.82203), (-99.97019, 2.4413211, -0.038145643), (-64.575836, 76.35418, -0.038148478), (8.335248, 79.02273, -60.711887), (6.0846343, 99.81471, -0.03814818), (63.75539, 77.04054, -0.07629665), (64.47571, 57.35201, -50.53347), (7.935299, 3.834123, -99.6109), (8.335248, 79.02273, -60.711887), (64.47571, 57.35201, -50.53347), (68.19912, 1.9264747, -73.11067), (-99.97019, 2.4413211, -0.038145643), (-67.4135, 2.393661, -73.82203), (-68.390594, 3.3089147, -72.88194), (-99.96853, 2.5082736, -0.038148645), (7.935299, 3.834123, -99.6109), (68.19912, 1.9264747, -73.11067), (68.901665, 2.7942128, -72.42066), (7.801646, 0.1335245, -99.69512), (68.19912, 1.9264747, -73.11067), (99.926056, 3.8433099, -0.11444099), (99.94918, 3.1850994, -0.13350716), (68.901665, 2.7942128, -72.42066), (-67.4135, 2.393661, -73.82203), (-6.9615517, 3.8336217, -99.6837), (-7.0765743, 0.15259458, -99.749176), (-68.390594, 3.3089147, -72.88194), (-6.9615517, 3.8336217, -99.6837), (7.935299, 3.834123, -99.6109), (7.801646, 0.1335245, -99.69512), (-7.0765743, 0.15259458, -99.749176), (64.47571, 57.35201, -50.53347), (63.75539, 77.04054, -0.07629665), (99.926056, 3.8433099, -0.11444099), (68.19912, 1.9264747, -73.11067), (-8.010924, 79.10788, -60.64461), (-6.1796436, 99.808876, -0.03814595), (6.0846343, 99.81471, -0.03814818), (8.335248, 79.02273, -60.711887), (-6.9615517, 3.8336217, -99.6837), (-8.010924, 79.10788, -60.64461), (8.335248, 79.02273, -60.711887), (7.935299, 3.834123, -99.6109), (-8.010924, 79.10788, -60.64461), (-6.9615517, 3.8336217, -99.6837), (-67.4135, 2.393661, -73.82203), (-64.52086, 57.968628, -49.766422), (-6.1796436, 99.808876, -0.03814595), (-8.010924, 79.10788, -60.64461), (-64.52086, 57.968628, -49.766422), (-64.575836, 76.35418, -0.038148478), (-48.502087, -72.16187, -49.398506), (-1.8693552, -71.62682, -69.75747), (-1.8691889, -99.98253, -0.019073356), (-67.408615, -73.86527, -0.038148623), (-74.30191, -9.681186, -66.22313), (-99.682396, -7.9635286, -0.03814864), (-99.68654, 7.9114027, -0.05722534), (-74.26011, 10.267275, -66.18172), (-3.3954842, -7.615994, -99.65173), (-74.30191, -9.681186, -66.22313), (-74.26011, 10.267275, -66.18172), (-3.3947978, 8.787376, -99.555305), (-1.8691889, -99.98253, -0.019073356), (-1.8693552, -71.62682, -69.75747), (-2.7082539, -73.189606, -68.08779), (-1.9073217, -99.981804, -0.038146436), (-2.3078425, 73.69361, -67.55685), (-0.15257256, 9.02562, -99.59174), (-3.3947978, 8.787376, -99.555305), (-1.5067707, 72.37744, -68.98721), (-2.4604983, 99.96966, -0.11444178), (-2.3078425, 73.69361, -67.55685), (-1.5067707, 72.37744, -68.98721), (-2.9373815, 99.9568, -0.09536953), (-3.3954842, -7.615994, -99.65173), (-0.15257037, -8.157746, -99.666595), (-2.7082539, -73.189606, -68.08779), (-1.8693552, -71.62682, -69.75747), (-3.3954842, -7.615994, -99.65173), (-3.3947978, 8.787376, -99.555305), (-0.15257256, 9.02562, -99.59174), (-0.15257037, -8.157746, -99.666595), (-48.4658, 71.81654, -49.93446), (-67.78679, 73.51834, -0.07629351), (-2.9373815, 99.9568, -0.09536953), (-1.5067707, 72.37744, -68.98721), (-74.26011, 10.267275, -66.18172), (-99.68654, 7.9114027, -0.05722534), (-67.78679, 73.51834, -0.07629351), (-48.4658, 71.81654, -49.93446), (-3.3947978, 8.787376, -99.555305), (-74.26011, 10.267275, -66.18172), (-48.4658, 71.81654, -49.93446), (-1.5067707, 72.37744, -68.98721), (-74.30191, -9.681186, -66.22313), (-3.3954842, -7.615994, -99.65173), (-1.8693552, -71.62682, -69.75747), (-48.502087, -72.16187, -49.398506), (-99.682396, -7.9635286, -0.03814864), (-74.30191, -9.681186, -66.22313), (-48.502087, -72.16187, -49.398506), (-67.408615, -73.86527, -0.038148623), (0, 0, -100), (-0.8010806, -2.759797e-16, -99.99679), (-0.01907305, -0.0047682626, -100), (0, 0, -100), (0, 0, -100), (0, 0, -100), (0, 0, -100), (-3.5667412, -2.2220607, -99.91167), (0, 0, -100), (0, 0, -100), (-0.01907305, -0.0047682626, -100), (0, 0, -100), (-4.093522e-15, 11.882183, -99.291565), (-0.9726655, 11.71013, -99.30724), (99.94833, -0.948937, 3.0709317), (99.9975, -0.7082043, 0.004769053), (99.98117, -1.4590918, 1.2802815), (-99.99632, -0.0023844982, 0.8584194), (-99.98117, -1.4590918, 1.2802815), (-99.94833, -0.948937, 3.0709317), (0.038146585, 0.83445656, -99.996506), (5.454945, 3.9720006, -99.77209), (2.0599432, 7.0966956e-16, -99.978775), (34.121162, -88.43084, 31.870577), (28.669283, -89.756035, 33.495186), (0.01907305, -100, -0.01907305), (0.07629218, -99.99997, -0.019073045), (73.13679, -1.6496303, 68.17836), (65.04494, -1.6690416, 75.93662), (28.669283, -89.756035, 33.495186), (34.121162, -88.43084, 31.870577), (73.15185, -1.5832082, 68.16378), (65.05644, -1.6211662, 75.927795), (65.04494, -1.6690416, 75.93662), (73.13679, -1.6496303, 68.17836), (46.4629, -77.1902, 43.39207), (40.74306, -77.89058, 47.67663), (65.05644, -1.6211662, 75.927795), (73.15185, -1.5832082, 68.16378), (40.74306, -77.89058, 47.67663), (46.4629, -77.1902, 43.39207), (0.34331086, -99.998825, 0.34331086), (0.3051654, -99.998886, 0.3623839), (0.6866638, -99.99541, 0.6675898), (0.5722209, -99.9956, 0.7438872), (0.3051654, -99.998886, 0.3623839), (0.34331086, -99.998825, 0.34331086), (38.07032, -83.32174, 40.101627), (33.225758, -83.65567, 43.563507), (0.5722209, -99.9956, 0.7438872), (0.6866638, -99.99541, 0.6675898), (33.225758, -83.65567, 43.563507), (38.07032, -83.32174, 40.101627), (68.632484, -6.714462, 72.41891), (60.46441, -6.8189354, 79.35715), (68.666245, 5.6077433, 72.48104), (60.461517, 5.683764, 79.44872), (60.46441, -6.8189354, 79.35715), (68.632484, -6.714462, 72.41891), (46.65406, 73.54785, 49.133625), (40.62503, 74.269424, 53.23214), (60.461517, 5.683764, 79.44872), (68.666245, 5.6077433, 72.48104), (40.62503, 74.269424, 53.23214), (46.65406, 73.54785, 49.133625), (0.4959334, 99.99735, 0.5340822), (0.41963613, 99.99738, 0.59130543), (-0.2670209, 99.999344, -0.24794802), (-0.22887532, 99.999435, -0.24794824), (0.41963613, 99.99738, 0.59130543), (0.4959334, 99.99735, 0.5340822), (-61.376877, 56.76121, -54.872986), (-53.882076, 58.650406, -60.471905), (-0.22887532, 99.999435, -0.24794824), (-0.2670209, 99.999344, -0.24794802), (-53.882076, 58.650406, -60.471905), (-61.376877, 56.76121, -54.872986), (-74.265465, -1.8499615, -66.94191), (-63.076496, -2.6130874, -77.55338), (-73.321045, 0.3337977, -67.99936), (-61.16477, -0.4481983, -79.11177), (-63.076496, -2.6130874, -77.55338), (-74.265465, -1.8499615, -66.94191), (-34.19639, 88.40901, -31.850512), (-27.636713, 88.13612, -38.31757), (-61.16477, -0.4481983, -79.11177), (-73.321045, 0.3337977, -67.99936), (-0.095365174, 99.99992, -0.07629214), (-0.09536514, 99.999886, -0.114438176), (-27.636713, 88.13612, -38.31757), (-34.19639, 88.40901, -31.850512), (34.121162, -88.43084, 31.870577), (0.07629218, -99.99997, -0.019073045), (0.09536521, -99.999954, -0.038146082), (39.710876, -86.69827, 30.107407), (73.13679, -1.6496303, 68.17836), (34.121162, -88.43084, 31.870577), (39.710876, -86.69827, 30.107407), (79.796455, -1.6497117, 60.247852), (5.2639112, -91.088554, 40.928818), (-0.11443822, -99.99993, -0.019073037), (-0.19073017, -99.99983, -0.019073017), (11.329739, -90.78097, 40.378883), (12.836965, -1.735756, 99.15745), (5.2639112, -91.088554, 40.928818), (11.329739, -90.78097, 40.378883), (27.009205, -1.726224, 96.267975), (73.15185, -1.5832082, 68.16378), (73.13679, -1.6496303, 68.17836), (79.796455, -1.6497117, 60.247852), (79.80697, -1.5450202, 60.236713), (0.6866638, -99.99541, 0.6675898), (0.34331086, -99.998825, 0.34331086), (0.41960147, -99.998665, 0.3051647), (0.7248125, -99.995514, 0.61036843), (68.666245, 5.6077433, 72.48104), (68.632484, -6.714462, 72.41891), (76.26123, -6.590359, 64.34898), (76.29293, 5.5407743, 64.41031), (-0.30516645, 99.99924, -0.24794774), (-0.2670209, 99.999344, -0.24794802), (0.4959334, 99.99735, 0.5340822), (0.5340831, 99.99752, 0.45778552), (12.857024, -1.6977378, 99.15551), (12.836965, -1.735756, 99.15745), (27.009205, -1.726224, 96.267975), (27.009338, -1.6976207, 96.268456), (0.15259239, -99.9957, 0.91555434), (0.038145732, -99.99903, 0.4386759), (0.11443723, -99.99907, 0.41960317), (0.26703647, -99.99562, 0.8964796), (15.526048, 5.8937945, 98.61139), (15.505746, -7.0758076, 98.53682), (27.637815, -7.057276, 95.845436), (27.656193, 5.8840938, 95.919304), (-0.07629191, 99.99962, -0.2670217), (-0.038145944, 99.99959, -0.28609458), (0.11444613, 99.99731, 0.7248255), (0.1907436, 99.99733, 0.7057513), (-81.58131, 1.4019701, -57.814583), (-73.321045, 0.3337977, -67.99936), (-74.265465, -1.8499615, -66.94191), (-81.88339, -0.29564232, -57.402298), (46.4629, -77.1902, 43.39207), (73.15185, -1.5832082, 68.16378), (79.80697, -1.5450202, 60.236713), (51.50202, -76.33744, 38.988937), (0.34331086, -99.998825, 0.34331086), (46.4629, -77.1902, 43.39207), (51.50202, -76.33744, 38.988937), (0.41960147, -99.998665, 0.3051647), (38.07032, -83.32174, 40.101627), (0.6866638, -99.99541, 0.6675898), (0.7248125, -99.995514, 0.61036843), (42.802223, -82.86732, 36.069077), (68.632484, -6.714462, 72.41891), (38.07032, -83.32174, 40.101627), (42.802223, -82.86732, 36.069077), (76.26123, -6.590359, 64.34898), (46.65406, 73.54785, 49.133625), (68.666245, 5.6077433, 72.48104), (76.29293, 5.5407743, 64.41031), (52.952656, 72.142265, 44.626343), (0.4959334, 99.99735, 0.5340822), (46.65406, 73.54785, 49.133625), (52.952656, 72.142265, 44.626343), (0.5340831, 99.99752, 0.45778552), (-61.376877, 56.76121, -54.872986), (-0.2670209, 99.999344, -0.24794802), (-0.30516645, 99.99924, -0.24794774), (-67.403534, 55.263645, -49.01728), (-74.265465, -1.8499615, -66.94191), (-61.376877, 56.76121, -54.872986), (-67.403534, 55.263645, -49.01728), (-81.88339, -0.29564232, -57.402298), (7.8017287, -79.49561, 60.162964), (12.857024, -1.6977378, 99.15551), (27.009338, -1.6976207, 96.268456), (16.364792, -79.53518, 58.363945), (0.038145732, -99.99903, 0.4386759), (7.8017287, -79.49561, 60.162964), (16.364792, -79.53518, 58.363945), (0.11443723, -99.99907, 0.41960317), (8.27813, -84.59333, 52.682472), (0.15259239, -99.9957, 0.91555434), (0.26703647, -99.99562, 0.8964796), (14.838647, -84.47347, 51.420296), (15.505746, -7.0758076, 98.53682), (8.27813, -84.59333, 52.682472), (14.838647, -84.47347, 51.420296), (27.637815, -7.057276, 95.845436), (10.204641, 75.399895, 64.89007), (15.526048, 5.8937945, 98.61139), (27.656193, 5.8840938, 95.919304), (18.234034, 75.32983, 63.189697), (0.11444613, 99.99731, 0.7248255), (10.204641, 75.399895, 64.89007), (18.234034, 75.32983, 63.189697), (0.1907436, 99.99733, 0.7057513), (-8.868911, 67.403725, -73.3354), (-0.038145944, 99.99959, -0.28609458), (-0.07629191, 99.99962, -0.2670217), (-20.141893, 66.15735, -72.232346), (-9.461071, 6.7524576, -99.322174), (-8.868911, 67.403725, -73.3354), (-20.141893, 66.15735, -72.232346), (-27.579762, 10.051545, -95.59458), (-34.19639, 88.40901, -31.850512), (-73.321045, 0.3337977, -67.99936), (-81.58131, 1.4019701, -57.814583), (-44.2131, 84.43977, -30.251068), (-0.095365174, 99.99992, -0.07629214), (-34.19639, 88.40901, -31.850512), (-44.2131, 84.43977, -30.251068), (-0.095365174, 99.99992, -0.07629214), (-19.682814, 84.83445, -49.149815), (-40.57154, -0.88696605, -91.395645), (-61.16477, -0.4481983, -79.11177), (-27.636713, 88.13612, -38.31757), (-0.01907305, 100, -0.01907305), (-19.682814, 84.83445, -49.149815), (-27.636713, 88.13612, -38.31757), (-0.09536514, 99.999886, -0.114438176), (-40.57154, -0.88696605, -91.395645), (-27.959675, -0.74381125, -96.00887), (-29.580427, -3.127782, -95.47364), (-31.225988, -2.8803449, -94.956), (-33.06988, -1.2396437, -94.36549), (-45.011124, -2.2505562, -89.26888), (-32.294163, 63.939762, -69.77675), (-44.039043, 61.223614, -65.66758), (-45.011124, -2.2505562, -89.26888), (-33.06988, -1.2396437, -94.36549), (54.516544, -1.6881436, 83.81585), (41.427364, -1.7166034, 90.999054), (17.108723, -91.055786, 37.63156), (22.888813, -90.75414, 35.21062), (-0.11443822, -99.99993, -0.019073037), (0.01907305, -100, -0.01907305), (22.888813, -90.75414, 35.21062), (17.108723, -91.055786, 37.63156), (54.530293, -1.6498324, 83.80767), (41.427563, -1.6880015, 90.99949), (41.427364, -1.7166034, 90.999054), (54.516544, -1.6881436, 83.81585), (33.609463, -78.65415, 51.80664), (25.233234, -79.23769, 55.539818), (41.427563, -1.6880015, 90.99949), (54.530293, -1.6498324, 83.80767), (0.24794711, -99.99897, 0.38145706), (0.17165583, -99.99907, 0.40053028), (25.233234, -79.23769, 55.539818), (33.609463, -78.65415, 51.80664), (0.49592385, -99.99541, 0.8201817), (0.38147995, -99.99543, 0.87740386), (0.17165583, -99.99907, 0.40053028), (0.24794711, -99.99897, 0.38145706), (27.732557, -83.932, 46.75816), (21.49561, -84.18001, 49.51429), (0.38147995, -99.99543, 0.87740386), (0.49592385, -99.99541, 0.8201817), (50.89343, -6.924406, 85.80159), (39.71271, -7.0002723, 91.509), (21.49561, -84.18001, 49.51429), (27.732557, -83.932, 46.75816), (50.92592, 5.7601604, 85.86835), (39.75045, 5.8271413, 91.574814), (39.71271, -7.0002723, 91.509), (50.89343, -6.924406, 85.80159), (33.949825, 74.69915, 57.16159), (26.359272, 75.02474, 60.633953), (39.75045, 5.8271413, 91.574814), (50.92592, 5.7601604, 85.86835), (0.3814866, 99.99717, 0.6485272), (0.30518928, 99.99718, 0.6866759), (26.359272, 75.02474, 60.633953), (33.949825, 74.69915, 57.16159), (-0.15258376, 99.99959, -0.24794862), (-0.114437826, 99.99959, -0.26702157), (0.30518928, 99.99718, 0.6866759), (0.3814866, 99.99717, 0.6485272), (-44.039043, 61.223614, -65.66758), (-32.294163, 63.939762, -69.77675), (-0.114437826, 99.99959, -0.26702157), (-0.15258376, 99.99959, -0.24794862), (41.427364, -1.7166034, 90.999054), (27.009205, -1.726224, 96.267975), (11.329739, -90.78097, 40.378883), (17.108723, -91.055786, 37.63156), (-0.19073017, -99.99983, -0.019073017), (-0.11443822, -99.99993, -0.019073037), (17.108723, -91.055786, 37.63156), (11.329739, -90.78097, 40.378883), (41.427563, -1.6880015, 90.99949), (27.009338, -1.6976207, 96.268456), (27.009205, -1.726224, 96.267975), (41.427364, -1.7166034, 90.999054), (25.233234, -79.23769, 55.539818), (16.364792, -79.53518, 58.363945), (27.009338, -1.6976207, 96.268456), (41.427563, -1.6880015, 90.99949), (16.364792, -79.53518, 58.363945), (25.233234, -79.23769, 55.539818), (0.17165583, -99.99907, 0.40053028), (0.11443723, -99.99907, 0.41960317), (0.38147995, -99.99543, 0.87740386), (0.26703647, -99.99562, 0.8964796), (0.11443723, -99.99907, 0.41960317), (0.17165583, -99.99907, 0.40053028), (21.49561, -84.18001, 49.51429), (14.838647, -84.47347, 51.420296), (0.26703647, -99.99562, 0.8964796), (0.38147995, -99.99543, 0.87740386), (14.838647, -84.47347, 51.420296), (21.49561, -84.18001, 49.51429), (39.71271, -7.0002723, 91.509), (27.637815, -7.057276, 95.845436), (39.75045, 5.8271413, 91.574814), (27.656193, 5.8840938, 95.919304), (27.637815, -7.057276, 95.845436), (39.71271, -7.0002723, 91.509), (26.359272, 75.02474, 60.633953), (18.234034, 75.32983, 63.189697), (27.656193, 5.8840938, 95.919304), (39.75045, 5.8271413, 91.574814), (18.234034, 75.32983, 63.189697), (26.359272, 75.02474, 60.633953), (0.30518928, 99.99718, 0.6866759), (0.1907436, 99.99733, 0.7057513), (-0.114437826, 99.99959, -0.26702157), (-0.07629191, 99.99962, -0.2670217), (0.1907436, 99.99733, 0.7057513), (0.30518928, 99.99718, 0.6866759), (-32.294163, 63.939762, -69.77675), (-20.141893, 66.15735, -72.232346), (-0.07629191, 99.99962, -0.2670217), (-0.114437826, 99.99959, -0.26702157), (-33.06988, -1.2396437, -94.36549), (-27.579762, 10.051545, -95.59458), (-20.141893, 66.15735, -72.232346), (-32.294163, 63.939762, -69.77675), (54.530293, -1.6498324, 83.80767), (54.516544, -1.6881436, 83.81585), (65.04494, -1.6690416, 75.93662), (65.05644, -1.6211662, 75.927795), (0.49592385, -99.99541, 0.8201817), (0.24794711, -99.99897, 0.38145706), (0.3051654, -99.998886, 0.3623839), (0.5722209, -99.9956, 0.7438872), (50.92592, 5.7601604, 85.86835), (50.89343, -6.924406, 85.80159), (60.46441, -6.8189354, 79.35715), (60.461517, 5.683764, 79.44872), (-0.22887532, 99.999435, -0.24794824), (-0.15258376, 99.99959, -0.24794862), (0.3814866, 99.99717, 0.6485272), (0.41963613, 99.99738, 0.59130543), (33.609463, -78.65415, 51.80664), (54.530293, -1.6498324, 83.80767), (65.05644, -1.6211662, 75.927795), (40.74306, -77.89058, 47.67663), (0.24794711, -99.99897, 0.38145706), (33.609463, -78.65415, 51.80664), (40.74306, -77.89058, 47.67663), (0.3051654, -99.998886, 0.3623839), (27.732557, -83.932, 46.75816), (0.49592385, -99.99541, 0.8201817), (0.5722209, -99.9956, 0.7438872), (33.225758, -83.65567, 43.563507), (50.89343, -6.924406, 85.80159), (27.732557, -83.932, 46.75816), (33.225758, -83.65567, 43.563507), (60.46441, -6.8189354, 79.35715), (33.949825, 74.69915, 57.16159), (50.92592, 5.7601604, 85.86835), (60.461517, 5.683764, 79.44872), (40.62503, 74.269424, 53.23214), (0.3814866, 99.99717, 0.6485272), (33.949825, 74.69915, 57.16159), (40.62503, 74.269424, 53.23214), (0.41963613, 99.99738, 0.59130543), (-44.039043, 61.223614, -65.66758), (-0.15258376, 99.99959, -0.24794862), (-0.22887532, 99.999435, -0.24794824), (-53.882076, 58.650406, -60.471905), (-45.011124, -2.2505562, -89.26888), (-44.039043, 61.223614, -65.66758), (-53.882076, 58.650406, -60.471905), (-63.076496, -2.6130874, -77.55338), (22.888813, -90.75414, 35.21062), (0.01907305, -100, -0.01907305), (0.01907305, -100, -0.01907305), (28.669283, -89.756035, 33.495186), (54.516544, -1.6881436, 83.81585), (22.888813, -90.75414, 35.21062), (28.669283, -89.756035, 33.495186), (65.04494, -1.6690416, 75.93662), (-27.579762, 10.051545, -95.59458), (-33.06988, -1.2396437, -94.36549), (-31.225988, -2.8803449, -94.956), (97.273094, -1.8882424, 23.116665), (97.29193, -1.7932239, 23.044834), (64.549385, -74.83074, 15.288513), (52.146687, -84.418884, 12.416786), (97.27429, -1.8215089, 23.11695), (97.28238, -1.9647224, 23.071182), (97.29193, -1.7932239, 23.044834), (97.273094, -1.8882424, 23.116665), (52.146687, -84.418884, 12.416786), (64.549385, -74.83074, 15.288513), (0.4958924, -99.99861, 0.17642327), (0.3051673, -99.999504, 0.07629182), (0.3051673, -99.999504, 0.07629182), (0.4958924, -99.99861, 0.17642327), (1.0681224, -99.993416, 0.4196195), (1.3351129, -99.99043, 0.3623878), (1.3351129, -99.99043, 0.3623878), (1.0681224, -99.993416, 0.4196195), (62.248367, -76.44687, 16.763577), (62.70466, -76.03512, 16.934835), (62.70466, -76.03512, 16.934835), (62.248367, -76.44687, 16.763577), (96.41199, -6.028134, 25.853252), (96.33415, -6.3809457, 26.05791), (96.33415, -6.3809457, 26.05791), (96.41199, -6.028134, 25.853252), (96.414375, 6.0282826, 25.844355), (96.435326, 4.4059653, 26.09247), (96.435326, 4.4059653, 26.09247), (96.414375, 6.0282826, 25.844355), (65.87307, 73.13932, 17.645935), (79.262955, 57.091835, 21.39871), (79.262955, 57.091835, 21.39871), (65.87307, 73.13932, 17.645935), (0.30516726, 99.999504, 0.09059653), (0.91555214, 99.99545, 0.26703602), (0.91555214, 99.99545, 0.26703602), (0.30516726, 99.999504, 0.09059653), (-0.41960302, 99.99902, -0.14304648), (-0.19073015, 99.99982, -0.03814603), (-63.076496, -2.6130874, -77.55338), (-61.16477, -0.4481983, -79.11177), (-40.57154, -0.88696605, -91.395645), (-45.011124, -2.2505562, -89.26888), (0.09536521, -99.999954, -0.038146082), (0.11443822, -99.99992, -0.03814607), (3.4450924e-14, -99.999985, 0.06675567), (0.26702175, -99.99964, 0.03814596), (0.01907305, -100, -0.01907305), (-0.11443822, -99.99993, -0.019073037), (3.4450924e-14, -99.999985, 0.06675567), (0.01907305, -100, -0.01907305), (0.07629218, -99.99997, -0.019073045), (0.01907305, -100, -0.01907305), (3.4450924e-14, -99.999985, 0.06675567), (0.09536521, -99.999954, -0.038146082), (3.4450924e-14, -99.999985, 0.06675567), (-0.11443822, -99.99993, -0.019073037), (3.4450927e-14, -100, 0), (-0.19073017, -99.99983, -0.019073017), (-0.11443822, -99.99993, -0.019073037), (3.4450924e-14, -99.999985, 0.06675567), (-0.11443822, -99.99993, -0.019073037), (79.796455, -1.6497117, 60.247852), (85.40032, -1.688168, 51.99939), (85.40795, -1.5067505, 51.992424), (79.80697, -1.5450202, 60.236713), (56.230286, -75.23757, 34.314205), (51.50202, -76.33744, 38.988937), (79.80697, -1.5450202, 60.236713), (85.40795, -1.5067505, 51.992424), (0.47681895, -99.998474, 0.28609136), (0.41960147, -99.998665, 0.3051647), (51.50202, -76.33744, 38.988937), (56.230286, -75.23757, 34.314205), (0.80110824, -99.995476, 0.51499814), (0.7248125, -99.995514, 0.61036843), (0.41960147, -99.998665, 0.3051647), (0.47681895, -99.998474, 0.28609136), (85.40032, -1.688168, 51.99939), (79.796455, -1.6497117, 60.247852), (39.710876, -86.69827, 30.107407), (45.490517, -84.5723, 27.895126), (0.09536521, -99.999954, -0.038146082), (0.11443822, -99.99992, -0.03814607), (45.490517, -84.5723, 27.895126), (39.710876, -86.69827, 30.107407), (46.958103, -82.52953, 31.3658), (42.802223, -82.86732, 36.069077), (0.7248125, -99.995514, 0.61036843), (0.80110824, -99.995476, 0.51499814), (82.970276, -6.4468856, 55.447033), (76.26123, -6.590359, 64.34898), (42.802223, -82.86732, 36.069077), (46.958103, -82.52953, 31.3658), (83.01053, 5.5219545, 55.486584), (76.29293, 5.5407743, 64.41031), (76.26123, -6.590359, 64.34898), (82.970276, -6.4468856, 55.447033), (59.511005, 69.877754, 39.69308), (52.952656, 72.142265, 44.626343), (76.29293, 5.5407743, 64.41031), (83.01053, 5.5219545, 55.486584), (0.6485281, 99.99731, 0.3433384), (0.5340831, 99.99752, 0.45778552), (52.952656, 72.142265, 44.626343), (59.511005, 69.877754, 39.69308), (-0.3051663, 99.99918, -0.26702052), (-0.30516645, 99.99924, -0.24794774), (0.5340831, 99.99752, 0.45778552), (0.6485281, 99.99731, 0.3433384), (-72.47527, 54.041763, -42.741337), (-67.403534, 55.263645, -49.01728), (-0.30516645, 99.99924, -0.24794774), (-0.3051663, 99.99918, -0.26702052), (-67.403534, 55.263645, -49.01728), (-72.47527, 54.041763, -42.741337), (-86.710175, 1.0490671, -49.802082), (-81.88339, -0.29564232, -57.402298), (-86.60852, 1.9644743, -49.95105), (-81.58131, 1.4019701, -57.814583), (-81.88339, -0.29564232, -57.402298), (-86.710175, 1.0490671, -49.802082), (-51.652325, 80.47311, -29.25948), (-44.2131, 84.43977, -30.251068), (-81.58131, 1.4019701, -57.814583), (-86.60852, 1.9644743, -49.95105), (-0.1335112, 99.999886, -0.07629211), (-0.095365174, 99.99992, -0.07629214), (-44.2131, 84.43977, -30.251068), (-51.652325, 80.47311, -29.25948), (61.8736, -74.9483, 23.545918), (59.543842, -74.200935, 30.801826), (88.84559, -1.4782166, 45.8724), (93.504974, -1.4496895, 35.42202), (88.841324, -1.7737746, 45.870193), (93.486885, -1.6595304, 35.46054), (93.504974, -1.4496895, 35.42202), (88.84559, -1.4782166, 45.8724), (0.53403664, -99.99836, 0.20980011), (0.5340359, -99.99822, 0.26701796), (59.543842, -74.200935, 30.801826), (61.8736, -74.9483, 23.545918), (50.179817, -82.469604, 26.091215), (62.82798, -74.043175, 23.879972), (93.486885, -1.6595304, 35.46054), (88.841324, -1.7737746, 45.870193), (1.0299792, -99.99381, 0.41962117), (0.7629658, -99.99621, 0.41963118), (0.5340359, -99.99822, 0.26701796), (0.53403664, -99.99836, 0.20980011), (0.11443822, -99.99992, -0.03814607), (0.09536521, -99.999954, -0.038146082), (62.82798, -74.043175, 23.879972), (50.179817, -82.469604, 26.091215), (56.993015, -78.651505, 23.785238), (49.20966, -82.6646, 27.294195), (0.7629658, -99.99621, 0.41963118), (1.0299792, -99.99381, 0.41962117), (92.099525, -5.980365, 38.495617), (87.269394, -6.350679, 48.41201), (49.20966, -82.6646, 27.294195), (56.993015, -78.651505, 23.785238), (92.0921, 4.911706, 38.66419), (87.30613, 5.5877447, 48.43984), (87.269394, -6.350679, 48.41201), (92.099525, -5.980365, 38.495617), (69.8026, 65.67356, 28.54087), (64.39294, 67.73084, 35.582058), (87.30613, 5.5877447, 48.43984), (92.0921, 4.911706, 38.66419), (0.83926445, 99.99645, 0.07629677), (0.72482437, 99.99715, 0.20981757), (64.39294, 67.73084, 35.582058), (69.8026, 65.67356, 28.54087), (-0.07629182, 99.999504, -0.3051673), (-0.20980172, 99.99912, -0.36238477), (0.72482437, 99.99715, 0.20981757), (0.83926445, 99.99645, 0.07629677), (-78.41506, 54.400333, -29.861052), (-75.55095, 53.33008, -38.05204), (-0.20980172, 99.99912, -0.36238477), (-0.07629182, 99.999504, -0.3051673), (-93.52758, 2.0883503, -35.33031), (-89.47908, 1.7167164, -44.61555), (-75.55095, 53.33008, -38.05204), (-78.41506, 54.400333, -29.861052), (-93.44195, 2.136252, -35.553333), (-89.44119, 2.145902, -44.67291), (-89.47908, 1.7167164, -44.61555), (-93.52758, 2.0883503, -35.33031), (-61.071457, 75.80528, -22.887493), (-55.405495, 78.60715, -27.407125), (-89.44119, 2.145902, -44.67291), (-93.44195, 2.136252, -35.553333), (-3.4450927e-14, 100, 0), (-0.07629218, 99.99997, -0.019073045), (-55.405495, 78.60715, -27.407125), (-61.071457, 75.80528, -22.887493), (59.543842, -74.200935, 30.801826), (56.230286, -75.23757, 34.314205), (85.40795, -1.5067505, 51.992424), (88.84559, -1.4782166, 45.8724), (85.40032, -1.688168, 51.99939), (88.841324, -1.7737746, 45.870193), (88.84559, -1.4782166, 45.8724), (85.40795, -1.5067505, 51.992424), (0.5340359, -99.99822, 0.26701796), (0.47681895, -99.998474, 0.28609136), (56.230286, -75.23757, 34.314205), (59.543842, -74.200935, 30.801826), (45.490517, -84.5723, 27.895126), (50.179817, -82.469604, 26.091215), (88.841324, -1.7737746, 45.870193), (85.40032, -1.688168, 51.99939), (0.11443822, -99.99992, -0.03814607), (0.11443822, -99.99992, -0.03814607), (50.179817, -82.469604, 26.091215), (45.490517, -84.5723, 27.895126), (0.7629658, -99.99621, 0.41963118), (0.80110824, -99.995476, 0.51499814), (0.47681895, -99.998474, 0.28609136), (0.5340359, -99.99822, 0.26701796), (49.20966, -82.6646, 27.294195), (46.958103, -82.52953, 31.3658), (0.80110824, -99.995476, 0.51499814), (0.7629658, -99.99621, 0.41963118), (87.269394, -6.350679, 48.41201), (82.970276, -6.4468856, 55.447033), (46.958103, -82.52953, 31.3658), (49.20966, -82.6646, 27.294195), (87.30613, 5.5877447, 48.43984), (83.01053, 5.5219545, 55.486584), (82.970276, -6.4468856, 55.447033), (87.269394, -6.350679, 48.41201), (64.39294, 67.73084, 35.582058), (59.511005, 69.877754, 39.69308), (83.01053, 5.5219545, 55.486584), (87.30613, 5.5877447, 48.43984), (0.72482437, 99.99715, 0.20981757), (0.6485281, 99.99731, 0.3433384), (59.511005, 69.877754, 39.69308), (64.39294, 67.73084, 35.582058), (-0.20980172, 99.99912, -0.36238477), (-0.3051663, 99.99918, -0.26702052), (0.6485281, 99.99731, 0.3433384), (0.72482437, 99.99715, 0.20981757), (-75.55095, 53.33008, -38.05204), (-72.47527, 54.041763, -42.741337), (-0.3051663, 99.99918, -0.26702052), (-0.20980172, 99.99912, -0.36238477), (-89.47908, 1.7167164, -44.61555), (-86.710175, 1.0490671, -49.802082), (-72.47527, 54.041763, -42.741337), (-75.55095, 53.33008, -38.05204), (-89.44119, 2.145902, -44.67291), (-86.60852, 1.9644743, -49.95105), (-86.710175, 1.0490671, -49.802082), (-89.47908, 1.7167164, -44.61555), (-55.405495, 78.60715, -27.407125), (-51.652325, 80.47311, -29.25948), (-86.60852, 1.9644743, -49.95105), (-89.44119, 2.145902, -44.67291), (-0.07629218, 99.99997, -0.019073045), (-0.1335112, 99.999886, -0.07629211), (-51.652325, 80.47311, -29.25948), (-55.405495, 78.60715, -27.407125), (52.146687, -84.418884, 12.416786), (61.8736, -74.9483, 23.545918), (93.504974, -1.4496895, 35.42202), (97.273094, -1.8882424, 23.116665), (93.486885, -1.6595304, 35.46054), (97.27429, -1.8215089, 23.11695), (97.273094, -1.8882424, 23.116665), (93.504974, -1.4496895, 35.42202), (62.82798, -74.043175, 23.879972), (80.53716, -56.110867, 19.113747), (97.27429, -1.8215089, 23.11695), (93.486885, -1.6595304, 35.46054), (0.3051673, -99.999504, 0.07629182), (0.53403664, -99.99836, 0.20980011), (61.8736, -74.9483, 23.545918), (52.146687, -84.418884, 12.416786), (1.3351129, -99.99043, 0.3623878), (1.0299792, -99.99381, 0.41962117), (0.53403664, -99.99836, 0.20980011), (0.3051673, -99.999504, 0.07629182), (62.70466, -76.03512, 16.934835), (56.993015, -78.651505, 23.785238), (1.0299792, -99.99381, 0.41962117), (1.3351129, -99.99043, 0.3623878), (0.09536521, -99.999954, -0.038146082), (0.26702175, -99.99964, 0.03814596), (80.53716, -56.110867, 19.113747), (62.82798, -74.043175, 23.879972), (96.33415, -6.3809457, 26.05791), (92.099525, -5.980365, 38.495617), (56.993015, -78.651505, 23.785238), (62.70466, -76.03512, 16.934835), (96.435326, 4.4059653, 26.09247), (92.0921, 4.911706, 38.66419), (92.099525, -5.980365, 38.495617), (96.33415, -6.3809457, 26.05791), (79.262955, 57.091835, 21.39871), (69.8026, 65.67356, 28.54087), (92.0921, 4.911706, 38.66419), (96.435326, 4.4059653, 26.09247), (0.91555214, 99.99545, 0.26703602), (0.83926445, 99.99645, 0.07629677), (69.8026, 65.67356, 28.54087), (79.262955, 57.091835, 21.39871), (-0.19073015, 99.99982, -0.03814603), (-0.07629182, 99.999504, -0.3051673), (0.83926445, 99.99645, 0.07629677), (0.91555214, 99.99545, 0.26703602), (-78.586105, 58.82513, -19.074297), (-78.41506, 54.400333, -29.861052), (-0.07629182, 99.999504, -0.3051673), (-0.19073015, 99.99982, -0.03814603), (-97.15694, 1.9740368, -23.593077), (-93.52758, 2.0883503, -35.33031), (-78.41506, 54.400333, -29.861052), (-78.586105, 58.82513, -19.074297), (-97.15946, 1.5735486, -23.612764), (-93.44195, 2.136252, -35.553333), (-93.52758, 2.0883503, -35.33031), (-97.15694, 1.9740368, -23.593077), (-72.4176, 66.67683, -17.60375), (-61.071457, 75.80528, -22.887493), (-93.44195, 2.136252, -35.553333), (-97.15946, 1.5735486, -23.612764), (-0.7248249, 99.99722, -0.17166905), (-3.4450927e-14, 100, 0), (-61.071457, 75.80528, -22.887493), (-72.4176, 66.67683, -17.60375), (0.11443822, -99.99992, -0.03814607), (0.09536521, -99.999954, -0.038146082), (3.4450924e-14, -99.999985, 0.06675567), (0.11443822, -99.99992, -0.03814607), (99.98936, 1.4592113, 0.028611988), (99.99941, 0.22887525, -0.25748467), (99.004234, 14.075347, -0.21456322), (0, 0, -100), (0, 0, -100), (-0.01907305, -6.5708428e-18, -100), (0.038146097, 1.3141685e-17, -100), (-6.8599682e-15, 19.912289, -97.99745), (-4.093522e-15, 11.882183, -99.291565), (0, 0, -100), (0, 0, -100), (99.99991, 0.004769168, 0.13830586), (99.99996, 0.05961463, 0.05246087), (99.99996, -0.05961463, 0.05246087), (99.99991, -0.004769168, 0.13830586), (-92.21245, 38.68727, -0.4005091), (-99.94316, 3.3473332, -0.40053558), (-99.94232, 3.3473048, 0.57218885), (-92.2143, 38.67851, 0.70567304), (-70.81964, 70.600296, -0.41961542), (-92.21245, 38.68727, -0.4005091), (-92.2143, 38.67851, 0.70567304), (-70.83734, 70.57986, 0.74384934), (-38.87189, 92.13477, -0.40054452), (-70.81964, 70.600296, -0.41961542), (-70.83734, 70.57986, 0.74384934), (-38.910442, 92.11666, 0.70572865), (-3.4714997, 99.93914, -0.34333515), (-38.87189, 92.13477, -0.40054452), (-38.910442, 92.11666, 0.70572865), (-3.490546, 99.93834, 0.38148046), (-38.548874, 92.27125, -0.057222474), (-2.0217154, 99.979546, -0.057218358), (-2.0407808, 99.97918, -0.028609075), (-38.565117, 92.264465, -0.028609136), (-70.705894, 70.71543, -0.07629446), (-38.548874, 92.27125, -0.057222474), (-38.565117, 92.264465, -0.028609136), (-70.70591, 70.71545, -0.02861043), (-92.27604, 38.537357, -0.076292716), (-70.705894, 70.71543, -0.07629446), (-70.70591, 70.71545, -0.02861043), (-92.27267, 38.545483, -0.028608723), (-99.9984, 0.562646, -0.057218235), (-92.27604, 38.537357, -0.076292716), (-92.27267, 38.545483, -0.028608723), (-99.998405, 0.56264603, -0.03337731), (-3.5474226, 7.6670103, 99.64253), (-0.36237648, 8.077181, 99.67261), (-2.4225044, 81.420944, 58.00658), (-23.49924, 61.5043, 75.266235), (-9.137222, 11.407222, 98.92617), (-3.5474226, 7.6670103, 99.64253), (-23.49924, 61.5043, 75.266235), (-45.336212, 47.329327, 75.528564), (-7.648803, 4.6922836, 99.59658), (-9.137222, 11.407222, 98.92617), (-45.336212, 47.329327, 75.528564), (-61.05252, 26.072725, 74.78505), (-6.008596, 0.25751126, 99.81899), (-7.648803, 4.6922836, 99.59658), (-61.05252, 26.072725, 74.78505), (-70.39991, 2.3364913, 70.98165), (-99.99851, 0.114436604, -0.5340375), (-99.99807, 0.11443609, 0.6103258), (-99.94232, 3.3473048, 0.57218885), (-99.94316, 3.3473332, -0.40053558), (-0.26701847, 99.99842, 0.49589148), (-0.26701874, 99.99851, -0.47681916), (-3.4714997, 99.93914, -0.34333515), (-3.490546, 99.93834, 0.38148046), (-99.94316, 3.3473332, -0.40053558), (-69.0831, 2.4890513, -72.25878), (-55.90501, 0.06675795, -82.91337), (-99.99851, 0.114436604, -0.5340375), (-55.90501, 0.06675795, -82.91337), (-69.0831, 2.4890513, -72.25878), (-1.2017446, 0.028612966, -99.992775), (-1.9454541, -6.70227e-16, -99.98109), (-1.3732609, 99.990555, -0.057219204), (-1.373261, 99.99057, -0.03814614), (-2.0407808, 99.97918, -0.028609075), (-2.0217154, 99.979546, -0.057218358), (-99.99911, 0.4196834, -0.047691297), (-99.99911, 0.41960335, -0.057218637), (-99.9984, 0.562646, -0.057218235), (-99.998405, 0.56264603, -0.03337731), (-0.89643514, 75.84413, -65.16797), (-1.907393, 89.84775, -43.8605), (-2.0407808, 99.97918, -0.028609075), (-1.373261, 99.99057, -0.03814614), (-99.998405, 0.56264603, -0.03337731), (-84.12258, 0.44817063, -54.066547), (-72.67991, 0.26222742, -68.68452), (-99.99911, 0.4196834, -0.047691297), (-3.3568857, 0.019073213, -99.943634), (-72.67991, 0.26222742, -68.68452), (-84.12258, 0.44817063, -54.066547), (-7.3432574, 0.028610094, -99.73002), (-1.4877179, 76.35044, -64.56314), (-0.03815062, 1.2017446, -99.992775), (-1.3733331, 4.4633327, -99.89091), (-1.1443734, 81.73687, -57.60013), (-2.0217154, 99.979546, -0.057218358), (-1.4877179, 76.35044, -64.56314), (-1.1443734, 81.73687, -57.60013), (-1.3732609, 99.990555, -0.057219204), (-0.019074723, 3.4048383, -99.94202), (-1.3733331, 4.4633327, -99.89091), (-0.03815062, 1.2017446, -99.992775), (-0.11444884, 4.148771, -99.91384), (-0.2098107, 64.8029, -76.161285), (-2.689267, 72.54345, -68.776566), (-3.4714997, 99.93914, -0.34333515), (-0.26701874, 99.99851, -0.47681916), (-0.11444884, 4.148771, -99.91384), (-2.689267, 72.54345, -68.776566), (-0.2098107, 64.8029, -76.161285), (-0.019074723, 3.4048383, -99.94202), (-0.038148843, 6.0561285, 99.816444), (-0.2098281, 75.69071, 65.35191), (-2.4225044, 81.420944, 58.00658), (-0.36237648, 8.077181, 99.67261), (-3.490546, 99.93834, 0.38148046), (-2.4225044, 81.420944, 58.00658), (-0.2098281, 75.69071, 65.35191), (-0.26701847, 99.99842, 0.49589148), (-6.008596, 0.25751126, 99.81899), (-70.39991, 2.3364913, 70.98165), (-70.32813, 0.0858358, 71.09112), (-5.5506997, 0.009537284, 99.84583), (-70.32813, 0.0858358, 71.09112), (-70.39991, 2.3364913, 70.98165), (-99.94232, 3.3473048, 0.57218885), (-99.99807, 0.11443609, 0.6103258), (-99.99911, 0.41960335, -0.057218637), (-76.33971, 0.31466526, -64.5922), (-68.56617, 0.4291346, -72.790764), (-99.9984, 0.562646, -0.057218235), (-76.33971, 0.31466526, -64.5922), (-5.684287, 0.41964534, -99.83743), (-1.4687465, 0.009537315, -99.98921), (-68.56617, 0.4291346, -72.790764), (-0.89643514, 75.84413, -65.16797), (-0.07629258, 3.0707762, -99.95281), (-0.09536784, 9.822887, -99.51634), (-1.907393, 89.84775, -43.8605), (-1.9454541, -6.70227e-16, -99.98109), (-5.684287, 0.41964534, -99.83743), (-1.478567e-16, 0.4291806, -99.99908), (-0.36237648, 8.077181, 99.67261), (-3.5474226, 7.6670103, 99.64253), (1.4495714, -1.2016184, 99.982285), (-0.057218235, -6.1986427, 99.80768), (1.4495714, -1.2016184, 99.982285), (-9.137222, 11.407222, 98.92617), (-7.648803, 4.6922836, 99.59658), (0, 0, -100), (-3.3568857, 0.019073213, -99.943634), (-7.3432574, 0.028610094, -99.73002), (0, 0, -100), (-2.689267, 72.54345, -68.776566), (-21.667637, 50.287613, -83.67599), (-38.87189, 92.13477, -0.40054452), (-3.4714997, 99.93914, -0.34333515), (-21.667637, 50.287613, -83.67599), (-36.81057, 36.925007, -85.331856), (-70.81964, 70.600296, -0.41961542), (-38.87189, 92.13477, -0.40054452), (-49.381725, 21.457876, -84.26746), (-69.0831, 2.4890513, -72.25878), (-99.94316, 3.3473332, -0.40053558), (-92.21245, 38.68727, -0.4005091), (-36.81057, 36.925007, -85.331856), (-49.381725, 21.457876, -84.26746), (-92.21245, 38.68727, -0.4005091), (-70.81964, 70.600296, -0.41961542), (-1.907393, 89.84775, -43.8605), (-31.317816, 73.35464, -60.318264), (-38.565117, 92.264465, -0.028609136), (-2.0407808, 99.97918, -0.028609075), (-31.317816, 73.35464, -60.318264), (-55.25625, 55.618652, -62.07507), (-70.70591, 70.71545, -0.02861043), (-38.565117, 92.264465, -0.028609136), (-74.082985, 31.653118, -59.243496), (-84.12258, 0.44817063, -54.066547), (-99.998405, 0.56264603, -0.03337731), (-92.27267, 38.545483, -0.028608723), (-55.25625, 55.618652, -62.07507), (-74.082985, 31.653118, -59.243496), (-92.27267, 38.545483, -0.028608723), (-70.70591, 70.71545, -0.02861043), (-68.56617, 0.4291346, -72.790764), (-60.40438, 25.710485, -75.43395), (-92.27604, 38.537357, -0.076292716), (-99.9984, 0.562646, -0.057218235), (-60.40438, 25.710485, -75.43395), (-44.744953, 46.36615, -76.47268), (-70.705894, 70.71543, -0.07629446), (-92.27604, 38.537357, -0.076292716), (-26.15094, 65.34874, -71.0329), (-1.4877179, 76.35044, -64.56314), (-2.0217154, 99.979546, -0.057218358), (-38.548874, 92.27125, -0.057222474), (-44.744953, 46.36615, -76.47268), (-26.15094, 65.34874, -71.0329), (-38.548874, 92.27125, -0.057222474), (-70.705894, 70.71543, -0.07629446), (-23.49924, 61.5043, 75.266235), (-2.4225044, 81.420944, 58.00658), (-3.490546, 99.93834, 0.38148046), (-38.910442, 92.11666, 0.70572865), (-45.336212, 47.329327, 75.528564), (-23.49924, 61.5043, 75.266235), (-38.910442, 92.11666, 0.70572865), (-70.83734, 70.57986, 0.74384934), (-61.05252, 26.072725, 74.78505), (-45.336212, 47.329327, 75.528564), (-70.83734, 70.57986, 0.74384934), (-92.2143, 38.67851, 0.70567304), (-70.39991, 2.3364913, 70.98165), (-61.05252, 26.072725, 74.78505), (-92.2143, 38.67851, 0.70567304), (-99.94232, 3.3473048, 0.57218885), (-0.09536784, 9.822887, -99.51634), (-4.6921606, 14.009724, -98.902534), (-31.317816, 73.35464, -60.318264), (-1.907393, 89.84775, -43.8605), (-4.6921606, 14.009724, -98.902534), (-9.841987, 10.681225, -98.93962), (-55.25625, 55.618652, -62.07507), (-31.317816, 73.35464, -60.318264), (-13.485161, 5.6363015, -98.92615), (-7.3432574, 0.028610094, -99.73002), (-84.12258, 0.44817063, -54.066547), (-74.082985, 31.653118, -59.243496), (-9.841987, 10.681225, -98.93962), (-13.485161, 5.6363015, -98.92615), (-74.082985, 31.653118, -59.243496), (-55.25625, 55.618652, -62.07507), (-1.4687465, 0.009537315, -99.98921), (-0.9347063, 0.47689095, -99.9945), (-60.40438, 25.710485, -75.43395), (-68.56617, 0.4291346, -72.790764), (-0.9347063, 0.47689095, -99.9945), (-0.82024115, 0.8393165, -99.99312), (-44.744953, 46.36615, -76.47268), (-60.40438, 25.710485, -75.43395), (-0.53410584, 1.1254374, -99.99224), (-0.03815062, 1.2017446, -99.992775), (-1.4877179, 76.35044, -64.56314), (-26.15094, 65.34874, -71.0329), (-0.82024115, 0.8393165, -99.99312), (-0.53410584, 1.1254374, -99.99224), (-26.15094, 65.34874, -71.0329), (-44.744953, 46.36615, -76.47268), (-1.2017446, 0.028612966, -99.992775), (-2.1936343, 0.829766, -99.972496), (-0.9347063, 0.47689095, -99.9945), (-1.4687465, 0.009537315, -99.98921), (-2.1936343, 0.829766, -99.972496), (-1.6404642, 1.6500016, -99.97294), (-0.82024115, 0.8393165, -99.99312), (-0.9347063, 0.47689095, -99.9945), (-0.85835636, 2.2984877, -99.9699), (-0.11444884, 4.148771, -99.91384), (-0.03815062, 1.2017446, -99.992775), (-0.53410584, 1.1254374, -99.99224), (-1.6404642, 1.6500016, -99.97294), (-0.85835636, 2.2984877, -99.9699), (-0.53410584, 1.1254374, -99.99224), (-0.82024115, 0.8393165, -99.99312), (-2.1936343, 0.829766, -99.972496), (-1.2017446, 0.028612966, -99.992775), (-69.0831, 2.4890513, -72.25878), (-49.381725, 21.457876, -84.26746), (-1.6404642, 1.6500016, -99.97294), (-2.1936343, 0.829766, -99.972496), (-49.381725, 21.457876, -84.26746), (-36.81057, 36.925007, -85.331856), (-0.85835636, 2.2984877, -99.9699), (-1.6404642, 1.6500016, -99.97294), (-36.81057, 36.925007, -85.331856), (-21.667637, 50.287613, -83.67599), (-0.11444884, 4.148771, -99.91384), (-0.85835636, 2.2984877, -99.9699), (-21.667637, 50.287613, -83.67599), (-2.689267, 72.54345, -68.776566), (-13.485161, 5.6363015, -98.92615), (0, 0, -100), (-7.3432574, 0.028610094, -99.73002), (-0.07629258, 3.0707762, -99.95281), (0, 0, -100), (0, 0, -100), (-0.09536784, 9.822887, -99.51634), (0, 0, -100), (0, 0, -100), (0, 0, -100), (0, 0, -100), (-4.6921606, 14.009724, -98.902534), (-0.09536784, 9.822887, -99.51634), (0, 0, -100), (-9.841987, 10.681225, -98.93962), (-4.6921606, 14.009724, -98.902534), (-13.485161, 5.6363015, -98.92615), (-9.841987, 10.681225, -98.93962), (0, 0, -100), (-6.008596, 0.25751126, 99.81899), (-5.5506997, 0.009537284, 99.84583), (6.446806, -0.009536696, 99.791985), (6.3512187, -0.10490001, 99.79805), (78.35482, -1.1158124, 62.123093), (6.3512187, -0.10490001, 99.79805), (6.446806, -0.009536696, 99.791985), (79.270874, -0.10490611, 60.959984), (99.987366, -1.373348, 0.8011197), (78.35482, -1.1158124, 62.123093), (79.270874, -0.10490611, 60.959984), (99.996704, -0.13353242, 0.8011945), (99.996704, -0.13353242, 0.8011945), (99.99782, -0.123972125, 0.64846957), (99.9896, -1.3543041, 0.49594232), (99.987366, -1.373348, 0.8011197), (0.24795312, -85.58197, 51.726837), (1.5069038, -88.18248, 47.133663), (2.880258, -2.6990497, 99.922066), (0.19073841, -3.2520897, 99.94692), (1.3351101, -99.99021, 0.419606), (1.5069038, -88.18248, 47.133663), (0.24795312, -85.58197, 51.726837), (0.30516273, -99.99801, 0.55310744), (0.30516273, -99.99801, 0.55310744), (0.32426342, -99.997116, 0.6866755), (1.3541596, -99.98847, 0.6866161), (1.3351101, -99.99021, 0.419606), (0.32426342, -99.997116, 0.6866755), (0.28610668, -85.48867, 51.880676), (1.1825622, -83.06546, 55.666256), (1.3541596, -99.98847, 0.6866161), (-0.057218235, -6.1986427, 99.80768), (1.1825622, -83.06546, 55.666256), (0.28610668, -85.48867, 51.880676), (0.019072661, -7.0664215, 99.75002), (0.019072661, -7.0664215, 99.75002), (-0.038148843, 6.0561285, 99.816444), (-0.36237648, 8.077181, 99.67261), (-0.057218235, -6.1986427, 99.80768), (67.390976, -63.75724, 37.32922), (88.76683, -1.5067854, 46.023712), (2.880258, -2.6990497, 99.922066), (1.5069038, -88.18248, 47.133663), (99.9896, -1.3543041, 0.49594232), (88.76683, -1.5067854, 46.023712), (67.390976, -63.75724, 37.32922), (64.031006, -76.8105, 0.4196253), (-6.008596, 0.25751126, 99.81899), (6.3512187, -0.10490001, 99.79805), (1.4495714, -1.2016184, 99.982285), (-7.648803, 4.6922836, 99.59658), (1.4495714, -1.2016184, 99.982285), (-3.5474226, 7.6670103, 99.64253), (-9.137222, 11.407222, 98.92617), (-55.518433, -1.9126616e-14, -83.172745), (-55.562428, -1.9141772e-14, -83.143364), (-13.257606, -0.009537845, -99.11729), (-1.5259573, -5.257065e-16, -99.988365), (-99.99895, -3.4450565e-14, -0.45783567), (-55.562428, -1.9141772e-14, -83.143364), (-55.518433, -1.9126616e-14, -83.172745), (-99.99825, -3.4450328e-14, -0.591367), (-99.99825, -3.4450328e-14, -0.591367), (-99.99802, -3.4450246e-14, 0.6295183), (-99.99895, -3.4450565e-14, -0.45783567), (7.400469, 1.9836309, -99.706055), (7.934721, 0.038147695, -99.68469), (-1.0681115, -2.470008, -99.96379), (5.1880035, 5.7888203, -99.69741), (1.0681309, 99.78441, -6.4755435), (22.507038, 97.30479, -5.0211673), (23.00162, 97.31821, -0.30516246), (1.1062733, 99.99376, -0.16212626), (12.779559, 75.57106, -64.23159), (0.61036277, 81.02566, -58.604362), (1.1062733, 99.99376, -0.16212626), (23.00162, 97.31821, -0.30516246), (2.593948, 7.6101856, -99.67626), (1.1444263, 8.440144, -99.63662), (0.61036277, 81.02566, -58.604362), (12.779559, 75.57106, -64.23159), (73.285614, 0.6485453, -68.03526), (69.65872, 17.548199, -69.56812), (97.97636, 20.011137, -0.43398795), (99.97766, -2.0884306, -0.32423127), (98.39641, 17.836494, -0.08584409), (99.98013, -1.9931177, -0.033377573), (99.97766, -2.0884306, -0.32423127), (97.97636, 20.011137, -0.43398795), (7.934721, 0.038147695, -99.68469), (7.400469, 1.9836309, -99.706055), (69.65872, 17.548199, -69.56812), (73.285614, 0.6485453, -68.03526), (69.84167, 71.56769, -0.457728), (98.39641, 17.836494, -0.08584409), (97.97636, 20.011137, -0.43398795), (67.63677, 73.654655, -0.51023227), (22.507038, 97.30479, -5.0211673), (69.84167, 71.56769, -0.457728), (67.63677, 73.654655, -0.51023227), (23.00162, 97.31821, -0.30516246), (5.1880035, 5.7888203, -99.69741), (43.944084, 53.29937, -72.305565), (69.65872, 17.548199, -69.56812), (7.400469, 1.9836309, -99.706055), (12.779559, 75.57106, -64.23159), (43.944084, 53.29937, -72.305565), (5.1880035, 5.7888203, -99.69741), (2.593948, 7.6101856, -99.67626), (99.98013, -1.9931177, -0.033377573), (99.99999, 3.4450927e-14, -0.0333842), (99.999565, 3.4450778e-14, -0.29568738), (99.97766, -2.0884306, -0.32423127), (-3.44486e-14, 99.99324, -1.1634883), (1.0681309, 99.78441, -6.4755435), (1.1062733, 99.99376, -0.16212626), (-3.4450768e-14, 99.999535, -0.3099356), (7.934721, 0.038147695, -99.68469), (73.285614, 0.6485453, -68.03526), (73.88539, 0.01907212, -67.386566), (5.5314198, 1.9056255e-15, -99.8469), (1.6784383, 7.362241, -99.71449), (0.8773848, 82.979614, -55.79976), (0.61036277, 81.02566, -58.604362), (1.1444263, 8.440144, -99.63662), (1.1062733, 99.99376, -0.16212626), (0.61036277, 81.02566, -58.604362), (0.8773848, 82.979614, -55.79976), (-3.4450768e-14, 99.999535, -0.3099356), (73.88539, 0.01907212, -67.386566), (73.285614, 0.6485453, -68.03526), (99.97766, -2.0884306, -0.32423127), (99.999565, 3.4450778e-14, -0.29568738), (43.944084, 53.29937, -72.305565), (12.779559, 75.57106, -64.23159), (23.00162, 97.31821, -0.30516246), (67.63677, 73.654655, -0.51023227), (69.65872, 17.548199, -69.56812), (43.944084, 53.29937, -72.305565), (67.63677, 73.654655, -0.51023227), (97.97636, 20.011137, -0.43398795), (81.14625, 32.73318, -48.413063), (69.84167, 71.56769, -0.457728), (22.507038, 97.30479, -5.0211673), (1.754763, 73.22321, -68.0829), (98.39641, 17.836494, -0.08584409), (69.84167, 71.56769, -0.457728), (81.14625, 32.73318, -48.413063), (99.33967, 9.060358, -7.0384674), (99.99659, 0.028614057, 0.8250387), (99.98013, -1.9931177, -0.033377573), (98.39641, 17.836494, -0.08584409), (99.33967, 9.060358, -7.0384674), (5.5314198, 1.9056255e-15, -99.8469), (-4.196177, -0.0095367655, -99.911934), (-1.0681115, -2.470008, -99.96379), (7.934721, 0.038147695, -99.68469), (2.593948, 7.6101856, -99.67626), (5.1880035, 5.7888203, -99.69741), (-1.0681115, -2.470008, -99.96379), (1.1444263, 8.440144, -99.63662), (99.33967, 9.060358, -7.0384674), (81.14625, 32.73318, -48.413063), (75.98721, 1.6307496, -64.9868), (99.93969, -0.104898535, -3.4711876), (99.99999, 3.4450927e-14, -0.0333842), (99.98013, -1.9931177, -0.033377573), (99.99659, 0.028614057, 0.8250387), (99.58756, 0.01907077, 9.072919), (66.82886, -29.93376, 68.10193), (99.97422, -0.46725836, 2.2218614), (95.230644, -5.2460785, 30.060032), (99.90498, 0.03814623, -4.3582067), (99.97422, -0.46725836, 2.2218614), (99.88277, 0.047690395, 4.840575), (66.82886, -29.93376, 68.10193), (54.171658, -1.7643938, 84.037605), (99.88277, 0.047690395, 4.840575), (99.97422, -0.46725836, 2.2218614), (-0.1335112, 99.999886, -0.07629211), (-0.07629218, 99.99997, -0.019073045), (-3.4450927e-14, 100, 0), (-0.095365174, 99.99992, -0.07629214), (-0.095365174, 99.99992, -0.07629214), (-0.095365174, 99.99992, -0.07629214), (-3.4450927e-14, 100, 0), (-0.09536514, 99.999886, -0.114438176), (-1.3733331, 4.4633327, -99.89091), (-0.019074723, 3.4048383, -99.94202), (-0.305196, 0.18121012, -99.99937), (-1.4687465, 0.009537315, -99.98921), (-5.684287, 0.41964534, -99.83743), (-1.9454541, -6.70227e-16, -99.98109), (-1.2017446, 0.028612966, -99.992775), (56.99178, 69.246544, -44.236343), (65.13825, 56.57396, -50.560825), (11.672816, 99.31431, -0.64372146), (1.1443722, 99.98953, -0.88688856), (78.81639, 3.7100163, -61.434628), (78.81827, 4.6352468, -61.36933), (78.934715, 2.7193742e-14, -61.394722), (78.88564, 2.7176837e-14, -61.45775), (81.3302, 4.5872216, -58.003082), (78.81639, 3.7100163, -61.434628), (78.88564, 2.7176837e-14, -61.45775), (80.394226, 2.7696558e-14, -59.470745), (78.81827, 4.6352468, -61.36933), (78.81639, 3.7100163, -61.434628), (65.13825, 56.57396, -50.560825), (56.99178, 69.246544, -44.236343), (83.805595, 39.890625, -37.22044), (65.13825, 56.57396, -50.560825), (78.81639, 3.7100163, -61.434628), (81.3302, 4.5872216, -58.003082), (78.88564, 2.7176837e-14, -61.45775), (78.934715, 2.7193742e-14, -61.394722), (79.04243, 2.723085e-14, -61.255974), (79.04243, 2.723085e-14, -61.255974), (80.394226, 2.7696558e-14, -59.470745), (80.394226, 2.7696558e-14, -59.470745), (78.88564, 2.7176837e-14, -61.45775), (80.394226, 2.7696558e-14, -59.470745), (99.98208, 3.4444754e-14, -1.893022), (99.98208, 3.4444754e-14, -1.893022), (80.394226, 2.7696558e-14, -59.470745), (97.24855, 3.350303e-14, -23.296349), (86.642365, 2.98491e-14, -49.930954), (86.642365, 2.98491e-14, -49.930954), (97.24855, 3.350303e-14, -23.296349), (-3.4450927e-14, 100, 0), (1.1443722, 99.98953, -0.88688856), (11.672816, 99.31431, -0.64372146), (-3.4450927e-14, 100, 0), (-0.01907305, 100, -0.01907305), (-0.09536514, 99.999886, -0.114438176), (0, 0, -100), (-0.24795966, -2.2030263, -99.975426), (0.40054443, -3.6907306, -99.93106), (0, 0, -100), (0, 0, -100), (-0.13351241, -1.3160509, -99.99126), (0.26702702, -2.3078763, -99.97301), (0, 0, -100), (0, 0, -100), (-0.19073936, -1.6880435, -99.98557), (0.17166348, -1.4591395, -99.989204), (0, 0, -100), (0, 0, -100), (-0.095369525, -1.00138, -99.99494), (0.11444261, -1.068131, -99.994225), (0, 0, -100), (0, 0, -100), (6.5052157e-16, -1.8882556, -99.98218), (1.0743738e-15, -3.1185627, -99.95136), (0, 0, -100), (-0.70573044, -0.79156256, -99.994385), (1.0108973, -1.1539488, -99.98823), (3.3568807, -0.17165868, -99.9435), (-3.2997267, -0.11444139, -99.94548), (-0.6866576, -0.7915637, -99.99452), (0.9918257, -1.153951, -99.98843), (3.4522967, -0.20980808, -99.94017), (-3.4522967, -0.20980808, -99.94017), (-0.6866571, -0.80109984, -99.99444), (0.9918257, -1.153951, -99.98843), (3.4522967, -0.20980808, -99.94017), (-3.4522967, -0.20980808, -99.94017), (-0.72480047, -0.83924264, -99.99385), (1.7547611, -2.02179, -99.964165), (3.4713473, -0.2098067, -99.939514), (-3.4903963, -0.21934186, -99.93883), (-0.7438732, -0.8392415, -99.99371), (1.7547611, -2.02179, -99.964165), (3.4903975, -0.20980531, -99.93885), (-3.4903975, -0.20980531, -99.93885), (0.019072475, 77.939674, 62.653084), (-2.4399882e-14, 70.825035, 70.596146), (-3.4450365e-14, 99.99836, 0.5721821), (-3.4450365e-14, 99.99836, 0.5721821), (0.038148124, 1.6594433, 99.98624), (-2.3654478e-16, 0.6866136, 99.99764), (-2.4399882e-14, 70.825035, 70.596146), (0.019072475, 77.939674, 62.653084), (99.987366, 1.373348, 0.8011197), (63.112606, 77.56042, 1.0871618), (64.031006, 76.8105, 0.4196253), (99.98962, 1.3540459, 0.4958478), (1.3351101, 99.99021, 0.419606), (64.031006, 76.8105, 0.4196253), (63.112606, 77.56042, 1.0871618), (1.3541596, 99.98847, 0.6866161), (99.99782, 0.123972125, 0.64846957), (99.98962, 1.3540459, 0.4958478), (88.76683, 1.5067854, 46.023712), (89.68548, 0.1144434, 44.232376), (-92.21828, 38.67541, -0.061987463), (-91.44551, 40.468693, -0.057213046), (-84.82767, 52.95531, -0.057212904), (-84.82767, 52.95531, -0.04290968), (-99.99008, 1.4064978, -0.081052415), (-99.985825, 1.682958, -0.05721104), (-91.44551, 40.468693, -0.057213046), (-92.21828, 38.67541, -0.061987463), (-84.4346, 53.579834, -0.038145293), (-84.82767, 52.95531, -0.057212904), (-63.228947, 39.587234, -66.595436), (-64.75912, 41.034775, -64.205956), (-83.58333, 1.5450137, -54.8766), (-83.01184, 1.3778098, -55.7417), (-99.985825, 1.682958, -0.05721104), (-99.973915, 2.2838376, -0.057215136), (-79.68535, 60.417248, 0.038145214), (-99.99993, -0.10966996, 0.019073037), (-99.99993, -0.10966996, 0.038146075), (-79.69451, 60.405117, 0.0715305), (-84.43675, 53.576427, -0.042914547), (-84.4346, 53.579834, -0.038145293), (-79.68535, 60.417248, 0.038145214), (-79.69451, 60.405117, 0.0715305), (95.09888, -30.922396, 0.08582932), (95.08817, -30.955393, 0.057218842), (51.0704, -85.975655, 0.038147822), (51.113995, -85.94971, 0.08582574), (99.99997, -0.0095365215, 0.08582869), (100, -0.009536524, 0.057219144), (95.08817, -30.955393, 0.057218842), (95.09888, -30.922396, 0.08582932), (51.15266, -85.92674, 0.038145162), (51.0704, -85.975655, 0.038147822), (46.14764, -77.475395, 43.219902), (42.019814, -70.11568, 57.603195), (99.999886, 0.14304772, 0.038146056), (99.99997, -0.061987393, 0.03814609), (89.4694, -0.05721769, 44.667946), (85.24361, 0.12398376, 52.283), (95.54017, -29.530857, 0.0762948), (95.515625, -29.610224, 0.038145214), (99.99997, -0.061987393, 0.03814609), (99.99995, -0.061999205, 0.09061422), (51.154747, -85.925476, 0.07152509), (51.15266, -85.92674, 0.038145162), (95.515625, -29.610224, 0.038145214), (95.54017, -29.530857, 0.0762948), (2.2720036e-14, -65.94898, -75.17136), (2.2899776e-14, -66.47071, -74.7104), (6.8599682e-15, -19.912289, -97.99745), (4.093522e-15, -11.882183, -99.291565), (3.4450504e-14, -99.99877, -0.49589318), (3.4450504e-14, -99.99877, -0.49589318), (2.2899776e-14, -66.47071, -74.7104), (2.2720036e-14, -65.94898, -75.17136), (0.0381476, -76.26659, 64.67925), (2.6279165e-14, -76.27999, 64.66346), (3.4450504e-14, -99.99877, 0.49589318), (3.4450504e-14, -99.99877, 0.49589318), (0.038142897, -5.9979706, 99.81996), (2.06675e-15, -5.9991126, 99.81989), (2.6279165e-14, -76.27999, 64.66346), (0.0381476, -76.26659, 64.67925), (65.69432, 75.39396, 0.08106878), (65.7099, 75.38042, 0.057221975), (0.038146097, 100, 0), (0.038146086, 99.99997, 0.07629217), (99.99986, 0.14304768, 0.09059686), (99.999886, 0.14304772, 0.038146056), (65.7099, 75.38042, 0.057221975), (65.69432, 75.39396, 0.08106878), (0.019072745, 5.8839417, 99.826744), (0.019073622, 1.7929205, 99.983925), (0.01907388, 91.66907, 39.959778), (0.019074142, 91.29838, 40.799587), (0.01907388, 91.66907, 39.959778), (0.038146097, 100, 0.019073049), (0.038146097, 100, 0), (0.019074142, 91.29838, 40.799587), (1.1825931, 83.05809, 55.677242), (1.3541596, 99.98847, 0.6866161), (63.112606, 77.56042, 1.0871618), (28.420675, 43.079258, 85.653046), (1.4495714, 1.2016184, 99.982285), (-0.057218235, 6.1986427, 99.80768), (1.1825931, 83.05809, 55.677242), (28.420675, 43.079258, 85.653046), (63.112606, 77.56042, 1.0871618), (99.987366, 1.373348, 0.8011197), (78.35482, 1.1158124, 62.123093), (28.420675, 43.079258, 85.653046), (28.420675, 43.079258, 85.653046), (78.35482, 1.1158124, 62.123093), (6.3512187, 0.10490001, 99.79805), (1.4495714, 1.2016184, 99.982285), (-97.15694, -1.9740368, -23.593077), (-97.177124, -1.7646023, -23.526442), (-84.149506, -50.05675, -20.326912), (-78.60221, -58.80384, -19.07358), (-78.60221, -58.80384, -19.07358), (-84.149506, -50.05675, -20.326912), (-0.41960302, -99.99902, -0.14304648), (-0.17165719, -99.99985, -0.03814604), (71.95131, -69.39524, -2.7038965), (67.03029, -74.20256, 0.9585293), (0.26702166, -99.99962, 0.09059663), (0.8392231, -99.810326, -6.0986724), (99.76817, -5.169632, -4.425663), (99.8261, -5.559669, 1.9597117), (67.03029, -74.20256, 0.9585293), (71.95131, -69.39524, -2.7038965), (95.230644, 5.2460785, 30.060032), (95.77334, -3.785545, 28.515549), (99.8261, -5.559669, 1.9597117), (99.97422, 0.46725836, 2.2218614), (96.41199, 6.028134, 25.853252), (96.414375, -6.0282826, 25.844355), (95.77334, -3.785545, 28.515549), (95.230644, 5.2460785, 30.060032), (0.38145784, 54.06211, 84.125755), (1.1443825, 38.32728, 92.35643), (0.61035514, 1.9550438, 99.97903), (0.34332782, 1.9741349, 99.97992), (0.4958924, 99.99861, 0.17642327), (1.0681224, 99.993416, 0.4196195), (1.1443825, 38.32728, 92.35643), (0.38145784, 54.06211, 84.125755), (55.6965, 0.028611217, 83.05359), (54.171658, 1.7643938, 84.037605), (99.88277, -0.047690395, 4.840575), (99.58756, -0.01907077, 9.072919), (1.7165667, 0.07629185, 99.98524), (0.61035514, 1.9550438, 99.97903), (54.171658, 1.7643938, 84.037605), (55.6965, 0.028611217, 83.05359), (17.814743, 0.93460643, 98.395935), (22.58317, 1.5545003, 97.40423), (0.34332782, 1.9741349, 99.97992), (-0.5340632, 0.02861053, 99.998566), (97.28238, 1.9647224, 23.071182), (97.29504, 1.7925781, 23.031769), (22.58317, 1.5545003, 97.40423), (17.814743, 0.93460643, 98.395935), (-60.157253, 73.30831, 31.733236), (-60.42705, 73.006485, 31.915897), (-88.39885, 0.038152285, 46.75086), (-88.4389, 0.038144883, 46.67503), (-3.4450924e-14, 99.999985, 0.06675567), (-0.30516726, 99.999504, 0.095364764), (-60.42705, 73.006485, 31.915897), (-60.157253, 73.30831, 31.733236), (0.22888973, -65.395706, -75.652824), (-0.3814613, -69.197075, -72.19155), (-0.57218844, -3.0516717, -99.95179), (0.38147503, -3.0994847, -99.951225), (0.8392231, -99.810326, -6.0986724), (-0.41960302, -99.99902, -0.14304648), (-0.3814613, -69.197075, -72.19155), (0.22888973, -65.395706, -75.652824), (-50.239742, -2.1648486, -86.436584), (-50.201817, -1.3542283, -86.475105), (-97.177124, -1.7646023, -23.526442), (-97.174034, -1.9934603, -23.520924), (-0.61033666, -3.1851945, -99.9474), (-0.57218844, -3.0516717, -99.95179), (-50.201817, -1.3542283, -86.475105), (-50.239742, -2.1648486, -86.436584), (1.3733118, -6.113145, -99.80353), (-0.61033666, -3.1851945, -99.9474), (-0.1907383, -75.961525, -65.03699), (1.754763, -73.22321, -68.0829), (-71.80748, -67.37315, -17.451221), (-64.04578, -75.21278, -15.5298605), (-97.174034, -1.9934603, -23.520924), (-97.1625, -1.6594303, -23.594427), (75.91543, 0.19074227, -65.0908), (76.975845, -3.280437, -63.749195), (0.38147503, -3.0994847, -99.951225), (0.7247913, 0.057220366, -99.99735), (99.90498, -0.03814623, -4.3582067), (99.76817, -5.169632, -4.425663), (76.975845, -3.280437, -63.749195), (75.91543, 0.19074227, -65.0908), (72.24285, 1.6592207, -69.12466), (65.45102, -8.801178, -75.09131), (78.81827, -4.6352468, -61.36933), (79.07289, 2.7241345e-14, -61.21664), (2.4414103, 5.626688, -99.81172), (2.2125635, -7.1717577, -99.71796), (65.45102, -8.801178, -75.09131), (72.24285, 1.6592207, -69.12466), (0.8773614, -82.9774, -55.803043), (1.1443777, -82.0042, -57.218887), (2.2125635, -7.1717577, -99.71796), (1.6784502, -7.352756, -99.7152), (61.994446, 77.10201, -14.559157), (67.29117, 72.21213, -16.040781), (82.51537, 52.83578, -19.989855), (65.34328, 5.8648744, -75.47092), (0.95369685, 99.99512, -0.25749817), (1.4877794, 99.986404, -0.7105101), (67.29117, 72.21213, -16.040781), (61.994446, 77.10201, -14.559157), (1.4496015, 66.9487, -74.268234), (2.212503, 66.72795, -74.44787), (1.4877794, 99.986404, -0.7105101), (-0.11443703, 99.99889, -0.45774812), (1.678454, 4.8541656, -99.86801), (2.4414103, 5.626688, -99.81172), (2.212503, 66.72795, -74.44787), (1.4496015, 66.9487, -74.268234), (0.019073525, -70.93444, -70.486206), (2.4404798e-14, -70.8393, -70.58181), (-0.019073049, -100, -0.052450884), (0.019073049, -100, -0.057219144), (1.0743738e-15, -3.1185627, -99.95136), (6.5052157e-16, -1.8882556, -99.98218), (2.4404798e-14, -70.8393, -70.58181), (0.019073525, -70.93444, -70.486206), (-58.36262, -81.20224, -0.038145505), (-58.362606, -81.20222, -0.07629099), (-99.92389, -3.9004457, -0.07152406), (-99.9239, -3.9004462, -0.057219256), (-0.019073049, -100, -0.038146097), (-0.019073049, -100, -0.052450884), (-58.362606, -81.20222, -0.07629099), (-58.36262, -81.20224, -0.038145505), (-68.736885, -2.4508016, -72.58951), (-60.7256, -2.3363335, -79.41627), (-3.4522967, -0.20980808, -99.94017), (-5.054557, -3.2902305, -99.81796), (-99.9239, -3.9004462, -0.057219256), (-99.92389, -3.9004457, -0.07152406), (-60.7256, -2.3363335, -79.41627), (-68.736885, -2.4508016, -72.58951), (99.940704, -3.4429424, -0.0524548), (99.94071, -3.4429429, -0.03814895), (69.40847, -1.8978134, -71.96432), (61.244263, -1.8405702, -79.03008), (61.244263, -1.8405702, -79.03008), (69.40847, -1.8978134, -71.96432), (5.0353875, -3.3759983, -99.81607), (3.3568807, -0.17165868, -99.9435), (59.059032, -80.69716, -0.019072833), (59.080524, -80.68139, -0.07152605), (0.019073049, -100, -0.057219144), (0.019073049, -100, -0.038146097), (99.940384, -3.4524686, -0.038148824), (99.940704, -3.4429424, -0.0524548), (59.080524, -80.68139, -0.07152605), (59.059032, -80.69716, -0.019072833), (62.95904, -77.69272, -0.019072719), (76.06955, -64.9109, -0.014305958), (11.672816, -99.31431, -0.64372146), (3.0517218, -99.95343, -0.019073261), (99.92501, -3.8718798, -0.038146596), (99.98936, -1.4592113, 0.028611988), (76.06955, -64.9109, -0.014305958), (62.95904, -77.69272, -0.019072719), (80.394226, 2.7696558e-14, -59.470745), (81.3302, -4.5872216, -58.003082), (99.99555, -0.09536101, -0.93930596), (99.98208, 3.4444754e-14, -1.893022), (79.8229, -4.9209814, -60.03407), (77.05961, -3.910203, -63.612324), (-27.959675, 0.74381125, -96.00887), (-29.580427, 3.127782, -95.47364), (99.89732, -4.5303826, -0.019075295), (99.92501, -3.8718798, -0.038146596), (77.05961, -3.910203, -63.612324), (79.8229, -4.9209814, -60.03407), (-59.009785, -80.73316, -0.038144656), (-59.00977, -80.73315, -0.08105738), (-99.92719, -3.8147433, -0.07152643), (-99.926834, -3.8242662, -0.057220936), (-1.3732609, -99.990555, -0.057219204), (-1.373261, -99.99057, -0.03814614), (-59.00977, -80.73315, -0.08105738), (-59.009785, -80.73316, -0.038144656), (-3.4903975, -0.20980531, -99.93885), (-5.149921, -3.2902272, -99.813095), (-69.31588, -2.3938203, -72.03873), (-61.29985, -2.2791948, -78.97553), (-61.29985, -2.2791948, -78.97553), (-69.31588, -2.3938203, -72.03873), (-99.92937, -3.7576036, -0.057222392), (-99.92719, -3.8147433, -0.07152643), (1.6784502, -7.352756, -99.7152), (1.678454, 4.8541656, -99.86801), (-1.0681115, 2.470008, -99.96379), (1.1444263, -8.440144, -99.63662), (67.063835, -0.10013797, -74.1784), (73.88539, -0.01907212, -67.386566), (5.5314198, 1.9056255e-15, -99.8469), (3.623918, -0.009536627, -99.93431), (99.948746, -0.26703864, -3.190158), (99.999565, 3.4450778e-14, -0.29568738), (73.88539, -0.01907212, -67.386566), (67.063835, -0.10013797, -74.1784), (0.1525897, 79.24174, -60.99773), (0.76292825, 82.253204, -56.866768), (1.4113996, 0.04768242, -99.99003), (0.15259148, 0.047684837, -99.99987), (-1.2206907, 99.99173, -0.40530744), (0.95369685, 99.99512, -0.25749817), (0.76292825, 82.253204, -56.866768), (0.1525897, 79.24174, -60.99773), (-65.45958, 75.597046, -0.3623928), (-65.72538, 75.36675, -0.16212006), (-99.996574, 0.11445621, -0.82026947), (-99.998085, 0.23845404, -0.5722897), (-0.11443703, 99.99889, -0.45774812), (-1.2206907, 99.99173, -0.40530744), (-65.72538, 75.36675, -0.16212006), (-65.45958, 75.597046, -0.3623928), (0.057221323, 0.4386968, 99.99902), (0.7629339, -0.24318519, 99.996796), (63.28948, -0.085835636, 77.423744), (70.34493, 0.05722202, 71.07452), (63.28948, -0.085835636, 77.423744), (99.99995, -0.061999205, 0.09061422), (99.99986, 0.14304768, 0.09059686), (70.34493, 0.05722202, 71.07452), (0.038146086, 99.99997, 0.07629217), (-3.4450924e-14, 99.999985, 0.06675567), (-2.4319385e-14, 70.59138, 70.829796), (0.019073645, 68.951225, 72.4274), (-2.4319385e-14, 70.59138, 70.829796), (-0.019073045, 0.06675565, 99.99997), (0.057221323, 0.4386968, 99.99902), (0.019073645, 68.951225, 72.4274), (51.113995, -85.94971, 0.08582574), (51.154747, -85.925476, 0.07152509), (33.68287, -56.52752, 75.300095), (31.548271, -52.276855, 79.19494), (3.623932, -68.80702, -72.47387), (-3.6048834, -68.807495, -72.474365), (-6.256234, -99.8041, -0.057221655), (6.256234, -99.8041, -0.057221655), (0.26702702, -2.3078763, -99.97301), (-0.13351241, -1.3160509, -99.99126), (-3.6048834, -68.807495, -72.474365), (3.623932, -68.80702, -72.47387), (-58.323902, -81.23006, -0.038145132), (-58.362606, -81.20222, -0.07629099), (-99.92389, -3.9004457, -0.07152406), (-99.9239, -3.9004462, -0.057219256), (-6.2372346, -99.80529, -0.038148224), (-6.256234, -99.8041, -0.057221655), (-58.362606, -81.20222, -0.07629099), (-58.323902, -81.23006, -0.038145132), (-68.71967, -2.4508681, -72.60578), (-60.708958, -2.336427, -79.428986), (-3.4522967, -0.20980808, -99.94017), (-5.0735817, -3.2901988, -99.817), (-99.9239, -3.9004462, -0.057219256), (-99.92389, -3.9004457, -0.07152406), (-60.708958, -2.336427, -79.428986), (-68.71967, -2.4508681, -72.60578), (68.736885, -2.4508016, -72.58951), (60.71126, -2.3365157, -79.42722), (99.92389, -3.9004457, -0.07152406), (99.9239, -3.9004462, -0.057219256), (5.0735817, -3.2901988, -99.817), (3.4522967, -0.20980808, -99.94017), (60.71126, -2.3365157, -79.42722), (68.736885, -2.4508016, -72.58951), (58.422935, -81.15886, -0.038147528), (58.34551, -81.21451, -0.07629357), (6.256234, -99.8041, -0.057221655), (6.2942314, -99.80171, -0.038146857), (99.92427, -3.890924, -0.05721947), (99.92389, -3.9004457, -0.07152406), (58.34551, -81.21451, -0.07629357), (58.422935, -81.15886, -0.038147528), (0.019073622, 1.7929205, 99.983925), (2.479775, 1.7453802, 99.954), (0.97269577, 91.7481, 39.76609), (0.01907388, 91.66907, 39.959778), (0.01907388, 91.66907, 39.959778), (0.97269577, 91.7481, 39.76609), (-3.4450927e-14, 100, 0), (0.038146097, 100, 0.019073049), (-3.4450365e-14, 99.99836, 0.5721821), (0.01907276, 99.998474, 0.55311), (1.5448734, 78.42616, 62.023804), (0.019072475, 77.939674, 62.653084), (0.019072475, 77.939674, 62.653084), (1.5448734, 78.42616, 62.023804), (2.4797995, 1.6881713, 99.955), (0.038148124, 1.6594433, 99.98624), (0.019075256, 7.143683, 99.744514), (4.0629053, 7.095778, 99.66517), (2.1361969, 85.06641, 52.527554), (-2.9483875e-14, 85.58224, 51.726994), (-2.9483875e-14, 85.58224, 51.726994), (2.1361969, 85.06641, 52.527554), (0.038148627, 99.997086, 0.76297253), (-3.445007e-14, 99.997505, 0.70575255), (3.4450504e-14, -99.99877, 0.49589318), (0.019072738, -99.99836, 0.5721821), (2.6705382, -75.709755, 65.27558), (0.0381476, -76.26659, 64.67925), (0.0381476, -76.26659, 64.67925), (2.6705382, -75.709755, 65.27558), (4.0819364, -5.93216, 99.7404), (0.038142897, -5.9979706, 99.81996), (4.093522e-15, -11.882183, -99.291565), (-3.566884, -10.195185, -99.41497), (-1.6022964, -67.22968, -74.01083), (2.2720036e-14, -65.94898, -75.17136), (2.2720036e-14, -65.94898, -75.17136), (-1.6022964, -67.22968, -74.01083), (3.44506e-14, -99.99905, -0.43867594), (3.4450504e-14, -99.99877, -0.49589318), (3.623932, -68.80702, -72.47387), (-3.623932, -68.80702, -72.47387), (-6.256234, -99.8041, -0.052453183), (6.2752323, -99.802895, -0.061989374), (0.40054443, -3.6907306, -99.93106), (-0.24795966, -2.2030263, -99.975426), (-3.623932, -68.80702, -72.47387), (3.623932, -68.80702, -72.47387), (-57.871838, -81.55275, 0), (-58.34552, -81.21452, -0.04768349), (-99.92391, -3.9004464, -0.02384136), (-99.92241, -3.9385335, -0.0190728), (-6.065631, -99.81587, -0.038148623), (-6.256234, -99.8041, -0.052453183), (-58.34552, -81.21452, -0.04768349), (-57.871838, -81.55275, 0), (-68.736885, -2.4508016, -72.58951), (-60.69462, -2.3366091, -79.43995), (-2.4986205, -0.1525875, -99.96866), (-4.7874546, -3.2997196, -99.83082), (-99.92391, -3.9004464, -0.009536544), (-99.92391, -3.9004464, -0.02384136), (-60.69462, -2.3366091, -79.43995), (-68.736885, -2.4508016, -72.58951), (68.70485, -2.4510198, -72.619804), (60.692448, -2.326989, -79.44188), (99.923836, -3.9004436, -0.12397497), (99.92384, -3.9004443, -0.109670185), (5.0735817, -3.2901988, -99.817), (3.4522967, -0.20980808, -99.94017), (60.692448, -2.326989, -79.44188), (68.70485, -2.4510198, -72.619804), (58.88178, -80.826546, -0.07629644), (58.36711, -81.19895, -0.10967676), (6.2752323, -99.802895, -0.061989374), (6.4847918, -99.7895, -0.05721875), (99.92569, -3.8528323, -0.11444057), (99.923836, -3.9004436, -0.12397497), (58.36711, -81.19895, -0.10967676), (58.88178, -80.826546, -0.07629644), (-7.5534377, -69.31615, -71.681366), (-2.5179305, -70.5116, -70.86448), (-11.349919, -2.3462858, -99.3261), (-6.8477216, -5.951223, -99.587616), (-4.195976, -99.9119, -0.05721785), (3.032666, -99.954, -0.057220113), (-2.5179305, -70.5116, -70.86448), (-7.5534377, -69.31615, -71.681366), (-70.3159, -2.4888053, -71.059685), (-62.712475, -2.345996, -77.85655), (-9.040586, -0.44821474, -99.5895), (-11.44339, -3.2327578, -99.29048), (-99.92241, -3.9385335, -0.0190728), (-99.926865, -3.8242671, -0.019073652), (-62.712475, -2.345996, -77.85655), (-70.3159, -2.4888053, -71.059685), (-2.7274735, -69.30262, -72.03963), (1.9455888, -69.36406, -72.00587), (-1.0109963, 0.57226205, -99.993256), (-1.0680075, 0.6484331, -99.9922), (-3.890924, -99.92427, -0.05721947), (3.8528342, -99.92574, -0.05722031), (1.9455888, -69.36406, -72.00587), (-2.7274735, -69.30262, -72.03963), (66.821556, -2.4512045, -74.356384), (58.30803, -2.4032753, -81.2059), (99.92382, -3.900443, -0.13351151), (99.92569, -3.8528323, -0.11444057), (4.653548, -3.1659381, -99.841484), (2.1742067, -0.44819173, -99.975365), (58.30803, -2.4032753, -81.2059), (66.821556, -2.4512045, -74.356384), (-68.89334, -2.45094, -72.44101), (-60.936, -2.3363569, -79.254944), (-5.9705677, -0.3433553, -99.82102), (-8.412389, -3.1951816, -99.59429), (-99.9239, -3.9004462, -0.057219256), (-99.92425, -3.8909235, -0.07629261), (-60.936, -2.3363569, -79.254944), (-68.89334, -2.45094, -72.44101), (69.42847, -0.019073756, -71.97005), (69.426506, -2.3173957, -71.93464), (4.9018874, -3.2806408, -99.82589), (5.7793956, 1.9910553e-15, -99.832855), (99.98161, -0.03814636, -1.9168547), (99.004234, -14.075347, -0.21456322), (69.426506, -2.3173957, -71.93464), (69.42847, -0.019073756, -71.97005), (-3.1472542, -84.9091, -52.730812), (2.0981386, -84.47868, -53.469154), (3.9290116, -99.922775, -0.04768218), (-4.67314, -99.89075, -0.03337957), (-4.7874546, -3.2997196, -99.83082), (4.9018874, -3.2806408, -99.82589), (2.0981386, -84.47868, -53.469154), (-3.1472542, -84.9091, -52.730812), (51.536495, -85.69707, -0.038146928), (57.564934, -81.76967, -0.019073868), (99.004234, -14.075347, -0.21456322), (99.89732, -4.5303826, -0.019075295), (3.032666, -99.954, -0.057220113), (3.9290116, -99.922775, -0.04768218), (57.564934, -81.76967, -0.019073868), (51.536495, -85.69707, -0.038146928), (-59.39405, -80.4509, -0.038146466), (-64.12532, -76.73294, -0.019073563), (-4.67314, -99.89075, -0.03337957), (-4.195976, -99.9119, -0.05721785), (-99.926865, -3.8242671, -0.019073652), (-99.92391, -3.9004464, -0.009536544), (-64.12532, -76.73294, -0.019073563), (-59.39405, -80.4509, -0.038146466), (-3.1661668, -80.04108, -59.86153), (3.166257, -80.04336, -59.85847), (3.8718798, -99.92501, -0.042914923), (-3.890924, -99.92427, -0.038146313), (-5.0735817, -3.2901988, -99.817), (5.0735817, -3.2901988, -99.817), (3.166257, -80.04336, -59.85847), (-3.1661668, -80.04108, -59.86153), (58.289654, -81.25456, -0.11444304), (58.36261, -81.20223, -0.06675462), (99.92384, -3.9004443, -0.109670185), (99.92382, -3.900443, -0.13351151), (3.8528342, -99.92574, -0.05722031), (3.8718798, -99.92501, -0.042914923), (58.36261, -81.20223, -0.06675462), (58.289654, -81.25456, -0.11444304), (-58.440006, -81.14654, -0.07629243), (-58.367134, -81.19899, -0.033379897), (-3.890924, -99.92427, -0.038146313), (-3.890924, -99.92427, -0.05721947), (-99.92425, -3.8909235, -0.07629261), (-99.9239, -3.9004462, -0.057219256), (-58.367134, -81.19899, -0.033379897), (-58.440006, -81.14654, -0.07629243), (-68.70724, -2.4511046, -72.61755), (-60.697052, -2.3271651, -79.43836), (-0.01907305, -6.5708428e-18, -100), (-0.019071698, -3.585479, -99.9357), (-99.9239, -3.9004462, -0.057219256), (-99.923874, -3.9004452, -0.07629233), (-60.697052, -2.3271651, -79.43836), (-68.70724, -2.4511046, -72.61755), (2.4795916, -69.428566, -71.92723), (-2.4795916, -69.428566, -71.92723), (-3.9670975, -99.92127, -0.057217754), (3.948055, -99.92203, -0.057218183), (0.19072604, -4.415308, -99.902306), (-0.9726655, -11.71013, -99.30724), (-2.4795916, -69.428566, -71.92723), (2.4795916, -69.428566, -71.92723), (68.52599, -2.4507627, -72.78861), (60.44344, -2.336485, -79.631226), (99.923874, -3.9004452, -0.07629233), (99.92427, -3.890924, -0.05721947), (7.6671944, -3.194664, -99.65445), (5.2258215, -0.34330213, -99.86278), (60.44344, -2.336485, -79.631226), (68.52599, -2.4507627, -72.78861), (-3.1471124, -80.04155, -59.86189), (3.1661668, -80.04108, -59.86153), (3.9670975, -99.92127, -0.042913314), (-3.9670975, -99.92127, -0.042913314), (-5.054557, -3.2902305, -99.81796), (5.0735817, -3.2901988, -99.817), (3.1661668, -80.04108, -59.86153), (-3.1471124, -80.04155, -59.86189), (58.362606, -81.20222, -0.07629099), (58.367134, -81.19899, -0.033379897), (99.9239, -3.9004462, -0.057219256), (99.923874, -3.9004452, -0.07629233), (3.948055, -99.92203, -0.057218183), (3.9670975, -99.92127, -0.042913314), (58.367134, -81.19899, -0.033379897), (58.362606, -81.20222, -0.07629099), (-58.362606, -81.20222, -0.07629099), (-58.367134, -81.19899, -0.033379897), (-3.9670975, -99.92127, -0.042913314), (-3.9670975, -99.92127, -0.057217754), (-99.923874, -3.9004452, -0.07629233), (-99.9239, -3.9004462, -0.057219256), (-58.367134, -81.19899, -0.033379897), (-58.362606, -81.20222, -0.07629099), (3.2042623, -79.54391, -60.5186), (-7.0194974, -79.91354, -59.703876), (-11.44339, -3.2327578, -99.29048), (4.653548, -3.1659381, -99.841484), (6.4847918, -99.7895, -0.05721875), (-6.065631, -99.81587, -0.038148623), (-7.0194974, -79.91354, -59.703876), (3.2042623, -79.54391, -60.5186), (4.902051, -79.87292, -59.969063), (-5.321352, -79.906105, -59.88905), (-8.412389, -3.1951816, -99.59429), (7.6671944, -3.194664, -99.65445), (6.2942314, -99.80171, -0.038146857), (-6.2372346, -99.80529, -0.038148224), (-5.321352, -79.906105, -59.88905), (4.902051, -79.87292, -59.969063), (0.019073678, -80.195274, -59.738758), (-0.019073678, -80.195274, -59.738758), (-0.019071698, -3.585479, -99.9357), (0.019071698, -3.585479, -99.9357), (0.019073049, -100, -0.038146097), (-0.019073049, -100, -0.038146097), (-0.019073678, -80.195274, -59.738758), (0.019073678, -80.195274, -59.738758), (70.01252, -2.527356, -71.35727), (68.88203, -3.461744, -72.41052), (99.940384, -3.4524686, -0.038148824), (99.940384, -3.4524686, -0.038148824), (-3.9480553, -99.922035, -0.03814546), (3.9480553, -99.922035, -0.03814546), (4.100988, -78.85341, -61.36222), (-3.814568, -78.51335, -61.81508), (3.4523206, -68.970116, -72.32707), (-3.490485, -68.922775, -72.370346), (-6.1796427, -99.80886, -0.057218913), (6.1606426, -99.81004, -0.061987888), (0.11444261, -1.068131, -99.994225), (-0.095369525, -1.00138, -99.99494), (-3.490485, -68.922775, -72.370346), (3.4523206, -68.970116, -72.32707), (-64.5814, -76.34948, -0.03814613), (-64.43675, -76.47156, -0.07629037), (-99.96971, -2.4606168, -0.047686372), (-99.97019, -2.441554, -0.038149282), (-6.1796436, -99.808876, -0.03814595), (-6.1796427, -99.80886, -0.057218913), (-64.43675, -76.47156, -0.07629037), (-64.5814, -76.34948, -0.03814613), (-3.2997267, -0.11444139, -99.94548), (-5.168895, -3.3187737, -99.81117), (-69.817276, -0.51497513, -71.59108), (-61.29251, -0.61035025, -79.01175), (-61.29251, -0.61035025, -79.01175), (-69.817276, -0.51497513, -71.59108), (-99.969246, -2.4796798, -0.033380304), (-99.96971, -2.4606168, -0.047686372), (99.926414, -3.833787, -0.119209796), (99.92752, -3.8052185, -0.109674215), (69.29819, -2.4320173, -72.054474), (61.293358, -2.3174555, -78.97946), (61.293358, -2.3174555, -78.97946), (69.29819, -2.4320173, -72.054474), (5.1309133, -3.2807324, -99.814384), (3.4713473, -0.2098067, -99.939514), (63.761044, -77.03586, -0.07629201), (64.10466, -76.75012, -0.10967027), (6.1606426, -99.81004, -0.061987888), (6.0846343, -99.81471, -0.03814818), (99.926056, -3.8433099, -0.11444099), (99.926414, -3.833787, -0.119209796), (64.10466, -76.75012, -0.10967027), (63.761044, -77.03586, -0.07629201), (-4.1388574, -99.91431, -0.019073077), (4.119817, -99.91509, -0.03814645), (3.9291067, -85.353165, -51.95576), (-3.7193687, -82.89424, -55.809605), (-99.92203, -3.948055, -0.057218183), (-99.92011, -3.9960415, -0.05722255), (-68.74831, -3.5284884, -72.53428), (-69.94102, -2.489038, -71.42871), (3.681253, -68.84705, -72.432945), (-3.6811385, -68.85446, -72.42593), (-6.4088154, -99.79441, -0.057221565), (6.4088154, -99.79441, -0.057221565), (0.17166348, -1.4591395, -99.989204), (-0.19073936, -1.6880435, -99.98557), (-3.6811385, -68.85446, -72.42593), (3.681253, -68.84705, -72.432945), (-58.926556, -80.793945, -0.038146336), (-58.965054, -80.765816, -0.07629313), (-99.92237, -3.9389079, -0.071529806), (-99.92203, -3.948055, -0.057218183), (-6.38982, -99.79564, -0.03814818), (-6.4088154, -99.79441, -0.057221565), (-58.965054, -80.765816, -0.07629313), (-58.926556, -80.793945, -0.038146336), (-3.4903963, -0.21934186, -99.93883), (-5.130653, -3.2901027, -99.81409), (-69.26416, -2.574876, -72.08222), (-61.299812, -2.4413118, -78.97071), (-61.299812, -2.4413118, -78.97071), (-69.26416, -2.574876, -72.08222), (-99.92203, -3.948055, -0.057218183), (-99.92237, -3.9389079, -0.071529806), (99.92646, -3.8337886, -0.07152591), (99.92648, -3.833789, -0.057220735), (69.30552, -2.43194, -72.04742), (61.30162, -2.3174071, -78.973045), (61.30162, -2.3174071, -78.973045), (69.30552, -2.43194, -72.04742), (5.149921, -3.2902272, -99.813095), (3.4903975, -0.20980531, -99.93885), (59.02054, -80.7253, -0.038145445), (58.992798, -80.74555, -0.07629201), (6.4088154, -99.79441, -0.057221565), (6.427811, -99.7932, -0.03814725), (99.92648, -3.833789, -0.057220735), (99.92646, -3.8337886, -0.07152591), (58.992798, -80.74555, -0.07629201), (59.02054, -80.7253, -0.038145445), (5.130841, -79.8809, -59.939285), (-5.32115, -79.89353, -59.905846), (-8.602761, -3.4143996, -99.570755), (8.201834, -3.4142518, -99.60459), (6.427811, -99.7932, -0.03814725), (-6.38982, -99.79564, -0.03814818), (-5.32115, -79.89353, -59.905846), (5.130841, -79.8809, -59.939285), (69.82024, -2.498689, -71.54643), (68.62645, -3.4999871, -72.650955), (99.92427, -3.890924, -0.05721947), (99.92648, -3.833789, -0.057220735), (-4.2154174, -99.91112, -0.038148575), (4.1959767, -99.91193, -0.03814524), (3.3948514, -79.82669, -60.134644), (-1.850037, -73.93472, -67.307014), (-69.00582, -2.1457033, -72.34358), (-56.425095, -2.8613133, -82.51074), (-0.305196, -0.18121012, -99.99937), (-1.3733331, -4.4633327, -99.89091), (-99.926834, -3.8242662, -0.057220936), (-99.94646, -3.2711484, -0.076295), (-56.425095, -2.8613133, -82.51074), (-69.00582, -2.1457033, -72.34358), (-3.0899537, -80.319725, -59.491146), (2.99455, -80.24249, -59.60013), (3.948055, -99.92203, -0.042913638), (-3.9670975, -99.92127, -0.042913314), (-5.168895, -3.3187737, -99.81117), (5.0353875, -3.3759983, -99.81607), (2.99455, -80.24249, -59.60013), (-3.0899537, -80.319725, -59.491146), (59.09128, -80.67353, -0.03814802), (59.108253, -80.66112, -0.019073332), (99.94071, -3.4429429, -0.03814895), (99.940384, -3.4524686, -0.038148824), (3.9480553, -99.922035, -0.03814546), (3.948055, -99.92203, -0.042913638), (59.108253, -80.66112, -0.019073332), (59.09128, -80.67353, -0.03814802), (-59.168198, -80.61714, -0.038148418), (-59.349503, -80.483765, -0.009537121), (-3.9670975, -99.92127, -0.042913314), (-3.9480553, -99.922035, -0.03814546), (-99.968544, -2.5080347, -0.038145013), (-99.969246, -2.4796798, -0.033380304), (-59.349503, -80.483765, -0.009537121), (-59.168198, -80.61714, -0.038148418), (-3.204459, -80.016106, -59.892864), (3.2042444, -80.029816, -59.874546), (3.890924, -99.92427, -0.042914603), (-3.9290116, -99.922775, -0.042913962), (-5.130653, -3.2901027, -99.81409), (5.1309133, -3.2807324, -99.814384), (3.2042444, -80.029816, -59.874546), (-3.204459, -80.016106, -59.892864), (64.16183, -76.70238, -0.076292306), (59.689793, -80.2317, -0.061988115), (99.92752, -3.8052185, -0.109674215), (99.949165, -3.1854026, -0.13351987), (4.119817, -99.91509, -0.03814645), (3.890924, -99.92427, -0.042914603), (59.689793, -80.2317, -0.061988115), (64.16183, -76.70238, -0.076292306), (-58.958836, -80.77036, -0.057223067), (-58.965065, -80.76583, -0.03814657), (-3.9290116, -99.922775, -0.042913962), (-4.1388574, -99.91431, -0.019073077), (-99.92011, -3.9960415, -0.05722255), (-99.92203, -3.948055, -0.057218183), (-58.965065, -80.76583, -0.03814657), (-58.958836, -80.77036, -0.057223067), (-3.2235117, -80.044174, -59.854313), (3.204366, -80.04239, -59.857746), (4.0246067, -99.91897, -0.04291642), (-4.062692, -99.91743, -0.04291576), (-5.149921, -3.2902272, -99.813095), (5.149921, -3.2902272, -99.813095), (3.204366, -80.04239, -59.857746), (-3.2235117, -80.044174, -59.854313), (58.954308, -80.77369, -0.057218667), (58.992805, -80.74557, -0.03814601), (99.92648, -3.833789, -0.057220735), (99.92427, -3.890924, -0.05721947), (4.1959767, -99.91193, -0.03814524), (4.0246067, -99.91897, -0.04291642), (58.992805, -80.74557, -0.03814601), (58.954308, -80.77369, -0.057218667), (-63.45299, -77.28982, -0.0572164), (-60.044235, -79.9668, -0.033379104), (-4.062692, -99.91743, -0.04291576), (-4.2154174, -99.91112, -0.038148575), (-99.94646, -3.2711484, -0.076295), (-99.92937, -3.7576036, -0.057222392), (-60.044235, -79.9668, -0.033379104), (-63.45299, -77.28982, -0.0572164), (1.8691552, -79.53923, -60.580654), (1.7547798, -71.578804, -69.809715), (0.038146585, -0.83445656, -99.996506), (5.454945, -3.9720006, -99.77209), (2.4795122, -99.96249, -1.1634634), (2.2888036, -99.96351, -1.4352707), (1.7547798, -71.578804, -69.809715), (1.8691552, -79.53923, -60.580654), (60.196472, -79.85188, 0.25272602), (66.37717, -74.79353, -0.00953695), (2.5558069, -99.96733, 0), (2.3269393, -99.97256, 0.27179414), (65.61315, -75.46466, 0), (65.617874, -75.45578, -0.8488358), (99.9038, -3.6333857, -2.4556346), (99.9737, -2.2933686, 0), (2.517685, -99.96831, 0), (2.4795122, -99.96249, -1.1634634), (65.617874, -75.45578, -0.8488358), (65.61315, -75.46466, 0), (-14.152685, 79.8282, 58.54195), (15.106352, 79.64452, 58.553802), (13.313184, 0.09775081, 99.10979), (-12.5504675, 0.0953683, 99.20926), (-9.803741, 99.51799, 0.23841783), (10.375859, 99.459946, 0.24318418), (15.106352, 79.64452, 58.553802), (-14.152685, 79.8282, 58.54195), (75.46396, 65.613686, 0.19075824), (82.729935, 56.17598, 0.12872915), (10.375859, 99.459946, 0.24318418), (8.77385, 99.6142, 0.1764307), (99.977684, 2.090815, 0.30515888), (99.99636, 0.85365075, 0.0071534975), (82.729935, 56.17598, 0.12872915), (75.46396, 65.613686, 0.19075824), (87.97344, 1.0634258, 47.534653), (83.83324, -2.2455332, 54.46967), (18.959301, -8.13972, 97.8483), (31.357975, 2.131541, 94.93227), (1.9836922, -76.53427, 64.3317), (3.280676, -77.477356, 63.138702), (2.3269393, -99.97256, 0.27179414), (2.517676, -99.96796, 0.26225796), (11.329537, -7.128644, 99.100075), (18.959301, -8.13972, 97.8483), (3.280676, -77.477356, 63.138702), (1.9836922, -76.53427, 64.3317), (83.89252, 1.3829485, 54.407104), (83.72893, -1.5973343, 54.652676), (99.97755, -2.0979645, 0.30039036), (99.977684, 2.090815, 0.30515888), (11.825391, 1.590229, 99.28561), (11.329537, -7.128644, 99.100075), (83.72893, -1.5973343, 54.652676), (83.89252, 1.3829485, 54.407104), (-6.5993295, 79.63063, 60.12828), (7.2479577, 79.63455, 60.048374), (8.77385, 99.6142, 0.1764307), (-8.125362, 99.6692, 0.17643097), (-9.841744, 1.7094309, 99.49984), (11.825391, 1.590229, 99.28561), (7.2479577, 79.63455, 60.048374), (-6.5993295, 79.63063, 60.12828), (33.950447, 75.31325, 56.349636), (26.77905, 77.54767, 57.177277), (23.155243, 97.28206, 0.18596675), (24.643194, 96.91575, 0.22649993), (31.967312, 0.0834469, 94.752754), (30.517704, 0.07152587, 95.229546), (26.77905, 77.54767, 57.177277), (33.950447, 75.31325, 56.349636), (82.322784, 56.770966, 0.13351703), (74.77223, 66.40089, 0.19074547), (99.99949, 0.08822923, 0.30761003), (99.99999, 0.040537957, 0), (24.375772, 96.98334, 0.23364882), (23.155243, 97.28206, 0.18596675), (74.77223, 66.40089, 0.19074547), (82.322784, 56.770966, 0.13351703), (27.427906, 77.40802, 57.05882), (33.79852, 75.28611, 56.4771), (31.357975, 2.131541, 94.93227), (30.06031, 1.9646015, 95.354706), (23.422369, 97.2181, 0.18596752), (24.375772, 96.98334, 0.23364882), (33.79852, 75.28611, 56.4771), (27.427906, 77.40802, 57.05882), (81.608, 57.793743, 0.13830248), (73.621, 67.67506, 0.190728), (99.9703, 2.4220197, 0.27176204), (99.9975, 0.7082043, 0.004769053), (24.643194, 96.91575, 0.22649993), (23.422369, 97.2181, 0.18596752), (73.621, 67.67506, 0.190728), (81.608, 57.793743, 0.13830248), (70.72554, 2.5654223, 70.64925), (83.24807, 1.8909178, 55.373127), (30.06031, 1.9646015, 95.354706), (16.02159, 4.925685, 98.58523), (99.96062, 2.7827778, 0.36245263), (99.9703, 2.4220197, 0.27176204), (83.24807, 1.8909178, 55.373127), (70.72554, 2.5654223, 70.64925), (65.615425, 75.4625, 0.1668997), (65.612816, 75.46427, 0.319481), (4.8828974, 99.88004, 0.367171), (4.8829184, 99.88048, 0.21934985), (99.94833, 0.948937, 3.0709317), (99.96062, 2.7827778, 0.36245263), (65.612816, 75.46427, 0.319481), (65.615425, 75.4625, 0.1668997), (-4.6157036, 89.81072, 43.73475), (4.424953, 89.6196, 44.144627), (16.02159, 4.925685, 98.58523), (-0.38147384, 4.797034, 99.884155), (-4.844609, 99.881905, 0.36716032), (4.8828974, 99.88004, 0.367171), (4.424953, 89.6196, 44.144627), (-4.6157036, 89.81072, 43.73475), (-74.77105, 66.40222, 0.19074246), (-82.32167, 56.77258, 0.13113102), (-99.9975, 0.7082043, 0.004769053), (-99.9703, 2.4220197, 0.27176204), (-8.125362, 99.6692, 0.17643097), (-9.803741, 99.51799, 0.23841783), (-82.32167, 56.77258, 0.13113102), (-74.77105, 66.40222, 0.19074246), (-65.615425, 75.4625, 0.16213113), (-65.61518, 75.46223, 0.3194925), (-99.96062, 2.7827778, 0.36245263), (-99.94833, 0.948937, 3.0709317), (-4.84463, 99.88234, 0.21934347), (-4.844609, 99.881905, 0.36716032), (-65.61518, 75.46223, 0.3194925), (-65.615425, 75.4625, 0.16213113), (-84.18385, 1.873825, 53.94041), (-72.02258, 2.6417181, 69.32364), (-0.38147384, 4.797034, 99.884155), (-9.841744, 1.7094309, 99.49984), (-99.9703, 2.4220197, 0.27176204), (-99.96062, 2.7827778, 0.36245263), (-72.02258, 2.6417181, 69.32364), (-84.18385, 1.873825, 53.94041), (-3.85287, 79.999504, 59.876842), (3.890997, 79.994316, 59.8813), (4.8829184, 99.88048, 0.21934985), (-4.84463, 99.88234, 0.21934347), (-6.5230846, 0.0905984, 99.78698), (6.5613794, 0.090600446, 99.78447), (3.890997, 79.994316, 59.8813), (-3.85287, 79.999504, 59.876842), (-84.82767, 52.95531, -0.04290968), (-84.43675, 53.576427, -0.042914547), (-68.13685, 42.36616, -59.68651), (-63.915157, 39.753857, -65.83681), (0.0762895, 0.8391844, 99.99645), (1.1824462, 0.047679286, 99.993), (2.0789094, 0.047681414, 99.978386), (2.880258, 2.6990497, 99.922066), (-1.7357792, 1.0920149, -99.97897), (-2.517704, 0.89645517, -99.96429), (-1.5259573, -5.257065e-16, -99.988365), (3.4450504e-14, -99.99877, 0.49589318), (3.4450504e-14, -99.99877, -0.49589318), (3.4450504e-14, -99.99877, -0.49589318), (3.4450504e-14, -99.99877, 0.49589318), (-2.3654478e-16, 0.6866136, 99.99764), (0.038148124, 1.6594433, 99.98624), (0.019073622, 1.7929205, 99.983925), (0.019072745, 5.8839417, 99.826744), (0.019075256, 7.143683, 99.744514), (-2.4605968e-15, 7.142324, 99.744606), (2.06675e-15, -5.9991126, 99.81989), (0.038142897, -5.9979706, 99.81996), (-3.445007e-14, 99.997505, 0.70575255), (-3.4450365e-14, 99.99836, 0.5721821), (-3.4450365e-14, 99.99836, 0.5721821), (-3.445007e-14, 99.997505, 0.70575255), (-0.57218844, -3.0516717, -99.95179), (-0.61033666, -3.1851945, -99.9474), (0.7247913, 0.057220366, -99.99735), (0.38147503, -3.0994847, -99.951225), (1.7165667, 0.07629185, 99.98524), (-0.5340632, 0.02861053, 99.998566), (0.34332782, 1.9741349, 99.97992), (0.61035514, 1.9550438, 99.97903), (99.97422, 0.46725836, 2.2218614), (99.8261, -5.559669, 1.9597117), (99.76817, -5.169632, -4.425663), (99.90498, -0.03814623, -4.3582067), (-0.41960302, -99.99902, -0.14304648), (0.8392231, -99.810326, -6.0986724), (0.26702166, -99.99962, 0.09059663), (-97.1625, -1.6594303, -23.594427), (-97.174034, -1.9934603, -23.520924), (-97.177124, -1.7646023, -23.526442), (-97.15694, -1.9740368, -23.593077), (3.4450727e-14, -99.99941, -0.3433129), (3.4450768e-14, -99.999535, -0.3099356), (-0.038146097, -100, -0.033377837), (0.038146097, 100, 0), (0.038146097, 100, 0.019073049), (-3.4450924e-14, 99.999985, 0.06675567), (0.038146086, 99.99997, 0.07629217), (0.4673042, -0.33855712, 99.99834), (0.7629339, -0.24318519, 99.996796), (0.009536525, 3.2854214e-18, 100), (0.057221588, 0.31471872, 99.99949), (-84.82767, 52.95531, -0.04290968), (-84.82767, 52.95531, -0.057212904), (-84.4346, 53.579834, -0.038145293), (-84.43675, 53.576427, -0.042914547), (0.038146097, 100, 0.019073049), (-3.4450927e-14, 100, 0), (-3.4450924e-14, 99.999985, 0.06675567), (0.038148124, 1.6594433, 99.98624), (2.4797995, 1.6881713, 99.955), (2.479775, 1.7453802, 99.954), (0.019073622, 1.7929205, 99.983925), (-3.445007e-14, 99.997505, 0.70575255), (0.038148627, 99.997086, 0.76297253), (0.01907276, 99.998474, 0.55311), (-3.4450365e-14, 99.99836, 0.5721821), (0.038142897, -5.9979706, 99.81996), (4.0819364, -5.93216, 99.7404), (4.0629053, 7.095778, 99.66517), (0.019075256, 7.143683, 99.744514), (3.4450504e-14, -99.99877, -0.49589318), (3.44506e-14, -99.99905, -0.43867594), (0.019072738, -99.99836, 0.5721821), (3.4450504e-14, -99.99877, 0.49589318), (-3.566884, -10.195185, -99.41497), (-4.672935, -2.1648088, -99.8673), (-6.8477216, -5.951223, -99.587616), (2.4797995, 1.6881713, 99.955), (12.857024, 1.6977378, 99.15551), (12.836965, 1.735756, 99.15745), (2.479775, 1.7453802, 99.954), (0.038148627, 99.997086, 0.76297253), (0.15259239, 99.9957, 0.91555434), (0.038145732, 99.99903, 0.4386759), (0.01907276, 99.998474, 0.55311), (4.0819364, -5.93216, 99.7404), (15.526048, -5.8937945, 98.61139), (15.505746, 7.0758076, 98.53682), (4.0629053, 7.095778, 99.66517), (-0.038145944, -99.99959, -0.28609458), (0.11444613, -99.99731, 0.7248255), (0.019072738, -99.99836, 0.5721821), (3.44506e-14, -99.99905, -0.43867594), (-11.349919, -2.3462858, -99.3261), (-9.461071, -6.7524576, -99.322174), (-3.566884, -10.195185, -99.41497), (-6.8477216, -5.951223, -99.587616), (4.093522e-15, -11.882183, -99.291565), (-1.0680075, 0.6484331, -99.9922), (-1.0109963, 0.57226205, -99.993256), (-3.566884, -10.195185, -99.41497), (-4.195976, -99.9119, -0.05721785), (-4.67314, -99.89075, -0.03337957), (3.9290116, -99.922775, -0.04768218), (3.032666, -99.954, -0.057220113), (-3.890924, -99.92427, -0.05721947), (-3.890924, -99.92427, -0.038146313), (3.8718798, -99.92501, -0.042914923), (3.8528342, -99.92574, -0.05722031), (-3.4450924e-14, 99.999985, 0.06675567), (0.2479489, 99.999695, 0.038145985), (-0.30516726, 99.999504, 0.095364764), (0.19072604, -4.415308, -99.902306), (4.093522e-15, -11.882183, -99.291565), (-0.9726655, -11.71013, -99.30724), (-3.9670975, -99.92127, -0.057217754), (-3.9670975, -99.92127, -0.042913314), (3.9670975, -99.92127, -0.042913314), (3.948055, -99.92203, -0.057218183), (99.89732, -4.5303826, -0.019075295), (99.004234, -14.075347, -0.21456322), (99.98936, -1.4592113, 0.028611988), (99.92501, -3.8718798, -0.038146596), (-4.7874546, -3.2997196, -99.83082), (-2.4986205, -0.1525875, -99.96866), (5.7793956, 1.9910553e-15, -99.832855), (4.9018874, -3.2806408, -99.82589), (-99.92241, -3.9385335, -0.0190728), (-99.92391, -3.9004464, -0.02384136), (-99.92391, -3.9004464, -0.009536544), (-99.926865, -3.8242671, -0.019073652), (99.92382, -3.900443, -0.13351151), (99.92384, -3.9004443, -0.109670185), (99.923836, -3.9004436, -0.12397497), (99.92569, -3.8528323, -0.11444057), (-3.4522967, -0.20980808, -99.94017), (3.4522967, -0.20980808, -99.94017), (5.0735817, -3.2901988, -99.817), (-5.0735817, -3.2901988, -99.817), (-99.9239, -3.9004462, -0.057219256), (-99.92389, -3.9004457, -0.07152406), (-99.9239, -3.9004462, -0.057219256), (-99.92425, -3.8909235, -0.07629261), (99.923874, -3.9004452, -0.07629233), (99.9239, -3.9004462, -0.057219256), (99.92389, -3.9004457, -0.07152406), (99.92427, -3.890924, -0.05721947), (-99.9239, -3.9004462, -0.057219256), (-99.92389, -3.9004457, -0.07152406), (-99.9239, -3.9004462, -0.057219256), (-99.923874, -3.9004452, -0.07629233), (-3.4522967, -0.20980808, -99.94017), (3.4522967, -0.20980808, -99.94017), (5.0735817, -3.2901988, -99.817), (-5.054557, -3.2902305, -99.81796), (-9.040586, -0.44821474, -99.5895), (2.1742067, -0.44819173, -99.975365), (4.653548, -3.1659381, -99.841484), (-11.44339, -3.2327578, -99.29048), (5.2258215, -0.34330213, -99.86278), (7.6671944, -3.194664, -99.65445), (-8.412389, -3.1951816, -99.59429), (-5.9705677, -0.3433553, -99.82102), (0.01907305, 6.5708428e-18, -100), (0.019071698, -3.585479, -99.9357), (-0.019071698, -3.585479, -99.9357), (-0.01907305, -6.5708428e-18, -100), (-3.9480553, -99.922035, -0.03814546), (-3.9670975, -99.92127, -0.042913314), (3.948055, -99.92203, -0.042913638), (3.9480553, -99.922035, -0.03814546), (3.3568807, -0.17165868, -99.9435), (5.0353875, -3.3759983, -99.81607), (-5.168895, -3.3187737, -99.81117), (-3.2997267, -0.11444139, -99.94548), (-99.97019, -2.441554, -0.038149282), (-99.96971, -2.4606168, -0.047686372), (-99.969246, -2.4796798, -0.033380304), (-99.968544, -2.5080347, -0.038145013), (-4.1388574, -99.91431, -0.019073077), (-3.9290116, -99.922775, -0.042913962), (3.890924, -99.92427, -0.042914603), (4.119817, -99.91509, -0.03814645), (99.949165, -3.1854026, -0.13351987), (99.92752, -3.8052185, -0.109674215), (99.926414, -3.833787, -0.119209796), (99.926056, -3.8433099, -0.11444099), (3.4713473, -0.2098067, -99.939514), (5.1309133, -3.2807324, -99.814384), (-5.130653, -3.2901027, -99.81409), (-3.4903963, -0.21934186, -99.93883), (-99.92203, -3.948055, -0.057218183), (-99.92237, -3.9389079, -0.071529806), (-99.92203, -3.948055, -0.057218183), (-99.92011, -3.9960415, -0.05722255), (-4.2154174, -99.91112, -0.038148575), (-4.062692, -99.91743, -0.04291576), (4.0246067, -99.91897, -0.04291642), (4.1959767, -99.91193, -0.03814524), (99.92427, -3.890924, -0.05721947), (99.92648, -3.833789, -0.057220735), (99.92646, -3.8337886, -0.07152591), (99.92648, -3.833789, -0.057220735), (-99.926834, -3.8242662, -0.057220936), (-99.92719, -3.8147433, -0.07152643), (-99.92937, -3.7576036, -0.057222392), (-99.94646, -3.2711484, -0.076295), (3.4903975, -0.20980531, -99.93885), (5.149921, -3.2902272, -99.813095), (-5.149921, -3.2902272, -99.813095), (-3.4903975, -0.20980531, -99.93885), (99.940384, -3.4524686, -0.038148824), (99.94071, -3.4429429, -0.03814895), (99.940704, -3.4429424, -0.0524548), (99.940384, -3.4524686, -0.038148824), (51.15266, -85.92674, 0.038145162), (51.154747, -85.925476, 0.07152509), (51.113995, -85.94971, 0.08582574), (51.0704, -85.975655, 0.038147822), (99.9737, -2.2933686, 0), (99.9038, -3.6333857, -2.4556346), (99.99996, 0.0643838, 0.05723004), (99.99636, 0.85365075, 0.0071534975), (99.99991, -0.13830586, 0), (100, -0.028615031, 0.014307516), (99.99999, 3.4450927e-14, -0.0333842), (99.9737, -2.2933686, 0), (99.99636, 0.85365075, 0.0071534975), (99.977684, 2.090815, 0.30515888), (99.97755, -2.0979645, 0.30039036), (99.98208, 3.4444754e-14, -1.893022), (99.99555, -0.09536101, -0.93930596), (99.98161, -0.03814636, -1.9168547), (99.9905, 3.4447658e-14, -1.3781598), (-13.257606, 0.009537845, -99.11729), (-1.5259573, -5.257065e-16, -99.988365), (-0.22889647, 0.34811336, -99.99914), (-1.6020833, -0.047681052, -99.98716), (-99.99807, -0.11443609, 0.6103258), (-99.998024, -3.4450246e-14, 0.6293982), (-99.99896, -3.445057e-14, -0.4577484), (-99.99851, -0.114436604, -0.5340375), (6.446806, 0.009536696, 99.791985), (6.446806, 2.2209846e-15, 99.791985), (-5.5506997, -1.9122675e-15, 99.84583), (-5.5506997, -0.009537284, 99.84583), (99.99782, 0.123972125, 0.64846957), (99.99778, 3.4450165e-14, 0.6676693), (99.99679, 3.4449823e-14, 0.80119514), (99.996704, 0.13350695, 0.8010417), (1.2968583, 4.467797e-16, 99.99159), (1.7547852, 6.045398e-16, 99.984604), (2.1552565, 2.6034737, 99.94286), (99.99995, -0.061999205, 0.09061422), (99.99997, -0.061987393, 0.03814609), (99.999886, 0.14304772, 0.038146056), (99.99986, 0.14304768, 0.09059686), (0.7629339, -0.24318519, 99.996796), (0.057221323, 0.4386968, 99.99902), (0.009536525, 3.2854214e-18, 100), (-2.098074, -7.22806e-16, -99.97798), (2.0599432, 7.0966956e-16, -99.978775), (0.038146585, -0.83445656, -99.996506), (0.11444358, -0.138286, -99.99984), (2.5558069, -99.96733, 0), (2.2888036, -99.96351, -1.4352707), (2.4795122, -99.96249, -1.1634634), (2.517685, -99.96831, 0), (2.517676, -99.96796, 0.26225796), (2.3269393, -99.97256, 0.27179414), (2.5558069, -99.96733, 0), (2.517685, -99.96831, 0), (30.06031, 1.9646015, 95.354706), (31.357975, 2.131541, 94.93227), (18.959301, -8.13972, 97.8483), (16.02159, 4.925685, 98.58523), (23.155243, 97.28206, 0.18596675), (24.375772, 96.98334, 0.23364882), (23.422369, 97.2181, 0.18596752), (24.643194, 96.91575, 0.22649993), (16.02159, 4.925685, 98.58523), (18.959301, -8.13972, 97.8483), (11.329537, -7.128644, 99.100075), (-0.38147384, 4.797034, 99.884155), (-0.38147384, 4.797034, 99.884155), (11.329537, -7.128644, 99.100075), (11.825391, 1.590229, 99.28561), (-9.841744, 1.7094309, 99.49984), (99.9975, 0.7082043, 0.004769053), (99.9703, 2.4220197, 0.27176204), (99.96062, 2.7827778, 0.36245263), (99.94833, 0.948937, 3.0709317), (-99.96062, 2.7827778, 0.36245263), (-99.9703, 2.4220197, 0.27176204), (-99.9975, 0.7082043, 0.004769053), (-99.94833, 0.948937, 3.0709317), (-4.84463, 99.88234, 0.21934347), (4.8829184, 99.88048, 0.21934985), (4.8828974, 99.88004, 0.367171), (-4.844609, 99.881905, 0.36716032), (99.99999, 3.4450927e-14, -0.0333842), (100, -0.028615031, 0.014307516), (99.58756, -0.01907077, 9.072919), (99.99991, 0.004769168, 0.13830586), (99.81624, 3.438762e-14, 6.059726), (99.99965, -0.009538311, 0.2670727), (1.7165667, 0.07629185, 99.98524), (0.49591684, 1.7084796e-16, 99.99877), (-0.5340632, 0.02861053, 99.998566), (99.58756, -0.01907077, 9.072919), (99.88277, -0.047690395, 4.840575), (99.90498, -0.03814623, -4.3582067), (99.93969, 0.104898535, -3.4711876), (1.678454, 4.8541656, -99.86801), (1.6784502, -7.352756, -99.7152), (2.2125635, -7.1717577, -99.71796), (2.4414103, 5.626688, -99.81172), (-6.141642, -2.1158527e-15, -99.811226), (3.623918, -0.009536627, -99.93431), (5.5314198, 1.9056255e-15, -99.8469), (-4.196177, 0.0095367655, -99.911934), (1.4877794, 99.986404, -0.7105101), (0.95369685, 99.99512, -0.25749817), (-0.11443703, 99.99889, -0.45774812), (-99.99102, -3.4447834e-14, -1.3400171), (-99.996574, 0.11445621, -0.82026947), (-99.99998, -3.445092e-14, -0.07630674), (-0.11443703, 99.99889, -0.45774812), (0.95369685, 99.99512, -0.25749817), (-1.2206907, 99.99173, -0.40530744), (-99.998085, 0.23845404, -0.5722897), (-99.996574, 0.11445621, -0.82026947), (-99.99102, -3.4447834e-14, -1.3400171), (-6.38982, -99.79564, -0.03814818), (6.427811, -99.7932, -0.03814725), (6.4088154, -99.79441, -0.057221565), (-6.4088154, -99.79441, -0.057221565), (-0.019073049, -100, -0.038146097), (0.019073049, -100, -0.038146097), (0.019073049, -100, -0.057219144), (-0.019073049, -100, -0.052450884), (-6.2372346, -99.80529, -0.038148224), (6.2942314, -99.80171, -0.038146857), (6.256234, -99.8041, -0.057221655), (-6.256234, -99.8041, -0.057221655), (-6.065631, -99.81587, -0.038148623), (6.4847918, -99.7895, -0.05721875), (6.2752323, -99.802895, -0.061989374), (-6.256234, -99.8041, -0.052453183), (-0.24795966, -2.2030263, -99.975426), (0, 0, -100), (4.2725363, 1.4719284e-15, -99.90868), (-0.5149808, -0.60081095, -99.99687), (-1.0680075, 0.6484331, -99.9922), (4.093522e-15, -11.882183, -99.291565), (-2.5937486, -2.4793186, -99.93561), (-2.098074, -7.22806e-16, -99.97798), (0.11444358, -0.138286, -99.99984), (3.623918, -0.009536627, -99.93431), (-6.141642, -2.1158527e-15, -99.811226), (-0.038146097, -100, -0.033377837), (3.4450768e-14, -99.999535, -0.3099356), (3.4449813e-14, -99.99676, -0.80588704), (0.7247913, 0.057220366, -99.99735), (-0.61033666, -3.1851945, -99.9474), (1.3733118, -6.113145, -99.80353), (6.0846343, -99.81471, -0.03814818), (6.1606426, -99.81004, -0.061987888), (-6.1796427, -99.80886, -0.057218913), (-6.1796436, -99.808876, -0.03814595), (99.99995, -0.104921736, 0), (99.999565, 3.4450778e-14, -0.29568738), (99.948746, -0.26703864, -3.190158), (10.375859, 99.459946, 0.24318418), (-9.803741, 99.51799, 0.23841783), (-8.125362, 99.6692, 0.17643097), (8.77385, 99.6142, 0.1764307), (89.68548, 0.1144434, 44.232376), (88.76683, 1.5067854, 46.023712), (2.880258, 2.6990497, 99.922066), (2.0789094, 0.047681414, 99.978386), (64.031006, 76.8105, 0.4196253), (1.3351101, 99.99021, 0.419606), (1.5069038, 88.18248, 47.133663), (67.390976, 63.75724, 37.32922), (-70.32813, -0.0858358, 71.09112), (-70.49101, -2.4284809e-14, 70.92968), (-99.998024, -3.4450246e-14, 0.6293982), (-99.99807, -0.11443609, 0.6103258), (-5.5506997, -0.009537284, 99.84583), (-5.5506997, -1.9122675e-15, 99.84583), (-70.49101, -2.4284809e-14, 70.92968), (-70.32813, -0.0858358, 71.09112), (-0.40056905, 0.019074716, -99.99921), (-64.75912, 41.034775, -64.205956), (-63.228947, 39.587234, -66.595436), (-1.7357792, 1.0920149, -99.97897), (-2.1172624, 2.3461556, -99.95005), (-2.1744359, 0.023842497, -99.97636), (-83.01184, 1.3778098, -55.7417), (-83.58333, 1.5450137, -54.8766), (85.24361, 0.12398376, 52.283), (89.4694, -0.05721769, 44.667946), (1.7547852, 6.045398e-16, 99.984604), (1.1824462, 0.047679286, 99.993), (42.019814, -70.11568, 57.603195), (46.14764, -77.475395, 43.219902), (0.5054294, -0.023841009, 99.998726), (1.1444628, -1.0538595, 99.9879), (2.0789094, 0.047681414, 99.978386), (1.2968583, 4.467797e-16, 99.99159), (89.30497, 3.076639e-14, 44.99582), (89.68548, 0.1144434, 44.232376), (89.68548, 0.1144434, 44.232376), (89.30497, 3.076639e-14, 44.99582), (99.99778, 3.4450165e-14, 0.6676693), (99.99782, 0.123972125, 0.64846957), (-2.9483875e-14, 85.58224, 51.726994), (-2.9486782e-14, 85.590675, 51.71302), (-2.4605968e-15, 7.142324, 99.744606), (0.019075256, 7.143683, 99.744514), (-3.445007e-14, 99.997505, 0.70575255), (-3.445007e-14, 99.997505, 0.70575255), (-2.9486782e-14, 85.590675, 51.71302), (-2.9483875e-14, 85.58224, 51.726994), (79.270874, 0.10490611, 60.959984), (79.32194, 2.7327145e-14, 60.89361), (6.446806, 2.2209846e-15, 99.791985), (6.446806, 0.009536696, 99.791985), (99.996704, 0.13350695, 0.8010417), (99.99679, 3.4449823e-14, 0.80119514), (79.32194, 2.7327145e-14, 60.89361), (79.270874, 0.10490611, 60.959984), (97.27001, 1.8214285, 23.135004), (97.28238, 1.9647224, 23.071182), (50.621487, 85.39276, 12.064089), (80.458565, 56.223717, 19.113201), (50.621487, 85.39276, 12.064089), (-0.30516726, 99.999504, 0.095364764), (0.2479489, 99.999695, 0.038145985), (80.458565, 56.223717, 19.113201), (-0.1907383, -75.961525, -65.03699), (3.4449813e-14, -99.99676, -0.80588704), (3.44486e-14, -99.99324, -1.1634883), (1.0681309, -99.78441, -6.4755435), (22.507038, -97.30479, -5.0211673), (1.754763, -73.22321, -68.0829), (-0.7248249, -99.99722, -0.17166905), (-0.53403735, -99.9985, -0.12397296), (-64.04578, -75.21278, -15.5298605), (-71.80748, -67.37315, -17.451221), (75.98721, -1.6307496, -64.9868), (75.91543, 0.19074227, -65.0908), (0.7247913, 0.057220366, -99.99735), (1.3733118, -6.113145, -99.80353), (99.93969, 0.104898535, -3.4711876), (99.90498, -0.03814623, -4.3582067), (75.91543, 0.19074227, -65.0908), (75.98721, -1.6307496, -64.9868), (55.924763, 1.92666e-14, 82.90007), (55.6965, 0.028611217, 83.05359), (99.58756, -0.01907077, 9.072919), (99.81624, 3.438762e-14, 6.059726), (0.49591684, 1.7084796e-16, 99.99877), (1.7165667, 0.07629185, 99.98524), (55.6965, 0.028611217, 83.05359), (55.924763, 1.92666e-14, 82.90007), (-7.7248597, -80.99659, -58.136726), (-19.684406, -84.83178, -49.153793), (-40.57154, 0.88696605, -91.395645), (-27.959675, 0.74381125, -96.00887), (3.0517218, -99.95343, -0.019073261), (-0.01907305, -100, -0.01907305), (-19.684406, -84.83178, -49.153793), (-7.7248597, -80.99659, -58.136726), (-55.90501, -0.06675795, -82.91337), (-55.575603, -1.914631e-14, -83.134544), (-13.257606, 0.009537845, -99.11729), (-1.9454541, -6.70227e-16, -99.98109), (-99.99851, -0.114436604, -0.5340375), (-99.99896, -3.445057e-14, -0.4577484), (-55.575603, -1.914631e-14, -83.134544), (-55.90501, -0.06675795, -82.91337), (3.4450768e-14, -99.999535, -0.3099356), (3.4450727e-14, -99.99941, -0.3433129), (1.1443777, -82.0042, -57.218887), (0.8773614, -82.9774, -55.803043), (31.548271, -52.276855, 79.19494), (33.68287, -56.52752, 75.300095), (0.7629339, -0.24318519, 99.996796), (0.4673042, -0.33855712, 99.99834), (0.97269577, 91.7481, 39.76609), (5.2643685, 91.08693, 40.93237), (-0.11443822, 99.99993, -0.019073037), (-3.4450927e-14, 100, 0), (2.479775, 1.7453802, 99.954), (12.836965, 1.735756, 99.15745), (5.2643685, 91.08693, 40.93237), (0.97269577, 91.7481, 39.76609), (1.5448734, 78.42616, 62.023804), (7.800833, 79.48649, 60.175133), (12.857024, 1.6977378, 99.15551), (2.4797995, 1.6881713, 99.955), (0.01907276, 99.998474, 0.55311), (0.038145732, 99.99903, 0.4386759), (7.800833, 79.48649, 60.175133), (1.5448734, 78.42616, 62.023804), (2.1361969, 85.06641, 52.527554), (8.27813, 84.59333, 52.682472), (0.15259239, 99.9957, 0.91555434), (0.038148627, 99.997086, 0.76297253), (4.0629053, 7.095778, 99.66517), (15.505746, 7.0758076, 98.53682), (8.27813, 84.59333, 52.682472), (2.1361969, 85.06641, 52.527554), (2.6705382, -75.709755, 65.27558), (10.204641, -75.399895, 64.89007), (15.526048, -5.8937945, 98.61139), (4.0819364, -5.93216, 99.7404), (0.019072738, -99.99836, 0.5721821), (0.11444613, -99.99731, 0.7248255), (10.204641, -75.399895, 64.89007), (2.6705382, -75.709755, 65.27558), (-1.6022964, -67.22968, -74.01083), (-8.86886, -67.39381, -73.34452), (-0.038145944, -99.99959, -0.28609458), (3.44506e-14, -99.99905, -0.43867594), (-3.566884, -10.195185, -99.41497), (-9.461071, -6.7524576, -99.322174), (-8.86886, -67.39381, -73.34452), (-1.6022964, -67.22968, -74.01083), (0.019071698, -3.585479, -99.9357), (0.01907305, 6.5708428e-18, -100), (68.88203, -3.461744, -72.41052), (70.01252, -2.527356, -71.35727), (0, 0, -100), (14.209272, -16.583843, -97.586235), (0.01907305, 6.5708428e-18, -100), (-0.19073422, -5.4836082, -99.84936), (-3.814568, -78.51335, -61.81508), (4.100988, -78.85341, -61.36222), (0.30513978, -5.683228, -99.83792), (-69.94102, -2.489038, -71.42871), (-68.74831, -3.5284884, -72.53428), (-7.8782, -0.2765954, -99.6888), (-8.602761, -3.4143996, -99.570755), (-3.7193687, -82.89424, -55.809605), (3.9291067, -85.353165, -51.95576), (0.32423052, -9.1833515, -99.57691), (-0.51501375, -7.305566, -99.73146), (-0.305196, -0.18121012, -99.99937), (-1.850037, -73.93472, -67.307014), (3.3948514, -79.82669, -60.134644), (0.057218976, -1.401865, -99.99016), (8.201834, -3.4142518, -99.60459), (7.4960365, -0.27657133, -99.71828), (68.62645, -3.4999871, -72.650955), (69.82024, -2.498689, -71.54643), (1.9264162, -2.7084267, -99.94476), (7.4960365, -0.27657133, -99.71828), (-7.8782, -0.2765954, -99.6888), (-1.4685004, -1.8308576, -99.97245), (66.37717, -74.79353, -0.00953695), (59.889862, -80.05978, -1.9073204), (2.2888036, -99.96351, -1.4352707), (2.5558069, -99.96733, 0), (99.99995, -0.104921736, 0), (99.948746, -0.26703864, -3.190158), (59.889862, -80.05978, -1.9073204), (66.37717, -74.79353, -0.00953695), (75.92263, 2.615605e-14, -65.08267), (75.9103, -1.4161658, -65.08164), (5.454945, -3.9720006, -99.77209), (2.0599432, 7.0966956e-16, -99.978775), (99.98963, 3.4447356e-14, -1.4401406), (99.9038, -3.6333857, -2.4556346), (75.9103, -1.4161658, -65.08164), (75.92263, 2.615605e-14, -65.08267), (65.61539, -75.46246, 0.19551097), (65.61315, -75.46466, 0), (99.9737, -2.2933686, 0), (99.97755, -2.0979645, 0.30039036), (2.517676, -99.96796, 0.26225796), (2.517685, -99.96831, 0), (65.61315, -75.46466, 0), (65.61539, -75.46246, 0.19551097), (99.99991, -0.13830586, 0), (99.99995, -0.104921736, 0), (66.37717, -74.79353, -0.00953695), (60.196472, -79.85188, 0.25272602), (99.99991, 0.004769168, 0.13830586), (99.99965, -0.009538311, 0.2670727), (83.83324, -2.2455332, 54.46967), (87.97344, 1.0634258, 47.534653), (69.426094, 2.3917934e-14, -71.97235), (69.42847, -0.019073756, -71.97005), (5.7793956, 1.9910553e-15, -99.832855), (4.2725363, 1.4719284e-15, -99.90868), (99.9905, 3.4447658e-14, -1.3781598), (99.98161, -0.03814636, -1.9168547), (69.42847, -0.019073756, -71.97005), (69.426094, 2.3917934e-14, -71.97235), (-73.9312, -2.5469984e-14, -67.33632), (-76.87214, -2.6483166e-14, -63.958385), (-2.098074, -7.22806e-16, -99.97798), (-6.141642, -2.1158527e-15, -99.811226), (-99.99102, -3.4447834e-14, -1.3400171), (-99.99998, -3.445092e-14, -0.07630674), (-76.87214, -2.6483166e-14, -63.958385), (-73.9312, -2.5469984e-14, -67.33632), (-73.9312, -2.5469984e-14, -67.33632), (-67.74715, 0.08582832, -73.55486), (-99.998085, 0.23845404, -0.5722897), (-99.99102, -3.4447834e-14, -1.3400171), (-6.141642, -2.1158527e-15, -99.811226), (-4.196177, 0.0095367655, -99.911934), (-67.74715, 0.08582832, -73.55486), (-73.9312, -2.5469984e-14, -67.33632), (-1.4114355, 0.6675709, -99.987816), (-63.915157, 39.753857, -65.83681), (-68.13685, 42.36616, -59.68651), (-3.5667412, 2.2220607, -99.91167), (-91.44551, 40.468693, -0.057213046), (-99.985825, 1.682958, -0.05721104), (-83.01184, 1.3778098, -55.7417), (-72.117874, 32.730564, -61.055096), (-63.228947, 39.587234, -66.595436), (-84.82767, 52.95531, -0.057212904), (-91.44551, 40.468693, -0.057213046), (-72.117874, 32.730564, -61.055096), (-2.517704, 0.89645517, -99.96429), (-1.7357792, 1.0920149, -99.97897), (-63.228947, 39.587234, -66.595436), (-72.117874, 32.730564, -61.055096), (-83.01184, 1.3778098, -55.7417), (-2.1744359, 0.023842497, -99.97636), (-2.517704, 0.89645517, -99.96429), (-72.117874, 32.730564, -61.055096), (-79.68535, 60.417248, 0.038145214), (-84.4346, 53.579834, -0.038145293), (-64.75912, 41.034775, -64.205956), (-47.81844, 64.48432, -59.62523), (-61.70124, -0.07152385, -78.69531), (-99.99993, -0.10966996, 0.019073037), (-79.68535, 60.417248, 0.038145214), (-47.81844, 64.48432, -59.62523), (-61.70124, -0.07152385, -78.69531), (-47.81844, 64.48432, -59.62523), (-64.75912, 41.034775, -64.205956), (-0.40056905, 0.019074716, -99.99921), (95.08817, -30.955393, 0.057218842), (100, -0.009536524, 0.057219144), (75.39338, -0.0047681117, 65.695045), (84.83381, -27.56908, 45.201466), (46.14764, -77.475395, 43.219902), (51.0704, -85.975655, 0.038147822), (95.08817, -30.955393, 0.057218842), (84.83381, -27.56908, 45.201466), (75.39338, -0.0047681117, 65.695045), (0.5054294, -0.023841009, 99.998726), (46.14764, -77.475395, 43.219902), (84.83381, -27.56908, 45.201466), (89.4694, -0.05721769, 44.667946), (99.99997, -0.061987393, 0.03814609), (95.515625, -29.610224, 0.038145214), (83.4869, -25.664068, 48.695923), (2.1552565, 2.6034737, 99.94286), (1.7547852, 6.045398e-16, 99.984604), (89.4694, -0.05721769, 44.667946), (83.4869, -25.664068, 48.695923), (42.019814, -70.11568, 57.603195), (1.1444628, -1.0538595, 99.9879), (2.1552565, 2.6034737, 99.94286), (83.4869, -25.664068, 48.695923), (95.515625, -29.610224, 0.038145214), (51.15266, -85.92674, 0.038145162), (42.019814, -70.11568, 57.603195), (83.4869, -25.664068, 48.695923), (85.24361, 0.12398376, 52.283), (1.1824462, 0.047679286, 99.993), (0.0762895, 0.8391844, 99.99645), (46.066677, 54.927116, 69.71996), (65.7099, 75.38042, 0.057221975), (99.999886, 0.14304772, 0.038146056), (85.24361, 0.12398376, 52.283), (46.066677, 54.927116, 69.71996), (0.019074142, 91.29838, 40.799587), (0.038146097, 100, 0), (65.7099, 75.38042, 0.057221975), (46.066677, 54.927116, 69.71996), (0.0762895, 0.8391844, 99.99645), (0.019072745, 5.8839417, 99.826744), (0.019074142, 91.29838, 40.799587), (46.066677, 54.927116, 69.71996), (67.03029, -74.20256, 0.9585293), (99.8261, -5.559669, 1.9597117), (95.77334, -3.785545, 28.515549), (77.58348, -59.14119, 21.98008), (65.87711, -73.13427, 17.651785), (0.26702166, -99.99962, 0.09059663), (67.03029, -74.20256, 0.9585293), (77.58348, -59.14119, 21.98008), (95.77334, -3.785545, 28.515549), (96.414375, -6.0282826, 25.844355), (65.87711, -73.13427, 17.651785), (77.58348, -59.14119, 21.98008), (62.21592, 76.47294, 16.765112), (96.41199, 6.028134, 25.853252), (95.230644, 5.2460785, 30.060032), (66.82886, 29.93376, 68.10193), (1.1443825, 38.32728, 92.35643), (1.0681224, 99.993416, 0.4196195), (62.21592, 76.47294, 16.765112), (66.82886, 29.93376, 68.10193), (54.171658, 1.7643938, 84.037605), (0.61035514, 1.9550438, 99.97903), (1.1443825, 38.32728, 92.35643), (66.82886, 29.93376, 68.10193), (22.58317, 1.5545003, 97.40423), (97.29504, 1.7925781, 23.031769), (64.549385, 74.83074, 15.288513), (20.598885, 39.50027, 89.528854), (0.38145784, 54.06211, 84.125755), (0.34332782, 1.9741349, 99.97992), (22.58317, 1.5545003, 97.40423), (20.598885, 39.50027, 89.528854), (64.549385, 74.83074, 15.288513), (0.4958924, 99.99861, 0.17642327), (0.38145784, 54.06211, 84.125755), (20.598885, 39.50027, 89.528854), (17.814743, 0.93460643, 98.395935), (-0.5340632, 0.02861053, 99.998566), (-31.395233, 0.019073652, 94.94388), (-6.71379, 42.094696, 90.45973), (50.621487, 85.39276, 12.064089), (97.28238, 1.9647224, 23.071182), (17.814743, 0.93460643, 98.395935), (-6.71379, 42.094696, 90.45973), (-60.42705, 73.006485, 31.915897), (-0.30516726, 99.999504, 0.095364764), (50.621487, 85.39276, 12.064089), (-6.71379, 42.094696, 90.45973), (-31.395233, 0.019073652, 94.94388), (-88.39885, 0.038152285, 46.75086), (-60.42705, 73.006485, 31.915897), (-6.71379, 42.094696, 90.45973), (-0.3814613, -69.197075, -72.19155), (-0.41960302, -99.99902, -0.14304648), (-84.149506, -50.05675, -20.326912), (-46.081814, -41.56137, -78.41633), (-50.201817, -1.3542283, -86.475105), (-0.57218844, -3.0516717, -99.95179), (-0.3814613, -69.197075, -72.19155), (-46.081814, -41.56137, -78.41633), (-84.149506, -50.05675, -20.326912), (-97.177124, -1.7646023, -23.526442), (-50.201817, -1.3542283, -86.475105), (-46.081814, -41.56137, -78.41633), (-0.1907383, -75.961525, -65.03699), (-0.61033666, -3.1851945, -99.9474), (-50.239742, -2.1648486, -86.436584), (-31.356937, -78.21114, -53.849438), (-0.038146097, -100, -0.033377837), (3.4449813e-14, -99.99676, -0.80588704), (-0.1907383, -75.961525, -65.03699), (-31.356937, -78.21114, -53.849438), (-64.04578, -75.21278, -15.5298605), (-0.53403735, -99.9985, -0.12397296), (-0.038146097, -100, -0.033377837), (-31.356937, -78.21114, -53.849438), (-50.239742, -2.1648486, -86.436584), (-97.174034, -1.9934603, -23.520924), (-64.04578, -75.21278, -15.5298605), (-31.356937, -78.21114, -53.849438), (71.95131, -69.39524, -2.7038965), (0.8392231, -99.810326, -6.0986724), (0.22888973, -65.395706, -75.652824), (61.3768, -58.849632, -52.627075), (76.975845, -3.280437, -63.749195), (99.76817, -5.169632, -4.425663), (71.95131, -69.39524, -2.7038965), (61.3768, -58.849632, -52.627075), (0.22888973, -65.395706, -75.652824), (0.38147503, -3.0994847, -99.951225), (76.975845, -3.280437, -63.749195), (61.3768, -58.849632, -52.627075), (65.45102, -8.801178, -75.09131), (2.2125635, -7.1717577, -99.71796), (1.1443777, -82.0042, -57.218887), (25.061478, -92.5787, -28.30383), (56.989223, -69.25297, -44.229588), (78.81827, -4.6352468, -61.36933), (65.45102, -8.801178, -75.09131), (25.061478, -92.5787, -28.30383), (3.4450927e-14, -100, 0), (1.1443722, -99.98953, -0.88688856), (56.989223, -69.25297, -44.229588), (25.061478, -92.5787, -28.30383), (1.1443777, -82.0042, -57.218887), (3.4450727e-14, -99.99941, -0.3433129), (3.4450927e-14, -100, 0), (25.061478, -92.5787, -28.30383), (67.29117, 72.21213, -16.040781), (1.4877794, 99.986404, -0.7105101), (2.212503, 66.72795, -74.44787), (67.05932, 27.083115, -69.06194), (79.07059, 2.724055e-14, -61.219627), (82.51537, 52.83578, -19.989855), (67.29117, 72.21213, -16.040781), (67.05932, 27.083115, -69.06194), (72.24285, 1.6592207, -69.12466), (79.07289, 2.7241345e-14, -61.21664), (79.07059, 2.724055e-14, -61.219627), (67.05932, 27.083115, -69.06194), (2.212503, 66.72795, -74.44787), (2.4414103, 5.626688, -99.81172), (72.24285, 1.6592207, -69.12466), (67.05932, 27.083115, -69.06194), (2.4404798e-14, -70.8393, -70.58181), (6.5052157e-16, -1.8882556, -99.98218), (-0.6866576, -0.7915637, -99.99452), (-34.33336, -47.561237, -80.98858), (-58.362606, -81.20222, -0.07629099), (-0.019073049, -100, -0.052450884), (2.4404798e-14, -70.8393, -70.58181), (-34.33336, -47.561237, -80.98858), (-60.7256, -2.3363335, -79.41627), (-99.92389, -3.9004457, -0.07152406), (-58.362606, -81.20222, -0.07629099), (-34.33336, -47.561237, -80.98858), (-0.6866576, -0.7915637, -99.99452), (-3.4522967, -0.20980808, -99.94017), (-60.7256, -2.3363335, -79.41627), (-34.33336, -47.561237, -80.98858), (1.0108973, -1.1539488, -99.98823), (1.0743738e-15, -3.1185627, -99.95136), (0.019073525, -70.93444, -70.486206), (34.848106, -47.34154, -80.897385), (61.244263, -1.8405702, -79.03008), (3.3568807, -0.17165868, -99.9435), (1.0108973, -1.1539488, -99.98823), (34.848106, -47.34154, -80.897385), (59.080524, -80.68139, -0.07152605), (99.940704, -3.4429424, -0.0524548), (61.244263, -1.8405702, -79.03008), (34.848106, -47.34154, -80.897385), (0.019073525, -70.93444, -70.486206), (0.019073049, -100, -0.057219144), (59.080524, -80.68139, -0.07152605), (34.848106, -47.34154, -80.897385), (99.99941, -0.22887525, -0.25748467), (99.99555, -0.09536101, -0.93930596), (81.3302, -4.5872216, -58.003082), (83.805595, -39.890625, -37.22044), (76.06955, -64.9109, -0.014305958), (99.98936, -1.4592113, 0.028611988), (99.99941, -0.22887525, -0.25748467), (83.805595, -39.890625, -37.22044), (65.13788, -56.583168, -50.551), (11.672816, -99.31431, -0.64372146), (76.06955, -64.9109, -0.014305958), (83.805595, -39.890625, -37.22044), (77.05961, -3.910203, -63.612324), (99.92501, -3.8718798, -0.038146596), (62.95904, -77.69272, -0.019072719), (43.449524, -70.5721, -55.961765), (-7.7248597, -80.99659, -58.136726), (-27.959675, 0.74381125, -96.00887), (77.05961, -3.910203, -63.612324), (43.449524, -70.5721, -55.961765), (62.95904, -77.69272, -0.019072719), (3.0517218, -99.95343, -0.019073261), (-7.7248597, -80.99659, -58.136726), (43.449524, -70.5721, -55.961765), (-0.7438732, -0.8392415, -99.99371), (-3.4903975, -0.20980531, -99.93885), (-61.29985, -2.2791948, -78.97553), (-34.828568, -47.455357, -80.839096), (-0.89643514, -75.84413, -65.16797), (-0.057219435, -3.0707767, -99.95283), (-0.7438732, -0.8392415, -99.99371), (-34.828568, -47.455357, -80.839096), (-59.00977, -80.73315, -0.08105738), (-1.373261, -99.99057, -0.03814614), (-0.89643514, -75.84413, -65.16797), (-34.828568, -47.455357, -80.839096), (-61.29985, -2.2791948, -78.97553), (-99.92719, -3.8147433, -0.07152643), (-59.00977, -80.73315, -0.08105738), (-34.828568, -47.455357, -80.839096), (0.76292825, 82.253204, -56.866768), (0.95369685, 99.99512, -0.25749817), (61.994446, 77.10201, -14.559157), (32.883312, 67.10179, -66.45328), (43.565567, 0.02861136, -90.011345), (1.4113996, 0.04768242, -99.99003), (0.76292825, 82.253204, -56.866768), (32.883312, 67.10179, -66.45328), (61.994446, 77.10201, -14.559157), (65.34328, 5.8648744, -75.47092), (43.565567, 0.02861136, -90.011345), (32.883312, 67.10179, -66.45328), (-65.72538, 75.36675, -0.16212006), (-1.2206907, 99.99173, -0.40530744), (0.1525897, 79.24174, -60.99773), (-56.61271, 65.987755, -49.4026), (-75.257675, 0.028607832, -65.850464), (-99.996574, 0.11445621, -0.82026947), (-65.72538, 75.36675, -0.16212006), (-56.61271, 65.987755, -49.4026), (0.1525897, 79.24174, -60.99773), (0.15259148, 0.047684837, -99.99987), (-75.257675, 0.028607832, -65.850464), (-56.61271, 65.987755, -49.4026), (70.34493, 0.05722202, 71.07452), (99.99986, 0.14304768, 0.09059686), (65.69432, 75.39396, 0.08106878), (57.27755, 66.003654, 48.60867), (0.019073645, 68.951225, 72.4274), (0.057221323, 0.4386968, 99.99902), (70.34493, 0.05722202, 71.07452), (57.27755, 66.003654, 48.60867), (65.69432, 75.39396, 0.08106878), (0.038146086, 99.99997, 0.07629217), (0.019073645, 68.951225, 72.4274), (57.27755, 66.003654, 48.60867), (-2.4319385e-14, 70.59138, 70.829796), (-3.4450924e-14, 99.999985, 0.06675567), (-60.157253, 73.30831, 31.733236), (-36.028816, 53.318455, 76.54455), (-42.037006, 0.028609578, 90.735275), (-0.019073045, 0.06675565, 99.99997), (-2.4319385e-14, 70.59138, 70.829796), (-36.028816, 53.318455, 76.54455), (-60.157253, 73.30831, 31.733236), (-88.4389, 0.038144883, 46.67503), (-42.037006, 0.028609578, 90.735275), (-36.028816, 53.318455, 76.54455), (63.28948, -0.085835636, 77.423744), (0.7629339, -0.24318519, 99.996796), (33.68287, -56.52752, 75.300095), (68.72867, -21.598122, 69.353386), (95.54017, -29.530857, 0.0762948), (99.99995, -0.061999205, 0.09061422), (63.28948, -0.085835636, 77.423744), (68.72867, -21.598122, 69.353386), (33.68287, -56.52752, 75.300095), (51.154747, -85.925476, 0.07152509), (95.54017, -29.530857, 0.0762948), (68.72867, -21.598122, 69.353386), (77.72271, -0.014304793, 62.922012), (99.99997, -0.0095365215, 0.08582869), (95.09888, -30.922396, 0.08582932), (71.135025, -23.231655, 66.33324), (0.057221588, 0.31471872, 99.99949), (0.01907305, 0.0047682626, 100), (77.72271, -0.014304793, 62.922012), (71.135025, -23.231655, 66.33324), (31.548271, -52.276855, 79.19494), (0.4673042, -0.33855712, 99.99834), (0.057221588, 0.31471872, 99.99949), (71.135025, -23.231655, 66.33324), (95.09888, -30.922396, 0.08582932), (51.113995, -85.94971, 0.08582574), (31.548271, -52.276855, 79.19494), (71.135025, -23.231655, 66.33324), (-3.6048834, -68.807495, -72.474365), (-0.13351241, -1.3160509, -99.99126), (-0.6866571, -0.80109984, -99.99444), (-34.35151, -47.55996, -80.98163), (-58.362606, -81.20222, -0.07629099), (-6.256234, -99.8041, -0.057221655), (-3.6048834, -68.807495, -72.474365), (-34.35151, -47.55996, -80.98163), (-60.708958, -2.336427, -79.428986), (-99.92389, -3.9004457, -0.07152406), (-58.362606, -81.20222, -0.07629099), (-34.35151, -47.55996, -80.98163), (-0.6866571, -0.80109984, -99.99444), (-3.4522967, -0.20980808, -99.94017), (-60.708958, -2.336427, -79.428986), (-34.35151, -47.55996, -80.98163), (0.9918257, -1.153951, -99.98843), (0.26702702, -2.3078763, -99.97301), (3.623932, -68.80702, -72.47387), (34.369656, -47.558674, -80.97468), (60.71126, -2.3365157, -79.42722), (3.4522967, -0.20980808, -99.94017), (0.9918257, -1.153951, -99.98843), (34.369656, -47.558674, -80.97468), (58.34551, -81.21451, -0.07629357), (99.92389, -3.9004457, -0.07152406), (60.71126, -2.3365157, -79.42722), (34.369656, -47.558674, -80.97468), (3.623932, -68.80702, -72.47387), (6.256234, -99.8041, -0.057221655), (58.34551, -81.21451, -0.07629357), (34.369656, -47.558674, -80.97468), (-3.623932, -68.80702, -72.47387), (-0.24795966, -2.2030263, -99.975426), (-0.5149808, -0.60081095, -99.99687), (-34.35151, -47.55996, -80.98163), (-58.34552, -81.21452, -0.04768349), (-6.256234, -99.8041, -0.052453183), (-3.623932, -68.80702, -72.47387), (-34.35151, -47.55996, -80.98163), (-60.69462, -2.3366091, -79.43995), (-99.92391, -3.9004464, -0.02384136), (-58.34552, -81.21452, -0.04768349), (-34.35151, -47.55996, -80.98163), (-0.5149808, -0.60081095, -99.99687), (-2.4986205, -0.1525875, -99.96866), (-60.69462, -2.3366091, -79.43995), (-34.35151, -47.55996, -80.98163), (0.9918257, -1.153951, -99.98843), (0.40054443, -3.6907306, -99.93106), (3.623932, -68.80702, -72.47387), (34.35174, -47.550743, -80.986946), (60.692448, -2.326989, -79.44188), (3.4522967, -0.20980808, -99.94017), (0.9918257, -1.153951, -99.98843), (34.35174, -47.550743, -80.986946), (58.36711, -81.19895, -0.10967676), (99.923836, -3.9004436, -0.12397497), (60.692448, -2.326989, -79.44188), (34.35174, -47.550743, -80.986946), (3.623932, -68.80702, -72.47387), (6.2752323, -99.802895, -0.061989374), (58.36711, -81.19895, -0.10967676), (34.35174, -47.550743, -80.986946), (51.536495, -85.69707, -0.038146928), (99.89732, -4.5303826, -0.019075295), (79.8229, -4.9209814, -60.03407), (46.290554, -58.70718, -66.412735), (-2.5179305, -70.5116, -70.86448), (3.032666, -99.954, -0.057220113), (51.536495, -85.69707, -0.038146928), (46.290554, -58.70718, -66.412735), (-31.225988, 2.8803449, -94.956), (-11.349919, -2.3462858, -99.3261), (-2.5179305, -70.5116, -70.86448), (46.290554, -58.70718, -66.412735), (79.8229, -4.9209814, -60.03407), (-29.580427, 3.127782, -95.47364), (-31.225988, 2.8803449, -94.956), (46.290554, -58.70718, -66.412735), (-59.39405, -80.4509, -0.038146466), (-4.195976, -99.9119, -0.05721785), (-7.5534377, -69.31615, -71.681366), (-37.84172, -47.09234, -79.68886), (-62.712475, -2.345996, -77.85655), (-99.926865, -3.8242671, -0.019073652), (-59.39405, -80.4509, -0.038146466), (-37.84172, -47.09234, -79.68886), (-4.672935, -2.1648088, -99.8673), (-9.040586, -0.44821474, -99.5895), (-62.712475, -2.345996, -77.85655), (-37.84172, -47.09234, -79.68886), (-7.5534377, -69.31615, -71.681366), (-6.8477216, -5.951223, -99.587616), (-4.672935, -2.1648088, -99.8673), (-37.84172, -47.09234, -79.68886), (58.289654, -81.25456, -0.11444304), (99.92382, -3.900443, -0.13351151), (58.30803, -2.4032753, -81.2059), (32.08094, -48.159557, -81.55654), (1.9455888, -69.36406, -72.00587), (3.8528342, -99.92574, -0.05722031), (58.289654, -81.25456, -0.11444304), (32.08094, -48.159557, -81.55654), (-2.2696013, -1.8118666, -99.95782), (-1.0109963, 0.57226205, -99.993256), (1.9455888, -69.36406, -72.00587), (32.08094, -48.159557, -81.55654), (58.30803, -2.4032753, -81.2059), (2.1742067, -0.44819173, -99.975365), (-2.2696013, -1.8118666, -99.95782), (32.08094, -48.159557, -81.55654), (-58.440006, -81.14654, -0.07629243), (-3.890924, -99.92427, -0.05721947), (-2.7274735, -69.30262, -72.03963), (-34.67559, -47.512043, -80.87157), (-60.936, -2.3363569, -79.254944), (-99.92425, -3.8909235, -0.07629261), (-58.440006, -81.14654, -0.07629243), (-34.67559, -47.512043, -80.87157), (-2.5937486, -2.4793186, -99.93561), (-5.9705677, -0.3433553, -99.82102), (-60.936, -2.3363569, -79.254944), (-34.67559, -47.512043, -80.87157), (-2.7274735, -69.30262, -72.03963), (-1.0680075, 0.6484331, -99.9922), (-2.5937486, -2.4793186, -99.93561), (-34.67559, -47.512043, -80.87157), (69.426506, -2.3173957, -71.93464), (99.004234, -14.075347, -0.21456322), (57.564934, -81.76967, -0.019073868), (49.687534, -69.74375, -51.64261), (2.0981386, -84.47868, -53.469154), (4.9018874, -3.2806408, -99.82589), (69.426506, -2.3173957, -71.93464), (49.687534, -69.74375, -51.64261), (57.564934, -81.76967, -0.019073868), (3.9290116, -99.922775, -0.04768218), (2.0981386, -84.47868, -53.469154), (49.687534, -69.74375, -51.64261), (-68.736885, -2.4508016, -72.58951), (-4.7874546, -3.2997196, -99.83082), (-3.1472542, -84.9091, -52.730812), (-45.071026, -76.00848, -46.811497), (-64.12532, -76.73294, -0.019073563), (-99.92391, -3.9004464, -0.009536544), (-68.736885, -2.4508016, -72.58951), (-45.071026, -76.00848, -46.811497), (-3.1472542, -84.9091, -52.730812), (-4.67314, -99.89075, -0.03337957), (-64.12532, -76.73294, -0.019073563), (-45.071026, -76.00848, -46.811497), (68.70485, -2.4510198, -72.619804), (99.92384, -3.9004443, -0.109670185), (58.36261, -81.20223, -0.06675462), (49.687534, -69.74375, -51.64261), (3.166257, -80.04336, -59.85847), (5.0735817, -3.2901988, -99.817), (68.70485, -2.4510198, -72.619804), (49.687534, -69.74375, -51.64261), (58.36261, -81.20223, -0.06675462), (3.8718798, -99.92501, -0.042914923), (3.166257, -80.04336, -59.85847), (49.687534, -69.74375, -51.64261), (-68.71967, -2.4508681, -72.60578), (-5.0735817, -3.2901988, -99.817), (-3.1661668, -80.04108, -59.86153), (-49.706425, -69.733955, -51.63765), (-58.367134, -81.19899, -0.033379897), (-99.9239, -3.9004462, -0.057219256), (-68.71967, -2.4508681, -72.60578), (-49.706425, -69.733955, -51.63765), (-3.1661668, -80.04108, -59.86153), (-3.890924, -99.92427, -0.038146313), (-58.367134, -81.19899, -0.033379897), (-49.706425, -69.733955, -51.63765), (-58.362606, -81.20222, -0.07629099), (-3.9670975, -99.92127, -0.057217754), (-2.4795916, -69.428566, -71.92723), (-34.352837, -47.561794, -80.979996), (-60.697052, -2.3271651, -79.43836), (-99.923874, -3.9004452, -0.07629233), (-58.362606, -81.20222, -0.07629099), (-34.352837, -47.561794, -80.979996), (0, 0, -100), (-0.01907305, -6.5708428e-18, -100), (-60.697052, -2.3271651, -79.43836), (-34.352837, -47.561794, -80.979996), (-2.4795916, -69.428566, -71.92723), (-0.9726655, -11.71013, -99.30724), (0, 0, -100), (-34.352837, -47.561794, -80.979996), (58.362606, -81.20222, -0.07629099), (99.923874, -3.9004452, -0.07629233), (60.44344, -2.336485, -79.631226), (34.104534, -47.62809, -81.04596), (2.4795916, -69.428566, -71.92723), (3.948055, -99.92203, -0.057218183), (58.362606, -81.20222, -0.07629099), (34.104534, -47.62809, -81.04596), (0.72470945, -1.144278, -99.99083), (0.19072604, -4.415308, -99.902306), (2.4795916, -69.428566, -71.92723), (34.104534, -47.62809, -81.04596), (60.44344, -2.336485, -79.631226), (5.2258215, -0.34330213, -99.86278), (0.72470945, -1.144278, -99.99083), (34.104534, -47.62809, -81.04596), (68.736885, -2.4508016, -72.58951), (99.9239, -3.9004462, -0.057219256), (58.367134, -81.19899, -0.033379897), (49.687534, -69.74375, -51.64261), (3.1661668, -80.04108, -59.86153), (5.0735817, -3.2901988, -99.817), (68.736885, -2.4508016, -72.58951), (49.687534, -69.74375, -51.64261), (58.367134, -81.19899, -0.033379897), (3.9670975, -99.92127, -0.042913314), (3.1661668, -80.04108, -59.86153), (49.687534, -69.74375, -51.64261), (-68.736885, -2.4508016, -72.58951), (-5.054557, -3.2902305, -99.81796), (-3.1471124, -80.04155, -59.86189), (-49.687534, -69.74375, -51.64261), (-58.367134, -81.19899, -0.033379897), (-99.9239, -3.9004462, -0.057219256), (-68.736885, -2.4508016, -72.58951), (-49.687534, -69.74375, -51.64261), (-3.1471124, -80.04155, -59.86189), (-3.9670975, -99.92127, -0.042913314), (-58.367134, -81.19899, -0.033379897), (-49.687534, -69.74375, -51.64261), (-57.871838, -81.55275, 0), (-99.92241, -3.9385335, -0.0190728), (-70.3159, -2.4888053, -71.059685), (-50.77449, -69.51451, -50.88894), (-7.0194974, -79.91354, -59.703876), (-6.065631, -99.81587, -0.038148623), (-57.871838, -81.55275, 0), (-50.77449, -69.51451, -50.88894), (-70.3159, -2.4888053, -71.059685), (-11.44339, -3.2327578, -99.29048), (-7.0194974, -79.91354, -59.703876), (-50.77449, -69.51451, -50.88894), (58.88178, -80.826546, -0.07629644), (6.4847918, -99.7895, -0.05721875), (3.2042623, -79.54391, -60.5186), (48.180965, -69.51525, -53.350025), (66.821556, -2.4512045, -74.356384), (99.92569, -3.8528323, -0.11444057), (58.88178, -80.826546, -0.07629644), (48.180965, -69.51525, -53.350025), (3.2042623, -79.54391, -60.5186), (4.653548, -3.1659381, -99.841484), (66.821556, -2.4512045, -74.356384), (48.180965, -69.51525, -53.350025), (-58.323902, -81.23006, -0.038145132), (-99.9239, -3.9004462, -0.057219256), (-68.89334, -2.45094, -72.44101), (-49.81996, -69.713615, -51.555653), (-5.321352, -79.906105, -59.88905), (-6.2372346, -99.80529, -0.038148224), (-58.323902, -81.23006, -0.038145132), (-49.81996, -69.713615, -51.555653), (-68.89334, -2.45094, -72.44101), (-8.412389, -3.1951816, -99.59429), (-5.321352, -79.906105, -59.88905), (-49.81996, -69.713615, -51.555653), (58.422935, -81.15886, -0.038147528), (6.2942314, -99.80171, -0.038146857), (4.902051, -79.87292, -59.969063), (49.530994, -69.70958, -51.83875), (68.52599, -2.4507627, -72.78861), (99.92427, -3.890924, -0.05721947), (58.422935, -81.15886, -0.038147528), (49.530994, -69.70958, -51.83875), (4.902051, -79.87292, -59.969063), (7.6671944, -3.194664, -99.65445), (68.52599, -2.4507627, -72.78861), (49.530994, -69.70958, -51.83875), (-58.36262, -81.20224, -0.038145505), (-99.9239, -3.9004462, -0.057219256), (-68.70724, -2.4511046, -72.61755), (-49.707653, -69.73568, -51.63416), (-0.019073678, -80.195274, -59.738758), (-0.019073049, -100, -0.038146097), (-58.36262, -81.20224, -0.038145505), (-49.707653, -69.73568, -51.63416), (-68.70724, -2.4511046, -72.61755), (-0.019071698, -3.585479, -99.9357), (-0.019073678, -80.195274, -59.738758), (-49.707653, -69.73568, -51.63416), (59.059032, -80.69716, -0.019072833), (0.019073049, -100, -0.038146097), (0.019073678, -80.195274, -59.738758), (50.352432, -69.4444, -51.401443), (70.01252, -2.527356, -71.35727), (99.940384, -3.4524686, -0.038148824), (59.059032, -80.69716, -0.019072833), (50.352432, -69.4444, -51.401443), (0.019073678, -80.195274, -59.738758), (0.019071698, -3.585479, -99.9357), (70.01252, -2.527356, -71.35727), (50.352432, -69.4444, -51.401443), (59.09128, -80.67353, -0.03814802), (99.940384, -3.4524686, -0.038148824), (68.88203, -3.461744, -72.41052), (39.25234, -54.69197, -73.94621), (4.100988, -78.85341, -61.36222), (3.9480553, -99.922035, -0.03814546), (59.09128, -80.67353, -0.03814802), (39.25234, -54.69197, -73.94621), (14.209272, -16.583843, -97.586235), (0.30513978, -5.683228, -99.83792), (4.100988, -78.85341, -61.36222), (39.25234, -54.69197, -73.94621), (68.88203, -3.461744, -72.41052), (0.01907305, 6.5708428e-18, -100), (14.209272, -16.583843, -97.586235), (39.25234, -54.69197, -73.94621), (-59.168198, -80.61714, -0.038148418), (-3.9480553, -99.922035, -0.03814546), (-3.814568, -78.51335, -61.81508), (-37.401165, -52.43029, -76.49978), (-68.38044, -3.3093464, -72.89145), (-99.968544, -2.5080347, -0.038145013), (-59.168198, -80.61714, -0.038148418), (-37.401165, -52.43029, -76.49978), (-3.490485, -68.922775, -72.370346), (-0.095369525, -1.00138, -99.99494), (-0.70573044, -0.79156256, -99.994385), (-34.998047, -46.880215, -81.10106), (-64.43675, -76.47156, -0.07629037), (-6.1796427, -99.80886, -0.057218913), (-3.490485, -68.922775, -72.370346), (-34.998047, -46.880215, -81.10106), (-61.29251, -0.61035025, -79.01175), (-99.96971, -2.4606168, -0.047686372), (-64.43675, -76.47156, -0.07629037), (-34.998047, -46.880215, -81.10106), (-0.70573044, -0.79156256, -99.994385), (-3.2997267, -0.11444139, -99.94548), (-61.29251, -0.61035025, -79.01175), (-34.998047, -46.880215, -81.10106), (1.7547611, -2.02179, -99.964165), (0.11444261, -1.068131, -99.994225), (3.4523206, -68.970116, -72.32707), (34.82968, -47.466408, -80.83213), (61.293358, -2.3174555, -78.97946), (3.4713473, -0.2098067, -99.939514), (1.7547611, -2.02179, -99.964165), (34.82968, -47.466408, -80.83213), (64.10466, -76.75012, -0.10967027), (99.926414, -3.833787, -0.119209796), (61.293358, -2.3174555, -78.97946), (34.82968, -47.466408, -80.83213), (3.4523206, -68.970116, -72.32707), (6.1606426, -99.81004, -0.061987888), (64.10466, -76.75012, -0.10967027), (34.82968, -47.466408, -80.83213), (64.16183, -76.70238, -0.076292306), (99.949165, -3.1854026, -0.13351987), (68.901665, -2.7942128, -72.42066), (40.169727, -59.958946, -69.219345), (3.9291067, -85.353165, -51.95576), (4.119817, -99.91509, -0.03814645), (64.16183, -76.70238, -0.076292306), (40.169727, -59.958946, -69.219345), (1.3732488, -2.7941797, -99.95152), (0.32423052, -9.1833515, -99.57691), (3.9291067, -85.353165, -51.95576), (40.169727, -59.958946, -69.219345), (68.901665, -2.7942128, -72.42066), (7.8206043, -0.13352251, -99.693634), (1.3732488, -2.7941797, -99.95152), (40.169727, -59.958946, -69.219345), (-58.958836, -80.77036, -0.057223067), (-4.1388574, -99.91431, -0.019073077), (-3.7193687, -82.89424, -55.809605), (-38.203728, -54.864216, -74.366615), (-68.74831, -3.5284884, -72.53428), (-99.92011, -3.9960415, -0.05722255), (-58.958836, -80.77036, -0.057223067), (-38.203728, -54.864216, -74.366615), (-1.4685004, -1.8308576, -99.97245), (-7.8782, -0.2765954, -99.6888), (-68.74831, -3.5284884, -72.53428), (-38.203728, -54.864216, -74.366615), (-3.7193687, -82.89424, -55.809605), (-0.51501375, -7.305566, -99.73146), (-1.4685004, -1.8308576, -99.97245), (-38.203728, -54.864216, -74.366615), (-3.6811385, -68.85446, -72.42593), (-0.19073936, -1.6880435, -99.98557), (-0.72480047, -0.83924264, -99.99385), (-34.81017, -47.523033, -80.807274), (-58.965054, -80.765816, -0.07629313), (-6.4088154, -99.79441, -0.057221565), (-3.6811385, -68.85446, -72.42593), (-34.81017, -47.523033, -80.807274), (-61.299812, -2.4413118, -78.97071), (-99.92237, -3.9389079, -0.071529806), (-58.965054, -80.765816, -0.07629313), (-34.81017, -47.523033, -80.807274), (-0.72480047, -0.83924264, -99.99385), (-3.4903963, -0.21934186, -99.93883), (-61.299812, -2.4413118, -78.97071), (-34.81017, -47.523033, -80.807274), (1.7547611, -2.02179, -99.964165), (0.17166348, -1.4591395, -99.989204), (3.681253, -68.84705, -72.432945), (34.836483, -47.472218, -80.82579), (61.30162, -2.3174071, -78.973045), (3.4903975, -0.20980531, -99.93885), (1.7547611, -2.02179, -99.964165), (34.836483, -47.472218, -80.82579), (58.992798, -80.74555, -0.07629201), (99.92646, -3.8337886, -0.07152591), (61.30162, -2.3174071, -78.973045), (34.836483, -47.472218, -80.82579), (3.681253, -68.84705, -72.432945), (6.4088154, -99.79441, -0.057221565), (58.992798, -80.74555, -0.07629201), (34.836483, -47.472218, -80.82579), (-58.926556, -80.793945, -0.038146336), (-99.92203, -3.948055, -0.057218183), (-69.94102, -2.489038, -71.42871), (-50.40456, -69.43145, -51.367825), (-5.32115, -79.89353, -59.905846), (-6.38982, -99.79564, -0.03814818), (-58.926556, -80.793945, -0.038146336), (-50.40456, -69.43145, -51.367825), (-69.94102, -2.489038, -71.42871), (-8.602761, -3.4143996, -99.570755), (-5.32115, -79.89353, -59.905846), (-50.40456, -69.43145, -51.367825), (59.02054, -80.7253, -0.038145445), (6.427811, -99.7932, -0.03814725), (5.130841, -79.8809, -59.939285), (50.249393, -69.44697, -51.49871), (69.82024, -2.498689, -71.54643), (99.92648, -3.833789, -0.057220735), (59.02054, -80.7253, -0.038145445), (50.249393, -69.44697, -51.49871), (5.130841, -79.8809, -59.939285), (8.201834, -3.4142518, -99.60459), (69.82024, -2.498689, -71.54643), (50.249393, -69.44697, -51.49871), (58.954308, -80.77369, -0.057218667), (99.92427, -3.890924, -0.05721947), (68.62645, -3.4999871, -72.650955), (38.33626, -54.748375, -74.38379), (3.3948514, -79.82669, -60.134644), (4.1959767, -99.91193, -0.03814524), (58.954308, -80.77369, -0.057218667), (38.33626, -54.748375, -74.38379), (1.9264162, -2.7084267, -99.94476), (0.057218976, -1.401865, -99.99016), (3.3948514, -79.82669, -60.134644), (38.33626, -54.748375, -74.38379), (68.62645, -3.4999871, -72.650955), (7.4960365, -0.27657133, -99.71828), (1.9264162, -2.7084267, -99.94476), (38.33626, -54.748375, -74.38379), (-63.45299, -77.28982, -0.0572164), (-4.2154174, -99.91112, -0.038148575), (-1.850037, -73.93472, -67.307014), (-37.04041, -56.981583, -73.35603), (-56.425095, -2.8613133, -82.51074), (-99.94646, -3.2711484, -0.076295), (-63.45299, -77.28982, -0.0572164), (-37.04041, -56.981583, -73.35603), (-37.04041, -56.981583, -73.35603), (-1.850037, -73.93472, -67.307014), (-0.305196, -0.18121012, -99.99937), (-56.425095, -2.8613133, -82.51074), (-59.009785, -80.73316, -0.038144656), (-99.926834, -3.8242662, -0.057220936), (-69.00582, -2.1457033, -72.34358), (-50.33499, -69.42757, -51.441254), (-1.1443734, -81.73687, -57.60013), (-1.3732609, -99.990555, -0.057219204), (-59.009785, -80.73316, -0.038144656), (-50.33499, -69.42757, -51.441254), (-69.00582, -2.1457033, -72.34358), (-1.3733331, -4.4633327, -99.89091), (-1.1443734, -81.73687, -57.60013), (-50.33499, -69.42757, -51.441254), (69.40847, -1.8978134, -71.96432), (99.94071, -3.4429429, -0.03814895), (59.108253, -80.66112, -0.019073332), (50.505222, -69.273026, -51.482716), (2.99455, -80.24249, -59.60013), (5.0353875, -3.3759983, -99.81607), (69.40847, -1.8978134, -71.96432), (50.505222, -69.273026, -51.482716), (59.108253, -80.66112, -0.019073332), (3.948055, -99.92203, -0.042913638), (2.99455, -80.24249, -59.60013), (50.505222, -69.273026, -51.482716), (-69.817276, -0.51497513, -71.59108), (-5.168895, -3.3187737, -99.81117), (-3.0899537, -80.319725, -59.491146), (-50.547134, -69.402176, -51.267197), (-59.349503, -80.483765, -0.009537121), (-99.969246, -2.4796798, -0.033380304), (-69.817276, -0.51497513, -71.59108), (-50.547134, -69.402176, -51.267197), (-3.0899537, -80.319725, -59.491146), (-3.9670975, -99.92127, -0.042913314), (-59.349503, -80.483765, -0.009537121), (-50.547134, -69.402176, -51.267197), (69.29819, -2.4320173, -72.054474), (99.92752, -3.8052185, -0.109674215), (59.689793, -80.2317, -0.061988115), (50.336094, -69.4577, -51.399464), (3.2042444, -80.029816, -59.874546), (5.1309133, -3.2807324, -99.814384), (69.29819, -2.4320173, -72.054474), (50.336094, -69.4577, -51.399464), (59.689793, -80.2317, -0.061988115), (3.890924, -99.92427, -0.042914603), (3.2042444, -80.029816, -59.874546), (50.336094, -69.4577, -51.399464), (-69.26416, -2.574876, -72.08222), (-5.130653, -3.2901027, -99.81409), (-3.204459, -80.016106, -59.892864), (-50.324036, -69.45422, -51.415962), (-58.965065, -80.76583, -0.03814657), (-99.92203, -3.948055, -0.057218183), (-69.26416, -2.574876, -72.08222), (-50.324036, -69.45422, -51.415962), (-3.204459, -80.016106, -59.892864), (-3.9290116, -99.922775, -0.042913962), (-58.965065, -80.76583, -0.03814657), (-50.324036, -69.45422, -51.415962), (69.30552, -2.43194, -72.04742), (99.92648, -3.833789, -0.057220735), (58.992805, -80.74557, -0.03814601), (50.352432, -69.4444, -51.401443), (3.204366, -80.04239, -59.857746), (5.149921, -3.2902272, -99.813095), (69.30552, -2.43194, -72.04742), (50.352432, -69.4444, -51.401443), (58.992805, -80.74557, -0.03814601), (4.0246067, -99.91897, -0.04291642), (3.204366, -80.04239, -59.857746), (50.352432, -69.4444, -51.401443), (-69.31588, -2.3938203, -72.03873), (-5.149921, -3.2902272, -99.813095), (-3.2235117, -80.044174, -59.854313), (-50.350334, -69.45104, -51.394535), (-60.044235, -79.9668, -0.033379104), (-99.92937, -3.7576036, -0.057222392), (-69.31588, -2.3938203, -72.03873), (-50.350334, -69.45104, -51.394535), (-3.2235117, -80.044174, -59.854313), (-4.062692, -99.91743, -0.04291576), (-60.044235, -79.9668, -0.033379104), (-50.350334, -69.45104, -51.394535), (67.063835, -0.10013797, -74.1784), (3.623918, -0.009536627, -99.93431), (0.11444358, -0.138286, -99.99984), (40.43695, -46.378513, -78.82821), (59.889862, -80.05978, -1.9073204), (99.948746, -0.26703864, -3.190158), (67.063835, -0.10013797, -74.1784), (40.43695, -46.378513, -78.82821), (1.7547798, -71.578804, -69.809715), (2.2888036, -99.96351, -1.4352707), (59.889862, -80.05978, -1.9073204), (40.43695, -46.378513, -78.82821), (0.11444358, -0.138286, -99.99984), (0.038146585, -0.83445656, -99.996506), (1.7547798, -71.578804, -69.809715), (40.43695, -46.378513, -78.82821), (1.8691552, -79.53923, -60.580654), (5.454945, -3.9720006, -99.77209), (75.9103, -1.4161658, -65.08164), (57.295296, -65.992584, -48.60277), (65.617874, -75.45578, -0.8488358), (2.4795122, -99.96249, -1.1634634), (1.8691552, -79.53923, -60.580654), (57.295296, -65.992584, -48.60277), (75.9103, -1.4161658, -65.08164), (99.9038, -3.6333857, -2.4556346), (65.617874, -75.45578, -0.8488358), (57.295296, -65.992584, -48.60277), (15.106352, 79.64452, 58.553802), (10.375859, 99.459946, 0.24318418), (82.729935, 56.17598, 0.12872915), (90.036255, 35.156105, 25.64221), (88.09078, 0.045304377, 47.32877), (13.313184, 0.09775081, 99.10979), (15.106352, 79.64452, 58.553802), (90.036255, 35.156105, 25.64221), (99.99996, 0.0643838, 0.05723004), (99.99634, 0.0023844987, 0.85603505), (88.09078, 0.045304377, 47.32877), (90.036255, 35.156105, 25.64221), (82.729935, 56.17598, 0.12872915), (99.99636, 0.85365075, 0.0071534975), (99.99996, 0.0643838, 0.05723004), (90.036255, 35.156105, 25.64221), (75.98721, -1.6307496, -64.9868), (1.3733118, -6.113145, -99.80353), (1.754763, -73.22321, -68.0829), (81.14625, -32.73318, -48.413063), (99.33967, -9.060358, -7.0384674), (99.99659, -0.028614057, 0.8250387), (99.93969, 0.104898535, -3.4711876), (83.83324, -2.2455332, 54.46967), (99.99965, -0.009538311, 0.2670727), (100, -0.028615031, 0.014307516), (79.843124, -49.45372, 34.342464), (3.280676, -77.477356, 63.138702), (18.959301, -8.13972, 97.8483), (83.83324, -2.2455332, 54.46967), (79.843124, -49.45372, 34.342464), (60.196472, -79.85188, 0.25272602), (2.3269393, -99.97256, 0.27179414), (3.280676, -77.477356, 63.138702), (79.843124, -49.45372, 34.342464), (100, -0.028615031, 0.014307516), (99.99991, -0.13830586, 0), (60.196472, -79.85188, 0.25272602), (79.843124, -49.45372, 34.342464), (83.72893, -1.5973343, 54.652676), (11.329537, -7.128644, 99.100075), (1.9836922, -76.53427, 64.3317), (58.74725, -67.70716, 44.3227), (65.61539, -75.46246, 0.19551097), (99.97755, -2.0979645, 0.30039036), (83.72893, -1.5973343, 54.652676), (58.74725, -67.70716, 44.3227), (1.9836922, -76.53427, 64.3317), (2.517676, -99.96796, 0.26225796), (65.61539, -75.46246, 0.19551097), (58.74725, -67.70716, 44.3227), (7.2479577, 79.63455, 60.048374), (11.825391, 1.590229, 99.28561), (83.89252, 1.3829485, 54.407104), (68.51292, 58.623177, 43.23543), (75.46396, 65.613686, 0.19075824), (8.77385, 99.6142, 0.1764307), (7.2479577, 79.63455, 60.048374), (68.51292, 58.623177, 43.23543), (83.89252, 1.3829485, 54.407104), (99.977684, 2.090815, 0.30515888), (75.46396, 65.613686, 0.19075824), (68.51292, 58.623177, 43.23543), (26.77905, 77.54767, 57.177277), (30.517704, 0.07152587, 95.229546), (83.34743, 0.05721791, 55.255814), (67.67049, 59.24982, 43.705444), (74.77223, 66.40089, 0.19074547), (23.155243, 97.28206, 0.18596675), (26.77905, 77.54767, 57.177277), (67.67049, 59.24982, 43.705444), (83.34743, 0.05721791, 55.255814), (99.99949, 0.08822923, 0.30761003), (74.77223, 66.40089, 0.19074547), (67.67049, 59.24982, 43.705444), (33.79852, 75.28611, 56.4771), (24.375772, 96.98334, 0.23364882), (82.322784, 56.770966, 0.13351703), (89.71513, 35.65766, 26.071552), (87.97344, 1.0634258, 47.534653), (31.357975, 2.131541, 94.93227), (33.79852, 75.28611, 56.4771), (89.71513, 35.65766, 26.071552), (99.99996, 0.05961463, 0.05246087), (99.99991, 0.004769168, 0.13830586), (87.97344, 1.0634258, 47.534653), (89.71513, 35.65766, 26.071552), (82.322784, 56.770966, 0.13351703), (99.99999, 0.040537957, 0), (99.99996, 0.05961463, 0.05246087), (89.71513, 35.65766, 26.071552), (73.621, 67.67506, 0.190728), (23.422369, 97.2181, 0.18596752), (27.427906, 77.40802, 57.05882), (66.18567, 60.337204, 44.48459), (83.24807, 1.8909178, 55.373127), (99.9703, 2.4220197, 0.27176204), (73.621, 67.67506, 0.190728), (66.18567, 60.337204, 44.48459), (27.427906, 77.40802, 57.05882), (30.06031, 1.9646015, 95.354706), (83.24807, 1.8909178, 55.373127), (66.18567, 60.337204, 44.48459), (65.612816, 75.46427, 0.319481), (99.96062, 2.7827778, 0.36245263), (70.72554, 2.5654223, 70.64925), (48.904503, 56.00462, 66.87176), (4.424953, 89.6196, 44.144627), (4.8828974, 99.88004, 0.367171), (65.612816, 75.46427, 0.319481), (48.904503, 56.00462, 66.87176), (70.72554, 2.5654223, 70.64925), (16.02159, 4.925685, 98.58523), (4.424953, 89.6196, 44.144627), (48.904503, 56.00462, 66.87176), (99.98117, 1.4590918, 1.2802815), (99.99632, 0.0023844982, 0.8584194), (87.154495, 0.047677513, 49.03155), (89.157455, 36.507534, 26.798264), (81.608, 57.793743, 0.13830248), (99.9975, 0.7082043, 0.004769053), (99.98117, 1.4590918, 1.2802815), (89.157455, 36.507534, 26.798264), (33.950447, 75.31325, 56.349636), (24.643194, 96.91575, 0.22649993), (81.608, 57.793743, 0.13830248), (89.157455, 36.507534, 26.798264), (87.154495, 0.047677513, 49.03155), (31.967312, 0.0834469, 94.752754), (33.950447, 75.31325, 56.349636), (89.157455, 36.507534, 26.798264), (-87.74313, 0.045302164, 47.97022), (-99.99632, 0.0023844982, 0.8584194), (-99.98117, 1.4590918, 1.2802815), (-89.714584, 35.657444, 26.073778), (-14.152685, 79.8282, 58.54195), (-12.5504675, 0.0953683, 99.20926), (-87.74313, 0.045302164, 47.97022), (-89.714584, 35.657444, 26.073778), (-82.32167, 56.77258, 0.13113102), (-9.803741, 99.51799, 0.23841783), (-14.152685, 79.8282, 58.54195), (-89.714584, 35.657444, 26.073778), (-99.98117, 1.4590918, 1.2802815), (-99.9975, 0.7082043, 0.004769053), (-82.32167, 56.77258, 0.13113102), (-89.714584, 35.657444, 26.073778), (-65.61518, 75.46223, 0.3194925), (-4.844609, 99.881905, 0.36716032), (-4.6157036, 89.81072, 43.73475), (-49.630405, 56.868965, 65.59529), (-72.02258, 2.6417181, 69.32364), (-99.96062, 2.7827778, 0.36245263), (-65.61518, 75.46223, 0.3194925), (-49.630405, 56.868965, 65.59529), (-4.6157036, 89.81072, 43.73475), (-0.38147384, 4.797034, 99.884155), (-72.02258, 2.6417181, 69.32364), (-49.630405, 56.868965, 65.59529), (-74.77105, 66.40222, 0.19074246), (-99.9703, 2.4220197, 0.27176204), (-84.18385, 1.873825, 53.94041), (-67.595825, 59.306087, 43.744644), (-6.5993295, 79.63063, 60.12828), (-8.125362, 99.6692, 0.17643097), (-74.77105, 66.40222, 0.19074246), (-67.595825, 59.306087, 43.744644), (-84.18385, 1.873825, 53.94041), (-9.841744, 1.7094309, 99.49984), (-6.5993295, 79.63063, 60.12828), (-67.595825, 59.306087, 43.744644), (75.948204, 0.057218634, 65.05282), (99.94833, 0.948937, 3.0709317), (65.615425, 75.4625, 0.1668997), (57.2598, 66.01472, 48.614563), (3.890997, 79.994316, 59.8813), (6.5613794, 0.090600446, 99.78447), (75.948204, 0.057218634, 65.05282), (57.2598, 66.01472, 48.614563), (65.615425, 75.4625, 0.1668997), (4.8829184, 99.88048, 0.21934985), (3.890997, 79.994316, 59.8813), (57.2598, 66.01472, 48.614563), (-75.948204, 0.057218634, 65.05282), (-6.5230846, 0.0905984, 99.78698), (-3.85287, 79.999504, 59.876842), (-57.2598, 66.01472, 48.614563), (-65.615425, 75.4625, 0.16213113), (-99.94833, 0.948937, 3.0709317), (-75.948204, 0.057218634, 65.05282), (-57.2598, 66.01472, 48.614563), (-3.85287, 79.999504, 59.876842), (-4.84463, 99.88234, 0.21934347), (-65.615425, 75.4625, 0.16213113), (-57.2598, 66.01472, 48.614563), (-65.45958, 75.597046, -0.3623928), (-99.998085, 0.23845404, -0.5722897), (-67.74715, 0.08582832, -73.55486), (-39.901936, 45.233006, -79.760956), (1.4496015, 66.9487, -74.268234), (-0.11443703, 99.99889, -0.45774812), (-65.45958, 75.597046, -0.3623928), (-39.901936, 45.233006, -79.760956), (-1.0681115, 2.470008, -99.96379), (1.678454, 4.8541656, -99.86801), (1.4496015, 66.9487, -74.268234), (-39.901936, 45.233006, -79.760956), (-67.74715, 0.08582832, -73.55486), (-4.196177, 0.0095367655, -99.911934), (-1.0681115, 2.470008, -99.96379), (-39.901936, 45.233006, -79.760956), (-79.69451, 60.405117, 0.0715305), (-99.99993, -0.10966996, 0.038146075), (-78.499626, 0.02383978, -61.950054), (-71.10352, 25.571903, -65.50088), (-68.13685, 42.36616, -59.68651), (-84.43675, 53.576427, -0.042914547), (-79.69451, 60.405117, 0.0715305), (-71.10352, 25.571903, -65.50088), (-1.6427107e-18, 0.0047682626, -100), (-3.5667412, 2.2220607, -99.91167), (-68.13685, 42.36616, -59.68651), (-71.10352, 25.571903, -65.50088), (-78.499626, 0.02383978, -61.950054), (-0.82015264, -2.825502e-16, -99.99664), (-1.6427107e-18, 0.0047682626, -100), (-71.10352, 25.571903, -65.50088), (-92.21828, 38.67541, -0.061987463), (-84.82767, 52.95531, -0.04290968), (-63.915157, 39.753857, -65.83681), (-80.163795, 26.501926, -53.58558), (-70.477776, 1.015681, -70.93555), (-99.99008, 1.4064978, -0.081052415), (-92.21828, 38.67541, -0.061987463), (-80.163795, 26.501926, -53.58558), (-63.915157, 39.753857, -65.83681), (-1.4114355, 0.6675709, -99.987816), (-70.477776, 1.015681, -70.93555), (-80.163795, 26.501926, -53.58558), (1.2968583, 4.467797e-16, 99.99159), (1.1444628, -1.0538595, 99.9879), (0.5054294, -0.023841009, 99.998726), (1.1824462, 0.047679286, 99.993), (1.7547852, 6.045398e-16, 99.984604), (1.2968583, 4.467797e-16, 99.99159), (2.0789094, 0.047681414, 99.978386), (0.019072745, 5.8839417, 99.826744), (0.0762895, 0.8391844, 99.99645), (2.880258, 2.6990497, 99.922066), (0.19073841, 3.2520897, 99.94692), (1.2968583, 4.467797e-16, 99.99159), (2.1552565, 2.6034737, 99.94286), (1.1444628, -1.0538595, 99.9879), (99.58756, -0.01907077, 9.072919), (99.93969, 0.104898535, -3.4711876), (99.99659, -0.028614057, 0.8250387), (99.99996, 0.0643838, 0.05723004), (99.9038, -3.6333857, -2.4556346), (99.98963, 3.4447356e-14, -1.4401406), (99.99634, 0.0023844987, 0.85603505), (3.4450768e-14, -99.999535, -0.3099356), (3.44486e-14, -99.99324, -1.1634883), (3.4449813e-14, -99.99676, -0.80588704), (-0.038146097, -100, -0.033377837), (-0.53403735, -99.9985, -0.12397296), (3.4450927e-14, -100, 0), (3.4450727e-14, -99.99941, -0.3433129), (99.99555, -0.09536101, -0.93930596), (99.99941, -0.22887525, -0.25748467), (99.004234, -14.075347, -0.21456322), (99.98161, -0.03814636, -1.9168547), (-2.4986205, -0.1525875, -99.96866), (-0.5149808, -0.60081095, -99.99687), (4.2725363, 1.4719284e-15, -99.90868), (5.7793956, 1.9910553e-15, -99.832855), (0, 0, -100), (0.9918257, -1.153951, -99.98843), (-0.6866571, -0.80109984, -99.99444), (-0.13351241, -1.3160509, -99.99126), (0, 0, -100), (0.40054443, -3.6907306, -99.93106), (0.9918257, -1.153951, -99.98843), (0, 0, -100), (0.9918257, -1.153951, -99.98843), (-0.6866576, -0.7915637, -99.99452), (6.5052157e-16, -1.8882556, -99.98218), (0, 0, -100), (0.26702702, -2.3078763, -99.97301), (0.9918257, -1.153951, -99.98843), (-31.225988, 2.8803449, -94.956), (-27.579762, -10.051545, -95.59458), (-9.461071, -6.7524576, -99.322174), (-11.349919, -2.3462858, -99.3261), (-9.040586, -0.44821474, -99.5895), (-4.672935, -2.1648088, -99.8673), (-2.2696013, -1.8118666, -99.95782), (2.1742067, -0.44819173, -99.975365), (-2.2696013, -1.8118666, -99.95782), (-4.672935, -2.1648088, -99.8673), (-3.566884, -10.195185, -99.41497), (-1.0109963, 0.57226205, -99.993256), (-5.9705677, -0.3433553, -99.82102), (-2.5937486, -2.4793186, -99.93561), (0.72470945, -1.144278, -99.99083), (5.2258215, -0.34330213, -99.86278), (0.72470945, -1.144278, -99.99083), (-2.5937486, -2.4793186, -99.93561), (4.093522e-15, -11.882183, -99.291565), (0.19072604, -4.415308, -99.902306), (0, 0, -100), (0.30513978, -5.683228, -99.83792), (14.209272, -16.583843, -97.586235), (-1.5259573, -5.257065e-16, -99.988365), (-2.517704, 0.89645517, -99.96429), (-2.1744359, 0.023842497, -99.97636), (-0.40056905, 0.019074716, -99.99921), (-1.7357792, 1.0920149, -99.97897), (-1.5259573, -5.257065e-16, -99.988365), (0, 0, -100), (1.7547611, -2.02179, -99.964165), (-0.7438732, -0.8392415, -99.99371), (-0.057219435, -3.0707767, -99.95283), (0, 0, -100), (0.17166348, -1.4591395, -99.989204), (1.7547611, -2.02179, -99.964165), (0, 0, -100), (1.7547611, -2.02179, -99.964165), (-0.72480047, -0.83924264, -99.99385), (-0.19073936, -1.6880435, -99.98557), (0, 0, -100), (0.11444261, -1.068131, -99.994225), (1.7547611, -2.02179, -99.964165), (0, 0, -100), (1.0743738e-15, -3.1185627, -99.95136), (1.0108973, -1.1539488, -99.98823), (0, 0, -100), (1.0108973, -1.1539488, -99.98823), (-0.70573044, -0.79156256, -99.994385), (-0.095369525, -1.00138, -99.99494), (99.99999, 3.4450927e-14, -0.0333842), (99.999565, 3.4450778e-14, -0.29568738), (99.99995, -0.104921736, 0), (99.99991, -0.13830586, 0), (99.58756, -0.01907077, 9.072919), (100, -0.028615031, 0.014307516), (99.99965, -0.009538311, 0.2670727), (99.81624, 3.438762e-14, 6.059726), (99.94833, 0.948937, 3.0709317), (99.99632, 0.0023844982, 0.8584194), (99.98117, 1.4590918, 1.2802815), (-99.94833, 0.948937, 3.0709317), (-99.9975, 0.7082043, 0.004769053), (-99.98117, 1.4590918, 1.2802815), (-37.401165, -52.43029, -76.49978), (-3.814568, -78.51335, -61.81508), (-0.19073422, -5.4836082, -99.84936), (-0.64855593, -2.2317953, -99.97299), (-68.38044, -3.3093464, -72.89145), (-37.401165, -52.43029, -76.49978), (-0.64855593, -2.2317953, -99.97299), (-7.057595, -0.15259665, -99.75052), (-7.057595, -0.15259665, -99.75052), (-0.64855593, -2.2317953, -99.97299), (1.3732488, -2.7941797, -99.95152), (7.8206043, -0.13352251, -99.693634), (-8.602761, -3.4143996, -99.570755), (-7.8782, -0.2765954, -99.6888), (7.4960365, -0.27657133, -99.71828), (8.201834, -3.4142518, -99.60459), (2.2899776e-14, -66.47071, -74.7104), (-0.22888431, -64.80287, -76.16125), (-0.019074723, -3.4048383, -99.94202), (6.8599682e-15, -19.912289, -97.99745), (3.4450504e-14, -99.99877, -0.49589318), (-0.26701874, -99.99851, -0.47681916), (-0.22888431, -64.80287, -76.16125), (2.2899776e-14, -66.47071, -74.7104), (-0.26701874, -99.99851, -0.47681916), (3.4450504e-14, -99.99877, -0.49589318), (3.4450504e-14, -99.99877, 0.49589318), (-0.26701847, -99.99842, 0.49589148), (2.6279165e-14, -76.27999, 64.66346), (-0.22890326, -75.69068, 65.35188), (-0.26701847, -99.99842, 0.49589148), (3.4450504e-14, -99.99877, 0.49589318), (2.06675e-15, -5.9991126, 99.81989), (-0.038148843, -6.0561285, 99.816444), (-0.22890326, -75.69068, 65.35188), (2.6279165e-14, -76.27999, 64.66346), (-2.4605968e-15, 7.142324, 99.744606), (-2.4344479e-15, 7.0664215, 99.75002), (-0.038148843, -6.0561285, 99.816444), (2.06675e-15, -5.9991126, 99.81989), (-2.9486782e-14, 85.590675, 51.71302), (0.28610668, 85.48867, 51.880676), (-2.4344479e-15, 7.0664215, 99.75002), (-2.4605968e-15, 7.142324, 99.744606), (-3.445007e-14, 99.997505, 0.70575255), (0.32426342, 99.997116, 0.6866755), (0.28610668, 85.48867, 51.880676), (-2.9486782e-14, 85.590675, 51.71302), (-3.445007e-14, 99.997505, 0.70575255), (-3.4450365e-14, 99.99836, 0.5721821), (0.3242352, 99.997955, 0.5531071), (0.32426342, 99.997116, 0.6866755), (-2.4399882e-14, 70.825035, 70.596146), (0.24795312, 85.58197, 51.726837), (0.3242352, 99.997955, 0.5531071), (-3.4450365e-14, 99.99836, 0.5721821), (-2.3654478e-16, 0.6866136, 99.99764), (0.19073841, 3.2520897, 99.94692), (0.24795312, 85.58197, 51.726837), (-2.4399882e-14, 70.825035, 70.596146), (0.30513978, -5.683228, -99.83792), (0, 0, -100), (6.8599682e-15, -19.912289, -97.99745), (-0.19073422, -5.4836082, -99.84936), (-0.64855593, -2.2317953, -99.97299), (-0.19073422, -5.4836082, -99.84936), (6.8599682e-15, -19.912289, -97.99745), (1.3732488, -2.7941797, -99.95152), (-0.51501375, -7.305566, -99.73146), (6.8599682e-15, -19.912289, -97.99745), (1.9264162, -2.7084267, -99.94476), (-1.4685004, -1.8308576, -99.97245), (-0.019074723, -3.4048383, -99.94202), (-0.305196, -0.18121012, -99.99937), (0.057218976, -1.401865, -99.99016), (6.8599682e-15, -19.912289, -97.99745), (0.057218976, -1.401865, -99.99016), (1.9264162, -2.7084267, -99.94476), (6.8599682e-15, -19.912289, -97.99745), (6.8599682e-15, -19.912289, -97.99745), (-0.51501375, -7.305566, -99.73146), (0.32423052, -9.1833515, -99.57691), (1.3732488, -2.7941797, -99.95152), (0.019072745, 5.8839417, 99.826744), (0.19073841, 3.2520897, 99.94692), (-2.3654478e-16, 0.6866136, 99.99764), (3.4450927e-14, -100, 0), (3.4450927e-14, -100, 0), (1.1443722, -99.98953, -0.88688856), (3.0517218, -99.95343, -0.019073261), (11.672816, -99.31431, -0.64372146), (3.4450927e-14, -100, 0), (-0.01907305, -100, -0.01907305), (0.009536525, 3.2854214e-18, 100), (-0.019073045, 0.06675565, 99.99997), (0.01907305, 0.0047682626, 100), (0.057221588, 0.31471872, 99.99949), (-0.019073045, 0.06675565, 99.99997), (0.009536525, 3.2854214e-18, 100), (0.057221323, 0.4386968, 99.99902), (-1.4114355, 0.6675709, -99.987816), (-0.6675737, 0.04291545, -99.997765), (-68.03317, 2.298289, -73.25439), (-70.477776, 1.015681, -70.93555), (-70.477776, 1.015681, -70.93555), (-68.03317, 2.298289, -73.25439), (-99.975174, 2.2266505, -0.0810558), (-99.99008, 1.4064978, -0.081052415), (-99.985825, 1.682958, -0.05721104), (-99.99008, 1.4064978, -0.081052415), (-99.975174, 2.2266505, -0.0810558), (-99.973915, 2.2838376, -0.057215136), (-0.6675737, 0.04291545, -99.997765), (-1.4114355, 0.6675709, -99.987816), (-3.5667412, 2.2220607, -99.91167), (0, 0, -100), (0, 0, -100), (-1.1444162, 0.13828361, -99.99336), (-1.182558, -0.14305137, -99.99291), (0, 0, -100), (0, 0, -100), (-1.1062738, 0.12874739, -99.9938), (-1.4114652, -0.16212776, -99.989914), (0, 0, -100), (-0.7629514, 0.74387765, -99.994316), (-1.1062638, -1.0728852, -99.98813), (-0.19073935, -3.519141, -99.93788), (-0.13351375, 3.4665895, -99.93981), (-0.782023, 0.7629492, -99.99403), (-1.4114647, -1.3923908, -99.98034), (-0.20980461, -3.6334343, -99.933754), (-0.20980425, 3.6381965, -99.933586), (-0.801094, 0.78678876, -99.993706), (-1.7357153, -1.6975677, -99.97052), (-0.20980425, -3.6381965, -99.933586), (-0.20980425, 3.6381965, -99.933586), (-1.5831089, -73.92451, -67.32504), (-1.5258278, -65.29589, -75.72397), (-2.6321728, -99.96535, -0.047684293), (-2.6512332, -99.96484, -0.033378836), (-2.9373143, -5.7315774, -99.7924), (-0.19073935, -3.519141, -99.93788), (-1.5258278, -65.29589, -75.72397), (-1.5831089, -73.92451, -67.32504), (-72.11736, -69.27539, -0.07629449), (-99.99911, -0.41960335, -0.0476822), (-99.99911, -0.4196834, -0.057229552), (-72.14559, -69.24603, -0.038152084), (-2.6321728, -99.96535, -0.038147435), (-2.6321728, -99.96535, -0.047684293), (-72.11736, -69.27539, -0.07629449), (-72.14559, -69.24603, -0.038152084), (-72.19207, 69.19757, -0.038146403), (-72.19443, 69.19507, -0.08106376), (-2.8991284, 99.95794, -0.06675625), (-2.9181862, 99.957405, -0.05721933), (-99.973915, 2.2838376, -0.057215136), (-99.975174, 2.2266505, -0.0810558), (-72.19443, 69.19507, -0.08106376), (-72.19207, 69.19757, -0.038146403), (-1.9835871, 73.86478, -67.379974), (-1.8500865, 65.32522, -75.69143), (-0.20980425, 3.6381965, -99.933586), (-2.8609824, 5.8745503, -99.78629), (-2.861014, 99.95905, -0.05245192), (-2.8991284, 99.95794, -0.06675625), (-1.8500865, 65.32522, -75.69143), (-1.9835871, 73.86478, -67.379974), (-2.6321728, -99.96535, -0.038147435), (-2.6321728, -99.96535, -0.038147435), (-2.05995, -74.51106, -66.66227), (-2.8038461, -73.63911, -67.59749), (-99.86656, 5.164032, -0.057219192), (-99.86632, -5.1687875, -0.05721905), (-74.240715, -5.063167, -66.8033), (-73.84571, 4.70118, -67.26597), (-64.31312, -4.2484426, -76.457664), (-64.25258, 4.291134, -76.50615), (-99.67171, 8.09618, -0.06675296), (-99.674385, -8.063021, -0.07152295), (-1.4114652, -0.16212776, -99.989914), (-1.1062738, 0.12874739, -99.9938), (-64.25258, 4.291134, -76.50615), (-64.31312, -4.2484426, -76.457664), (-67.42377, 73.85144, -0.038146403), (-67.11191, 74.13492, -0.081053026), (-1.8691887, 99.98253, -0.04291505), (-1.8691889, 99.98253, -0.019073356), (-99.682526, 7.9620156, -0.038141392), (-99.67171, 8.09618, -0.06675296), (-67.11191, 74.13492, -0.081053026), (-67.42377, 73.85144, -0.038146403), (-0.45776168, 74.243225, -66.99056), (-0.49590266, 65.38763, -75.65853), (-0.13351375, 3.4665895, -99.93981), (-2.8800802, 5.850759, -99.78715), (-1.8882552, 99.98216, -0.028609928), (-1.8691887, 99.98253, -0.04291505), (-0.49590266, 65.38763, -75.65853), (-0.45776168, 74.243225, -66.99056), (-2.0217948, -73.8575, -67.3868), (-1.888278, -65.32202, -75.693245), (-2.9181845, -99.95735, -0.10967033), (-2.899128, -99.957924, -0.095366046), (-2.8609984, -5.8650465, -99.78686), (-0.20980461, -3.6334343, -99.933754), (-1.888278, -65.32202, -75.693245), (-2.0217948, -73.8575, -67.3868), (-67.78679, -73.51834, -0.07629351), (-67.42373, -73.85139, -0.10967084), (-99.674385, -8.063021, -0.07152295), (-99.68667, -7.909899, -0.057214465), (-2.9373815, -99.9568, -0.09536953), (-2.9181845, -99.95735, -0.10967033), (-67.42373, -73.85139, -0.10967084), (-67.78679, -73.51834, -0.07629351), (-99.8514, 5.449301, -0.038140338), (-99.85297, -5.42078, -0.019070467), (-81.57668, -5.0115204, -57.620564), (-78.59657, 4.6631546, -61.65091), (-3.01361, 99.954575, -0.057220437), (-3.0517213, 99.95341, -0.057219774), (-2.861046, 73.51458, -67.7305), (-2.0597796, 74.447685, -66.73305), (-64.13708, -4.505615, -76.5907), (-64.14177, 4.5059447, -76.58676), (-99.64729, 8.391351, -0.06674938), (-99.64729, -8.391351, -0.06674938), (-1.182558, -0.14305137, -99.99291), (-1.1444162, 0.13828361, -99.99336), (-64.14177, 4.5059447, -76.58676), (-64.13708, -4.505615, -76.5907), (-72.26905, 69.11717, -0.038146768), (-72.23174, 69.15612, -0.081062816), (-3.0136096, 99.95456, -0.06675717), (-3.01361, 99.954575, -0.057220437), (-99.648895, 8.372415, -0.057214674), (-99.64729, 8.391351, -0.06674938), (-72.23174, 69.15612, -0.081062816), (-72.26905, 69.11717, -0.038146768), (-2.1362247, 73.8285, -67.41506), (-1.9836091, 65.320816, -75.69185), (-0.20980425, 3.6381965, -99.933586), (-2.8610222, 5.8507905, -99.78769), (-3.01361, 99.954575, -0.052452073), (-3.0136096, 99.95456, -0.06675717), (-1.9836091, 65.320816, -75.69185), (-2.1362247, 73.8285, -67.41506), (-2.02173, -73.855125, -67.389404), (-1.888278, -65.32202, -75.693245), (-2.9181855, -99.95739, -0.066755876), (-2.9181862, -99.957405, -0.05245106), (-2.8609903, -5.8697987, -99.78657), (-0.20980425, -3.6381965, -99.933586), (-1.888278, -65.32202, -75.693245), (-2.02173, -73.855125, -67.389404), (-72.19207, -69.19757, -0.038146403), (-72.21309, -69.175606, -0.08106329), (-99.64729, -8.391351, -0.06674938), (-99.645706, -8.410289, -0.0381419), (-2.9181862, -99.957405, -0.05721933), (-2.9181855, -99.95739, -0.066755876), (-72.21309, -69.175606, -0.08106329), (-72.19207, -69.19757, -0.038146403), (-75.63857, -6.274606, -65.11096), (-75.662895, 6.5229926, -65.058266), (-2.9753735, 9.793939, -99.47475), (-2.9757898, -9.351801, -99.51728), (-99.645706, -8.410289, -0.0381419), (-99.648895, 8.372415, -0.057214674), (-75.662895, 6.5229926, -65.058266), (-75.63857, -6.274606, -65.11096), (-2.9564397, -99.956276, -0.057221416), (-2.9181862, -99.957405, -0.05721933), (-2.0599153, -74.323845, -66.87096), (-2.841805, -73.395805, -67.860016), (-99.8456, 5.5549245, -0.038145404), (-99.84665, -5.53591, -0.038145807), (-75.1837, -4.2150173, -65.80004), (-69.24461, 2.4553137, -72.10517), (-1.773716, 73.57107, -67.70637), (-2.2124765, 60.700054, -79.43935), (-0.22889647, 0.34811336, -99.99914), (-2.1172624, 2.3461556, -99.95005), (-2.9181862, 99.957405, -0.05721933), (-2.5367453, 99.96779, -0.07629309), (-2.2124765, 60.700054, -79.43935), (-1.773716, 73.57107, -67.70637), (-76.10206, 3.7717247, -64.76304), (-76.025734, -3.671589, -64.858376), (-99.86607, -5.173543, -0.052450668), (-99.86582, 5.1782985, -0.052450534), (-2.8800802, 5.850759, -99.78715), (-2.9373143, -5.7315774, -99.7924), (-76.025734, -3.671589, -64.858376), (-76.10206, 3.7717247, -64.76304), (-72.11499, -69.277885, -0.05721898), (-72.10786, -69.28533, -0.019071108), (-2.6512332, -99.96484, -0.033378836), (-2.6321728, -99.96535, -0.038147435), (-99.86632, -5.1687875, -0.05721905), (-99.86607, -5.173543, -0.052450668), (-72.10786, -69.28533, -0.019071108), (-72.11499, -69.277885, -0.05721898), (-72.04022, 69.355644, -0.038146798), (-71.88565, 69.51585, -0.009536436), (-99.86582, 5.1782985, -0.052450534), (-99.86656, 5.164032, -0.057219192), (-1.9073217, 99.981804, -0.038146436), (-1.8882552, 99.98216, -0.028609928), (-71.88565, 69.51585, -0.009536436), (-72.04022, 69.355644, -0.038146798), (-75.78972, 3.9239392, -65.11927), (-75.796364, -3.938588, -65.11067), (-99.87003, -5.09648, -0.052442733), (-99.867546, 5.1450095, -0.047683127), (-2.8610222, 5.8507905, -99.78769), (-2.8609984, -5.8650465, -99.78686), (-75.796364, -3.938588, -65.11067), (-75.78972, 3.9239392, -65.11927), (-67.34649, -73.921875, -0.07629169), (-71.575455, -69.835175, -0.066750355), (-2.899128, -99.957924, -0.095366046), (-2.4604983, -99.96966, -0.11444178), (-99.85297, -5.42078, -0.019070467), (-99.87003, -5.09648, -0.052442733), (-71.575455, -69.835175, -0.066750355), (-67.34649, -73.921875, -0.07629169), (-72.19207, 69.19757, -0.057219606), (-72.22938, 69.15863, -0.03814596), (-99.867546, 5.1450095, -0.047683127), (-99.8514, 5.449301, -0.038140338), (-3.0517213, 99.95341, -0.057219774), (-3.01361, 99.954575, -0.052452073), (-72.22938, 69.15863, -0.03814596), (-72.19207, 69.19757, -0.057219606), (-75.81653, 3.9291081, -65.087776), (-75.81653, -3.9291081, -65.087776), (-99.860855, -5.273401, -0.047679935), (-99.85807, 5.3257003, -0.052446466), (-2.8609824, 5.8745503, -99.78629), (-2.8609903, -5.8697987, -99.78657), (-75.81653, -3.9291081, -65.087776), (-75.81653, 3.9291081, -65.087776), (-72.213104, -69.17561, -0.05722116), (-72.21073, -69.17811, -0.033377912), (-2.9181862, -99.957405, -0.05245106), (-2.9564397, -99.956276, -0.057221416), (-99.84665, -5.53591, -0.038145807), (-99.860855, -5.273401, -0.047679935), (-72.21073, -69.17811, -0.033377912), (-72.213104, -69.17561, -0.05722116), (-68.06448, 73.26134, -0.057213068), (-71.25928, 70.157776, -0.033378944), (-99.85807, 5.3257003, -0.052446466), (-99.8456, 5.5549245, -0.038145404), (-2.5367453, 99.96779, -0.07629309), (-2.861014, 99.95905, -0.05245192), (-71.25928, 70.157776, -0.033378944), (-68.06448, 73.26134, -0.057213068), (-99.86656, 5.164032, -0.057219192), (-99.86582, 5.1782985, -0.052450534), (-99.86607, -5.173543, -0.052450668), (-99.86632, -5.1687875, -0.05721905), (-0.13351375, 3.4665895, -99.93981), (-0.19073935, -3.519141, -99.93788), (-2.9373143, -5.7315774, -99.7924), (-2.8800802, 5.850759, -99.78715), (-1.8691889, 99.98253, -0.019073356), (-1.8691887, 99.98253, -0.04291505), (-1.8882552, 99.98216, -0.028609928), (-1.9073217, 99.981804, -0.038146436), (-99.8514, 5.449301, -0.038140338), (-99.867546, 5.1450095, -0.047683127), (-99.87003, -5.09648, -0.052442733), (-99.85297, -5.42078, -0.019070467), (-2.4604983, -99.96966, -0.11444178), (-2.899128, -99.957924, -0.095366046), (-2.9181845, -99.95735, -0.10967033), (-2.9373815, -99.9568, -0.09536953), (-0.20980425, 3.6381965, -99.933586), (-0.20980461, -3.6334343, -99.933754), (-2.8609984, -5.8650465, -99.78686), (-2.8610222, 5.8507905, -99.78769), (-3.01361, 99.954575, -0.057220437), (-3.0136096, 99.95456, -0.06675717), (-3.01361, 99.954575, -0.052452073), (-3.0517213, 99.95341, -0.057219774), (-99.8456, 5.5549245, -0.038145404), (-99.85807, 5.3257003, -0.052446466), (-99.860855, -5.273401, -0.047679935), (-99.84665, -5.53591, -0.038145807), (-2.9564397, -99.956276, -0.057221416), (-2.9181862, -99.957405, -0.05245106), (-2.9181855, -99.95739, -0.066755876), (-2.9181862, -99.957405, -0.05721933), (-2.9181862, 99.957405, -0.05721933), (-2.8991284, 99.95794, -0.06675625), (-2.861014, 99.95905, -0.05245192), (-2.5367453, 99.96779, -0.07629309), (-0.20980425, 3.6381965, -99.933586), (-0.20980425, -3.6381965, -99.933586), (-2.8609903, -5.8697987, -99.78657), (-2.8609824, 5.8745503, -99.78629), (-2.6321728, -99.96535, -0.038147435), (-2.6512332, -99.96484, -0.033378836), (-2.6321728, -99.96535, -0.047684293), (-2.6321728, -99.96535, -0.038147435), (-99.648895, 8.372415, -0.057214674), (-99.645706, -8.410289, -0.0381419), (-99.64729, -8.391351, -0.06674938), (-99.64729, 8.391351, -0.06674938), (-99.68667, -7.909899, -0.057214465), (-99.674385, -8.063021, -0.07152295), (-99.67171, 8.09618, -0.06675296), (-99.682526, 7.9620156, -0.038141392), (-2.8038461, -73.63911, -67.59749), (-2.05995, -74.51106, -66.66227), (-5.665273, -0.41964987, -99.838524), (-0.038149383, -0.42918056, -99.99907), (0, 0, -100), (-15.373245, -15.063301, -97.65635), (-0.038149383, -0.42918056, -99.99907), (-4.806809, -0.114447825, -99.88434), (-73.84571, 4.70118, -67.26597), (-74.240715, -5.063167, -66.8033), (-0.20982309, -0.014306121, -99.99978), (-2.9753735, 9.793939, -99.47475), (-2.0597796, 74.447685, -66.73305), (-2.861046, 73.51458, -67.7305), (-0.2670371, 9.0887985, -99.58576), (-78.59657, 4.6631546, -61.65091), (-81.57668, -5.0115204, -57.620564), (-5.5887074, -0.2861113, -99.84331), (-5.6842275, 0.6199241, -99.836395), (-0.22889647, 0.34811336, -99.99914), (-69.24461, 2.4553137, -72.10517), (-75.1837, -4.2150173, -65.80004), (-1.6020833, -0.047681052, -99.98716), (-2.841805, -73.395805, -67.860016), (-2.0599153, -74.323845, -66.87096), (-2.9757898, -9.351801, -99.51728), (-0.26703623, -8.6643715, -99.62358), (-1.2589173, -0.8392782, -99.988556), (-0.26703623, -8.6643715, -99.62358), (-0.2670371, 9.0887985, -99.58576), (-1.2970091, 1.2207144, -99.98414), (-1.1062638, -1.0728852, -99.98813), (-3.3949883, -0.019072969, -99.94236), (-72.670906, -0.26226377, -68.69403), (-41.488323, -39.933704, -81.755844), (-1.5258278, -65.29589, -75.72397), (-0.19073935, -3.519141, -99.93788), (-1.1062638, -1.0728852, -99.98813), (-41.488323, -39.933704, -81.755844), (-72.11736, -69.27539, -0.07629449), (-2.6321728, -99.96535, -0.047684293), (-1.5258278, -65.29589, -75.72397), (-41.488323, -39.933704, -81.755844), (-72.670906, -0.26226377, -68.69403), (-99.99911, -0.41960335, -0.0476822), (-72.11736, -69.27539, -0.07629449), (-41.488323, -39.933704, -81.755844), (-0.801094, 0.78678876, -99.993706), (-0.20980425, 3.6381965, -99.933586), (-1.8500865, 65.32522, -75.69143), (-41.61487, 39.898396, -81.708755), (-68.03317, 2.298289, -73.25439), (-0.6675737, 0.04291545, -99.997765), (-0.801094, 0.78678876, -99.993706), (-41.61487, 39.898396, -81.708755), (-72.19443, 69.19507, -0.08106376), (-99.975174, 2.2266505, -0.0810558), (-68.03317, 2.298289, -73.25439), (-41.61487, 39.898396, -81.708755), (-1.8500865, 65.32522, -75.69143), (-2.8991284, 99.95794, -0.06675625), (-72.19443, 69.19507, -0.08106376), (-41.61487, 39.898396, -81.708755), (-72.14559, -69.24603, -0.038152084), (-99.99911, -0.4196834, -0.057229552), (-76.33173, -0.31471106, -64.6016), (-61.53433, -58.906815, -52.378567), (-2.05995, -74.51106, -66.66227), (-2.6321728, -99.96535, -0.038147435), (-72.14559, -69.24603, -0.038152084), (-61.53433, -58.906815, -52.378567), (-76.33173, -0.31471106, -64.6016), (-5.665273, -0.41964987, -99.838524), (-2.05995, -74.51106, -66.66227), (-61.53433, -58.906815, -52.378567), (-72.11499, -69.277885, -0.05721898), (-2.6321728, -99.96535, -0.038147435), (-2.8038461, -73.63911, -67.59749), (-47.758003, -45.631397, -75.07962), (-74.240715, -5.063167, -66.8033), (-99.86632, -5.1687875, -0.05721905), (-72.11499, -69.277885, -0.05721898), (-47.758003, -45.631397, -75.07962), (-15.373245, -15.063301, -97.65635), (-0.20982309, -0.014306121, -99.99978), (-74.240715, -5.063167, -66.8033), (-47.758003, -45.631397, -75.07962), (-2.8038461, -73.63911, -67.59749), (-0.038149383, -0.42918056, -99.99907), (-15.373245, -15.063301, -97.65635), (-47.758003, -45.631397, -75.07962), (-72.04022, 69.355644, -0.038146798), (-99.86656, 5.164032, -0.057219192), (-73.84571, 4.70118, -67.26597), (-45.62247, 43.53875, -77.60778), (-2.7082539, 73.189606, -68.08779), (-1.9073217, 99.981804, -0.038146436), (-72.04022, 69.355644, -0.038146798), (-45.62247, 43.53875, -77.60778), (-64.25258, 4.291134, -76.50615), (-1.1062738, 0.12874739, -99.9938), (-0.7629514, 0.74387765, -99.994316), (-41.102333, 40.067623, -81.88519), (-67.11191, 74.13492, -0.081053026), (-99.67171, 8.09618, -0.06675296), (-64.25258, 4.291134, -76.50615), (-41.102333, 40.067623, -81.88519), (-0.49590266, 65.38763, -75.65853), (-1.8691887, 99.98253, -0.04291505), (-67.11191, 74.13492, -0.081053026), (-41.102333, 40.067623, -81.88519), (-0.7629514, 0.74387765, -99.994316), (-0.13351375, 3.4665895, -99.93981), (-0.49590266, 65.38763, -75.65853), (-41.102333, 40.067623, -81.88519), (-1.4114647, -1.3923908, -99.98034), (-1.4114652, -0.16212776, -99.989914), (-64.31312, -4.2484426, -76.457664), (-41.618114, -39.90151, -81.70559), (-1.888278, -65.32202, -75.693245), (-0.20980461, -3.6334343, -99.933754), (-1.4114647, -1.3923908, -99.98034), (-41.618114, -39.90151, -81.70559), (-67.42373, -73.85139, -0.10967084), (-2.9181845, -99.95735, -0.10967033), (-1.888278, -65.32202, -75.693245), (-41.618114, -39.90151, -81.70559), (-64.31312, -4.2484426, -76.457664), (-99.674385, -8.063021, -0.07152295), (-67.42373, -73.85139, -0.10967084), (-41.618114, -39.90151, -81.70559), (-67.34649, -73.921875, -0.07629169), (-2.4604983, -99.96966, -0.11444178), (-2.3078425, -73.69361, -67.55685), (-53.004974, -47.268646, -70.39991), (-81.57668, -5.0115204, -57.620564), (-99.85297, -5.42078, -0.019070467), (-67.34649, -73.921875, -0.07629169), (-53.004974, -47.268646, -70.39991), (-2.0028539, -1.335236, -99.97102), (-5.5887074, -0.2861113, -99.84331), (-81.57668, -5.0115204, -57.620564), (-53.004974, -47.268646, -70.39991), (-2.3078425, -73.69361, -67.55685), (-0.15257256, -9.02562, -99.59174), (-2.0028539, -1.335236, -99.97102), (-53.004974, -47.268646, -70.39991), (-72.19207, 69.19757, -0.057219606), (-99.8514, 5.449301, -0.038140338), (-78.59657, 4.6631546, -61.65091), (-47.990044, 44.580574, -75.56143), (-2.861046, 73.51458, -67.7305), (-3.0517213, 99.95341, -0.057219774), (-72.19207, 69.19757, -0.057219606), (-47.990044, 44.580574, -75.56143), (-1.2970091, 1.2207144, -99.98414), (-0.2670371, 9.0887985, -99.58576), (-2.861046, 73.51458, -67.7305), (-47.990044, 44.580574, -75.56143), (-78.59657, 4.6631546, -61.65091), (-5.6842275, 0.6199241, -99.836395), (-1.2970091, 1.2207144, -99.98414), (-47.990044, 44.580574, -75.56143), (-64.14177, 4.5059447, -76.58676), (-1.1444162, 0.13828361, -99.99336), (-0.782023, 0.7629492, -99.99403), (-41.67265, 39.884636, -81.68602), (-72.23174, 69.15612, -0.081062816), (-99.64729, 8.391351, -0.06674938), (-64.14177, 4.5059447, -76.58676), (-41.67265, 39.884636, -81.68602), (-1.9836091, 65.320816, -75.69185), (-3.0136096, 99.95456, -0.06675717), (-72.23174, 69.15612, -0.081062816), (-41.67265, 39.884636, -81.68602), (-0.782023, 0.7629492, -99.99403), (-0.20980425, 3.6381965, -99.933586), (-1.9836091, 65.320816, -75.69185), (-41.67265, 39.884636, -81.68602), (-1.7357153, -1.6975677, -99.97052), (-1.182558, -0.14305137, -99.99291), (-64.13708, -4.505615, -76.5907), (-41.618904, -39.8975, -81.70714), (-1.888278, -65.32202, -75.693245), (-0.20980425, -3.6381965, -99.933586), (-1.7357153, -1.6975677, -99.97052), (-41.618904, -39.8975, -81.70714), (-72.21309, -69.175606, -0.08106329), (-2.9181855, -99.95739, -0.066755876), (-1.888278, -65.32202, -75.693245), (-41.618904, -39.8975, -81.70714), (-64.13708, -4.505615, -76.5907), (-99.64729, -8.391351, -0.06674938), (-72.21309, -69.175606, -0.08106329), (-41.618904, -39.8975, -81.70714), (-72.26905, 69.11717, -0.038146768), (-3.01361, 99.954575, -0.057220437), (-2.0597796, 74.447685, -66.73305), (-61.528545, 58.96804, -52.31643), (-75.662895, 6.5229926, -65.058266), (-99.648895, 8.372415, -0.057214674), (-72.26905, 69.11717, -0.038146768), (-61.528545, 58.96804, -52.31643), (-2.0597796, 74.447685, -66.73305), (-2.9753735, 9.793939, -99.47475), (-75.662895, 6.5229926, -65.058266), (-61.528545, 58.96804, -52.31643), (-72.19207, -69.19757, -0.038146403), (-99.645706, -8.410289, -0.0381419), (-75.63857, -6.274606, -65.11096), (-61.530216, -58.81228, -52.48951), (-2.0599153, -74.323845, -66.87096), (-2.9181862, -99.957405, -0.05721933), (-72.19207, -69.19757, -0.038146403), (-61.530216, -58.81228, -52.48951), (-75.63857, -6.274606, -65.11096), (-2.9757898, -9.351801, -99.51728), (-2.0599153, -74.323845, -66.87096), (-61.530216, -58.81228, -52.48951), (-72.213104, -69.17561, -0.05722116), (-2.9564397, -99.956276, -0.057221416), (-2.841805, -73.395805, -67.860016), (-47.85235, -44.691116, -75.58344), (-75.1837, -4.2150173, -65.80004), (-99.84665, -5.53591, -0.038145807), (-72.213104, -69.17561, -0.05722116), (-47.85235, -44.691116, -75.58344), (-1.2589173, -0.8392782, -99.988556), (-1.6020833, -0.047681052, -99.98716), (-75.1837, -4.2150173, -65.80004), (-47.85235, -44.691116, -75.58344), (-2.841805, -73.395805, -67.860016), (-0.26703623, -8.6643715, -99.62358), (-1.2589173, -0.8392782, -99.988556), (-47.85235, -44.691116, -75.58344), (-68.06448, 73.26134, -0.057213068), (-99.8456, 5.5549245, -0.038145404), (-69.24461, 2.4553137, -72.10517), (-51.533794, 42.827217, -74.23003), (-2.2124765, 60.700054, -79.43935), (-2.5367453, 99.96779, -0.07629309), (-68.06448, 73.26134, -0.057213068), (-51.533794, 42.827217, -74.23003), (-51.533794, 42.827217, -74.23003), (-69.24461, 2.4553137, -72.10517), (-0.22889647, 0.34811336, -99.99914), (-2.2124765, 60.700054, -79.43935), (-72.19207, 69.19757, -0.038146403), (-2.9181862, 99.957405, -0.05721933), (-1.773716, 73.57107, -67.70637), (-61.5146, 58.910954, -52.397087), (-83.58333, 1.5450137, -54.8766), (-99.973915, 2.2838376, -0.057215136), (-72.19207, 69.19757, -0.038146403), (-61.5146, 58.910954, -52.397087), (-1.773716, 73.57107, -67.70637), (-2.1172624, 2.3461556, -99.95005), (-83.58333, 1.5450137, -54.8766), (-61.5146, 58.910954, -52.397087), (-1.5831089, -73.92451, -67.32504), (-2.6512332, -99.96484, -0.033378836), (-72.10786, -69.28533, -0.019071108), (-61.340137, -59.06086, -52.43285), (-76.025734, -3.671589, -64.858376), (-2.9373143, -5.7315774, -99.7924), (-1.5831089, -73.92451, -67.32504), (-61.340137, -59.06086, -52.43285), (-72.10786, -69.28533, -0.019071108), (-99.86607, -5.173543, -0.052450668), (-76.025734, -3.671589, -64.858376), (-61.340137, -59.06086, -52.43285), (-0.45776168, 74.243225, -66.99056), (-2.8800802, 5.850759, -99.78715), (-76.10206, 3.7717247, -64.76304), (-61.452366, 59.10642, -52.249767), (-71.88565, 69.51585, -0.009536436), (-1.8882552, 99.98216, -0.028609928), (-0.45776168, 74.243225, -66.99056), (-61.452366, 59.10642, -52.249767), (-76.10206, 3.7717247, -64.76304), (-99.86582, 5.1782985, -0.052450534), (-71.88565, 69.51585, -0.009536436), (-61.452366, 59.10642, -52.249767), (-2.0217948, -73.8575, -67.3868), (-2.899128, -99.957924, -0.095366046), (-71.575455, -69.835175, -0.066750355), (-61.547905, -58.896786, -52.373894), (-75.796364, -3.938588, -65.11067), (-2.8609984, -5.8650465, -99.78686), (-2.0217948, -73.8575, -67.3868), (-61.547905, -58.896786, -52.373894), (-71.575455, -69.835175, -0.066750355), (-99.87003, -5.09648, -0.052442733), (-75.796364, -3.938588, -65.11067), (-61.547905, -58.896786, -52.373894), (-2.1362247, 73.8285, -67.41506), (-2.8610222, 5.8507905, -99.78769), (-75.78972, 3.9239392, -65.11927), (-61.549828, 58.889088, -52.380295), (-72.22938, 69.15863, -0.03814596), (-3.01361, 99.954575, -0.052452073), (-2.1362247, 73.8285, -67.41506), (-61.549828, 58.889088, -52.380295), (-75.78972, 3.9239392, -65.11927), (-99.867546, 5.1450095, -0.047683127), (-72.22938, 69.15863, -0.03814596), (-61.549828, 58.889088, -52.380295), (-2.02173, -73.855125, -67.389404), (-2.9181862, -99.957405, -0.05245106), (-72.21073, -69.17811, -0.033377912), (-61.549637, -58.893677, -52.375366), (-75.81653, -3.9291081, -65.087776), (-2.8609903, -5.8697987, -99.78657), (-2.02173, -73.855125, -67.389404), (-61.549637, -58.893677, -52.375366), (-72.21073, -69.17811, -0.033377912), (-99.860855, -5.273401, -0.047679935), (-75.81653, -3.9291081, -65.087776), (-61.549637, -58.893677, -52.375366), (-1.9835871, 73.86478, -67.379974), (-2.8609824, 5.8745503, -99.78629), (-75.81653, 3.9291081, -65.087776), (-61.542522, 58.91071, -52.364548), (-71.25928, 70.157776, -0.033378944), (-2.861014, 99.95905, -0.05245192), (-1.9835871, 73.86478, -67.379974), (-61.542522, 58.91071, -52.364548), (-75.81653, 3.9291081, -65.087776), (-99.85807, 5.3257003, -0.052446466), (-71.25928, 70.157776, -0.033378944), (-61.542522, 58.91071, -52.364548), (0, 0, -100), (-0.20982309, -0.014306121, -99.99978), (-15.373245, -15.063301, -97.65635), (0, 0, -100), (-1.7357153, -1.6975677, -99.97052), (-0.801094, 0.78678876, -99.993706), (-0.6675737, 0.04291545, -99.997765), (0, 0, -100), (-1.182558, -0.14305137, -99.99291), (-1.7357153, -1.6975677, -99.97052), (0, 0, -100), (-1.4114647, -1.3923908, -99.98034), (-0.782023, 0.7629492, -99.99403), (-1.1444162, 0.13828361, -99.99336), (0, 0, -100), (-1.4114652, -0.16212776, -99.989914), (-1.4114647, -1.3923908, -99.98034), (0, 0, -100), (-3.3949883, -0.019072969, -99.94236), (-1.1062638, -1.0728852, -99.98813), (0, 0, -100), (-1.1062638, -1.0728852, -99.98813), (-0.7629514, 0.74387765, -99.994316), (-1.1062738, 0.12874739, -99.9938), (-45.62247, 43.53875, -77.60778), (-73.84571, 4.70118, -67.26597), (-4.806809, -0.114447825, -99.88434), (-1.4305849, 0.53408504, -99.98834), (-2.7082539, 73.189606, -68.08779), (-45.62247, 43.53875, -77.60778), (-1.4305849, 0.53408504, -99.98834), (-0.15257037, 8.157746, -99.666595), (-0.15257037, 8.157746, -99.666595), (-1.4305849, 0.53408504, -99.98834), (-2.0028539, -1.335236, -99.97102), (-0.15257256, -9.02562, -99.59174), (-2.9757898, -9.351801, -99.51728), (-2.9753735, 9.793939, -99.47475), (-0.2670371, 9.0887985, -99.58576), (-0.26703623, -8.6643715, -99.62358), (-13.257606, 0.009537845, -99.11729), (-0.20982309, -0.014306121, -99.99978), (0, 0, -100), (-1.9454541, -6.70227e-16, -99.98109), (-13.257606, 0.009537845, -99.11729), (-1.4305849, 0.53408504, -99.98834), (-4.806809, -0.114447825, -99.88434), (-0.20982309, -0.014306121, -99.99978), (-13.257606, 0.009537845, -99.11729), (-1.2970091, 1.2207144, -99.98414), (-5.6842275, 0.6199241, -99.836395), (-5.5887074, -0.2861113, -99.84331), (-2.0028539, -1.335236, -99.97102), (-1.4305849, 0.53408504, -99.98834), (-13.257606, 0.009537845, -99.11729), (-5.5887074, -0.2861113, -99.84331), (-1.2589173, -0.8392782, -99.988556), (-1.2970091, 1.2207144, -99.98414), (-13.257606, 0.009537845, -99.11729), (-1.6020833, -0.047681052, -99.98716), (-0.22889647, 0.34811336, -99.99914), (-1.5259573, -5.257065e-16, -99.988365), (-2.1744359, 0.023842497, -99.97636), (-2.1172624, 2.3461556, -99.95005), (0, 0, -100), (-0.038149383, -0.42918056, -99.99907), (-1.9454541, -6.70227e-16, -99.98109), (-64.52642, -57.96506, -49.763355), (-64.5814, -76.34948, -0.03814613), (-99.97019, -2.441554, -0.038149282), (-67.4187, -2.393507, -73.817276), (8.35419, -79.02148, -60.71092), (64.46971, -57.364693, -50.52671), (63.761044, -77.03586, -0.07629201), (6.0846343, -99.81471, -0.03814818), (7.954254, -3.8340647, -99.60938), (68.19401, -1.9266001, -73.115425), (64.46971, -57.364693, -50.52671), (8.35419, -79.02148, -60.71092), (-99.97019, -2.441554, -0.038149282), (-99.968544, -2.5080347, -0.038145013), (-68.38044, -3.3093464, -72.89145), (-67.4187, -2.393507, -73.817276), (7.954254, -3.8340647, -99.60938), (7.8206043, -0.13352251, -99.693634), (68.901665, -2.7942128, -72.42066), (68.19401, -1.9266001, -73.115425), (68.19401, -1.9266001, -73.115425), (68.901665, -2.7942128, -72.42066), (99.949165, -3.1854026, -0.13351987), (99.926056, -3.8433099, -0.11444099), (-67.4187, -2.393507, -73.817276), (-68.38044, -3.3093464, -72.89145), (-7.057595, -0.15259665, -99.75052), (-6.9615517, -3.8336217, -99.6837), (-6.9615517, -3.8336217, -99.6837), (-7.057595, -0.15259665, -99.75052), (7.8206043, -0.13352251, -99.693634), (7.954254, -3.8340647, -99.60938), (64.46971, -57.364693, -50.52671), (68.19401, -1.9266001, -73.115425), (99.926056, -3.8433099, -0.11444099), (63.761044, -77.03586, -0.07629201), (-8.011388, -79.11246, -60.638577), (8.35419, -79.02148, -60.71092), (6.0846343, -99.81471, -0.03814818), (-6.1796436, -99.808876, -0.03814595), (-6.9615517, -3.8336217, -99.6837), (7.954254, -3.8340647, -99.60938), (8.35419, -79.02148, -60.71092), (-8.011388, -79.11246, -60.638577), (-8.011388, -79.11246, -60.638577), (-64.52642, -57.96506, -49.763355), (-67.4187, -2.393507, -73.817276), (-6.9615517, -3.8336217, -99.6837), (-6.1796436, -99.808876, -0.03814595), (-64.5814, -76.34948, -0.03814613), (-64.52642, -57.96506, -49.763355), (-8.011388, -79.11246, -60.638577), (-48.503754, 72.15959, -49.400204), (-67.42377, 73.85144, -0.038146403), (-1.8691889, 99.98253, -0.019073356), (-1.8693552, 71.62682, -69.75747), (-74.310455, 9.679814, -66.21374), (-74.26866, -10.2658205, -66.17235), (-99.68667, -7.909899, -0.057214465), (-99.682526, 7.9620156, -0.038141392), (-3.3954842, 7.615994, -99.65173), (-3.3947978, -8.787376, -99.555305), (-74.26866, -10.2658205, -66.17235), (-74.310455, 9.679814, -66.21374), (-1.8691889, 99.98253, -0.019073356), (-1.9073217, 99.981804, -0.038146436), (-2.7082539, 73.189606, -68.08779), (-1.8693552, 71.62682, -69.75747), (-2.3078425, -73.69361, -67.55685), (-1.5067707, -72.37744, -68.98721), (-3.3947978, -8.787376, -99.555305), (-0.15257256, -9.02562, -99.59174), (-2.4604983, -99.96966, -0.11444178), (-2.9373815, -99.9568, -0.09536953), (-1.5067707, -72.37744, -68.98721), (-2.3078425, -73.69361, -67.55685), (-3.3954842, 7.615994, -99.65173), (-1.8693552, 71.62682, -69.75747), (-2.7082539, 73.189606, -68.08779), (-0.15257037, 8.157746, -99.666595), (-3.3954842, 7.615994, -99.65173), (-0.15257037, 8.157746, -99.666595), (-0.15257256, -9.02562, -99.59174), (-3.3947978, -8.787376, -99.555305), (-48.4658, -71.81654, -49.93446), (-1.5067707, -72.37744, -68.98721), (-2.9373815, -99.9568, -0.09536953), (-67.78679, -73.51834, -0.07629351), (-74.26866, -10.2658205, -66.17235), (-48.4658, -71.81654, -49.93446), (-67.78679, -73.51834, -0.07629351), (-99.68667, -7.909899, -0.057214465), (-3.3947978, -8.787376, -99.555305), (-1.5067707, -72.37744, -68.98721), (-48.4658, -71.81654, -49.93446), (-74.26866, -10.2658205, -66.17235), (-74.310455, 9.679814, -66.21374), (-48.503754, 72.15959, -49.400204), (-1.8693552, 71.62682, -69.75747), (-3.3954842, 7.615994, -99.65173), (-99.682526, 7.9620156, -0.038141392), (-67.42377, 73.85144, -0.038146403), (-48.503754, 72.15959, -49.400204), (-74.310455, 9.679814, -66.21374), (0, 0, -100), (0, 0, -100), (-1.6427107e-18, 0.0047682626, -100), (-0.82015264, -2.825502e-16, -99.99664), (0, 0, -100), (0, 0, -100), (0, 0, -100), (-3.5667412, 2.2220607, -99.91167), (-1.6427107e-18, 0.0047682626, -100), (0, 0, -100), (0, 0, -100), (0, 0, -100), (-0.9726655, -11.71013, -99.30724), (4.093522e-15, -11.882183, -99.291565), (99.94833, 0.948937, 3.0709317), (99.98117, 1.4590918, 1.2802815), (99.9975, 0.7082043, 0.004769053), (-99.99632, 0.0023844982, 0.8584194), (-99.94833, 0.948937, 3.0709317), (-99.98117, 1.4590918, 1.2802815), (0.038146585, -0.83445656, -99.996506), (2.0599432, 7.0966956e-16, -99.978775), (5.454945, -3.9720006, -99.77209), (34.121162, 88.43084, 31.870577), (0.07629218, 99.99997, -0.019073045), (0.01907305, 100, -0.01907305), (28.669283, 89.756035, 33.495186), (73.13679, 1.6496303, 68.17836), (34.121162, 88.43084, 31.870577), (28.669283, 89.756035, 33.495186), (65.04494, 1.6690416, 75.93662), (73.15185, 1.5832082, 68.16378), (73.13679, 1.6496303, 68.17836), (65.04494, 1.6690416, 75.93662), (65.05644, 1.6211662, 75.927795), (46.4629, 77.1902, 43.39207), (73.15185, 1.5832082, 68.16378), (65.05644, 1.6211662, 75.927795), (40.74306, 77.89058, 47.67663), (40.74306, 77.89058, 47.67663), (0.3051654, 99.998886, 0.3623839), (0.34331086, 99.998825, 0.34331086), (46.4629, 77.1902, 43.39207), (0.6866638, 99.99541, 0.6675898), (0.34331086, 99.998825, 0.34331086), (0.3051654, 99.998886, 0.3623839), (0.5722209, 99.9956, 0.7438872), (38.07032, 83.32174, 40.101627), (0.6866638, 99.99541, 0.6675898), (0.5722209, 99.9956, 0.7438872), (33.225758, 83.65567, 43.563507), (33.225758, 83.65567, 43.563507), (60.46441, 6.8189354, 79.35715), (68.632484, 6.714462, 72.41891), (38.07032, 83.32174, 40.101627), (68.666245, -5.6077433, 72.48104), (68.632484, 6.714462, 72.41891), (60.46441, 6.8189354, 79.35715), (60.461517, -5.683764, 79.44872), (46.65406, -73.54785, 49.133625), (68.666245, -5.6077433, 72.48104), (60.461517, -5.683764, 79.44872), (40.62503, -74.269424, 53.23214), (40.62503, -74.269424, 53.23214), (0.41963613, -99.99738, 0.59130543), (0.4959334, -99.99735, 0.5340822), (46.65406, -73.54785, 49.133625), (-0.2670209, -99.999344, -0.24794802), (0.4959334, -99.99735, 0.5340822), (0.41963613, -99.99738, 0.59130543), (-0.22887532, -99.999435, -0.24794824), (-61.376877, -56.76121, -54.872986), (-0.2670209, -99.999344, -0.24794802), (-0.22887532, -99.999435, -0.24794824), (-53.882076, -58.650406, -60.471905), (-53.882076, -58.650406, -60.471905), (-63.076496, 2.6130874, -77.55338), (-74.265465, 1.8499615, -66.94191), (-61.376877, -56.76121, -54.872986), (-73.321045, -0.3337977, -67.99936), (-74.265465, 1.8499615, -66.94191), (-63.076496, 2.6130874, -77.55338), (-61.16477, 0.4481983, -79.11177), (-34.19639, -88.40901, -31.850512), (-73.321045, -0.3337977, -67.99936), (-61.16477, 0.4481983, -79.11177), (-27.636713, -88.13612, -38.31757), (-0.095365174, -99.99992, -0.07629214), (-34.19639, -88.40901, -31.850512), (-27.636713, -88.13612, -38.31757), (-0.09536514, -99.999886, -0.114438176), (34.121162, 88.43084, 31.870577), (39.710876, 86.69827, 30.107407), (0.09536521, 99.999954, -0.038146082), (0.07629218, 99.99997, -0.019073045), (73.13679, 1.6496303, 68.17836), (79.796455, 1.6497117, 60.247852), (39.710876, 86.69827, 30.107407), (34.121162, 88.43084, 31.870577), (5.2643685, 91.08693, 40.93237), (11.329739, 90.78097, 40.378883), (-0.19073017, 99.99983, -0.019073017), (-0.11443822, 99.99993, -0.019073037), (12.836965, 1.735756, 99.15745), (27.009205, 1.726224, 96.267975), (11.329739, 90.78097, 40.378883), (5.2643685, 91.08693, 40.93237), (73.15185, 1.5832082, 68.16378), (79.80697, 1.5450202, 60.236713), (79.796455, 1.6497117, 60.247852), (73.13679, 1.6496303, 68.17836), (0.6866638, 99.99541, 0.6675898), (0.7248125, 99.995514, 0.61036843), (0.41960147, 99.998665, 0.3051647), (0.34331086, 99.998825, 0.34331086), (68.666245, -5.6077433, 72.48104), (76.29293, -5.5407743, 64.41031), (76.26123, 6.590359, 64.34898), (68.632484, 6.714462, 72.41891), (-0.30516645, -99.99924, -0.24794774), (0.5340831, -99.99752, 0.45778552), (0.4959334, -99.99735, 0.5340822), (-0.2670209, -99.999344, -0.24794802), (12.857024, 1.6977378, 99.15551), (27.009338, 1.6976207, 96.268456), (27.009205, 1.726224, 96.267975), (12.836965, 1.735756, 99.15745), (0.15259239, 99.9957, 0.91555434), (0.26703647, 99.99562, 0.8964796), (0.11443723, 99.99907, 0.41960317), (0.038145732, 99.99903, 0.4386759), (15.526048, -5.8937945, 98.61139), (27.656193, -5.8840938, 95.919304), (27.637815, 7.057276, 95.845436), (15.505746, 7.0758076, 98.53682), (-0.07629191, -99.99962, -0.2670217), (0.1907436, -99.99733, 0.7057513), (0.11444613, -99.99731, 0.7248255), (-0.038145944, -99.99959, -0.28609458), (-81.58131, -1.4019701, -57.814583), (-81.88339, 0.29564232, -57.402298), (-74.265465, 1.8499615, -66.94191), (-73.321045, -0.3337977, -67.99936), (46.4629, 77.1902, 43.39207), (51.50202, 76.33744, 38.988937), (79.80697, 1.5450202, 60.236713), (73.15185, 1.5832082, 68.16378), (0.34331086, 99.998825, 0.34331086), (0.41960147, 99.998665, 0.3051647), (51.50202, 76.33744, 38.988937), (46.4629, 77.1902, 43.39207), (38.07032, 83.32174, 40.101627), (42.802223, 82.86732, 36.069077), (0.7248125, 99.995514, 0.61036843), (0.6866638, 99.99541, 0.6675898), (68.632484, 6.714462, 72.41891), (76.26123, 6.590359, 64.34898), (42.802223, 82.86732, 36.069077), (38.07032, 83.32174, 40.101627), (46.65406, -73.54785, 49.133625), (52.952656, -72.142265, 44.626343), (76.29293, -5.5407743, 64.41031), (68.666245, -5.6077433, 72.48104), (0.4959334, -99.99735, 0.5340822), (0.5340831, -99.99752, 0.45778552), (52.952656, -72.142265, 44.626343), (46.65406, -73.54785, 49.133625), (-61.376877, -56.76121, -54.872986), (-67.403534, -55.263645, -49.01728), (-0.30516645, -99.99924, -0.24794774), (-0.2670209, -99.999344, -0.24794802), (-74.265465, 1.8499615, -66.94191), (-81.88339, 0.29564232, -57.402298), (-67.403534, -55.263645, -49.01728), (-61.376877, -56.76121, -54.872986), (7.800833, 79.48649, 60.175133), (16.364792, 79.53518, 58.363945), (27.009338, 1.6976207, 96.268456), (12.857024, 1.6977378, 99.15551), (0.038145732, 99.99903, 0.4386759), (0.11443723, 99.99907, 0.41960317), (16.364792, 79.53518, 58.363945), (7.800833, 79.48649, 60.175133), (8.27813, 84.59333, 52.682472), (14.838647, 84.47347, 51.420296), (0.26703647, 99.99562, 0.8964796), (0.15259239, 99.9957, 0.91555434), (15.505746, 7.0758076, 98.53682), (27.637815, 7.057276, 95.845436), (14.838647, 84.47347, 51.420296), (8.27813, 84.59333, 52.682472), (10.204641, -75.399895, 64.89007), (18.234034, -75.32983, 63.189697), (27.656193, -5.8840938, 95.919304), (15.526048, -5.8937945, 98.61139), (0.11444613, -99.99731, 0.7248255), (0.1907436, -99.99733, 0.7057513), (18.234034, -75.32983, 63.189697), (10.204641, -75.399895, 64.89007), (-8.86886, -67.39381, -73.34452), (-20.140621, -66.162704, -72.227776), (-0.07629191, -99.99962, -0.2670217), (-0.038145944, -99.99959, -0.28609458), (-9.461071, -6.7524576, -99.322174), (-27.579762, -10.051545, -95.59458), (-20.140621, -66.162704, -72.227776), (-8.86886, -67.39381, -73.34452), (-34.19639, -88.40901, -31.850512), (-44.2131, -84.43977, -30.251068), (-81.58131, -1.4019701, -57.814583), (-73.321045, -0.3337977, -67.99936), (-0.095365174, -99.99992, -0.07629214), (-0.095365174, -99.99992, -0.07629214), (-44.2131, -84.43977, -30.251068), (-34.19639, -88.40901, -31.850512), (-19.684406, -84.83178, -49.153793), (-27.636713, -88.13612, -38.31757), (-61.16477, 0.4481983, -79.11177), (-40.57154, 0.88696605, -91.395645), (-0.01907305, -100, -0.01907305), (-0.09536514, -99.999886, -0.114438176), (-27.636713, -88.13612, -38.31757), (-19.684406, -84.83178, -49.153793), (-45.011124, 2.2505562, -89.26888), (-33.06988, 1.2396437, -94.36549), (-31.225988, 2.8803449, -94.956), (-29.580427, 3.127782, -95.47364), (-27.959675, 0.74381125, -96.00887), (-40.57154, 0.88696605, -91.395645), (-32.294163, -63.939762, -69.77675), (-33.06988, 1.2396437, -94.36549), (-45.011124, 2.2505562, -89.26888), (-44.039043, -61.223614, -65.66758), (54.516544, 1.6881436, 83.81585), (22.888813, 90.75414, 35.21062), (17.108723, 91.055786, 37.63156), (41.427364, 1.7166034, 90.999054), (-0.11443822, 99.99993, -0.019073037), (17.108723, 91.055786, 37.63156), (22.888813, 90.75414, 35.21062), (0.01907305, 100, -0.01907305), (54.530293, 1.6498324, 83.80767), (54.516544, 1.6881436, 83.81585), (41.427364, 1.7166034, 90.999054), (41.427563, 1.6880015, 90.99949), (33.609463, 78.65415, 51.80664), (54.530293, 1.6498324, 83.80767), (41.427563, 1.6880015, 90.99949), (25.233234, 79.23769, 55.539818), (0.24794711, 99.99897, 0.38145706), (33.609463, 78.65415, 51.80664), (25.233234, 79.23769, 55.539818), (0.17165583, 99.99907, 0.40053028), (0.49592385, 99.99541, 0.8201817), (0.24794711, 99.99897, 0.38145706), (0.17165583, 99.99907, 0.40053028), (0.38147995, 99.99543, 0.87740386), (27.732557, 83.932, 46.75816), (0.49592385, 99.99541, 0.8201817), (0.38147995, 99.99543, 0.87740386), (21.49561, 84.18001, 49.51429), (50.89343, 6.924406, 85.80159), (27.732557, 83.932, 46.75816), (21.49561, 84.18001, 49.51429), (39.71271, 7.0002723, 91.509), (50.92592, -5.7601604, 85.86835), (50.89343, 6.924406, 85.80159), (39.71271, 7.0002723, 91.509), (39.75045, -5.8271413, 91.574814), (33.949257, -74.707436, 57.1511), (50.92592, -5.7601604, 85.86835), (39.75045, -5.8271413, 91.574814), (26.359272, -75.02474, 60.633953), (0.3814866, -99.99717, 0.6485272), (33.949257, -74.707436, 57.1511), (26.359272, -75.02474, 60.633953), (0.30518928, -99.99718, 0.6866759), (-0.15258376, -99.99959, -0.24794862), (0.3814866, -99.99717, 0.6485272), (0.30518928, -99.99718, 0.6866759), (-0.114437826, -99.99959, -0.26702157), (-44.039043, -61.223614, -65.66758), (-0.15258376, -99.99959, -0.24794862), (-0.114437826, -99.99959, -0.26702157), (-32.294163, -63.939762, -69.77675), (41.427364, 1.7166034, 90.999054), (17.108723, 91.055786, 37.63156), (11.329739, 90.78097, 40.378883), (27.009205, 1.726224, 96.267975), (-0.19073017, 99.99983, -0.019073017), (11.329739, 90.78097, 40.378883), (17.108723, 91.055786, 37.63156), (-0.11443822, 99.99993, -0.019073037), (41.427563, 1.6880015, 90.99949), (41.427364, 1.7166034, 90.999054), (27.009205, 1.726224, 96.267975), (27.009338, 1.6976207, 96.268456), (25.233234, 79.23769, 55.539818), (41.427563, 1.6880015, 90.99949), (27.009338, 1.6976207, 96.268456), (16.364792, 79.53518, 58.363945), (16.364792, 79.53518, 58.363945), (0.11443723, 99.99907, 0.41960317), (0.17165583, 99.99907, 0.40053028), (25.233234, 79.23769, 55.539818), (0.38147995, 99.99543, 0.87740386), (0.17165583, 99.99907, 0.40053028), (0.11443723, 99.99907, 0.41960317), (0.26703647, 99.99562, 0.8964796), (21.49561, 84.18001, 49.51429), (0.38147995, 99.99543, 0.87740386), (0.26703647, 99.99562, 0.8964796), (14.838647, 84.47347, 51.420296), (14.838647, 84.47347, 51.420296), (27.637815, 7.057276, 95.845436), (39.71271, 7.0002723, 91.509), (21.49561, 84.18001, 49.51429), (39.75045, -5.8271413, 91.574814), (39.71271, 7.0002723, 91.509), (27.637815, 7.057276, 95.845436), (27.656193, -5.8840938, 95.919304), (26.359272, -75.02474, 60.633953), (39.75045, -5.8271413, 91.574814), (27.656193, -5.8840938, 95.919304), (18.234034, -75.32983, 63.189697), (18.234034, -75.32983, 63.189697), (0.1907436, -99.99733, 0.7057513), (0.30518928, -99.99718, 0.6866759), (26.359272, -75.02474, 60.633953), (-0.114437826, -99.99959, -0.26702157), (0.30518928, -99.99718, 0.6866759), (0.1907436, -99.99733, 0.7057513), (-0.07629191, -99.99962, -0.2670217), (-32.294163, -63.939762, -69.77675), (-0.114437826, -99.99959, -0.26702157), (-0.07629191, -99.99962, -0.2670217), (-20.140621, -66.162704, -72.227776), (-33.06988, 1.2396437, -94.36549), (-32.294163, -63.939762, -69.77675), (-20.140621, -66.162704, -72.227776), (-27.579762, -10.051545, -95.59458), (54.530293, 1.6498324, 83.80767), (65.05644, 1.6211662, 75.927795), (65.04494, 1.6690416, 75.93662), (54.516544, 1.6881436, 83.81585), (0.49592385, 99.99541, 0.8201817), (0.5722209, 99.9956, 0.7438872), (0.3051654, 99.998886, 0.3623839), (0.24794711, 99.99897, 0.38145706), (50.92592, -5.7601604, 85.86835), (60.461517, -5.683764, 79.44872), (60.46441, 6.8189354, 79.35715), (50.89343, 6.924406, 85.80159), (-0.22887532, -99.999435, -0.24794824), (0.41963613, -99.99738, 0.59130543), (0.3814866, -99.99717, 0.6485272), (-0.15258376, -99.99959, -0.24794862), (33.609463, 78.65415, 51.80664), (40.74306, 77.89058, 47.67663), (65.05644, 1.6211662, 75.927795), (54.530293, 1.6498324, 83.80767), (0.24794711, 99.99897, 0.38145706), (0.3051654, 99.998886, 0.3623839), (40.74306, 77.89058, 47.67663), (33.609463, 78.65415, 51.80664), (27.732557, 83.932, 46.75816), (33.225758, 83.65567, 43.563507), (0.5722209, 99.9956, 0.7438872), (0.49592385, 99.99541, 0.8201817), (50.89343, 6.924406, 85.80159), (60.46441, 6.8189354, 79.35715), (33.225758, 83.65567, 43.563507), (27.732557, 83.932, 46.75816), (33.949257, -74.707436, 57.1511), (40.62503, -74.269424, 53.23214), (60.461517, -5.683764, 79.44872), (50.92592, -5.7601604, 85.86835), (0.3814866, -99.99717, 0.6485272), (0.41963613, -99.99738, 0.59130543), (40.62503, -74.269424, 53.23214), (33.949257, -74.707436, 57.1511), (-44.039043, -61.223614, -65.66758), (-53.882076, -58.650406, -60.471905), (-0.22887532, -99.999435, -0.24794824), (-0.15258376, -99.99959, -0.24794862), (-45.011124, 2.2505562, -89.26888), (-63.076496, 2.6130874, -77.55338), (-53.882076, -58.650406, -60.471905), (-44.039043, -61.223614, -65.66758), (22.888813, 90.75414, 35.21062), (28.669283, 89.756035, 33.495186), (0.01907305, 100, -0.01907305), (0.01907305, 100, -0.01907305), (54.516544, 1.6881436, 83.81585), (65.04494, 1.6690416, 75.93662), (28.669283, 89.756035, 33.495186), (22.888813, 90.75414, 35.21062), (-27.579762, -10.051545, -95.59458), (-31.225988, 2.8803449, -94.956), (-33.06988, 1.2396437, -94.36549), (97.26881, 1.8881592, 23.134718), (52.18581, 84.39185, 12.436091), (64.549385, 74.83074, 15.288513), (97.29504, 1.7925781, 23.031769), (97.27001, 1.8214285, 23.135004), (97.26881, 1.8881592, 23.134718), (97.29504, 1.7925781, 23.031769), (97.28238, 1.9647224, 23.071182), (52.18581, 84.39185, 12.436091), (0.3051673, 99.999504, 0.07629182), (0.4958924, 99.99861, 0.17642327), (64.549385, 74.83074, 15.288513), (0.3051673, 99.999504, 0.07629182), (1.2969735, 99.99093, 0.36238962), (1.0681224, 99.993416, 0.4196195), (0.4958924, 99.99861, 0.17642327), (1.2969735, 99.99093, 0.36238962), (62.6008, 76.124245, 16.91862), (62.21592, 76.47294, 16.765112), (1.0681224, 99.993416, 0.4196195), (62.6008, 76.124245, 16.91862), (96.33655, 6.3811045, 26.04902), (96.41199, 6.028134, 25.853252), (62.21592, 76.47294, 16.765112), (96.33655, 6.3811045, 26.04902), (96.435326, -4.4059653, 26.09247), (96.414375, -6.0282826, 25.844355), (96.41199, 6.028134, 25.853252), (96.435326, -4.4059653, 26.09247), (79.23853, -57.120796, 21.411953), (65.87711, -73.13427, 17.651785), (96.414375, -6.0282826, 25.844355), (79.23853, -57.120796, 21.411953), (0.95369714, -99.99515, 0.24796127), (0.26702166, -99.99962, 0.09059663), (65.87711, -73.13427, 17.651785), (0.95369714, -99.99515, 0.24796127), (-0.17165719, -99.99985, -0.03814604), (-0.41960302, -99.99902, -0.14304648), (0.26702166, -99.99962, 0.09059663), (-63.076496, 2.6130874, -77.55338), (-45.011124, 2.2505562, -89.26888), (-40.57154, 0.88696605, -91.395645), (-61.16477, 0.4481983, -79.11177), (0.09536522, 99.99997, -0.019073043), (0.2479489, 99.999695, 0.038145985), (-3.4450924e-14, 99.999985, 0.06675567), (0.11443822, 99.99992, -0.03814607), (0.01907305, 100, -0.01907305), (0.01907305, 100, -0.01907305), (-3.4450924e-14, 99.999985, 0.06675567), (-0.11443822, 99.99993, -0.019073037), (0.07629218, 99.99997, -0.019073045), (0.09536521, 99.999954, -0.038146082), (-3.4450924e-14, 99.999985, 0.06675567), (0.01907305, 100, -0.01907305), (-3.4450924e-14, 99.999985, 0.06675567), (-3.4450927e-14, 100, 0), (-0.11443822, 99.99993, -0.019073037), (-0.19073017, 99.99983, -0.019073017), (-0.11443822, 99.99993, -0.019073037), (-3.4450924e-14, 99.999985, 0.06675567), (-0.11443822, 99.99993, -0.019073037), (79.796455, 1.6497117, 60.247852), (79.80697, 1.5450202, 60.236713), (85.40795, 1.5067505, 51.992424), (85.40032, 1.688168, 51.99939), (56.230286, 75.23757, 34.314205), (85.40795, 1.5067505, 51.992424), (79.80697, 1.5450202, 60.236713), (51.50202, 76.33744, 38.988937), (0.47681895, 99.998474, 0.28609136), (56.230286, 75.23757, 34.314205), (51.50202, 76.33744, 38.988937), (0.41960147, 99.998665, 0.3051647), (0.80110824, 99.995476, 0.51499814), (0.47681895, 99.998474, 0.28609136), (0.41960147, 99.998665, 0.3051647), (0.7248125, 99.995514, 0.61036843), (85.40032, 1.688168, 51.99939), (45.490517, 84.5723, 27.895126), (39.710876, 86.69827, 30.107407), (79.796455, 1.6497117, 60.247852), (0.09536521, 99.999954, -0.038146082), (39.710876, 86.69827, 30.107407), (45.490517, 84.5723, 27.895126), (0.11443822, 99.99992, -0.03814607), (46.958103, 82.52953, 31.3658), (0.80110824, 99.995476, 0.51499814), (0.7248125, 99.995514, 0.61036843), (42.802223, 82.86732, 36.069077), (82.970276, 6.4468856, 55.447033), (46.958103, 82.52953, 31.3658), (42.802223, 82.86732, 36.069077), (76.26123, 6.590359, 64.34898), (83.01053, -5.5219545, 55.486584), (82.970276, 6.4468856, 55.447033), (76.26123, 6.590359, 64.34898), (76.29293, -5.5407743, 64.41031), (59.511005, -69.877754, 39.69308), (83.01053, -5.5219545, 55.486584), (76.29293, -5.5407743, 64.41031), (52.952656, -72.142265, 44.626343), (0.6485281, -99.99731, 0.3433384), (59.511005, -69.877754, 39.69308), (52.952656, -72.142265, 44.626343), (0.5340831, -99.99752, 0.45778552), (-0.3051663, -99.99918, -0.26702052), (0.6485281, -99.99731, 0.3433384), (0.5340831, -99.99752, 0.45778552), (-0.30516645, -99.99924, -0.24794774), (-72.47527, -54.041763, -42.741337), (-0.3051663, -99.99918, -0.26702052), (-0.30516645, -99.99924, -0.24794774), (-67.403534, -55.263645, -49.01728), (-67.403534, -55.263645, -49.01728), (-81.88339, 0.29564232, -57.402298), (-86.710175, -1.0490671, -49.802082), (-72.47527, -54.041763, -42.741337), (-86.60852, -1.9644743, -49.95105), (-86.710175, -1.0490671, -49.802082), (-81.88339, 0.29564232, -57.402298), (-81.58131, -1.4019701, -57.814583), (-51.652325, -80.47311, -29.25948), (-86.60852, -1.9644743, -49.95105), (-81.58131, -1.4019701, -57.814583), (-44.2131, -84.43977, -30.251068), (-0.1144382, -99.999916, -0.07629213), (-51.652325, -80.47311, -29.25948), (-44.2131, -84.43977, -30.251068), (-0.095365174, -99.99992, -0.07629214), (61.80289, 75.098145, 23.252382), (93.63797, 1.4496813, 35.068935), (88.84559, 1.4782166, 45.8724), (59.543842, 74.200935, 30.801826), (88.841324, 1.7737746, 45.870193), (88.84559, 1.4782166, 45.8724), (93.63797, 1.4496813, 35.068935), (93.617035, 1.6499336, 35.115925), (0.5149646, 99.9985, 0.19072762), (61.80289, 75.098145, 23.252382), (59.543842, 74.200935, 30.801826), (0.5340359, 99.99822, 0.26701796), (50.179817, 82.469604, 26.091215), (88.841324, 1.7737746, 45.870193), (93.617035, 1.6499336, 35.115925), (63.494244, 73.47899, 23.860407), (1.0299792, 99.99381, 0.41962117), (0.5149646, 99.9985, 0.19072762), (0.5340359, 99.99822, 0.26701796), (0.7629658, 99.99621, 0.41963118), (0.11443822, 99.99992, -0.03814607), (50.179817, 82.469604, 26.091215), (63.494244, 73.47899, 23.860407), (0.09536522, 99.99997, -0.019073043), (57.36975, 78.4066, 23.68791), (1.0299792, 99.99381, 0.41962117), (0.7629658, 99.99621, 0.41963118), (49.20966, 82.6646, 27.294195), (92.24818, 5.961033, 38.14107), (57.36975, 78.4066, 23.68791), (49.20966, 82.6646, 27.294195), (87.269394, 6.350679, 48.41201), (92.24534, -4.8735905, 38.302032), (92.24818, 5.961033, 38.14107), (87.269394, 6.350679, 48.41201), (87.30613, -5.5877447, 48.43984), (70.00874, -65.554504, 28.308712), (92.24534, -4.8735905, 38.302032), (87.30613, -5.5877447, 48.43984), (64.39294, -67.73084, 35.582058), (0.83926445, -99.99645, 0.07629677), (70.00874, -65.554504, 28.308712), (64.39294, -67.73084, 35.582058), (0.72482437, -99.99715, 0.20981757), (-0.07629187, -99.999565, -0.2860945), (0.83926445, -99.99645, 0.07629677), (0.72482437, -99.99715, 0.20981757), (-0.20980172, -99.99912, -0.36238477), (-78.48584, -54.491875, -29.5061), (-0.07629187, -99.999565, -0.2860945), (-0.20980172, -99.99912, -0.36238477), (-75.55095, -53.33008, -38.05204), (-93.66647, -2.0884705, -34.960423), (-78.48584, -54.491875, -29.5061), (-75.55095, -53.33008, -38.05204), (-89.47908, -1.7167164, -44.61555), (-93.58743, -2.1265535, -35.16919), (-93.66647, -2.0884705, -34.960423), (-89.47908, -1.7167164, -44.61555), (-89.44119, -2.145902, -44.67291), (-61.37903, -75.60798, -22.716726), (-93.58743, -2.1265535, -35.16919), (-89.44119, -2.145902, -44.67291), (-55.405495, -78.60715, -27.407125), (3.4450927e-14, -100, 0), (-61.37903, -75.60798, -22.716726), (-55.405495, -78.60715, -27.407125), (-0.07629218, -99.99997, -0.019073045), (59.543842, 74.200935, 30.801826), (88.84559, 1.4782166, 45.8724), (85.40795, 1.5067505, 51.992424), (56.230286, 75.23757, 34.314205), (85.40032, 1.688168, 51.99939), (85.40795, 1.5067505, 51.992424), (88.84559, 1.4782166, 45.8724), (88.841324, 1.7737746, 45.870193), (0.5340359, 99.99822, 0.26701796), (59.543842, 74.200935, 30.801826), (56.230286, 75.23757, 34.314205), (0.47681895, 99.998474, 0.28609136), (45.490517, 84.5723, 27.895126), (85.40032, 1.688168, 51.99939), (88.841324, 1.7737746, 45.870193), (50.179817, 82.469604, 26.091215), (0.11443822, 99.99992, -0.03814607), (45.490517, 84.5723, 27.895126), (50.179817, 82.469604, 26.091215), (0.11443822, 99.99992, -0.03814607), (0.7629658, 99.99621, 0.41963118), (0.5340359, 99.99822, 0.26701796), (0.47681895, 99.998474, 0.28609136), (0.80110824, 99.995476, 0.51499814), (49.20966, 82.6646, 27.294195), (0.7629658, 99.99621, 0.41963118), (0.80110824, 99.995476, 0.51499814), (46.958103, 82.52953, 31.3658), (87.269394, 6.350679, 48.41201), (49.20966, 82.6646, 27.294195), (46.958103, 82.52953, 31.3658), (82.970276, 6.4468856, 55.447033), (87.30613, -5.5877447, 48.43984), (87.269394, 6.350679, 48.41201), (82.970276, 6.4468856, 55.447033), (83.01053, -5.5219545, 55.486584), (64.39294, -67.73084, 35.582058), (87.30613, -5.5877447, 48.43984), (83.01053, -5.5219545, 55.486584), (59.511005, -69.877754, 39.69308), (0.72482437, -99.99715, 0.20981757), (64.39294, -67.73084, 35.582058), (59.511005, -69.877754, 39.69308), (0.6485281, -99.99731, 0.3433384), (-0.20980172, -99.99912, -0.36238477), (0.72482437, -99.99715, 0.20981757), (0.6485281, -99.99731, 0.3433384), (-0.3051663, -99.99918, -0.26702052), (-75.55095, -53.33008, -38.05204), (-0.20980172, -99.99912, -0.36238477), (-0.3051663, -99.99918, -0.26702052), (-72.47527, -54.041763, -42.741337), (-89.47908, -1.7167164, -44.61555), (-75.55095, -53.33008, -38.05204), (-72.47527, -54.041763, -42.741337), (-86.710175, -1.0490671, -49.802082), (-89.44119, -2.145902, -44.67291), (-89.47908, -1.7167164, -44.61555), (-86.710175, -1.0490671, -49.802082), (-86.60852, -1.9644743, -49.95105), (-55.405495, -78.60715, -27.407125), (-89.44119, -2.145902, -44.67291), (-86.60852, -1.9644743, -49.95105), (-51.652325, -80.47311, -29.25948), (-0.07629218, -99.99997, -0.019073045), (-55.405495, -78.60715, -27.407125), (-51.652325, -80.47311, -29.25948), (-0.1144382, -99.999916, -0.07629213), (52.18581, 84.39185, 12.436091), (97.26881, 1.8881592, 23.134718), (93.63797, 1.4496813, 35.068935), (61.80289, 75.098145, 23.252382), (93.617035, 1.6499336, 35.115925), (93.63797, 1.4496813, 35.068935), (97.26881, 1.8881592, 23.134718), (97.27001, 1.8214285, 23.135004), (63.494244, 73.47899, 23.860407), (93.617035, 1.6499336, 35.115925), (97.27001, 1.8214285, 23.135004), (80.458565, 56.223717, 19.113201), (0.3051673, 99.999504, 0.07629182), (52.18581, 84.39185, 12.436091), (61.80289, 75.098145, 23.252382), (0.5149646, 99.9985, 0.19072762), (1.2969735, 99.99093, 0.36238962), (0.3051673, 99.999504, 0.07629182), (0.5149646, 99.9985, 0.19072762), (1.0299792, 99.99381, 0.41962117), (62.6008, 76.124245, 16.91862), (1.2969735, 99.99093, 0.36238962), (1.0299792, 99.99381, 0.41962117), (57.36975, 78.4066, 23.68791), (0.09536522, 99.99997, -0.019073043), (63.494244, 73.47899, 23.860407), (80.458565, 56.223717, 19.113201), (0.2479489, 99.999695, 0.038145985), (96.33655, 6.3811045, 26.04902), (62.6008, 76.124245, 16.91862), (57.36975, 78.4066, 23.68791), (92.24818, 5.961033, 38.14107), (96.435326, -4.4059653, 26.09247), (96.33655, 6.3811045, 26.04902), (92.24818, 5.961033, 38.14107), (92.24534, -4.8735905, 38.302032), (79.23853, -57.120796, 21.411953), (96.435326, -4.4059653, 26.09247), (92.24534, -4.8735905, 38.302032), (70.00874, -65.554504, 28.308712), (0.95369714, -99.99515, 0.24796127), (79.23853, -57.120796, 21.411953), (70.00874, -65.554504, 28.308712), (0.83926445, -99.99645, 0.07629677), (-0.17165719, -99.99985, -0.03814604), (0.95369714, -99.99515, 0.24796127), (0.83926445, -99.99645, 0.07629677), (-0.07629187, -99.999565, -0.2860945), (-78.60221, -58.80384, -19.07358), (-0.17165719, -99.99985, -0.03814604), (-0.07629187, -99.999565, -0.2860945), (-78.48584, -54.491875, -29.5061), (-97.15694, -1.9740368, -23.593077), (-78.60221, -58.80384, -19.07358), (-78.48584, -54.491875, -29.5061), (-93.66647, -2.0884705, -34.960423), (-97.1625, -1.6594303, -23.594427), (-97.15694, -1.9740368, -23.593077), (-93.66647, -2.0884705, -34.960423), (-93.58743, -2.1265535, -35.16919), (-71.80748, -67.37315, -17.451221), (-97.1625, -1.6594303, -23.594427), (-93.58743, -2.1265535, -35.16919), (-61.37903, -75.60798, -22.716726), (-0.7248249, -99.99722, -0.17166905), (-71.80748, -67.37315, -17.451221), (-61.37903, -75.60798, -22.716726), (3.4450927e-14, -100, 0), (0.11443822, 99.99992, -0.03814607), (0.11443822, 99.99992, -0.03814607), (-3.4450924e-14, 99.999985, 0.06675567), (0.09536521, 99.999954, -0.038146082), (99.98936, -1.4592113, 0.028611988), (99.004234, -14.075347, -0.21456322), (99.99941, -0.22887525, -0.25748467), (0, 0, -100), (0.01907305, 6.5708428e-18, -100), (-0.01907305, -6.5708428e-18, -100), (0, 0, -100), (6.8599682e-15, -19.912289, -97.99745), (0, 0, -100), (0, 0, -100), (4.093522e-15, -11.882183, -99.291565), (-92.209595, -38.694077, -0.40057954), (-92.21144, -38.685314, 0.70579714), (-99.94232, -3.3473048, 0.57218885), (-99.94316, -3.3473332, -0.40053558), (-70.81964, -70.600296, -0.41961542), (-70.83734, -70.57986, 0.74384934), (-92.21144, -38.685314, 0.70579714), (-92.209595, -38.694077, -0.40057954), (-38.87189, -92.13477, -0.40054452), (-38.910442, -92.11666, 0.70572865), (-70.83734, -70.57986, 0.74384934), (-70.81964, -70.600296, -0.41961542), (-3.4714997, -99.93914, -0.34333515), (-3.490546, -99.93834, 0.38148046), (-38.910442, -92.11666, 0.70572865), (-38.87189, -92.13477, -0.40054452), (-38.56511, -92.26445, -0.057218265), (-38.548878, -92.271255, -0.02861124), (-2.0217156, -99.97956, -0.028609185), (-2.0407803, -99.97916, -0.057218138), (-70.705894, -70.71543, -0.07629446), (-70.70591, -70.71545, -0.02861043), (-38.548878, -92.271255, -0.02861124), (-38.56511, -92.26445, -0.057218265), (-92.27604, -38.537357, -0.076292716), (-92.27267, -38.545483, -0.028608723), (-70.70591, -70.71545, -0.02861043), (-70.705894, -70.71543, -0.07629446), (-99.9984, -0.562646, -0.057218235), (-99.998405, -0.56264603, -0.03337731), (-92.27267, -38.545483, -0.028608723), (-92.27604, -38.537357, -0.076292716), (-3.5474226, -7.6670103, 99.64253), (-23.49924, -61.5043, 75.266235), (-2.4223163, -81.42416, 58.002075), (-0.36237648, -8.077181, 99.67261), (-9.137222, -11.407222, 98.92617), (-45.336212, -47.329327, 75.528564), (-23.49924, -61.5043, 75.266235), (-3.5474226, -7.6670103, 99.64253), (-7.648803, -4.6922836, 99.59658), (-61.05252, -26.072725, 74.78505), (-45.336212, -47.329327, 75.528564), (-9.137222, -11.407222, 98.92617), (-6.008596, -0.25751126, 99.81899), (-70.39991, -2.3364913, 70.98165), (-61.05252, -26.072725, 74.78505), (-7.648803, -4.6922836, 99.59658), (-99.99851, -0.114436604, -0.5340375), (-99.94316, -3.3473332, -0.40053558), (-99.94232, -3.3473048, 0.57218885), (-99.99807, -0.11443609, 0.6103258), (-0.26701847, -99.99842, 0.49589148), (-3.490546, -99.93834, 0.38148046), (-3.4714997, -99.93914, -0.34333515), (-0.26701874, -99.99851, -0.47681916), (-99.94316, -3.3473332, -0.40053558), (-99.99851, -0.114436604, -0.5340375), (-55.90501, -0.06675795, -82.91337), (-69.0831, -2.4890513, -72.25878), (-55.90501, -0.06675795, -82.91337), (-1.9454541, -6.70227e-16, -99.98109), (-1.2017446, -0.028612966, -99.992775), (-69.0831, -2.4890513, -72.25878), (-1.3732609, -99.990555, -0.057219204), (-2.0407803, -99.97916, -0.057218138), (-2.0217156, -99.97956, -0.028609185), (-1.373261, -99.99057, -0.03814614), (-99.99911, -0.41960335, -0.0476822), (-99.998405, -0.56264603, -0.03337731), (-99.9984, -0.562646, -0.057218235), (-99.99911, -0.4196834, -0.057229552), (-0.89643514, -75.84413, -65.16797), (-1.373261, -99.99057, -0.03814614), (-2.0217156, -99.97956, -0.028609185), (-1.907393, -89.84775, -43.8605), (-99.998405, -0.56264603, -0.03337731), (-99.99911, -0.41960335, -0.0476822), (-72.670906, -0.26226377, -68.69403), (-84.11701, -0.44824257, -54.07522), (-3.3949883, -0.019072969, -99.94236), (-7.3432574, -0.028610094, -99.73002), (-84.11701, -0.44824257, -54.07522), (-72.670906, -0.26226377, -68.69403), (-1.4686486, -76.35065, -64.56331), (-1.1443734, -81.73687, -57.60013), (-1.3733331, -4.4633327, -99.89091), (-0.03815062, -1.2017446, -99.992775), (-2.0407803, -99.97916, -0.057218138), (-1.3732609, -99.990555, -0.057219204), (-1.1443734, -81.73687, -57.60013), (-1.4686486, -76.35065, -64.56331), (-0.019074723, -3.4048383, -99.94202), (-0.11444884, -4.148771, -99.91384), (-0.03815062, -1.2017446, -99.992775), (-1.3733331, -4.4633327, -99.89091), (-0.22888431, -64.80287, -76.16125), (-0.26701874, -99.99851, -0.47681916), (-3.4714997, -99.93914, -0.34333515), (-2.689267, -72.54345, -68.776566), (-0.11444884, -4.148771, -99.91384), (-0.019074723, -3.4048383, -99.94202), (-0.22888431, -64.80287, -76.16125), (-2.689267, -72.54345, -68.776566), (-0.038148843, -6.0561285, 99.816444), (-0.36237648, -8.077181, 99.67261), (-2.4223163, -81.42416, 58.002075), (-0.22890326, -75.69068, 65.35188), (-3.490546, -99.93834, 0.38148046), (-0.26701847, -99.99842, 0.49589148), (-0.22890326, -75.69068, 65.35188), (-2.4223163, -81.42416, 58.002075), (-6.008596, -0.25751126, 99.81899), (-5.5506997, -0.009537284, 99.84583), (-70.32813, -0.0858358, 71.09112), (-70.39991, -2.3364913, 70.98165), (-70.32813, -0.0858358, 71.09112), (-99.99807, -0.11443609, 0.6103258), (-99.94232, -3.3473048, 0.57218885), (-70.39991, -2.3364913, 70.98165), (-99.99911, -0.4196834, -0.057229552), (-99.9984, -0.562646, -0.057218235), (-68.56617, -0.4291346, -72.790764), (-76.33173, -0.31471106, -64.6016), (-76.33173, -0.31471106, -64.6016), (-68.56617, -0.4291346, -72.790764), (-1.4687465, -0.009537315, -99.98921), (-5.665273, -0.41964987, -99.838524), (-0.89643514, -75.84413, -65.16797), (-1.907393, -89.84775, -43.8605), (-0.09536784, -9.822887, -99.51634), (-0.057219435, -3.0707767, -99.95283), (-1.9454541, -6.70227e-16, -99.98109), (-0.038149383, -0.42918056, -99.99907), (-5.665273, -0.41964987, -99.838524), (-0.36237648, -8.077181, 99.67261), (-0.057218235, 6.1986427, 99.80768), (1.4495714, 1.2016184, 99.982285), (-3.5474226, -7.6670103, 99.64253), (1.4495714, 1.2016184, 99.982285), (-7.648803, -4.6922836, 99.59658), (-9.137222, -11.407222, 98.92617), (0, 0, -100), (0, 0, -100), (-7.3432574, -0.028610094, -99.73002), (-3.3949883, -0.019072969, -99.94236), (-2.689267, -72.54345, -68.776566), (-3.4714997, -99.93914, -0.34333515), (-38.87189, -92.13477, -0.40054452), (-21.668325, -50.298744, -83.66911), (-21.668325, -50.298744, -83.66911), (-38.87189, -92.13477, -0.40054452), (-70.81964, -70.600296, -0.41961542), (-36.81057, -36.925007, -85.331856), (-49.381725, -21.457876, -84.26746), (-92.209595, -38.694077, -0.40057954), (-99.94316, -3.3473332, -0.40053558), (-69.0831, -2.4890513, -72.25878), (-36.81057, -36.925007, -85.331856), (-70.81964, -70.600296, -0.41961542), (-92.209595, -38.694077, -0.40057954), (-49.381725, -21.457876, -84.26746), (-1.907393, -89.84775, -43.8605), (-2.0217156, -99.97956, -0.028609185), (-38.548878, -92.271255, -0.02861124), (-31.300999, -73.35039, -60.33215), (-31.300999, -73.35039, -60.33215), (-38.548878, -92.271255, -0.02861124), (-70.70591, -70.71545, -0.02861043), (-55.25461, -55.617, -62.077988), (-74.082985, -31.653118, -59.243496), (-92.27267, -38.545483, -0.028608723), (-99.998405, -0.56264603, -0.03337731), (-84.11701, -0.44824257, -54.07522), (-55.25461, -55.617, -62.077988), (-70.70591, -70.71545, -0.02861043), (-92.27267, -38.545483, -0.028608723), (-74.082985, -31.653118, -59.243496), (-68.56617, -0.4291346, -72.790764), (-99.9984, -0.562646, -0.057218235), (-92.27604, -38.537357, -0.076292716), (-60.40438, -25.710485, -75.43395), (-60.40438, -25.710485, -75.43395), (-92.27604, -38.537357, -0.076292716), (-70.705894, -70.71543, -0.07629446), (-44.744953, -46.36615, -76.47268), (-26.168707, -65.345474, -71.02935), (-38.56511, -92.26445, -0.057218265), (-2.0407803, -99.97916, -0.057218138), (-1.4686486, -76.35065, -64.56331), (-44.744953, -46.36615, -76.47268), (-70.705894, -70.71543, -0.07629446), (-38.56511, -92.26445, -0.057218265), (-26.168707, -65.345474, -71.02935), (-23.49924, -61.5043, 75.266235), (-38.910442, -92.11666, 0.70572865), (-3.490546, -99.93834, 0.38148046), (-2.4223163, -81.42416, 58.002075), (-45.336212, -47.329327, 75.528564), (-70.83734, -70.57986, 0.74384934), (-38.910442, -92.11666, 0.70572865), (-23.49924, -61.5043, 75.266235), (-61.05252, -26.072725, 74.78505), (-92.21144, -38.685314, 0.70579714), (-70.83734, -70.57986, 0.74384934), (-45.336212, -47.329327, 75.528564), (-70.39991, -2.3364913, 70.98165), (-99.94232, -3.3473048, 0.57218885), (-92.21144, -38.685314, 0.70579714), (-61.05252, -26.072725, 74.78505), (-0.09536784, -9.822887, -99.51634), (-1.907393, -89.84775, -43.8605), (-31.300999, -73.35039, -60.33215), (-4.6921606, -14.009724, -98.902534), (-4.6921606, -14.009724, -98.902534), (-31.300999, -73.35039, -60.33215), (-55.25461, -55.617, -62.077988), (-9.841886, -10.690653, -98.93861), (-13.485161, -5.6363015, -98.92615), (-74.082985, -31.653118, -59.243496), (-84.11701, -0.44824257, -54.07522), (-7.3432574, -0.028610094, -99.73002), (-9.841886, -10.690653, -98.93861), (-55.25461, -55.617, -62.077988), (-74.082985, -31.653118, -59.243496), (-13.485161, -5.6363015, -98.92615), (-1.4687465, -0.009537315, -99.98921), (-68.56617, -0.4291346, -72.790764), (-60.40438, -25.710485, -75.43395), (-0.9347063, -0.47689095, -99.9945), (-0.9347063, -0.47689095, -99.9945), (-60.40438, -25.710485, -75.43395), (-44.744953, -46.36615, -76.47268), (-0.82024115, -0.8393165, -99.99312), (-0.51503116, -1.1254385, -99.99235), (-26.168707, -65.345474, -71.02935), (-1.4686486, -76.35065, -64.56331), (-0.03815062, -1.2017446, -99.992775), (-0.82024115, -0.8393165, -99.99312), (-44.744953, -46.36615, -76.47268), (-26.168707, -65.345474, -71.02935), (-0.51503116, -1.1254385, -99.99235), (-1.2017446, -0.028612966, -99.992775), (-1.4687465, -0.009537315, -99.98921), (-0.9347063, -0.47689095, -99.9945), (-2.1936343, -0.829766, -99.972496), (-2.1936343, -0.829766, -99.972496), (-0.9347063, -0.47689095, -99.9945), (-0.82024115, -0.8393165, -99.99312), (-1.6404642, -1.6500016, -99.97294), (-0.85835636, -2.2984877, -99.9699), (-0.51503116, -1.1254385, -99.99235), (-0.03815062, -1.2017446, -99.992775), (-0.11444884, -4.148771, -99.91384), (-1.6404642, -1.6500016, -99.97294), (-0.82024115, -0.8393165, -99.99312), (-0.51503116, -1.1254385, -99.99235), (-0.85835636, -2.2984877, -99.9699), (-2.1936343, -0.829766, -99.972496), (-49.381725, -21.457876, -84.26746), (-69.0831, -2.4890513, -72.25878), (-1.2017446, -0.028612966, -99.992775), (-1.6404642, -1.6500016, -99.97294), (-36.81057, -36.925007, -85.331856), (-49.381725, -21.457876, -84.26746), (-2.1936343, -0.829766, -99.972496), (-0.85835636, -2.2984877, -99.9699), (-21.668325, -50.298744, -83.66911), (-36.81057, -36.925007, -85.331856), (-1.6404642, -1.6500016, -99.97294), (-0.11444884, -4.148771, -99.91384), (-2.689267, -72.54345, -68.776566), (-21.668325, -50.298744, -83.66911), (-0.85835636, -2.2984877, -99.9699), (-13.485161, -5.6363015, -98.92615), (-7.3432574, -0.028610094, -99.73002), (0, 0, -100), (-0.057219435, -3.0707767, -99.95283), (-0.09536784, -9.822887, -99.51634), (0, 0, -100), (0, 0, -100), (0, 0, -100), (0, 0, -100), (0, 0, -100), (0, 0, -100), (-0.09536784, -9.822887, -99.51634), (-4.6921606, -14.009724, -98.902534), (0, 0, -100), (-4.6921606, -14.009724, -98.902534), (-9.841886, -10.690653, -98.93861), (-13.485161, -5.6363015, -98.92615), (0, 0, -100), (-9.841886, -10.690653, -98.93861), (-6.008596, -0.25751126, 99.81899), (6.3512187, 0.10490001, 99.79805), (6.446806, 0.009536696, 99.791985), (-5.5506997, -0.009537284, 99.84583), (78.35482, 1.1158124, 62.123093), (79.270874, 0.10490611, 60.959984), (6.446806, 0.009536696, 99.791985), (6.3512187, 0.10490001, 99.79805), (99.987366, 1.373348, 0.8011197), (99.996704, 0.13350695, 0.8010417), (79.270874, 0.10490611, 60.959984), (78.35482, 1.1158124, 62.123093), (99.996704, 0.13350695, 0.8010417), (99.987366, 1.373348, 0.8011197), (99.98962, 1.3540459, 0.4958478), (99.99782, 0.123972125, 0.64846957), (0.24795312, 85.58197, 51.726837), (0.19073841, 3.2520897, 99.94692), (2.880258, 2.6990497, 99.922066), (1.5069038, 88.18248, 47.133663), (1.3351101, 99.99021, 0.419606), (0.3242352, 99.997955, 0.5531071), (0.24795312, 85.58197, 51.726837), (1.5069038, 88.18248, 47.133663), (0.3242352, 99.997955, 0.5531071), (1.3351101, 99.99021, 0.419606), (1.3541596, 99.98847, 0.6866161), (0.32426342, 99.997116, 0.6866755), (0.32426342, 99.997116, 0.6866755), (1.3541596, 99.98847, 0.6866161), (1.1825931, 83.05809, 55.677242), (0.28610668, 85.48867, 51.880676), (-0.057218235, 6.1986427, 99.80768), (-2.4344479e-15, 7.0664215, 99.75002), (0.28610668, 85.48867, 51.880676), (1.1825931, 83.05809, 55.677242), (-2.4344479e-15, 7.0664215, 99.75002), (-0.057218235, 6.1986427, 99.80768), (-0.36237648, -8.077181, 99.67261), (-0.038148843, -6.0561285, 99.816444), (67.390976, 63.75724, 37.32922), (1.5069038, 88.18248, 47.133663), (2.880258, 2.6990497, 99.922066), (88.76683, 1.5067854, 46.023712), (99.98962, 1.3540459, 0.4958478), (64.031006, 76.8105, 0.4196253), (67.390976, 63.75724, 37.32922), (88.76683, 1.5067854, 46.023712), (-6.008596, -0.25751126, 99.81899), (-7.648803, -4.6922836, 99.59658), (1.4495714, 1.2016184, 99.982285), (6.3512187, 0.10490001, 99.79805), (1.4495714, 1.2016184, 99.982285), (-9.137222, -11.407222, 98.92617), (-3.5474226, -7.6670103, 99.64253), (-55.518433, -1.9126616e-14, -83.172745), (-1.5259573, -5.257065e-16, -99.988365), (-13.257606, 0.009537845, -99.11729), (-55.575603, -1.914631e-14, -83.134544), (-99.99896, -3.445057e-14, -0.4577484), (-99.99826, -3.4450328e-14, -0.59125423), (-55.518433, -1.9126616e-14, -83.172745), (-55.575603, -1.914631e-14, -83.134544), (-99.99826, -3.4450328e-14, -0.59125423), (-99.99896, -3.445057e-14, -0.4577484), (-99.998024, -3.4450246e-14, 0.6293982), (7.400469, -1.9836309, -99.706055), (5.1880035, -5.7888203, -99.69741), (-1.0681115, 2.470008, -99.96379), (7.934721, -0.038147695, -99.68469), (1.0681309, -99.78441, -6.4755435), (1.1062733, -99.99376, -0.16212626), (23.00162, -97.31821, -0.30516246), (22.507038, -97.30479, -5.0211673), (12.779559, -75.57106, -64.23159), (23.00162, -97.31821, -0.30516246), (1.1062733, -99.99376, -0.16212626), (0.61034566, -81.023384, -58.60749), (2.593948, -7.6101856, -99.67626), (12.779559, -75.57106, -64.23159), (0.61034566, -81.023384, -58.60749), (1.1444263, -8.440144, -99.63662), (73.285614, -0.6485453, -68.03526), (99.97766, 2.0884306, -0.32423127), (97.97636, -20.011137, -0.43398795), (69.65872, -17.548199, -69.56812), (98.39641, -17.836494, -0.08584409), (97.97636, -20.011137, -0.43398795), (99.97766, 2.0884306, -0.32423127), (99.98013, 1.9931177, -0.033377573), (7.934721, -0.038147695, -99.68469), (73.285614, -0.6485453, -68.03526), (69.65872, -17.548199, -69.56812), (7.400469, -1.9836309, -99.706055), (69.84167, -71.56769, -0.457728), (67.63677, -73.654655, -0.51023227), (97.97636, -20.011137, -0.43398795), (98.39641, -17.836494, -0.08584409), (22.507038, -97.30479, -5.0211673), (23.00162, -97.31821, -0.30516246), (67.63677, -73.654655, -0.51023227), (69.84167, -71.56769, -0.457728), (5.1880035, -5.7888203, -99.69741), (7.400469, -1.9836309, -99.706055), (69.65872, -17.548199, -69.56812), (43.944084, -53.29937, -72.305565), (12.779559, -75.57106, -64.23159), (2.593948, -7.6101856, -99.67626), (5.1880035, -5.7888203, -99.69741), (43.944084, -53.29937, -72.305565), (99.98013, 1.9931177, -0.033377573), (99.97766, 2.0884306, -0.32423127), (99.999565, 3.4450778e-14, -0.29568738), (99.99999, 3.4450927e-14, -0.0333842), (3.44486e-14, -99.99324, -1.1634883), (3.4450768e-14, -99.999535, -0.3099356), (1.1062733, -99.99376, -0.16212626), (1.0681309, -99.78441, -6.4755435), (7.934721, -0.038147695, -99.68469), (5.5314198, 1.9056255e-15, -99.8469), (73.88539, -0.01907212, -67.386566), (73.285614, -0.6485453, -68.03526), (1.6784502, -7.352756, -99.7152), (1.1444263, -8.440144, -99.63662), (0.61034566, -81.023384, -58.60749), (0.8773614, -82.9774, -55.803043), (1.1062733, -99.99376, -0.16212626), (3.4450768e-14, -99.999535, -0.3099356), (0.8773614, -82.9774, -55.803043), (0.61034566, -81.023384, -58.60749), (73.88539, -0.01907212, -67.386566), (99.999565, 3.4450778e-14, -0.29568738), (99.97766, 2.0884306, -0.32423127), (73.285614, -0.6485453, -68.03526), (43.944084, -53.29937, -72.305565), (67.63677, -73.654655, -0.51023227), (23.00162, -97.31821, -0.30516246), (12.779559, -75.57106, -64.23159), (69.65872, -17.548199, -69.56812), (97.97636, -20.011137, -0.43398795), (67.63677, -73.654655, -0.51023227), (43.944084, -53.29937, -72.305565), (81.14625, -32.73318, -48.413063), (1.754763, -73.22321, -68.0829), (22.507038, -97.30479, -5.0211673), (69.84167, -71.56769, -0.457728), (98.39641, -17.836494, -0.08584409), (99.33967, -9.060358, -7.0384674), (81.14625, -32.73318, -48.413063), (69.84167, -71.56769, -0.457728), (99.99659, -0.028614057, 0.8250387), (99.33967, -9.060358, -7.0384674), (98.39641, -17.836494, -0.08584409), (99.98013, 1.9931177, -0.033377573), (5.5314198, 1.9056255e-15, -99.8469), (7.934721, -0.038147695, -99.68469), (-1.0681115, 2.470008, -99.96379), (-4.196177, 0.0095367655, -99.911934), (2.593948, -7.6101856, -99.67626), (1.1444263, -8.440144, -99.63662), (-1.0681115, 2.470008, -99.96379), (5.1880035, -5.7888203, -99.69741), (99.33967, -9.060358, -7.0384674), (99.93969, 0.104898535, -3.4711876), (75.98721, -1.6307496, -64.9868), (81.14625, -32.73318, -48.413063), (99.99999, 3.4450927e-14, -0.0333842), (99.58756, -0.01907077, 9.072919), (99.99659, -0.028614057, 0.8250387), (99.98013, 1.9931177, -0.033377573), (66.82886, 29.93376, 68.10193), (95.230644, 5.2460785, 30.060032), (99.97422, 0.46725836, 2.2218614), (99.90498, -0.03814623, -4.3582067), (99.88277, -0.047690395, 4.840575), (99.97422, 0.46725836, 2.2218614), (66.82886, 29.93376, 68.10193), (99.97422, 0.46725836, 2.2218614), (99.88277, -0.047690395, 4.840575), (54.171658, 1.7643938, 84.037605), (-0.1144382, -99.999916, -0.07629213), (-0.095365174, -99.99992, -0.07629214), (3.4450927e-14, -100, 0), (-0.07629218, -99.99997, -0.019073045), (3.4450927e-14, -100, 0), (-0.53403735, -99.9985, -0.12397296), (-0.7248249, -99.99722, -0.17166905), (3.4450927e-14, -100, 0), (-0.095365174, -99.99992, -0.07629214), (-0.09536514, -99.999886, -0.114438176), (3.4450927e-14, -100, 0), (-0.095365174, -99.99992, -0.07629214), (-1.3733331, -4.4633327, -99.89091), (-0.305196, -0.18121012, -99.99937), (-0.019074723, -3.4048383, -99.94202), (-1.4687465, -0.009537315, -99.98921), (-1.2017446, -0.028612966, -99.992775), (-1.9454541, -6.70227e-16, -99.98109), (-5.665273, -0.41964987, -99.838524), (56.989223, -69.25297, -44.229588), (1.1443722, -99.98953, -0.88688856), (11.672816, -99.31431, -0.64372146), (65.13788, -56.583168, -50.551), (78.81639, -3.7100163, -61.434628), (79.04243, 2.723085e-14, -61.255974), (79.07289, 2.7241345e-14, -61.21664), (78.81827, -4.6352468, -61.36933), (81.3302, -4.5872216, -58.003082), (80.394226, 2.7696558e-14, -59.470745), (79.04243, 2.723085e-14, -61.255974), (78.81639, -3.7100163, -61.434628), (78.81827, -4.6352468, -61.36933), (56.989223, -69.25297, -44.229588), (65.13788, -56.583168, -50.551), (78.81639, -3.7100163, -61.434628), (83.805595, -39.890625, -37.22044), (81.3302, -4.5872216, -58.003082), (78.81639, -3.7100163, -61.434628), (65.13788, -56.583168, -50.551), (3.4450927e-14, -100, 0), (11.672816, -99.31431, -0.64372146), (1.1443722, -99.98953, -0.88688856), (3.4450927e-14, -100, 0), (-0.09536514, -99.999886, -0.114438176), (-0.01907305, -100, -0.01907305), (97.31922, 3.3527377e-14, -22.999346), (97.31922, 3.3527377e-14, -22.999346), (97.24855, 3.350303e-14, -23.296349), (97.24855, 3.350303e-14, -23.296349), (79.04243, 2.723085e-14, -61.255974), (78.934715, 2.7193742e-14, -61.394722), (79.07059, 2.724055e-14, -61.219627), (79.07059, 2.724055e-14, -61.219627), (79.07289, 2.7241345e-14, -61.21664), (-3.4450927e-14, 100, 0), (-3.4450927e-14, 100, 0), (-0.7248249, 99.99722, -0.17166905), (-0.53403735, 99.9985, -0.12397296), (-0.07629218, -99.99997, -0.019073045), (3.4450927e-14, -100, 0), (3.4450927e-14, -100, 0), (3.4450927e-14, -100, 0)] (
                        interpolation = "faceVarying"
                    )
                    uniform token orientation = "rightHanded"
                    uniform token physics:approximation
                    point3f[] points = [(0.1362212, 0.094914615, 0), (0.13495786, 0.094914615, 0), (0.13189946, 0.09491464, 0), (-0.16084911, 0.09491468, 4.7683713e-8), (-0.1578455, 0.09491468, 4.7683713e-8), (-0.15299773, 0.09491468, 4.7683713e-8), (-0.16930756, 0.09829573, 0.13352652), (-0.16933618, 0.09855196, 0.13357021), (-0.16934142, 0.09859887, 0.1341152), (-0.17331505, 0.098547235, 0.13412096), (-0.17301406, 0.09823401, 0.13352652), (-0.17306027, 0.09400365, 0.13349311), (-0.17332038, 0.0940207, 0.13357013), (-0.17337434, 0.09402423, 0.13411498), (-0.17489849, 0.053084485, 0.1435215), (-0.17483258, 0.053084485, 0.14370717), (-0.17463468, 0.053084485, 0.14378363), (-0.17450464, 0.053083234, 0.13190068), (-0.17483258, 0.053084485, 0.13197762), (-0.17489849, 0.053084485, 0.13216332), (-0.170116, 0.053090293, 0.13160999), (-0.16996512, 0.052843083, 0.13162982), (-0.1700482, 0.05285548, 0.13182145), (-0.17035279, 0.05303114, 0.13190068), (-0.17020173, 0.05323289, 0.13182138), (-0.1701887, 0.053261865, 0.13155805), (-0.16408487, 0.04338626, 0.13162982), (-0.16406177, 0.04325462, 0.13162982), (-0.16414359, 0.043264594, 0.13182786), (-0.1642859, 0.0433423, 0.13190068), (-0.16422565, 0.04346433, 0.13182786), (-0.16416292, 0.043507613, 0.13162982), (-0.1589848, 0.046849113, 0.13280562), (-0.15917481, 0.0471076, 0.1328256), (-0.15918957, 0.047097914, 0.13341194), (-0.1593947, 0.04674856, 0.1334375), (-0.15900268, 0.04652285, 0.13341103), (-0.15898435, 0.04652174, 0.13282491), (-0.16884677, 0.05319728, 0.13341497), (-0.16915296, 0.052811403, 0.13349311), (-0.16865534, 0.05257931, 0.1334151), (-0.16864184, 0.05258637, 0.13282895), (-0.16881183, 0.052852225, 0.1328289), (-0.16883123, 0.053197987, 0.13282894), (-0.17337434, 0.053083982, 0.13411482), (-0.17332037, 0.05308177, 0.13357008), (-0.17305987, 0.053077545, 0.13349311), (-0.16934258, 0.09995682, 0.13216332), (-0.16934258, 0.099899516, 0.13197762), (-0.16920501, 0.099599, 0.13190068), (0.13149138, 0.0996638, 0.13190065), (0.13149138, 0.09989947, 0.13197756), (0.13149138, 0.099956766, 0.13216326), (-0.16934258, 0.09973455, 0.14378363), (-0.16934258, 0.099899516, 0.14370717), (-0.16934258, 0.09995682, 0.1435215), (0.13149138, 0.099956766, 0.14352146), (0.13149138, 0.09989947, 0.14370713), (0.13149138, 0.09973451, 0.14378357), (-0.168854, 0.093531884, 0.13341631), (-0.16883804, 0.09351613, 0.13283086), (-0.1687745, 0.093650825, 0.13283078), (-0.16862032, 0.0937063, 0.13283078), (-0.16863874, 0.09372025, 0.13341627), (-0.1686376, 0.09400931, 0.13349311), (-0.1691639, 0.09368878, 0.13349311), (-0.16902225, 0.09394758, 0.13349311), (0.13149694, 0.09398714, 0.13349308), (0.13149828, 0.093721606, 0.13341616), (0.13150552, 0.09370727, 0.13283063), (0.13149138, 0.098598756, 0.13411464), (0.13149141, 0.09855178, 0.13356994), (0.13149199, 0.09809926, 0.13349308), (-0.16934258, 0.09887652, 0.14376868), (-0.16934258, 0.0986664, 0.14370717), (-0.16934258, 0.098609105, 0.14332618), (0.13149138, 0.09887648, 0.14376865), (0.13149138, 0.09866635, 0.14370713), (0.13149138, 0.09860905, 0.14332613), (-0.17332125, 0.09855247, 0.14332968), (-0.17366412, 0.09881636, 0.14376894), (-0.17372589, 0.053084485, 0.14376868), (-0.17345211, 0.053084485, 0.14370717), (-0.1733862, 0.053084485, 0.14332618), (-0.17338619, 0.09402499, 0.14332618), (-0.1734521, 0.09402499, 0.14370717), (-0.17372587, 0.09402499, 0.14376868), (0.13794382, 0.098099194, 0.13333319), (0.13795477, 0.0985517, 0.13340926), (0.1380232, 0.09859867, 0.1339464), (0.13790514, 0.09370727, 0.13269322), (0.13793276, 0.093721606, 0.133257), (0.13794377, 0.09398713, 0.13333319), (0.13912354, 0.098608986, 0.14301784), (0.13917528, 0.09866629, 0.1433935), (0.13918468, 0.09887648, 0.14345421), (0.13918702, 0.09973451, 0.14346895), (0.1391754, 0.099899404, 0.14339341), (0.13914701, 0.09995669, 0.14321014), (0.13778761, 0.09995669, 0.13202423), (0.13776186, 0.099899404, 0.13184057), (0.13774969, 0.0996611, 0.13176437), (0.17223091, 0.09990277, 0.055743124), (0.17209594, 0.099956766, 0.055845045), (0.17215133, 0.099902496, 0.056022596), (0.1722073, 0.09973169, 0.05608756), (0.17228374, 0.09973011, 0.055916056), (0.17230968, 0.09972627, 0.055729408), (0.17226344, 0.09883807, 0.055898234), (0.17218876, 0.098877035, 0.056095723), (0.17211017, 0.09866442, 0.056132577), (0.17166527, 0.09860905, 0.056186598), (0.17181209, 0.09855234, 0.055998787), (0.17184673, 0.09832691, 0.055962935), (0.1722404, 0.09839229, 0.055861745), (0.17230217, 0.09841715, 0.055719733), (0.16167729, 0.09809152, 0.055971604), (0.16222064, 0.09807635, 0.05593613), (0.16221619, 0.09854739, 0.056011986), (0.16214344, 0.098598875, 0.05617307), (0.16160946, 0.098552205, 0.056139372), (0.16154419, 0.09809533, 0.05609751), (0.16169612, 0.0939387, 0.05595311), (0.16151035, 0.09398814, 0.05609516), (0.16145054, 0.093721375, 0.056061838), (0.16119228, 0.09370713, 0.0557873), (0.1613393, 0.09365218, 0.05566281), (0.16141918, 0.09351112, 0.055634566), (0.16169731, 0.09352367, 0.05591177), (0.16222125, 0.093684, 0.055932812), (0.16131595, 0.099900484, 0.054202206), (0.16132426, 0.09959276, 0.054119654), (0.16116287, 0.099591404, 0.054164298), (0.16103439, 0.099590145, 0.054288924), (0.16109523, 0.099899545, 0.0543307), (0.16125083, 0.099956766, 0.054371633), (0.16133648, 0.0962061, 0.054049086), (0.16107985, 0.09612252, 0.053941406), (0.16099793, 0.09620639, 0.05424555), (0.16104808, 0.096346684, 0.054290097), (0.16117561, 0.09634662, 0.05416705), (0.16133675, 0.09634645, 0.05412293), (0.17224415, 0.09989947, 0.054381628), (0.17231002, 0.099726535, 0.054382425), (0.17224422, 0.099725895, 0.054196462), (0.17208537, 0.0997239, 0.054119434), (0.17208427, 0.09989947, 0.054196343), (0.172085, 0.099956766, 0.054382037), (0.17209427, 0.09837719, 0.05411949), (0.17224696, 0.098409906, 0.054199543), (0.17231002, 0.09840683, 0.05439289), (0.17231002, 0.096140586, 0.055665653), (0.17224415, 0.09613836, 0.055851415), (0.17187946, 0.09612591, 0.055928357), (0.14392504, 0.09612253, 0.124369316), (0.1393817, 0.09632189, 0.13146754), (0.13935408, 0.096164, 0.1313324), (0.13927624, 0.09612252, 0.13113329), (-0.17489846, 0.09402499, 0.13216332), (-0.17483257, 0.09402499, 0.13197762), (-0.17450628, 0.09402499, 0.13190068), (-0.17489846, 0.09402499, 0.1435215), (-0.17483257, 0.09402499, 0.14370717), (-0.17463467, 0.09402499, 0.14378363), (0.15475811, 0.09594207, 0.027279753), (0.15466106, 0.09594207, 0.027116874), (0.15459926, 0.09608243, 0.027138475), (0.15455402, 0.09612253, 0.027596887), (0.1549187, 0.09608238, 0.027418017), (0.15491916, 0.09594207, 0.027343243), (0.15495692, 0.09486197, 0.027526883), (0.15483329, 0.094723545, 0.027470974), (0.154702, 0.09477564, 0.027243046), (0.15466468, 0.09491291, 0.027130995), (0.1547276, 0.09506292, 0.027234674), (0.15491745, 0.0951104, 0.027343301), (0.15502597, 0.09496946, 0.027407488), (0.15510742, 0.09488791, 0.027563123), (0.13010293, 0.09594495, 0), (0.12991048, 0.09608328, 0.0000769186), (0.12983076, 0.096140586, 0.00026260852), (0.13002321, 0.09619787, 0.00026260852), (0.13010293, 0.09633622, 0.00026260852), (0.1301827, 0.096278936, 0.0000769186), (0.13037513, 0.096140586, 0), (0.13029543, 0.09600222, 0), (-0.15299779, 0.09594499, 4.7683713e-8), (-0.15326557, 0.09614063, 4.7683713e-8), (-0.15307528, 0.09627905, 0.000076951976), (-0.15299626, 0.09633627, 0.00026266574), (-0.15291858, 0.09619806, 0.00026303768), (-0.15272926, 0.09614063, 0.0002634096), (-0.15280798, 0.09608341, 0.00007718563), (-0.15318768, 0.09600242, 4.7683713e-8), (0.13810396, 0.09595753, 0.0058605764), (0.13810384, 0.09633616, 0.0061563635), (0.13818353, 0.09618627, 0.0062680193), (0.13837586, 0.09612252, 0.006530895), (0.13837598, 0.09609869, 0.006330309), (0.13837618, 0.09594489, 0.0062284563), (0.13821295, 0.095954195, 0.0060187625), (0.13810384, 0.096278876, 0.00593379), (0.13815713, 0.09633323, 0.13161829), (0.13836065, 0.09633335, 0.13166757), (0.13835603, 0.096196935, 0.13158765), (0.13834544, 0.09612252, 0.13139707), (0.13814922, 0.09619707, 0.1314283), (0.13806747, 0.09633335, 0.13143526), (-0.16058138, 0.09614063, 4.7683713e-8), (-0.16084915, 0.09594499, 4.7683713e-8), (-0.16103849, 0.096083336, 0.00007696629), (-0.16111693, 0.09614063, 0.00026265622), (-0.16092762, 0.096197985, 0.00026268957), (-0.16084926, 0.096336335, 0.00026271818), (-0.16077082, 0.09627905, 0.00007698059), (-0.16065976, 0.09600227, 4.7683713e-8), (0.13810468, 0.094914615, 0.0058605764), (0.13821371, 0.09491464, 0.006017747), (0.13837682, 0.094914705, 0.0062284563), (0.17073505, 0.09594458, 0.027601408), (0.17075145, 0.09608328, 0.027674308), (0.17075405, 0.09612253, 0.027855886), (0.17229846, 0.0948683, 0.027870927), (0.1722293, 0.09487128, 0.027691863), (0.17206688, 0.09488913, 0.027617792), (0.16156165, 0.094946265, 0.05476671), (0.1615696, 0.09480274, 0.05485482), (0.16140835, 0.09480127, 0.05481554), (0.1612696, 0.09479962, 0.05470912), (0.16132903, 0.094945, 0.05465426), (0.16148426, 0.09500119, 0.054602638), (0.17071117, 0.094943896, 0.054683004), (0.17077701, 0.094805546, 0.054684352), (0.17071037, 0.09480478, 0.054868553), (0.17055027, 0.09480396, 0.054942764), (0.17055118, 0.09494347, 0.054865845), (0.1705521, 0.09500119, 0.05468016), (0.17231002, 0.037313644, 0.05563748), (0.17225207, 0.037352294, 0.05584316), (0.17190596, 0.037585396, 0.055928357), (-0.16872413, 0.09346872, 0.0016369247), (-0.16856508, 0.09346872, 0.0015600108), (-0.16856502, 0.09360707, 0.0016369247), (-0.16856508, 0.093664356, 0.0018226193), (-0.16872413, 0.09360707, 0.0018226051), (-0.16879003, 0.09346872, 0.0018226193), (0.13274984, 0.093609236, 0.0016478681), (0.1327408, 0.09346587, 0.0015599632), (0.13290262, 0.09346445, 0.0015962934), (0.13304274, 0.09346309, 0.0017002296), (0.13298397, 0.09360829, 0.0017562436), (0.13280565, 0.09375482, 0.0017586183), (-0.16871046, 0.05319545, 0.0016397333), (-0.16878463, 0.053199742, 0.0018271303), (-0.16876645, 0.052863207, 0.001828804), (-0.16860022, 0.05260567, 0.0018304586), (-0.16854006, 0.052647952, 0.0016375398), (-0.16849975, 0.05297889, 0.0015850163), (-0.15886731, 0.046524104, 0.0016381216), (-0.15874143, 0.046911225, 0.0015600108), (-0.15907477, 0.04716196, 0.0016379689), (-0.15912943, 0.047135208, 0.0018268394), (-0.15894648, 0.04685889, 0.0018267059), (-0.1589293, 0.046520073, 0.0018266916), (0.13316284, 0.09594495, 0), (0.13297042, 0.09608328, 0.0000769186), (0.13289069, 0.096140586, 0.00026260852), (0.13308315, 0.09619787, 0.00026260852), (0.13316284, 0.09633622, 0.00026260852), (0.13324259, 0.096278936, 0.0000769186), (0.13343507, 0.096140586, 0), (0.13335533, 0.09600222, 0), (0.13189946, 0.09594495, 0), (0.13162729, 0.096140586, 0), (0.13181978, 0.096278936, 0.0000769186), (0.13189946, 0.09633622, 0.00026260852), (0.13197923, 0.09619787, 0.00026260852), (0.13217172, 0.096140586, 0.00026260852), (0.13209195, 0.09608328, 0.0000769186), (0.13170704, 0.09600222, 0), (0.13662153, 0.09398714, 0.13343252), (0.13661796, 0.093721606, 0.13335569), (0.13659689, 0.09370727, 0.1327706), (0.13663632, 0.09859867, 0.13405347), (0.13662517, 0.0985517, 0.13350935), (0.13662161, 0.098099194, 0.13343252), (0.13674845, 0.09887648, 0.14369923), (0.13674524, 0.09866629, 0.1436378), (0.1367336, 0.098608986, 0.14325728), (0.13673581, 0.09995669, 0.1434524), (0.13674547, 0.099899404, 0.14363779), (0.1367494, 0.09973451, 0.14371409), (0.13660175, 0.099663675, 0.13184194), (0.1366052, 0.099899404, 0.13191873), (0.13661352, 0.09995669, 0.13210419), (0.1362212, 0.09594495, 0), (0.13602877, 0.09608328, 0.0000769186), (0.13594908, 0.096140586, 0.00026260852), (0.1361415, 0.09619787, 0.00026260852), (0.13622126, 0.09633622, 0.00026260852), (0.13630094, 0.096278936, 0.0000769186), (0.13649341, 0.096140586, 0), (0.13641372, 0.09600222, 0), (0.13495786, 0.09594495, 0), (0.13468567, 0.096140586, 0), (0.13487817, 0.096278936, 0.000076913835), (0.13495788, 0.09633622, 0.00026259423), (0.13503762, 0.09619787, 0.00026260375), (0.13523006, 0.096140586, 0.00026260852), (0.13515031, 0.09608328, 0.0000769186), (0.13476539, 0.09600222, 0), (0.13806754, 0.09824457, 0.13136414), (0.13799036, 0.09838234, 0.13141185), (0.1377891, 0.098436624, 0.13147296), (0.13785467, 0.09852113, 0.1316846), (0.1380674, 0.09863227, 0.13172373), (0.1382253, 0.09820627, 0.13169351), (0.13811837, 0.09821565, 0.13160115), (0.13816753, 0.09851045, 0.13171025), (0.1365587, 0.098436676, 0.13156061), (0.1363663, 0.098379344, 0.131574), (0.13628653, 0.09824104, 0.13157932), (0.13620916, 0.09829835, 0.1317681), (0.13601933, 0.098436676, 0.1318512), (0.13628668, 0.09863232, 0.1318419), (0.13647951, 0.09849362, 0.131756), (0.13609791, 0.09857505, 0.13185023), (0.13502334, 0.09824104, 0.13162322), (0.13494365, 0.098379344, 0.13162364), (0.13475117, 0.098436676, 0.13162473), (0.13483149, 0.09849427, 0.1318128), (0.13502355, 0.09863232, 0.13188583), (0.13530058, 0.098436676, 0.1318762), (0.13510549, 0.09829835, 0.13180561), (0.1352195, 0.09857498, 0.1318807), (0.13343504, 0.098436676, 0.13163194), (0.13324259, 0.098379344, 0.131633), (0.13316286, 0.09824104, 0.13163343), (0.1330834, 0.09829835, 0.13181946), (0.13289121, 0.098436676, 0.13189705), (0.13316286, 0.09863232, 0.13189603), (0.13335538, 0.09849391, 0.1318183), (0.1329708, 0.09857498, 0.13189684), (0.13802414, 0.09823953, 0.0000769186), (0.13783164, 0.09823953, 0), (0.1378317, 0.098377846, 0.0000769186), (0.13783164, 0.09843518, 0.00026260852), (0.13802414, 0.098377846, 0.00026261806), (0.13810384, 0.09823953, 0.00026261806), (0.13630103, 0.098239556, 0.00007692814), (0.13622127, 0.098239556, 0.00026263235), (0.13630103, 0.098377906, 0.00026261806), (0.13649349, 0.09843519, 0.00036788464), (0.13649349, 0.098377906, 0.0000769186), (0.13649349, 0.098239556, 0), (0.13487817, 0.098239556, 0.000076913835), (0.13468567, 0.098239556, 0), (0.13468567, 0.098377906, 0.0000769186), (0.13468571, 0.09843519, 0.00026260852), (0.13487817, 0.098377906, 0.00026260375), (0.13495788, 0.098239556, 0.00026259423), (0.13324259, 0.098239556, 0.0000769186), (0.13316284, 0.098239556, 0.00026260852), (0.13324259, 0.098377906, 0.00026260852), (0.13343507, 0.09843519, 0.00026260852), (0.13343507, 0.098377906, 0.0000769186), (0.13343507, 0.098239556, 0), (0.13037515, 0.098436676, 0.13163805), (0.1301827, 0.098379344, 0.13163805), (0.13010298, 0.09824104, 0.13163805), (0.13002321, 0.09829835, 0.1318237), (0.12983078, 0.098436676, 0.13190065), (0.13010298, 0.09863232, 0.13190065), (0.13029547, 0.098493986, 0.1318237), (0.12991053, 0.09857498, 0.13190065), (0.1318995, 0.09824104, 0.13163805), (0.13181981, 0.098379344, 0.13163805), (0.13162732, 0.098436676, 0.13163805), (0.13170709, 0.098493986, 0.13182412), (0.1318995, 0.09863232, 0.13190065), (0.13217226, 0.098436676, 0.13189965), (0.13197945, 0.09829835, 0.13182339), (0.13209234, 0.09857498, 0.13190013), (0.13181978, 0.098239556, 0.0000769186), (0.13162729, 0.098239556, 0), (0.13162729, 0.098377906, 0.0000769186), (0.13162729, 0.09843519, 0.00026260852), (0.13181978, 0.098377906, 0.00026260852), (0.13189946, 0.098239556, 0.00026260852), (0.1301827, 0.098239556, 0.0000769186), (0.13010293, 0.098239556, 0.00026260852), (0.1301827, 0.098377906, 0.00026260852), (0.13037513, 0.09843519, 0.00026260852), (0.13037513, 0.098377906, 0.0000769186), (0.13037513, 0.098239556, 0), (0.13783164, 0.096140526, 0), (0.13802409, 0.096140526, 0.0000769186), (0.13810384, 0.096140526, 0.00026260852), (0.13620684, 0.09619782, 0.13158199), (0.13601439, 0.096140526, 0.1315886), (0.13601449, 0.09619782, 0.13177441), (0.13601473, 0.09633616, 0.1318514), (0.1362076, 0.096335925, 0.13176832), (0.1362866, 0.09633616, 0.13157932), (0.13510299, 0.09619782, 0.13162039), (0.13502325, 0.09633616, 0.13162322), (0.13510512, 0.09633825, 0.13180551), (0.13530038, 0.09633974, 0.1318762), (0.13529794, 0.09619887, 0.13179931), (0.13529547, 0.096140526, 0.13161361), (0.13308316, 0.09619787, 0.13163371), (0.1328907, 0.096140586, 0.1316344), (0.1328907, 0.09619787, 0.13182013), (0.1328907, 0.09633622, 0.13189705), (0.13308321, 0.09633616, 0.13181946), (0.13316286, 0.09633622, 0.13163343), (0.13197923, 0.09619787, 0.13163777), (0.1318995, 0.09633622, 0.13163805), (0.13197942, 0.09633644, 0.13182339), (0.13217226, 0.09633664, 0.13189965), (0.13217197, 0.09619803, 0.13182272), (0.13217169, 0.096140586, 0.13163704), (0.13002321, 0.09619787, 0.13163805), (0.12983078, 0.096140586, 0.13163805), (0.12983078, 0.09619787, 0.1318237), (0.12983078, 0.09633622, 0.13190065), (0.13002321, 0.09633622, 0.1318237), (0.13010298, 0.09633622, 0.13163805), (-0.15293722, 0.09619792, 0.13163808), (-0.15301564, 0.09633627, 0.13163808), (-0.15293723, 0.09633627, 0.13182375), (-0.1527479, 0.09633627, 0.13190068), (-0.1527479, 0.09619792, 0.13182375), (-0.1527479, 0.09614063, 0.13163808), (-0.15309402, 0.09838074, 0.13163808), (-0.15328336, 0.09843803, 0.13163808), (-0.15328334, 0.09849532, 0.13182378), (-0.15274791, 0.09863367, 0.13190068), (-0.15293722, 0.09824246, 0.13182375), (-0.15301561, 0.09824239, 0.13163808), (-0.15468918, 0.098380744, 0.13163808), (-0.15476765, 0.098242395, 0.13163808), (-0.15484609, 0.09824281, 0.13182417), (-0.15449986, 0.09849533, 0.13182375), (-0.15449986, 0.09843804, 0.13163808), (-0.15476748, 0.09594499, 4.7683713e-8), (-0.15495653, 0.096083276, 0.0000769186), (-0.15503524, 0.09614063, 0.00026265622), (-0.15484789, 0.096198834, 0.00026407719), (-0.15477303, 0.09633828, 0.0002653885), (-0.15469272, 0.09628061, 0.000077772136), (-0.15449968, 0.09614063, 4.7683713e-8), (-0.1545762, 0.096002564, 4.7683713e-8), (-0.15607469, 0.09594499, 4.7683713e-8), (-0.15634245, 0.09614063, 4.7683713e-8), (-0.1561531, 0.09627898, 0.00007695675), (-0.15607466, 0.09633627, 0.0002626419), (-0.1559962, 0.09619792, 0.00026265145), (-0.15580688, 0.09614063, 0.00026265622), (-0.15588535, 0.096083336, 0.00007696629), (-0.15626402, 0.09600227, 4.7683713e-8), (-0.15601024, 0.098238036, 0.13162574), (-0.15608542, 0.09838132, 0.131581), (-0.15627342, 0.09843739, 0.1315454), (-0.15631607, 0.09846052, 0.13179153), (-0.15633409, 0.09863374, 0.13189344), (-0.15574318, 0.09824232, 0.13189486), (-0.15589172, 0.09824281, 0.13182847), (-0.15590374, 0.09851909, 0.1318944), (-0.15776682, 0.09838012, 0.13163921), (-0.15784538, 0.09824175, 0.1316358), (-0.15792392, 0.09824175, 0.13182074), (-0.15756778, 0.098484285, 0.1318201), (-0.15757762, 0.09843739, 0.13163501), (-0.15784545, 0.09594499, 4.7683713e-8), (-0.1580348, 0.096083336, 0.00007696629), (-0.1581132, 0.09614063, 0.00026265622), (-0.1579237, 0.09619787, 0.0002625513), (-0.15784502, 0.09633618, 0.00026245115), (-0.15776671, 0.09627884, 0.000076904296), (-0.15757765, 0.09614063, 4.7683713e-8), (-0.15765621, 0.09600227, 4.7683713e-8), (-0.1590833, 0.09594499, 4.7683713e-8), (-0.15935108, 0.09614063, 4.7683713e-8), (-0.15916173, 0.09627898, 0.00007696629), (-0.1590833, 0.09633627, 0.00026265622), (-0.15900488, 0.09619792, 0.00026265622), (-0.15881553, 0.09614063, 0.00026265622), (-0.15889399, 0.096083336, 0.00007696629), (-0.15927267, 0.09600227, 4.7683713e-8), (-0.15792385, 0.09619792, 0.13163595), (-0.1581132, 0.09614063, 0.13163629), (-0.15811317, 0.09619792, 0.13182203), (-0.1581132, 0.09633627, 0.13189888), (-0.15792379, 0.09633627, 0.13182165), (-0.15784544, 0.09633627, 0.1316358), (-0.15900485, 0.09619792, 0.13163795), (-0.1590833, 0.09633627, 0.13163811), (-0.15900475, 0.09633641, 0.13182357), (-0.15881528, 0.09633648, 0.13190018), (-0.15881541, 0.09619806, 0.1318233), (-0.15881552, 0.09614063, 0.13163757), (-0.15916184, 0.09838012, 0.13164134), (-0.15935107, 0.09843739, 0.13163811), (-0.15935762, 0.09848816, 0.13182287), (-0.15900458, 0.09824175, 0.13182291), (-0.15908329, 0.09824175, 0.13163811), (-0.1605841, 0.09843739, 0.13156468), (-0.16077255, 0.098379016, 0.13159147), (-0.16084912, 0.098233156, 0.13162655), (-0.16092956, 0.09832203, 0.13182037), (-0.16112372, 0.09863344, 0.13190068), (-0.1605841, 0.09846645, 0.13180228), (-0.16092758, 0.09619792, 0.13163835), (-0.1611169, 0.09614063, 0.13163811), (-0.1611168, 0.09619792, 0.13182376), (-0.1611169, 0.09633627, 0.13190068), (-0.16092758, 0.09633627, 0.13182376), (-0.16084912, 0.09633627, 0.13163811), (-0.15305977, 0.0982396, 0.00007696629), (-0.15324913, 0.09823958, 4.7683713e-8), (-0.15324798, 0.09837789, 0.00007696629), (-0.15324762, 0.09843523, 0.00026265622), (-0.1530588, 0.09837786, 0.00026254175), (-0.15298137, 0.09823958, 0.00026266574), (-0.15474789, 0.09823982, 0.00007698059), (-0.15482631, 0.09823966, 0.00026268006), (-0.15475057, 0.098377734, 0.00026409148), (-0.15456125, 0.09843524, 0.00026539803), (-0.15456101, 0.09837795, 0.000077762605), (-0.15455851, 0.0982396, 4.7683713e-8), (-0.1561531, 0.0982396, 0.00007695675), (-0.15634245, 0.0982396, 4.7683713e-8), (-0.15634245, 0.09837795, 0.00007696629), (-0.1563424, 0.09843524, 0.00026265622), (-0.15615308, 0.09837795, 0.00026265622), (-0.15607466, 0.0982396, 0.0002626419), (-0.15776248, 0.0982396, 0.00007696629), (-0.15784094, 0.0982396, 0.00026265622), (-0.15776229, 0.09837801, 0.0002625513), (-0.15757294, 0.09843524, 0.00026245115), (-0.15757295, 0.09837795, 0.000076904296), (-0.15757315, 0.0982396, 4.7683713e-8), (-0.15916173, 0.0982396, 0.00007696629), (-0.15935108, 0.0982396, 4.7683713e-8), (-0.15935108, 0.09837795, 0.00007696629), (-0.15935108, 0.09843524, 0.00026265622), (-0.15916172, 0.09837795, 0.00026265145), (-0.1590833, 0.0982396, 0.00026265622), (-0.16077209, 0.0982396, 0.00007696629), (-0.16085052, 0.0982396, 0.00026265622), (-0.16077214, 0.09837795, 0.00026268957), (-0.16058278, 0.09843524, 0.00026271818), (-0.16058278, 0.09837795, 0.00007698059), (-0.16058275, 0.0982396, 4.7683713e-8), (0.172085, 0.04069576, 0.027617754), (0.17224422, 0.04083464, 0.027694782), (0.17231002, 0.0408914, 0.027880363), (0.1723759, 0.040753055, 0.027880464), (0.17253497, 0.04069576, 0.027880363), (0.1724686, 0.040638383, 0.027694583), (0.17231002, 0.040500116, 0.027617754), (0.1721511, 0.04055741, 0.027617754), (0.17231002, 0.040860567, 0.032405246), (0.1723849, 0.040744014, 0.032546822), (0.17256553, 0.04069576, 0.03260546), (0.1746735, 0.040638503, 0.027694672), (0.1746735, 0.04069576, 0.027880358), (0.17483257, 0.040638503, 0.027880358), (0.17489849, 0.040500116, 0.027880358), (0.17483257, 0.040500116, 0.027694672), (0.1746735, 0.040500116, 0.027617754), (0.17489849, 0.037313644, 0.027880358), (0.17483257, 0.037313644, 0.027694672), (0.1746735, 0.037313644, 0.027617754), (0.17489849, 0.040500116, 0.032605458), (0.17483257, 0.040638503, 0.032605458), (0.1746735, 0.04069576, 0.032605458), (0.174753, 0.037342303, 0.032829605), (0.174753, 0.037284996, 0.03264391), (0.174753, 0.03714666, 0.03256699), (0.17483257, 0.037175313, 0.032528542), (0.17489849, 0.037313644, 0.032342847), (0.17489849, 0.0375093, 0.032605458), (0.17483257, 0.03737095, 0.03279115), (0.17489849, 0.03745199, 0.032419767), (0.17202815, 0.09633644, 0.05411952), (0.17224415, 0.096318536, 0.054196432), (0.17231002, 0.096301705, 0.054392885), (0.17229828, 0.094862, 0.054067973), (0.17138667, 0.09612253, 0.053857904), (0.17202152, 0.096198134, 0.054042663), (0.17229252, 0.09586333, 0.054383453), (0.1723759, 0.040500116, 0.054196343), (0.17246021, 0.040500116, 0.05415559), (0.1725349, 0.040638503, 0.054042526), (0.17253497, 0.04069576, 0.05385683), (0.1723759, 0.04075287, 0.05385661), (0.17231002, 0.0407766, 0.05422802), (0.17483257, 0.040500116, 0.054042526), (0.17489849, 0.040500116, 0.05385683), (0.17483257, 0.040638503, 0.05385683), (0.1746735, 0.04069576, 0.05385683), (0.1746735, 0.040638503, 0.054042526), (0.174753, 0.040500116, 0.054080978), (0.17473842, 0.037383657, 0.05402545), (0.174753, 0.037342303, 0.05385683), (0.17483257, 0.03737095, 0.05385683), (0.17489849, 0.0375093, 0.05385683), (0.17483257, 0.0375093, 0.054042526), (0.174753, 0.0375093, 0.054080978), (0.17247391, 0.03724445, 0.032698408), (0.17246021, 0.037286717, 0.03286806), (0.1723759, 0.03725635, 0.03286806), (0.17231002, 0.037118003, 0.03286806), (0.1723759, 0.037118003, 0.032682374), (0.17246021, 0.037118003, 0.032641605), (0.17246021, 0.037286717, 0.053892974), (0.17246021, 0.037344024, 0.054078657), (0.17246021, 0.03748236, 0.05415559), (0.1723759, 0.03745199, 0.054196343), (0.17231002, 0.037313644, 0.054382037), (0.17231002, 0.037118003, 0.054119434), (0.1723759, 0.03725635, 0.053933743), (0.17231002, 0.037175313, 0.05430513), (0.13810468, 0.094914615, 0.00026260852), (0.13802496, 0.094914615, 0.0000769186), (0.13783245, 0.094914615, 0), (0.17280659, 0.03737095, 0.05385683), (0.17287247, 0.0375093, 0.05385683), (0.17280659, 0.0375093, 0.054042526), (0.17271434, 0.0375093, 0.054087132), (0.17270172, 0.03738162, 0.05402818), (0.17271434, 0.03733773, 0.05385683), (0.17287247, 0.039887168, 0.05385683), (0.17293835, 0.040025514, 0.05385683), (0.17309742, 0.040082812, 0.05385683), (0.17297329, 0.040146258, 0.054042526), (0.17273273, 0.040177003, 0.054087132), (0.17281425, 0.040007923, 0.054042526), (0.17287247, 0.037313644, 0.032342847), (0.17287247, 0.0375093, 0.03260546), (0.17280659, 0.03737095, 0.032791153), (0.17271434, 0.03733773, 0.032835755), (0.17271434, 0.037280425, 0.03265007), (0.17271434, 0.03714209, 0.03257315), (0.17280659, 0.037175313, 0.032528542), (0.17287247, 0.03745199, 0.032419767), (0.17433597, 0.037313644, 0.032342847), (0.1744019, 0.037175313, 0.032528542), (0.17448616, 0.03714493, 0.032569304), (0.17448616, 0.037283275, 0.032646213), (0.17448616, 0.037340585, 0.032831915), (0.1744019, 0.03737095, 0.03279115), (0.17433597, 0.0375093, 0.032605458), (0.17433597, 0.03745199, 0.032419767), (0.17411102, 0.040082812, 0.05385683), (0.17427012, 0.040025514, 0.05385683), (0.17433597, 0.039887168, 0.05385683), (0.17439419, 0.040007923, 0.054042526), (0.17446865, 0.04016243, 0.05408328), (0.17423515, 0.040146258, 0.054042526), (0.1744019, 0.03737095, 0.05385683), (0.17448616, 0.037340585, 0.05385683), (0.17450015, 0.037382886, 0.054026473), (0.17448616, 0.0375093, 0.05408328), (0.1744019, 0.0375093, 0.054042526), (0.17433597, 0.0375093, 0.05385683), (0.17293835, 0.039887168, 0.029093737), (0.17309742, 0.039887168, 0.029016828), (0.17309742, 0.040025514, 0.029093737), (0.17309742, 0.040082812, 0.029279437), (0.17293835, 0.040025514, 0.029279437), (0.17287247, 0.039887168, 0.029279437), (0.17427012, 0.039887168, 0.029093737), (0.17433597, 0.039887168, 0.029279437), (0.17427012, 0.040025514, 0.029279437), (0.17411102, 0.040082812, 0.029279437), (0.17411102, 0.040025514, 0.029093737), (0.17411102, 0.039887168, 0.029016823), (0.17071216, 0.094945066, 0.02787455), (0.17055576, 0.095000684, 0.02787418), (0.17062412, 0.09505948, 0.027691387), (0.17079449, 0.09519619, 0.027615799), (0.17094551, 0.09513482, 0.027617153), (0.17100796, 0.09498601, 0.027617754), (0.17084423, 0.09486212, 0.027692875), (0.17077701, 0.094810076, 0.027874265), (0.17100616, 0.037313644, 0.027617754), (0.17084415, 0.03732943, 0.027693205), (0.17077701, 0.037367415, 0.027875347), (0.17100288, 0.04069576, 0.027617754), (0.17084315, 0.040703226, 0.027694345), (0.17077701, 0.04072127, 0.027879247), (-0.16407894, 0.04338626, 0.00027091027), (-0.1641465, 0.043507613, 0.00027089595), (-0.16409345, 0.043534234, 0.00007938385), (-0.16387357, 0.043433588, 4.7683713e-8), (-0.16399321, 0.04325468, 0.00007938385), (-0.16405582, 0.04325462, 0.00027089595), (-0.17011602, 0.053090293, 0.00027092933), (-0.17013916, 0.05337204, 0.0002708244), (-0.17005758, 0.053361874, 0.00007301807), (-0.1699255, 0.053137872, 4.7683713e-8), (-0.16990243, 0.05288921, 0.00007312775), (-0.16996513, 0.052843083, 0.0002709055), (-0.1702295, 0.05285996, 0.13190068), (-0.17035294, 0.053232864, 0.13190068), (-0.16915323, 0.053185843, 0.13349311), (-0.16891623, 0.05253843, 0.13347602), (0.16133632, 0.09612253, 0.053870782), (0.16087657, 0.09612252, 0.05413793), (0.15445007, 0.09612253, 0.027190432), (0.15491764, 0.09612253, 0.027599864), (-0.1587177, 0.046533756, 0.0015600108), (-0.15894563, 0.047227073, 0.0015600108), (-0.15328334, 0.09863367, 0.13190068), (-0.15290475, 0.09851909, 0.13190068), (-0.15274791, 0.09824239, 0.13190068), (-0.15503536, 0.09824232, 0.13190041), (-0.15449981, 0.09863374, 0.13190068), (-0.15811361, 0.09824232, 0.13189758), (-0.1579476, 0.09851909, 0.13189705), (-0.15755743, 0.09863374, 0.13189608), (-0.15936449, 0.09863344, 0.13189942), (-0.15897772, 0.09851909, 0.13189916), (-0.15881477, 0.09824182, 0.13189921), (0.17231002, 0.04089078, 0.053856395), (0.17231002, 0.040500116, 0.054382037), (-0.16396545, 0.04359858, 4.7683713e-8), (-0.1638421, 0.043254703, 4.7683713e-8), (-0.17329103, 0.09852639, 0.13360415), (-0.17017616, 0.053075418, 0.13182132), (-0.16414638, 0.043374427, 0.13179311), (-0.15899746, 0.046845812, 0.13338533), (-0.16882688, 0.05284848, 0.13341495), (-0.16879131, 0.093665406, 0.1334162), (-0.1733879, 0.09860997, 0.1437084), (0.17223446, 0.09987715, 0.055903472), (0.17222424, 0.09860441, 0.055905018), (0.16169612, 0.09852621, 0.0560198), (0.16160953, 0.093666464, 0.055936262), (0.16118214, 0.09987413, 0.054210886), (0.16114756, 0.09620632, 0.05410095), (0.17221504, 0.099873915, 0.054230332), (0.15471943, 0.09608238, 0.027339673), (0.15479098, 0.094919905, 0.02731955), (0.13010293, 0.096140586, 0.0000769186), (-0.15299752, 0.096140765, 0.000077071185), (0.13819887, 0.096140996, 0.006107559), (0.138192, 0.09622195, 0.13157877), (-0.16084915, 0.09614063, 0.00007697582), (0.16142665, 0.09491993, 0.05476357), (0.17068134, 0.094918065, 0.05483403), (-0.16869494, 0.09358164, 0.0016710615), (0.13288487, 0.09358302, 0.0016484928), (-0.16871578, 0.052876174, 0.0016667652), (-0.1588864, 0.046874095, 0.0016381359), (0.13316284, 0.096140586, 0.0000769186), (0.13189946, 0.096140586, 0.0000769186), (0.1362212, 0.096140586, 0.0000769186), (0.13495786, 0.096140586, 0.0000769186), (0.13803588, 0.09843797, 0.131641), (0.13628824, 0.0984355, 0.1317654), (0.13502523, 0.09843685, 0.13180897), (0.13316305, 0.098436624, 0.13181913), (0.13798873, 0.09835241, 0.000111050605), (0.13633639, 0.09835248, 0.00011105537), (0.13484277, 0.09835248, 0.00011104107), (0.13327795, 0.09835248, 0.00011104107), (0.13010298, 0.098436676, 0.1318237), (0.13189965, 0.098436676, 0.13182375), (0.13178438, 0.09835248, 0.00011104107), (0.13021804, 0.09835248, 0.00011104583), (0.13617192, 0.09622322, 0.13173519), (0.13513982, 0.09622415, 0.1317703), (0.1330478, 0.096223295, 0.13178545), (0.13201477, 0.09622344, 0.13178916), (0.12998788, 0.096223295, 0.13178958), (-0.15290242, 0.09622334, 0.13178962), (-0.15303858, 0.098421276, 0.13182378), (-0.15474473, 0.098421484, 0.13182409), (-0.15476799, 0.09614141, 0.000077362056), (-0.15607467, 0.09614063, 0.00007696629), (-0.15600364, 0.098400645, 0.13180886), (-0.15781933, 0.09841505, 0.13182174), (-0.15784536, 0.09614057, 0.00007693767), (-0.1590833, 0.09614063, 0.00007696629), (-0.1579586, 0.09622334, 0.13178763), (-0.15896998, 0.09622341, 0.13178945), (-0.15910827, 0.098417394, 0.13182373), (-0.16081783, 0.098417394, 0.13176975), (-0.16096231, 0.09622334, 0.13178974), (-0.15309374, 0.09835246, 0.00011106014), (-0.15471546, 0.09835246, 0.000111699104), (-0.15618789, 0.09835253, 0.00011108875), (-0.15772752, 0.09835253, 0.00011104583), (-0.15919653, 0.09835253, 0.00011108875), (-0.16073734, 0.09835253, 0.00011110782), (0.17230998, 0.040695876, 0.027694711), (0.17480335, 0.04061303, 0.0277288), (0.17483257, 0.037313644, 0.032605458), (0.17225029, 0.09610771, 0.05414686), (0.17237587, 0.040678877, 0.054096825), (0.17480335, 0.04061303, 0.054008383), (0.17480335, 0.03739638, 0.054008383), (0.17240512, 0.037230916, 0.032716498), (0.1723759, 0.037313644, 0.054119434), (0.17277718, 0.03739638, 0.054008383), (0.17290387, 0.040062036, 0.05400918), (0.17280659, 0.037313644, 0.03260546), (0.1744019, 0.037313644, 0.032605458), (0.17430465, 0.040062036, 0.05400918), (0.17443126, 0.03739638, 0.054008383), (0.17296757, 0.040000085, 0.02912787), (0.17424083, 0.040000085, 0.02912787), (0.17077908, 0.09500228, 0.02769245), (-0.1640188, 0.043399945, 0.00007939815), (-0.170065, 0.053103108, 0.000107712745), (-0.15489286, 0.09853026, 0.13189438), (-0.15770812, 0.09965059, 0.1319006), (-0.15772425, 0.099899516, 0.13197762), (-0.15772425, 0.09995682, 0.13216332), (-0.15772425, 0.09995682, 0.1435215), (-0.15772425, 0.099899516, 0.14370717), (-0.15772425, 0.09973455, 0.14378363), (-0.15772425, 0.09887652, 0.14376868), (-0.15772425, 0.0986664, 0.14370717), (-0.15772425, 0.098609105, 0.14332618), (-0.15772322, 0.09859887, 0.13411514), (-0.15771832, 0.09855196, 0.13357021), (-0.1580098, 0.098099604, 0.13349311), (0.14307813, 0.09612253, 0.026756473), (-0.1579568, 0.054215044, 0.0015839814), (-0.17037475, 0.06282234, 0.13190073), (-0.17021568, 0.06282234, 0.13182381), (-0.1701498, 0.06282236, 0.13163811), (-0.17037477, 0.055484507, 0.13190073), (-0.1702157, 0.055484578, 0.13182378), (-0.17014982, 0.055484507, 0.13163811), (-0.17450507, 0.058432277, 0.13190068), (-0.1730164, 0.062822334, 0.13190071), (-0.17301613, 0.055478495, 0.13190073), (-0.16992489, 0.06260326, 6.67572e-8), (-0.170084, 0.06276969, 0.00007719517), (-0.17014983, 0.0628387, 0.0002634287), (-0.16992489, 0.05571925, 6.67572e-8), (-0.17008397, 0.05555325, 0.00007698536), (-0.17014983, 0.055484507, 0.00026266574), (-0.16874015, 0.06260331, 6.67572e-8), (-0.16874017, 0.05571927, 6.67572e-8), (-0.16874017, 0.059155833, 6.67572e-8), (-0.17014983, 0.062368512, 6.67572e-8), (-0.17030899, 0.06253531, 0.00007697105), (-0.1703748, 0.06260463, 0.00026268483), (-0.1702158, 0.0626727, 0.00026305675), (-0.16999088, 0.062436774, 6.67572e-8), (-0.17014983, 0.05595404, 6.67572e-8), (-0.17021577, 0.05565049, 0.0002627039), (-0.17037484, 0.05571916, 0.00026273727), (-0.17030899, 0.055787947, 0.00007699966), (-0.16999076, 0.05588535, 6.67572e-8), (-0.17021568, 0.06265635, 0.13163811), (-0.17037475, 0.06258758, 0.13163811), (-0.17037475, 0.06265631, 0.13182381), (-0.17272556, 0.0625189, 0.13163812), (-0.17279144, 0.062352847, 0.13163812), (-0.17285731, 0.062352866, 0.13182381), (-0.17256658, 0.06265635, 0.13182381), (-0.17256649, 0.06258763, 0.13163812), (-0.1727256, 0.061120242, 0.13163811), (-0.17256655, 0.06105147, 0.13163811), (-0.17256695, 0.060982674, 0.13182421), (-0.17285736, 0.061286256, 0.13182381), (-0.17279148, 0.061286256, 0.13163811), (-0.16992489, 0.0610516, 6.67572e-8), (-0.17008393, 0.06088588, 0.00007693767), (-0.17014983, 0.060816824, 0.00026267528), (-0.17021671, 0.060981147, 0.00026409625), (-0.17037708, 0.061046775, 0.00026540755), (-0.17031074, 0.06111719, 0.000077791214), (-0.17014983, 0.06128644, 6.67572e-8), (-0.16999108, 0.061219335, 6.67572e-8), (-0.16992489, 0.059905466, 6.67572e-8), (-0.17014983, 0.05967074, 6.67572e-8), (-0.17030892, 0.059836738, 0.00007697582), (-0.1703748, 0.059905495, 0.00026266096), (-0.17021571, 0.059974294, 0.00026266574), (-0.17014983, 0.060140263, 0.00026267528), (-0.17008397, 0.06007148, 0.00007698536), (-0.16999076, 0.05973946, 6.67572e-8), (-0.17256145, 0.05996197, 0.13162574), (-0.17272621, 0.059896078, 0.131581), (-0.17279072, 0.059731193, 0.1315454), (-0.1728173, 0.059693813, 0.13179155), (-0.1730165, 0.059678033, 0.13189349), (-0.17256643, 0.060196094, 0.13189492), (-0.17256695, 0.060065866, 0.13182847), (-0.17288463, 0.06005534, 0.1318944), (-0.17272487, 0.058421817, 0.13163923), (-0.17256576, 0.058352914, 0.13163581), (-0.17256576, 0.058284037, 0.13182077), (-0.17284462, 0.05859632, 0.1318201), (-0.17279072, 0.05858767, 0.13163505), (-0.16992489, 0.058352888, 6.67572e-8), (-0.17008397, 0.058186863, 0.00007698536), (-0.17014983, 0.058118157, 0.00026267528), (-0.17021568, 0.058284253, 0.00026257036), (-0.17037463, 0.05835329, 0.00026247025), (-0.17030878, 0.05842195, 0.00007692337), (-0.17014983, 0.05858767, 6.67572e-8), (-0.16999076, 0.05851878, 6.67572e-8), (-0.16992489, 0.05726753, 6.67572e-8), (-0.17014983, 0.057032757, 6.67572e-8), (-0.17030892, 0.057198785, 0.00007698536), (-0.1703748, 0.05726753, 0.00026267528), (-0.17021571, 0.057336316, 0.00026267528), (-0.17014983, 0.057502337, 0.00026267528), (-0.17008397, 0.057433527, 0.00007698536), (-0.16999076, 0.057101507, 6.67572e-8), (-0.1702157, 0.05828415, 0.13163595), (-0.17014982, 0.058118142, 0.13163629), (-0.1702157, 0.058118157, 0.13182203), (-0.17037477, 0.058118142, 0.1318989), (-0.17037477, 0.05828415, 0.13182165), (-0.17037477, 0.058352888, 0.13163581), (-0.1702157, 0.057336316, 0.13163799), (-0.17037477, 0.0572675, 0.13163811), (-0.1703749, 0.057336375, 0.13182357), (-0.170375, 0.057502553, 0.13190018), (-0.1702158, 0.057502393, 0.13182335), (-0.17014982, 0.057502337, 0.1316376), (-0.17272487, 0.057198644, 0.13164142), (-0.17279072, 0.05703274, 0.13163811), (-0.1728491, 0.057027027, 0.13182287), (-0.17256576, 0.057336517, 0.13182291), (-0.17256576, 0.05726753, 0.13163811), (-0.17279072, 0.05595162, 0.13156469), (-0.17272359, 0.055786405, 0.13159153), (-0.17255586, 0.05571925, 0.1316266), (-0.17265806, 0.055648744, 0.13182044), (-0.17282413, 0.05595162, 0.1318023), (-0.1702157, 0.0556505, 0.13163835), (-0.17037477, 0.0556505, 0.13182381), (-0.17037477, 0.05571925, 0.13163811), (-0.17256334, 0.06254889, 0.00007698536), (-0.17256327, 0.062382877, 6.67572e-8), (-0.17272235, 0.062383883, 0.00007698536), (-0.17278823, 0.062384207, 0.00026267528), (-0.17272224, 0.062549755, 0.00026256085), (-0.17256327, 0.06261765, 0.00026268483), (-0.17256352, 0.0610688, 0.00007699966), (-0.17256337, 0.06100004, 0.00026269912), (-0.17272213, 0.061066434, 0.00026411057), (-0.17278829, 0.061232433, 0.0002654171), (-0.1727224, 0.061232656, 0.000077781675), (-0.17256334, 0.061234873, 6.67572e-8), (-0.17256334, 0.059836738, 0.00007697582), (-0.17256334, 0.05967074, 6.67572e-8), (-0.1727224, 0.05967074, 0.00007698536), (-0.17278829, 0.059670754, 0.00026267528), (-0.1727224, 0.059836738, 0.00026267528), (-0.17256334, 0.059905495, 0.00026266096), (-0.17256334, 0.058425616, 0.00007698536), (-0.17256334, 0.058356848, 0.00026267528), (-0.17272244, 0.05842579, 0.00026257036), (-0.17278829, 0.058591817, 0.00026247025), (-0.1727224, 0.058591783, 0.00007692337), (-0.17256334, 0.05859161, 6.67572e-8), (-0.17256334, 0.057198785, 0.00007698536), (-0.17256334, 0.057032757, 6.67572e-8), (-0.1727224, 0.057032757, 0.00007698536), (-0.17278829, 0.057032757, 0.00026267528), (-0.1727224, 0.057198808, 0.00026266574), (-0.17256334, 0.05726753, 0.00026267528), (-0.17256334, 0.055786815, 0.00007698536), (-0.17256334, 0.055718057, 0.00026267528), (-0.1727224, 0.055786807, 0.0002627039), (-0.17278829, 0.05595279, 0.00026273727), (-0.1727224, 0.05595279, 0.00007699966), (-0.17256334, 0.05595284, 6.67572e-8), (-0.1730164, 0.062352866, 0.13190073), (-0.17288463, 0.06268486, 0.13190073), (-0.17256649, 0.062822334, 0.13190073), (-0.17256643, 0.06081672, 0.13190044), (-0.1730165, 0.061286267, 0.13190073), (-0.17256643, 0.05811773, 0.1318976), (-0.17288463, 0.0582633, 0.13189705), (-0.1730165, 0.058605418, 0.1318961), (-0.17301613, 0.057021007, 0.13189943), (-0.17288463, 0.05736009, 0.13189921), (-0.1725658, 0.05750295, 0.13189922), (-0.17015, 0.062603496, 0.00007709026), (-0.17014983, 0.05571925, 0.00007699012), (-0.17024493, 0.062686875, 0.13178964), (-0.17277215, 0.06256747, 0.13182381), (-0.17277244, 0.061071534, 0.13182409), (-0.17015073, 0.061051153, 0.00007738113), (-0.17014983, 0.059905477, 0.00007698536), (-0.17274846, 0.05996776, 0.13180886), (-0.17276499, 0.05837574, 0.13182178), (-0.17014977, 0.058352932, 0.000076951976), (-0.17014983, 0.05726753, 0.00007698536), (-0.17024496, 0.05825364, 0.13178763), (-0.17024502, 0.057366855, 0.13178949), (-0.17276771, 0.057245616, 0.13182376), (-0.17276771, 0.055746693, 0.13176979), (-0.17024496, 0.055620056, 0.13178977), (-0.17269304, 0.062519155, 0.000111079215), (-0.17269304, 0.061097216, 0.00011171341), (-0.17269315, 0.05980621, 0.00011110782), (-0.17269315, 0.058456283, 0.00011106014), (-0.17269315, 0.057168245, 0.00011110782), (-0.17269315, 0.05581728, 0.00011112213), (-0.17289747, 0.060941696, 0.1318944), (-0.15484606, 0.0963882, 0.1318233), (-0.15484606, 0.09625371, 0.13174866), (-0.15484606, 0.096197985, 0.13163595), (-0.15476744, 0.09639199, 0.1316358), (-0.15592834, 0.09638267, 0.13181795), (-0.15593094, 0.09625193, 0.13174081), (-0.15593205, 0.09619791, 0.13163595), (-0.15574291, 0.09614063, 0.13164194), (-0.15574285, 0.096196786, 0.13182077), (-0.15574285, 0.09633226, 0.13189489), (-0.15601031, 0.09639199, 0.1316358), (-0.1550356, 0.09614063, 0.13163628), (-0.1550356, 0.09619633, 0.13182443), (-0.1550356, 0.09633062, 0.13189921), (-0.17043445, 0.060982693, 0.13182335), (-0.1702798, 0.060982704, 0.13174868), (-0.17021576, 0.060982704, 0.13163595), (-0.17043886, 0.06105163, 0.13163581), (-0.17042807, 0.06003377, 0.13181797), (-0.17027782, 0.060031485, 0.13174084), (-0.17021567, 0.060030498, 0.13163595), (-0.17037016, 0.0601964, 0.13189492), (-0.17021433, 0.0601964, 0.13182083), (-0.17014982, 0.060196355, 0.13164197), (-0.17043886, 0.05996189, 0.13163581), (-0.17014982, 0.060816508, 0.13164407), (-0.1702138, 0.060816508, 0.13182448), (-0.17036827, 0.06081653, 0.13189922), (0.14301588, 0.098099194, 0.1300837), (0.14305784, 0.09855171, 0.13014501), (0.14336142, 0.09859868, 0.13056721), (0.14295301, 0.093721606, 0.13004547), (0.14284211, 0.09370614, 0.12947488), (0.14132038, 0.09370453, 0.13104795), (0.14210734, 0.09370647, 0.13036166), (0.1422128, 0.093721606, 0.1309233), (0.1414466, 0.093721606, 0.13166086), (0.14301561, 0.09398714, 0.13008425), (0.14226522, 0.09398714, 0.13097437), (0.14149061, 0.09398714, 0.13172077), (0.14846115, 0.098609, 0.13764006), (0.14867069, 0.09866634, 0.13793649), (0.14870548, 0.09887648, 0.13798381), (0.14871341, 0.09973451, 0.13799587), (0.14866778, 0.099899404, 0.13793924), (0.14855255, 0.09995714, 0.13781558), (0.13889788, 0.093721606, 0.1330608), (0.13885213, 0.09370727, 0.1325051), (0.1389176, 0.09398713, 0.13313517), (0.14227836, 0.09995669, 0.12904796), (0.14149065, 0.098099194, 0.13172068), (0.14226533, 0.098099194, 0.1309741), (0.14257975, 0.09859868, 0.13148317), (0.14176698, 0.09859867, 0.13225658), (0.14584854, 0.098608986, 0.14012542), (0.14722843, 0.098609, 0.13894548), (0.14745148, 0.09887648, 0.13930717), (0.14604557, 0.09887648, 0.14050628), (0.14605217, 0.09973451, 0.14051925), (0.14745879, 0.09973451, 0.13931964), (0.14731579, 0.09995706, 0.13911338), (0.14592838, 0.09995685, 0.14029554), (0.1409018, 0.09995669, 0.13058288), (0.14159375, 0.09995669, 0.12989058), (0.13891764, 0.098099194, 0.13313517), (0.13905588, 0.09859867, 0.13373446), (0.14105257, 0.098608986, 0.14257951), (0.14115457, 0.09887648, 0.14300606), (0.14115821, 0.09973451, 0.14302039), (0.14109503, 0.09995669, 0.14276698), (0.13863088, 0.09995669, 0.1318594), (0.14213166, 0.0995864, 0.12884259), (0.14202209, 0.09630077, 0.12913576), (0.14145929, 0.09958891, 0.12967385), (0.14078237, 0.09959764, 0.13035426), (0.1403828, 0.096300915, 0.13089381), (0.14126985, 0.09627385, 0.13011792), (0.14230387, 0.09855171, 0.13103822), (0.14152482, 0.0985517, 0.13178793), (0.14741985, 0.09866633, 0.13925691), (0.14601769, 0.098666295, 0.14045313), (0.14741847, 0.099899404, 0.13925818), (0.14601696, 0.099899404, 0.14045371), (0.14217427, 0.09989941, 0.1289025), (0.14149912, 0.09989941, 0.12973678), (0.14081845, 0.099899404, 0.13042082), (0.13893552, 0.0985517, 0.13320974), (0.1411397, 0.09866629, 0.14294654), (0.1411398, 0.099899404, 0.14294648), (0.13858816, 0.099899404, 0.1316793), (0.13856833, 0.09964812, 0.13160442), (0.1419515, 0.09619807, 0.12903002), (0.14182362, 0.09612253, 0.12890737), (0.1411832, 0.09619815, 0.12997709), (0.14032285, 0.096198164, 0.13078175), (0.1411063, 0.09612252, 0.12983344), (0.14023462, 0.09612253, 0.1305861), (0.13934763, 0.099630505, 0.1313187), (0.1400825, 0.09961234, 0.13090245), (0.139794, 0.093721606, 0.13273497), (0.14064252, 0.093721606, 0.13226719), (0.1398221, 0.09398713, 0.13280605), (0.14067857, 0.09398714, 0.13233358), (0.13969778, 0.0937041, 0.1320907), (0.14054334, 0.093705565, 0.13167606), (0.1398222, 0.098099194, 0.13280605), (0.14067863, 0.098099194, 0.13233356), (0.1398458, 0.0985517, 0.1328788), (0.14070779, 0.0985517, 0.13240378), (0.14000861, 0.09859867, 0.13338901), (0.14091179, 0.09859867, 0.13289486), (0.14273366, 0.098608986, 0.14197655), (0.14434251, 0.098608986, 0.1411496), (0.14284953, 0.09866629, 0.14233333), (0.14448617, 0.09866629, 0.14149298), (0.14286898, 0.09887648, 0.1423913), (0.14450999, 0.09887648, 0.14154872), (0.14287363, 0.09973451, 0.1424053), (0.14451566, 0.09973451, 0.14156227), (0.1428494, 0.099899404, 0.1423334), (0.14448583, 0.099899404, 0.1414932), (0.14278951, 0.09995669, 0.14215899), (0.1444116, 0.099956766, 0.14132567), (0.13943021, 0.09995669, 0.13156733), (0.14018434, 0.09995669, 0.13114208), (0.1393733, 0.099899404, 0.13139166), (0.14011373, 0.099899404, 0.13097258), (0.14526653, 0.09809914, 0.12528166), (0.14531654, 0.09855179, 0.12533319), (0.14526565, 0.093987145, 0.1252817), (0.14520603, 0.093721606, 0.12524313), (0.14558929, 0.09859875, 0.12595771), (0.1515749, 0.09860905, 0.13174959), (0.15182689, 0.0986663, 0.13199432), (0.14504133, 0.093710095, 0.12487415), (0.15186816, 0.098876484, 0.13203272), (0.15187809, 0.099734455, 0.13204223), (0.15182818, 0.099899516, 0.13199101), (0.151729, 0.099937245, 0.13190317), (0.1443305, 0.099956766, 0.12464464), (0.14420865, 0.09989947, 0.124523066), (0.1441588, 0.09959294, 0.12447185), (0.14413343, 0.09633784, 0.124507904), (0.14408465, 0.096198045, 0.124461055), (0.14365, 0.0980992, 0.12914057), (0.14369449, 0.09855172, 0.12919925), (0.14364943, 0.09398714, 0.12914167), (0.14357343, 0.093721606, 0.1291216), (0.1440211, 0.09859869, 0.12959719), (0.14948036, 0.09860901, 0.13626388), (0.14970478, 0.09866634, 0.13654596), (0.1434564, 0.0937075, 0.12861456), (0.1497425, 0.09887648, 0.13659), (0.14975074, 0.099734515, 0.13660192), (0.14969894, 0.099899404, 0.13655187), (0.14957298, 0.09995639, 0.13646622), (0.14285986, 0.09995672, 0.12815407), (0.14274797, 0.099899426, 0.12801772), (0.14270307, 0.099587776, 0.12796043), (0.14263842, 0.096323825, 0.12811525), (0.14258283, 0.096197926, 0.12804046), (0.14243338, 0.09612253, 0.12793495), (0.1441555, 0.098099194, 0.12821227), (0.14459904, 0.098099194, 0.12730312), (0.14420137, 0.09855178, 0.12826948), (0.14464827, 0.09855178, 0.12735476), (0.14415437, 0.09398714, 0.12821439), (0.14459668, 0.09398714, 0.12730758), (0.14454462, 0.09859869, 0.1286448), (0.14499888, 0.09859875, 0.1277207), (0.14405972, 0.093721606, 0.12822627), (0.1445363, 0.093721606, 0.1272591), (0.14393052, 0.09370807, 0.12774593), (0.14442188, 0.09370933, 0.12675892), (0.15024196, 0.098609045, 0.13495928), (0.15078616, 0.098609045, 0.13389538), (0.15047646, 0.09866634, 0.13523065), (0.15102512, 0.09866634, 0.13416354), (0.15051666, 0.09887648, 0.13527122), (0.15106449, 0.09887648, 0.13420603), (0.15052485, 0.099734515, 0.13528354), (0.15107219, 0.09973451, 0.13421951), (0.15046565, 0.099899426, 0.13524392), (0.1510326, 0.09989947, 0.13414447), (0.150326, 0.0999534, 0.13522403), (0.15091862, 0.09994681, 0.13410106), (0.14333163, 0.09995676, 0.12726527), (0.1437647, 0.099956766, 0.12636065), (0.14321397, 0.09989946, 0.1271381), (0.14364341, 0.09989947, 0.12623978), (0.14316772, 0.09959013, 0.1270822), (0.14359358, 0.09959178, 0.1261899), (0.14312324, 0.096330345, 0.12717888), (0.14355388, 0.09633522, 0.12626381), (0.14307068, 0.09619789, 0.12711616), (0.14350565, 0.096197926, 0.12620616), (0.14332215, 0.09612253, 0.12612493), (0.14290094, 0.09612252, 0.1270239), (-0.17336956, 0.09991562, 0.1435254), (-0.17393348, 0.09979798, 0.14352582), (-0.17441161, 0.09947409, 0.14352603), (-0.174733, 0.098991945, 0.1435259), (-0.17485012, 0.098423004, 0.14352548), (-0.17484905, 0.09843107, 0.13216332), (-0.17473142, 0.098996535, 0.13216332), (-0.17440872, 0.0994758, 0.13216332), (-0.17392871, 0.09979776, 0.13216332), (-0.17336252, 0.099914856, 0.13216332), (-0.1700819, 0.09460808, 0.00026275156), (-0.16996655, 0.09517469, 0.00026271818), (-0.16964431, 0.095655106, 0.00026268957), (-0.16916357, 0.09597721, 0.0002626705), (-0.16859636, 0.0960928, 0.00026266574), (-0.16859664, 0.0960928, 0.13163811), (-0.16916373, 0.095977135, 0.13163811), (-0.16964437, 0.095654696, 0.13163811), (-0.16996655, 0.09517389, 0.13163811), (-0.17008188, 0.094606794, 0.13163811), (-0.17477739, 0.09839155, 0.14370842), (-0.17465645, 0.098951645, 0.14370853), (-0.17432912, 0.09942806, 0.14370094), (-0.17383368, 0.09974484, 0.14370853), (-0.1732537, 0.099860586, 0.14370838), (-0.17368694, 0.099561594, 0.14376721), (-0.17416246, 0.09930531, 0.14376187), (-0.17442617, 0.09887706, 0.14378363), (-0.17456289, 0.09836993, 0.14378363), (-0.17307758, 0.09966172, 0.14377904), (-0.17481068, 0.09839893, 0.13200313), (-0.17469533, 0.09896503, 0.13200575), (-0.17437226, 0.09944487, 0.13200651), (-0.17389005, 0.09976631, 0.13200536), (-0.17332128, 0.09988098, 0.13200249), (-0.17004852, 0.09458246, 0.00010726928), (-0.16993362, 0.09514805, 0.00010830879), (-0.16960979, 0.09562755, 0.00010832786), (-0.16912591, 0.09594837, 0.00010732651), (-0.16855516, 0.096062124, 0.0001054573), (-0.16863646, 0.0961493, 0.13182384), (-0.16921331, 0.09603522, 0.13182384), (-0.1697022, 0.09571763, 0.13182384), (-0.17002983, 0.09524414, 0.13182384), (-0.17014709, 0.09468564, 0.13182384), (-0.16875547, 0.09626315, 0.13190068), (-0.16936064, 0.09618439, 0.13190068), (-0.16985025, 0.09584295, 0.13190068), (-0.1701874, 0.095417306, 0.13190068), (-0.17030002, 0.094790556, 0.13190068), (-0.16979718, 0.095060736, 5.2452087e-8), (-0.16946176, 0.09552544, 5.2452087e-8), (-0.16895992, 0.095836, 4.7683713e-8), (-0.16836807, 0.09594499, 4.7683713e-8), (-0.16991536, 0.094512366, 5.2452087e-8), (-0.1730135, 0.09959483, 0.13190068), (-0.17358412, 0.099480964, 0.13190068), (-0.17406781, 0.09915792, 0.13190068), (-0.17439102, 0.09867471, 0.13190068), (-0.17450465, 0.09810483, 0.13190068), (-0.16840683, 0.094579324, 5.2452087e-8), (-0.17367005, 0.09835397, 0.14376885), (-0.17339155, 0.09835038, 0.14370832), (-0.17332414, 0.09834972, 0.1433295), (-0.1733192, 0.098230064, 0.13412054), (-0.17300898, 0.09852839, 0.13360149), (-0.17300412, 0.09855167, 0.13412046), (-0.17299536, 0.09855761, 0.14332935), (-0.17299612, 0.09861599, 0.14370826), (-0.17305124, 0.09882564, 0.14376885), (-0.17329305, 0.098215684, 0.1336018), (-0.17483258, 0.058432277, 0.13197762), (-0.17489849, 0.058432277, 0.13216332), (0.1721228, 0.095982976, 0.02787001), (0.17222649, 0.095936775, 0.053947117), (0.1718697, 0.09578818, 0.027615657), (0.17205654, 0.09591966, 0.027690262), (0.17178707, 0.09614072, 0.02786634), (0.1712944, 0.09612253, 0.027861217), (0.17168644, 0.09608328, 0.027685866), (0.17126727, 0.09608328, 0.027680783), (0.17229846, 0.09571679, 0.027872022), (0.17229846, 0.09530151, 0.027870888), (0.1722293, 0.09565607, 0.027692575), (0.1722293, 0.09529507, 0.027692236), (0.17233387, 0.095709704, 0.0539817), (0.17232029, 0.09529363, 0.05402347), (0.1719778, 0.09608601, 0.053908676), (0.1716917, 0.09612252, 0.053876624), (0.17206097, 0.095275536, 0.027617984), (0.17202431, 0.0955816, 0.02761765), (0.17158939, 0.095914066, 0.027612189), (0.17124645, 0.09593548, 0.027607903), (0.17227168, 0.09599377, 0.05424197), (0.17230457, 0.09883909, 0.055722855), (0.13622116, -0.094914675, 0), (0.13495782, -0.094914675, 0), (0.13189943, -0.09491469, 0), (-0.16084915, -0.094914645, 4.7683713e-8), (-0.15784553, -0.094914645, 4.7683713e-8), (-0.15299776, -0.094914645, 4.7683713e-8), (-0.16930757, -0.0982957, 0.13352652), (-0.1693362, -0.09855192, 0.13357021), (-0.16934144, -0.09859884, 0.1341152), (-0.17331508, -0.098547205, 0.13412096), (-0.1730141, -0.098233975, 0.13352652), (-0.1730603, -0.09400362, 0.13349311), (-0.17332043, -0.09402066, 0.13357013), (-0.17337438, -0.09402422, 0.13411498), (-0.17489849, -0.053084463, 0.1435215), (-0.17483258, -0.053084463, 0.14370717), (-0.17463468, -0.053084463, 0.14378363), (-0.17450464, -0.053083207, 0.13190068), (-0.17483258, -0.053084463, 0.13197762), (-0.17489849, -0.053084463, 0.13216332), (-0.170116, -0.05309027, 0.13160999), (-0.16996512, -0.05284306, 0.13162982), (-0.1700482, -0.052855458, 0.13182145), (-0.17035279, -0.053031113, 0.13190068), (-0.17020173, -0.053232864, 0.13182138), (-0.1701887, -0.053261843, 0.13155805), (-0.16384883, -0.043386236, 0.13162982), (-0.16382572, -0.0432546, 0.13162982), (-0.16390754, -0.043264568, 0.13182786), (-0.16424172, -0.043342274, 0.13190068), (-0.16418146, -0.043464307, 0.13182786), (-0.1641187, -0.04350759, 0.13162982), (-0.15898483, -0.046849098, 0.13280562), (-0.15917483, -0.047107577, 0.1328256), (-0.15918958, -0.04709789, 0.13341194), (-0.15939471, -0.046748538, 0.1334375), (-0.15900269, -0.046522837, 0.13341103), (-0.15898436, -0.046521723, 0.13282491), (-0.16884677, -0.053197253, 0.13341497), (-0.16915296, -0.052811377, 0.13349311), (-0.16865534, -0.052579287, 0.1334151), (-0.16864185, -0.052586343, 0.13282895), (-0.16881186, -0.0528522, 0.1328289), (-0.16883124, -0.053197965, 0.13282894), (-0.17337434, -0.053083956, 0.13411482), (-0.17332037, -0.053081743, 0.13357008), (-0.17305987, -0.05307752, 0.13349311), (-0.16934259, -0.09995678, 0.13216332), (-0.16934259, -0.09989948, 0.13197762), (-0.16920505, -0.09959897, 0.13190068), (0.13149133, -0.09966385, 0.13190065), (0.13149133, -0.09989953, 0.13197756), (0.13149133, -0.099956825, 0.13216326), (-0.16934259, -0.09973452, 0.14378363), (-0.16934259, -0.09989948, 0.14370717), (-0.16934259, -0.09995678, 0.1435215), (0.13149133, -0.099956825, 0.14352146), (0.13149133, -0.09989953, 0.14370713), (0.13149133, -0.099734575, 0.14378357), (-0.16885404, -0.09353185, 0.13341631), (-0.16883808, -0.0935161, 0.13283086), (-0.16877455, -0.09365079, 0.13283078), (-0.16862035, -0.093706265, 0.13283078), (-0.16863877, -0.09372021, 0.13341627), (-0.16863762, -0.09400928, 0.13349311), (-0.16916391, -0.09368874, 0.13349311), (-0.16902229, -0.09394755, 0.13349311), (0.1314969, -0.0939872, 0.13349308), (0.13149823, -0.09372167, 0.13341616), (0.13150549, -0.09370733, 0.13283063), (0.13149133, -0.098598816, 0.13411464), (0.13149138, -0.09855183, 0.13356994), (0.13149194, -0.09809933, 0.13349308), (-0.16934259, -0.09887649, 0.14376868), (-0.16934259, -0.09866637, 0.14370717), (-0.16934259, -0.098609075, 0.14332618), (0.13149133, -0.09887654, 0.14376865), (0.13149133, -0.098666415, 0.14370713), (0.13149133, -0.09860912, 0.14332613), (-0.17332128, -0.09855244, 0.14332968), (-0.17366417, -0.09881633, 0.14376894), (-0.17372589, -0.053084463, 0.14376868), (-0.17345211, -0.053084463, 0.14370717), (-0.1733862, -0.053084463, 0.14332618), (-0.17338623, -0.09402495, 0.14332618), (-0.17345212, -0.09402495, 0.14370717), (-0.1737259, -0.09402495, 0.14376868), (0.13794377, -0.09809925, 0.13333319), (0.13795473, -0.09855176, 0.13340926), (0.13802317, -0.098598726, 0.1339464), (0.1379051, -0.09370733, 0.13269322), (0.13793272, -0.09372167, 0.133257), (0.13794374, -0.0939872, 0.13333319), (0.13912351, -0.098609045, 0.14301784), (0.13917524, -0.09866634, 0.1433935), (0.13918464, -0.09887654, 0.14345421), (0.139187, -0.099734575, 0.14346895), (0.13917536, -0.09989947, 0.14339341), (0.13914697, -0.09995675, 0.14321014), (0.13778757, -0.09995675, 0.13202423), (0.13776182, -0.09989947, 0.13184057), (0.13774966, -0.09966116, 0.13176437), (0.17223091, -0.09990284, 0.055743124), (0.17209594, -0.099956825, 0.055845045), (0.17215133, -0.09990256, 0.056022596), (0.1722073, -0.09973176, 0.05608756), (0.17228374, -0.09973017, 0.055916056), (0.17230968, -0.09972632, 0.055729408), (0.17226344, -0.09883813, 0.055898234), (0.17218876, -0.0988771, 0.056095723), (0.17211017, -0.098664485, 0.056132577), (0.17166527, -0.09860912, 0.056186598), (0.17181209, -0.0985524, 0.055998787), (0.17184673, -0.09832697, 0.055962935), (0.1722404, -0.09839236, 0.055861745), (0.17230217, -0.098417215, 0.055719733), (0.16167729, -0.09809159, 0.055971604), (0.16222064, -0.09807641, 0.05593613), (0.16221619, -0.09854746, 0.056011986), (0.16214344, -0.09859894, 0.05617307), (0.16160946, -0.098552264, 0.056139372), (0.16154419, -0.09809539, 0.05609751), (0.16169612, -0.09393877, 0.05595311), (0.16151035, -0.09398821, 0.05609516), (0.16145054, -0.093721434, 0.056061838), (0.16119228, -0.0937072, 0.0557873), (0.1613393, -0.09365225, 0.05566281), (0.16141918, -0.09351118, 0.055634566), (0.16169731, -0.093523726, 0.05591177), (0.16222125, -0.09368406, 0.055932812), (0.16131595, -0.09990055, 0.054202206), (0.16132426, -0.09959283, 0.054119654), (0.16116287, -0.09959147, 0.054164298), (0.16103439, -0.099590205, 0.054288924), (0.16109523, -0.09989961, 0.0543307), (0.16125083, -0.099956825, 0.054371633), (0.16133648, -0.096206166, 0.054049086), (0.16107985, -0.09612258, 0.053941406), (0.16099793, -0.09620644, 0.05424555), (0.16104808, -0.09634675, 0.054290097), (0.16117561, -0.09634667, 0.05416705), (0.16133675, -0.09634651, 0.05412293), (0.17224415, -0.09989953, 0.054381628), (0.17231002, -0.099726595, 0.054382425), (0.17224422, -0.09972595, 0.054196462), (0.17208537, -0.09972396, 0.054119434), (0.17208427, -0.09989953, 0.054196343), (0.172085, -0.099956825, 0.054382037), (0.17209427, -0.09837726, 0.05411949), (0.17224696, -0.098409966, 0.054199543), (0.17231002, -0.0984069, 0.05439289), (0.17231002, -0.09614065, 0.055665653), (0.17224415, -0.096138425, 0.055851415), (0.17187946, -0.096125975, 0.055928357), (0.14394598, -0.0961226, 0.12428495), (0.13938168, -0.096321955, 0.13146754), (0.13935404, -0.09616406, 0.1313324), (0.13927619, -0.09612258, 0.13113329), (-0.1748985, -0.09402495, 0.13216332), (-0.17483261, -0.09402495, 0.13197762), (-0.17450632, -0.09402495, 0.13190068), (-0.1748985, -0.09402495, 0.1435215), (-0.17483261, -0.09402495, 0.14370717), (-0.1746347, -0.09402495, 0.14378363), (0.15475811, -0.09594213, 0.027279753), (0.15466106, -0.09594213, 0.027116874), (0.15459926, -0.09608249, 0.027138475), (0.15455402, -0.0961226, 0.027596887), (0.1549187, -0.096082434, 0.027418017), (0.15491916, -0.09594213, 0.027343243), (0.15495692, -0.09486203, 0.027526883), (0.15483329, -0.094723605, 0.027470974), (0.154702, -0.09477569, 0.027243046), (0.15466468, -0.09491297, 0.027130995), (0.1547276, -0.095062986, 0.027234674), (0.15491745, -0.09511047, 0.027343301), (0.15502597, -0.09496952, 0.027407488), (0.15510742, -0.09488798, 0.027563123), (0.1301029, -0.095945016, 0), (0.12991045, -0.096083365, 0.0000769186), (0.12983072, -0.09614065, 0.00026260852), (0.13002317, -0.096197926, 0.00026260852), (0.1301029, -0.096336275, 0.00026260852), (0.13018267, -0.096279, 0.0000769186), (0.1303751, -0.09614065, 0), (0.13029538, -0.09600228, 0), (-0.15299784, -0.09594496, 4.7683713e-8), (-0.15326558, -0.0961406, 4.7683713e-8), (-0.15307531, -0.09627901, 0.000076951976), (-0.15299627, -0.09633623, 0.00026266574), (-0.1529186, -0.09619803, 0.00026303768), (-0.15272927, -0.0961406, 0.0002634096), (-0.15280801, -0.09608337, 0.00007718563), (-0.15318769, -0.09600239, 4.7683713e-8), (0.13810392, -0.09595759, 0.0058605764), (0.13810381, -0.09633623, 0.0061563635), (0.13818349, -0.09618634, 0.0062680193), (0.13837583, -0.09612258, 0.006530895), (0.13837595, -0.09609876, 0.006330309), (0.13837613, -0.095944956, 0.0062284563), (0.1382129, -0.095954254, 0.0060187625), (0.13810381, -0.09627894, 0.00593379), (0.1381571, -0.09633328, 0.13161829), (0.1383606, -0.096333414, 0.13166757), (0.138356, -0.096197, 0.13158765), (0.13834539, -0.09612258, 0.13139707), (0.13814919, -0.09619713, 0.1314283), (0.13806744, -0.096333414, 0.13143526), (-0.1605814, -0.0961406, 4.7683713e-8), (-0.16084918, -0.09594496, 4.7683713e-8), (-0.1610385, -0.09608331, 0.00007696629), (-0.16111696, -0.0961406, 0.00026265622), (-0.16092764, -0.096197955, 0.00026268957), (-0.1608493, -0.096336305, 0.00026271818), (-0.16077083, -0.09627901, 0.00007698059), (-0.16065979, -0.096002236, 4.7683713e-8), (0.13810465, -0.094914675, 0.0058605764), (0.13821366, -0.09491469, 0.006017747), (0.13837679, -0.09491477, 0.0062284563), (0.17073505, -0.09594464, 0.027601408), (0.17075145, -0.096083365, 0.027674308), (0.17075405, -0.0961226, 0.027855886), (0.17229846, -0.09486836, 0.027870927), (0.1722293, -0.09487135, 0.027691863), (0.17206688, -0.094889194, 0.027617792), (0.16156165, -0.094946325, 0.05476671), (0.1615696, -0.0948028, 0.05485482), (0.16140835, -0.09480134, 0.05481554), (0.1612696, -0.09479969, 0.05470912), (0.16132903, -0.09494506, 0.05465426), (0.16148426, -0.09500126, 0.054602638), (0.17071117, -0.09494396, 0.054683004), (0.17077701, -0.09480561, 0.054684352), (0.17071037, -0.094804846, 0.054868553), (0.17055027, -0.094804026, 0.054942764), (0.17055118, -0.09494353, 0.054865845), (0.1705521, -0.09500126, 0.05468016), (0.17231002, -0.037424043, 0.05563748), (0.17225207, -0.037462696, 0.05584316), (0.17190596, -0.037695795, 0.055928357), (-0.16872415, -0.093468696, 0.0016369247), (-0.16856512, -0.093468696, 0.0015600108), (-0.16856503, -0.093607046, 0.0016369247), (-0.16856512, -0.093664326, 0.0018226193), (-0.16872415, -0.093607046, 0.0018226051), (-0.16879007, -0.093468696, 0.0018226193), (0.1327498, -0.093609296, 0.0016478681), (0.13274077, -0.093465924, 0.0015599632), (0.13290258, -0.093464516, 0.0015962934), (0.1330427, -0.09346315, 0.0017002296), (0.13298392, -0.09360836, 0.0017562436), (0.13280562, -0.09375489, 0.0017586183), (-0.16871046, -0.053195428, 0.0016397333), (-0.16878463, -0.05319972, 0.0018271303), (-0.16876645, -0.05286318, 0.001828804), (-0.16860022, -0.052605648, 0.0018304586), (-0.16854008, -0.05264793, 0.0016375398), (-0.16849977, -0.052978862, 0.0015850163), (-0.15886733, -0.04652409, 0.0016381216), (-0.15874144, -0.04691121, 0.0015600108), (-0.15907478, -0.047161944, 0.0016379689), (-0.15912944, -0.047135185, 0.0018268394), (-0.15894651, -0.046858877, 0.0018267059), (-0.15892932, -0.04652006, 0.0018266916), (0.1331628, -0.095945016, 0), (0.1329704, -0.096083365, 0.0000769186), (0.13289064, -0.09614065, 0.00026260852), (0.1330831, -0.096197926, 0.00026260852), (0.1331628, -0.096336275, 0.00026260852), (0.13324255, -0.096279, 0.0000769186), (0.13343504, -0.09614065, 0), (0.13335529, -0.09600228, 0), (0.13189943, -0.095945016, 0), (0.13162725, -0.09614065, 0), (0.13181974, -0.096279, 0.0000769186), (0.13189943, -0.096336275, 0.00026260852), (0.1319792, -0.096197926, 0.00026260852), (0.13217169, -0.09614065, 0.00026260852), (0.13209192, -0.096083365, 0.0000769186), (0.131707, -0.09600228, 0), (0.13662149, -0.0939872, 0.13343252), (0.13661793, -0.09372167, 0.13335569), (0.13659684, -0.09370733, 0.1327706), (0.13663627, -0.098598726, 0.13405347), (0.13662514, -0.09855176, 0.13350935), (0.13662156, -0.09809925, 0.13343252), (0.1367484, -0.09887654, 0.14369923), (0.1367452, -0.09866634, 0.1436378), (0.13673356, -0.098609045, 0.14325728), (0.13673578, -0.09995675, 0.1434524), (0.13674544, -0.09989947, 0.14363779), (0.13674936, -0.099734575, 0.14371409), (0.13660172, -0.099663734, 0.13184194), (0.13660516, -0.09989947, 0.13191873), (0.13661347, -0.09995675, 0.13210419), (0.13622116, -0.095945016, 0), (0.13602872, -0.096083365, 0.0000769186), (0.13594903, -0.09614065, 0.00026260852), (0.13614145, -0.096197926, 0.00026260852), (0.13622122, -0.096336275, 0.00026260852), (0.1363009, -0.096279, 0.0000769186), (0.13649337, -0.09614065, 0), (0.13641368, -0.09600228, 0), (0.13495782, -0.095945016, 0), (0.13468562, -0.09614065, 0), (0.13487814, -0.096279, 0.000076913835), (0.13495785, -0.096336275, 0.00026259423), (0.13503757, -0.096197926, 0.00026260375), (0.13523002, -0.09614065, 0.00026260852), (0.13515028, -0.096083365, 0.0000769186), (0.13476536, -0.09600228, 0), (0.13806751, -0.09824464, 0.13136414), (0.13799033, -0.09838239, 0.13141185), (0.13778906, -0.098436676, 0.13147296), (0.13785464, -0.098521195, 0.1316846), (0.13806735, -0.09863232, 0.13172373), (0.13822527, -0.098206334, 0.13169351), (0.13811834, -0.098215714, 0.13160115), (0.13816749, -0.09851052, 0.13171025), (0.13655867, -0.098436736, 0.13156061), (0.13636625, -0.09837941, 0.131574), (0.13628648, -0.0982411, 0.13157932), (0.13620912, -0.09829841, 0.1317681), (0.1360193, -0.098436736, 0.1318512), (0.13628663, -0.09863238, 0.1318419), (0.13647947, -0.09849368, 0.131756), (0.13609786, -0.0985751, 0.13185023), (0.13502331, -0.0982411, 0.13162322), (0.13494362, -0.09837941, 0.13162364), (0.13475113, -0.098436736, 0.13162473), (0.13483144, -0.09849433, 0.1318128), (0.13502352, -0.09863238, 0.13188583), (0.13530053, -0.098436736, 0.1318762), (0.13510546, -0.09829841, 0.13180561), (0.13521945, -0.09857505, 0.1318807), (0.133435, -0.098436736, 0.13163194), (0.13324255, -0.09837941, 0.131633), (0.13316283, -0.0982411, 0.13163343), (0.13308336, -0.09829841, 0.13181946), (0.13289118, -0.098436736, 0.13189705), (0.13316283, -0.09863238, 0.13189603), (0.13335535, -0.09849397, 0.1318183), (0.13297075, -0.09857505, 0.13189684), (0.13802409, -0.09823959, 0.0000769186), (0.13783161, -0.09823959, 0), (0.13783167, -0.098377906, 0.0000769186), (0.13783161, -0.09843524, 0.00026260852), (0.13802409, -0.098377906, 0.00026261806), (0.13810381, -0.09823959, 0.00026261806), (0.13630098, -0.09823961, 0.00007692814), (0.13622123, -0.09823961, 0.00026263235), (0.13630098, -0.09837796, 0.00026261806), (0.13649344, -0.09843526, 0.00036788464), (0.13649344, -0.09837796, 0.0000769186), (0.13649344, -0.09823961, 0), (0.13487814, -0.09823961, 0.000076913835), (0.13468562, -0.09823961, 0), (0.13468562, -0.09837796, 0.0000769186), (0.13468567, -0.09843526, 0.00026260852), (0.13487814, -0.09837796, 0.00026260375), (0.13495785, -0.09823961, 0.00026259423), (0.13324255, -0.09823961, 0.0000769186), (0.1331628, -0.09823961, 0.00026260852), (0.13324255, -0.09837796, 0.00026260852), (0.13343504, -0.09843526, 0.00026260852), (0.13343504, -0.09837796, 0.0000769186), (0.13343504, -0.09823961, 0), (0.13037512, -0.098436736, 0.13163805), (0.13018267, -0.09837941, 0.13163805), (0.13010293, -0.0982411, 0.13163805), (0.13002317, -0.09829841, 0.1318237), (0.12983073, -0.098436736, 0.13190065), (0.13010293, -0.09863238, 0.13190065), (0.13029543, -0.09849405, 0.1318237), (0.12991048, -0.09857505, 0.13190065), (0.13189946, -0.0982411, 0.13163805), (0.13181978, -0.09837941, 0.13163805), (0.13162729, -0.098436736, 0.13163805), (0.13170706, -0.09849405, 0.13182412), (0.13189946, -0.09863238, 0.13190065), (0.13217221, -0.098436736, 0.13189965), (0.1319794, -0.09829841, 0.13182339), (0.1320923, -0.09857505, 0.13190013), (0.13181974, -0.09823961, 0.0000769186), (0.13162725, -0.09823961, 0), (0.13162725, -0.09837796, 0.0000769186), (0.13162725, -0.09843526, 0.00026260852), (0.13181974, -0.09837796, 0.00026260852), (0.13189943, -0.09823961, 0.00026260852), (0.13018267, -0.09823961, 0.0000769186), (0.1301029, -0.09823961, 0.00026260852), (0.13018267, -0.09837796, 0.00026260852), (0.1303751, -0.09843526, 0.00026260852), (0.1303751, -0.09837796, 0.0000769186), (0.1303751, -0.09823961, 0), (0.13783161, -0.09614059, 0), (0.13802406, -0.09614059, 0.0000769186), (0.13810381, -0.09614059, 0.00026260852), (0.13620679, -0.09619789, 0.13158199), (0.13601434, -0.09614059, 0.1315886), (0.13601446, -0.09619789, 0.13177441), (0.13601469, -0.09633623, 0.1318514), (0.13620757, -0.096335985, 0.13176832), (0.13628656, -0.09633623, 0.13157932), (0.13510296, -0.09619789, 0.13162039), (0.1350232, -0.09633623, 0.13162322), (0.13510507, -0.09633831, 0.13180551), (0.13530035, -0.09633981, 0.1318762), (0.13529791, -0.09619894, 0.13179931), (0.13529542, -0.09614059, 0.13161361), (0.13308313, -0.096197926, 0.13163371), (0.13289066, -0.09614065, 0.1316344), (0.13289066, -0.096197926, 0.13182013), (0.13289066, -0.096336275, 0.13189705), (0.13308316, -0.09633623, 0.13181946), (0.13316283, -0.096336275, 0.13163343), (0.1319792, -0.096197926, 0.13163777), (0.13189946, -0.096336275, 0.13163805), (0.13197939, -0.09633651, 0.13182339), (0.13217221, -0.09633671, 0.13189965), (0.13217193, -0.0961981, 0.13182272), (0.13217165, -0.09614065, 0.13163704), (0.13002317, -0.096197926, 0.13163805), (0.12983073, -0.09614065, 0.13163805), (0.12983073, -0.096197926, 0.1318237), (0.12983073, -0.096336275, 0.13190065), (0.13002317, -0.096336275, 0.1318237), (0.13010293, -0.096336275, 0.13163805), (-0.15293726, -0.09619788, 0.13163808), (-0.15301567, -0.09633623, 0.13163808), (-0.15293728, -0.09633623, 0.13182375), (-0.15274791, -0.09633623, 0.13190068), (-0.15274791, -0.09619788, 0.13182375), (-0.15274791, -0.0961406, 0.13163808), (-0.15309404, -0.09838071, 0.13163808), (-0.1532834, -0.098438, 0.13163808), (-0.15328339, -0.09849529, 0.13182378), (-0.15274793, -0.09863364, 0.13190068), (-0.15293726, -0.09824243, 0.13182375), (-0.15301563, -0.09824236, 0.13163808), (-0.15468921, -0.09838071, 0.13163808), (-0.15476766, -0.09824236, 0.13163808), (-0.15484613, -0.09824279, 0.13182417), (-0.15449987, -0.09849529, 0.13182375), (-0.15449987, -0.098438, 0.13163808), (-0.15476753, -0.09594496, 4.7683713e-8), (-0.15495656, -0.096083246, 0.0000769186), (-0.15503529, -0.0961406, 0.00026265622), (-0.1548479, -0.0961988, 0.00026407719), (-0.15477306, -0.09633824, 0.0002653885), (-0.15469274, -0.096280575, 0.000077772136), (-0.1544997, -0.0961406, 4.7683713e-8), (-0.15457623, -0.09600253, 4.7683713e-8), (-0.15607472, -0.09594496, 4.7683713e-8), (-0.15634246, -0.0961406, 4.7683713e-8), (-0.15615313, -0.09627895, 0.00007695675), (-0.15607467, -0.09633623, 0.0002626419), (-0.15599625, -0.09619788, 0.00026265145), (-0.15580691, -0.0961406, 0.00026265622), (-0.15588537, -0.09608331, 0.00007696629), (-0.15626405, -0.096002236, 4.7683713e-8), (-0.15601026, -0.098238, 0.13162574), (-0.15608545, -0.09838129, 0.131581), (-0.15627345, -0.098437354, 0.1315454), (-0.15631609, -0.09846049, 0.13179153), (-0.15633413, -0.0986337, 0.13189344), (-0.15574321, -0.09824228, 0.13189486), (-0.15589176, -0.09824279, 0.13182847), (-0.15590376, -0.09851906, 0.1318944), (-0.15776685, -0.098380074, 0.13163921), (-0.15784542, -0.09824171, 0.1316358), (-0.15792394, -0.09824171, 0.13182074), (-0.1575678, -0.098484255, 0.1318201), (-0.15757765, -0.098437354, 0.13163501), (-0.15784547, -0.09594496, 4.7683713e-8), (-0.15803482, -0.09608331, 0.00007696629), (-0.15811323, -0.0961406, 0.00026265622), (-0.15792371, -0.09619784, 0.0002625513), (-0.15784505, -0.09633614, 0.00026245115), (-0.15776674, -0.0962788, 0.000076904296), (-0.15757766, -0.0961406, 4.7683713e-8), (-0.15765625, -0.096002236, 4.7683713e-8), (-0.15908334, -0.09594496, 4.7683713e-8), (-0.1593511, -0.0961406, 4.7683713e-8), (-0.15916176, -0.09627895, 0.00007696629), (-0.15908334, -0.09633623, 0.00026265622), (-0.15900491, -0.09619788, 0.00026265622), (-0.15881558, -0.0961406, 0.00026265622), (-0.158894, -0.09608331, 0.00007696629), (-0.15927269, -0.096002236, 4.7683713e-8), (-0.15792386, -0.09619788, 0.13163595), (-0.15811321, -0.0961406, 0.13163629), (-0.15811321, -0.09619788, 0.13182203), (-0.15811321, -0.09633623, 0.13189888), (-0.15792383, -0.09633623, 0.13182165), (-0.15784545, -0.09633623, 0.1316358), (-0.1590049, -0.09619788, 0.13163795), (-0.15908334, -0.09633623, 0.13163811), (-0.15900478, -0.09633638, 0.13182357), (-0.15881531, -0.09633644, 0.13190018), (-0.15881546, -0.09619803, 0.1318233), (-0.15881555, -0.0961406, 0.13163757), (-0.15916187, -0.098380074, 0.13164134), (-0.1593511, -0.098437354, 0.13163811), (-0.15935765, -0.09848812, 0.13182287), (-0.15900463, -0.09824171, 0.13182291), (-0.15908332, -0.09824171, 0.13163811), (-0.16058414, -0.098437354, 0.13156468), (-0.16077256, -0.09837899, 0.13159147), (-0.16084917, -0.09823312, 0.13162655), (-0.1609296, -0.09832199, 0.13182037), (-0.16112375, -0.0986334, 0.13190068), (-0.16058414, -0.09846641, 0.13180228), (-0.1609276, -0.09619788, 0.13163835), (-0.16111694, -0.0961406, 0.13163811), (-0.16111682, -0.09619788, 0.13182376), (-0.16111694, -0.09633623, 0.13190068), (-0.1609276, -0.09633623, 0.13182376), (-0.16084917, -0.09633623, 0.13163811), (-0.15305981, -0.09823956, 0.00007696629), (-0.15324914, -0.09823954, 4.7683713e-8), (-0.153248, -0.09837785, 0.00007696629), (-0.15324765, -0.09843519, 0.00026265622), (-0.15305883, -0.09837784, 0.00026254175), (-0.15298139, -0.09823954, 0.00026266574), (-0.1547479, -0.09823978, 0.00007698059), (-0.15482636, -0.09823962, 0.00026268006), (-0.15475062, -0.09837769, 0.00026409148), (-0.15456127, -0.09843521, 0.00026539803), (-0.15456104, -0.09837791, 0.000077762605), (-0.15455852, -0.09823956, 4.7683713e-8), (-0.15615313, -0.09823956, 0.00007695675), (-0.15634246, -0.09823956, 4.7683713e-8), (-0.15634246, -0.09837791, 0.00007696629), (-0.15634245, -0.09843521, 0.00026265622), (-0.15615313, -0.09837791, 0.00026265622), (-0.15607467, -0.09823956, 0.0002626419), (-0.1577625, -0.09823956, 0.00007696629), (-0.15784095, -0.09823956, 0.00026265622), (-0.15776232, -0.09837797, 0.0002625513), (-0.15757295, -0.09843521, 0.00026245115), (-0.15757297, -0.09837791, 0.000076904296), (-0.15757318, -0.09823956, 4.7683713e-8), (-0.15916176, -0.09823956, 0.00007696629), (-0.1593511, -0.09823956, 4.7683713e-8), (-0.1593511, -0.09837791, 0.00007696629), (-0.1593511, -0.09843521, 0.00026265622), (-0.15916176, -0.09837791, 0.00026265145), (-0.15908334, -0.09823956, 0.00026265622), (-0.16077213, -0.09823956, 0.00007696629), (-0.16085054, -0.09823956, 0.00026265622), (-0.16077219, -0.09837791, 0.00026268957), (-0.16058281, -0.09843521, 0.00026271818), (-0.16058281, -0.09837791, 0.00007698059), (-0.16058277, -0.09823956, 4.7683713e-8), (0.172085, -0.04080616, 0.027617754), (0.17224422, -0.04094504, 0.027694782), (0.17231002, -0.0410018, 0.027880363), (0.1723759, -0.040863454, 0.027880464), (0.17253497, -0.04080616, 0.027880363), (0.1724686, -0.040748786, 0.027694583), (0.17231002, -0.04061052, 0.027617754), (0.1721511, -0.040667813, 0.027617754), (0.17231002, -0.04097097, 0.032405246), (0.1723849, -0.04085441, 0.032546822), (0.17256553, -0.04080616, 0.03260546), (0.1746735, -0.0407489, 0.027694672), (0.1746735, -0.04080616, 0.027880358), (0.17483257, -0.0407489, 0.027880358), (0.17489849, -0.04061052, 0.027880358), (0.17483257, -0.04061052, 0.027694672), (0.1746735, -0.04061052, 0.027617754), (0.17489849, -0.037424043, 0.027880358), (0.17483257, -0.037424043, 0.027694672), (0.1746735, -0.037424043, 0.027617754), (0.17489849, -0.04061052, 0.032605458), (0.17483257, -0.0407489, 0.032605458), (0.1746735, -0.04080616, 0.032605458), (0.174753, -0.037452705, 0.032829605), (0.174753, -0.0373954, 0.03264391), (0.174753, -0.037257064, 0.03256699), (0.17483257, -0.03728571, 0.032528542), (0.17489849, -0.037424043, 0.032342847), (0.17489849, -0.0376197, 0.032605458), (0.17483257, -0.037481353, 0.03279115), (0.17489849, -0.037562393, 0.032419767), (0.17202815, -0.09633651, 0.05411952), (0.17224415, -0.0963186, 0.054196432), (0.17231002, -0.096301764, 0.054392885), (0.17229828, -0.094862066, 0.054067973), (0.17138667, -0.0961226, 0.053857904), (0.17202152, -0.096198194, 0.054042663), (0.17229252, -0.09586339, 0.054383453), (0.1723759, -0.04061052, 0.054196343), (0.17246021, -0.04061052, 0.05415559), (0.1725349, -0.0407489, 0.054042526), (0.17253497, -0.04080616, 0.05385683), (0.1723759, -0.040863268, 0.05385661), (0.17231002, -0.040887002, 0.05422802), (0.17483257, -0.04061052, 0.054042526), (0.17489849, -0.04061052, 0.05385683), (0.17483257, -0.0407489, 0.05385683), (0.1746735, -0.04080616, 0.05385683), (0.1746735, -0.0407489, 0.054042526), (0.174753, -0.04061052, 0.054080978), (0.17473842, -0.037494056, 0.05402545), (0.174753, -0.037452705, 0.05385683), (0.17483257, -0.037481353, 0.05385683), (0.17489849, -0.0376197, 0.05385683), (0.17483257, -0.0376197, 0.054042526), (0.174753, -0.0376197, 0.054080978), (0.17247391, -0.03735485, 0.032698408), (0.17246021, -0.037397116, 0.03286806), (0.1723759, -0.037366748, 0.03286806), (0.17231002, -0.0372284, 0.03286806), (0.1723759, -0.0372284, 0.032682374), (0.17246021, -0.0372284, 0.032641605), (0.17246021, -0.037397116, 0.053892974), (0.17246021, -0.037454426, 0.054078657), (0.17246021, -0.037592757, 0.05415559), (0.1723759, -0.037562393, 0.054196343), (0.17231002, -0.037424043, 0.054382037), (0.17231002, -0.0372284, 0.054119434), (0.1723759, -0.037366748, 0.053933743), (0.17231002, -0.03728571, 0.05430513), (0.13810465, -0.094914675, 0.00026260852), (0.13802491, -0.094914675, 0.0000769186), (0.1378324, -0.094914675, 0), (0.17280659, -0.037481353, 0.05385683), (0.17287247, -0.0376197, 0.05385683), (0.17280659, -0.0376197, 0.054042526), (0.17271434, -0.0376197, 0.054087132), (0.17270172, -0.037492022, 0.05402818), (0.17271434, -0.037448134, 0.05385683), (0.17287247, -0.03999757, 0.05385683), (0.17293835, -0.040135916, 0.05385683), (0.17309742, -0.040193208, 0.05385683), (0.17297329, -0.040256657, 0.054042526), (0.17273273, -0.040287398, 0.054087132), (0.17281425, -0.040118326, 0.054042526), (0.17287247, -0.037424043, 0.032342847), (0.17287247, -0.0376197, 0.03260546), (0.17280659, -0.037481353, 0.032791153), (0.17271434, -0.037448134, 0.032835755), (0.17271434, -0.037390824, 0.03265007), (0.17271434, -0.037252493, 0.03257315), (0.17280659, -0.03728571, 0.032528542), (0.17287247, -0.037562393, 0.032419767), (0.17433597, -0.037424043, 0.032342847), (0.1744019, -0.03728571, 0.032528542), (0.17448616, -0.03725533, 0.032569304), (0.17448616, -0.037393678, 0.032646213), (0.17448616, -0.037450984, 0.032831915), (0.1744019, -0.037481353, 0.03279115), (0.17433597, -0.0376197, 0.032605458), (0.17433597, -0.037562393, 0.032419767), (0.17411102, -0.040193208, 0.05385683), (0.17427012, -0.040135916, 0.05385683), (0.17433597, -0.03999757, 0.05385683), (0.17439419, -0.040118326, 0.054042526), (0.17446865, -0.040272824, 0.05408328), (0.17423515, -0.040256657, 0.054042526), (0.1744019, -0.037481353, 0.05385683), (0.17448616, -0.037450984, 0.05385683), (0.17450015, -0.037493285, 0.054026473), (0.17448616, -0.0376197, 0.05408328), (0.1744019, -0.0376197, 0.054042526), (0.17433597, -0.0376197, 0.05385683), (0.17293835, -0.03999757, 0.029093737), (0.17309742, -0.03999757, 0.029016828), (0.17309742, -0.040135916, 0.029093737), (0.17309742, -0.040193208, 0.029279437), (0.17293835, -0.040135916, 0.029279437), (0.17287247, -0.03999757, 0.029279437), (0.17427012, -0.03999757, 0.029093737), (0.17433597, -0.03999757, 0.029279437), (0.17427012, -0.040135916, 0.029279437), (0.17411102, -0.040193208, 0.029279437), (0.17411102, -0.040135916, 0.029093737), (0.17411102, -0.03999757, 0.029016823), (0.17071216, -0.09494513, 0.02787455), (0.17055576, -0.095000744, 0.02787418), (0.17062412, -0.095059544, 0.027691387), (0.17079449, -0.095196255, 0.027615799), (0.17094551, -0.09513488, 0.027617153), (0.17100796, -0.09498607, 0.027617754), (0.17084423, -0.094862185, 0.027692875), (0.17077701, -0.09481013, 0.027874265), (0.17100616, -0.037424043, 0.027617754), (0.17084415, -0.03743983, 0.027693205), (0.17077701, -0.037477814, 0.027875347), (0.17100288, -0.04080616, 0.027617754), (0.17084315, -0.040813625, 0.027694345), (0.17077701, -0.04083167, 0.027879247), (-0.16407895, -0.043386236, 0.00027091027), (-0.16414651, -0.04350759, 0.00027089595), (-0.16409346, -0.04353421, 0.00007938385), (-0.1638736, -0.043433566, 4.7683713e-8), (-0.16399321, -0.043254655, 0.00007938385), (-0.16405584, -0.0432546, 0.00027089595), (-0.17011602, -0.05309027, 0.00027092933), (-0.17013916, -0.053372014, 0.0002708244), (-0.17005758, -0.053361848, 0.00007301807), (-0.1699255, -0.05313785, 4.7683713e-8), (-0.16990243, -0.052889183, 0.00007312775), (-0.16996513, -0.05284306, 0.0002709055), (-0.1702295, -0.052859936, 0.13190068), (-0.17035294, -0.05323284, 0.13190068), (-0.16915323, -0.05318582, 0.13349311), (-0.16891623, -0.052538402, 0.13347602), (0.16133632, -0.0961226, 0.053870782), (0.16087657, -0.09612258, 0.05413793), (0.15445007, -0.0961226, 0.027190432), (0.15491764, -0.0961226, 0.027599864), (-0.15871772, -0.04653374, 0.0015600108), (-0.15894565, -0.04722706, 0.0015600108), (-0.15328339, -0.09863364, 0.13190068), (-0.15290478, -0.09851906, 0.13190068), (-0.15274793, -0.09824236, 0.13190068), (-0.15503539, -0.09824228, 0.13190041), (-0.15449983, -0.0986337, 0.13190068), (-0.15811363, -0.09824228, 0.13189758), (-0.15794761, -0.09851906, 0.13189705), (-0.15755744, -0.0986337, 0.13189608), (-0.15936452, -0.0986334, 0.13189942), (-0.15897773, -0.09851906, 0.13189916), (-0.1588148, -0.09824179, 0.13189921), (0.17231002, -0.041001175, 0.053856395), (0.17231002, -0.04061052, 0.054382037), (-0.16396545, -0.043598555, 4.7683713e-8), (-0.1638421, -0.04325468, 4.7683713e-8), (-0.17329107, -0.09852636, 0.13360415), (-0.17017616, -0.05307539, 0.13182132), (-0.16410217, -0.043374404, 0.13179311), (-0.15899748, -0.046845797, 0.13338533), (-0.16882688, -0.05284846, 0.13341495), (-0.16879132, -0.09366537, 0.1334162), (-0.17338794, -0.09860994, 0.1437084), (0.17223446, -0.099877216, 0.055903472), (0.17222424, -0.09860448, 0.055905018), (0.16169612, -0.09852628, 0.0560198), (0.16160953, -0.09366653, 0.055936262), (0.16118214, -0.09987419, 0.054210886), (0.16114756, -0.09620639, 0.05410095), (0.17221504, -0.09987397, 0.054230332), (0.15471943, -0.096082434, 0.027339673), (0.15479098, -0.094919965, 0.02731955), (0.1301029, -0.09614065, 0.0000769186), (-0.15299755, -0.096140735, 0.000077071185), (0.13819884, -0.09614106, 0.006107559), (0.13819197, -0.09622202, 0.13157877), (-0.16084918, -0.0961406, 0.00007697582), (0.16142665, -0.09491999, 0.05476357), (0.17068134, -0.094918124, 0.05483403), (-0.16869497, -0.093581595, 0.0016710615), (0.13288485, -0.09358309, 0.0016484928), (-0.16871578, -0.052876152, 0.0016667652), (-0.15888642, -0.04687408, 0.0016381359), (0.1331628, -0.09614065, 0.0000769186), (0.13189943, -0.09614065, 0.0000769186), (0.13622116, -0.09614065, 0.0000769186), (0.13495782, -0.09614065, 0.0000769186), (0.13803585, -0.09843803, 0.131641), (0.1362882, -0.09843556, 0.1317654), (0.13502519, -0.098436914, 0.13180897), (0.133163, -0.098436676, 0.13181913), (0.1379887, -0.09835248, 0.000111050605), (0.13633634, -0.09835254, 0.00011105537), (0.13484274, -0.09835254, 0.00011104107), (0.13327791, -0.09835254, 0.00011104107), (0.13010293, -0.098436736, 0.1318237), (0.13189963, -0.098436736, 0.13182375), (0.13178433, -0.09835254, 0.00011104107), (0.13021801, -0.09835254, 0.00011104583), (0.13617189, -0.09622329, 0.13173519), (0.1351398, -0.09622421, 0.1317703), (0.13304777, -0.09622337, 0.13178545), (0.13201474, -0.0962235, 0.13178916), (0.12998785, -0.09622337, 0.13178958), (-0.15290247, -0.096223325, 0.13178962), (-0.15303859, -0.09842124, 0.13182378), (-0.15474476, -0.09842145, 0.13182409), (-0.154768, -0.09614138, 0.000077362056), (-0.15607469, -0.0961406, 0.00007696629), (-0.15600367, -0.09840062, 0.13180886), (-0.15781936, -0.09841502, 0.13182174), (-0.1578454, -0.09614054, 0.00007693767), (-0.15908334, -0.0961406, 0.00007696629), (-0.15795864, -0.096223325, 0.13178763), (-0.15897001, -0.096223384, 0.13178945), (-0.1591083, -0.098417364, 0.13182373), (-0.16081786, -0.098417364, 0.13176975), (-0.16096234, -0.096223325, 0.13178974), (-0.15309377, -0.09835243, 0.00011106014), (-0.1547155, -0.09835243, 0.000111699104), (-0.1561879, -0.098352484, 0.00011108875), (-0.15772754, -0.098352484, 0.00011104583), (-0.15919657, -0.098352484, 0.00011108875), (-0.16073737, -0.098352484, 0.00011110782), (0.17230998, -0.04080628, 0.027694711), (0.17480335, -0.04072343, 0.0277288), (0.17483257, -0.037424043, 0.032605458), (0.17225029, -0.096107766, 0.05414686), (0.17237587, -0.04078928, 0.054096825), (0.17480335, -0.04072343, 0.054008383), (0.17480335, -0.03750678, 0.054008383), (0.17240512, -0.03734132, 0.032716498), (0.1723759, -0.037424043, 0.054119434), (0.17277718, -0.03750678, 0.054008383), (0.17290387, -0.04017244, 0.05400918), (0.17280659, -0.037424043, 0.03260546), (0.1744019, -0.037424043, 0.032605458), (0.17430465, -0.04017244, 0.05400918), (0.17443126, -0.03750678, 0.054008383), (0.17296757, -0.040110484, 0.02912787), (0.17424083, -0.040110484, 0.02912787), (0.17077908, -0.09500235, 0.02769245), (-0.16401882, -0.04339992, 0.00007939815), (-0.170065, -0.053103082, 0.000107712745), (-0.15489288, -0.09853023, 0.13189438), (-0.15770815, -0.099650554, 0.1319006), (-0.15772428, -0.09989948, 0.13197762), (-0.15772428, -0.09995678, 0.13216332), (-0.15772428, -0.09995678, 0.1435215), (-0.15772428, -0.09989948, 0.14370717), (-0.15772428, -0.09973452, 0.14378363), (-0.15772428, -0.09887649, 0.14376868), (-0.15772428, -0.09866637, 0.14370717), (-0.15772428, -0.098609075, 0.14332618), (-0.15772325, -0.09859884, 0.13411514), (-0.15771835, -0.09855192, 0.13357021), (-0.15800981, -0.098099574, 0.13349311), (0.14307809, -0.0961226, 0.026756473), (-0.15795681, -0.05421503, 0.0015839814), (-0.1703748, -0.06282232, 0.13190073), (-0.17021571, -0.06282232, 0.13182381), (-0.17014983, -0.062822334, 0.13163811), (-0.17037477, -0.055484485, 0.13190073), (-0.1702157, -0.055484556, 0.13182378), (-0.17014982, -0.055484485, 0.13163811), (-0.17450507, -0.058432255, 0.13190068), (-0.1730164, -0.062822305, 0.13190071), (-0.17301613, -0.055478472, 0.13190073), (-0.16992489, -0.062603235, 6.67572e-8), (-0.17008403, -0.06276967, 0.00007719517), (-0.17014983, -0.06283867, 0.0002634287), (-0.16992489, -0.055719227, 6.67572e-8), (-0.17008397, -0.055553224, 0.00007698536), (-0.17014983, -0.055484485, 0.00026266574), (-0.1687402, -0.06260329, 6.67572e-8), (-0.16874017, -0.055719245, 6.67572e-8), (-0.16874017, -0.05915581, 6.67572e-8), (-0.17014983, -0.062368486, 6.67572e-8), (-0.17030899, -0.062535286, 0.00007697105), (-0.1703748, -0.0626046, 0.00026268483), (-0.17021583, -0.062672675, 0.00026305675), (-0.16999088, -0.062436752, 6.67572e-8), (-0.17014983, -0.055954017, 6.67572e-8), (-0.17021577, -0.055650465, 0.0002627039), (-0.17037484, -0.055719137, 0.00026273727), (-0.17030899, -0.055787925, 0.00007699966), (-0.16999076, -0.055885322, 6.67572e-8), (-0.17021571, -0.06265633, 0.13163811), (-0.1703748, -0.06258755, 0.13163811), (-0.1703748, -0.06265629, 0.13182381), (-0.17272556, -0.06251888, 0.13163812), (-0.17279144, -0.06235282, 0.13163812), (-0.17285731, -0.062352844, 0.13182381), (-0.17256658, -0.06265633, 0.13182381), (-0.17256649, -0.062587604, 0.13163812), (-0.1727256, -0.06112022, 0.13163811), (-0.17256655, -0.061051443, 0.13163811), (-0.17256695, -0.060982652, 0.13182421), (-0.17285736, -0.061286233, 0.13182381), (-0.17279148, -0.061286233, 0.13163811), (-0.16992489, -0.061051577, 6.67572e-8), (-0.17008393, -0.060885858, 0.00007693767), (-0.17014983, -0.060816806, 0.00026267528), (-0.17021671, -0.060981125, 0.00026409625), (-0.17037708, -0.061046753, 0.00026540755), (-0.17031074, -0.061117165, 0.000077791214), (-0.17014983, -0.061286416, 6.67572e-8), (-0.16999108, -0.06121931, 6.67572e-8), (-0.16992489, -0.059905443, 6.67572e-8), (-0.17014983, -0.059670713, 6.67572e-8), (-0.17030892, -0.059836715, 0.00007697582), (-0.1703748, -0.05990547, 0.00026266096), (-0.17021571, -0.059974268, 0.00026266574), (-0.17014983, -0.06014024, 0.00026267528), (-0.17008397, -0.060071457, 0.00007698536), (-0.16999076, -0.059739437, 6.67572e-8), (-0.17256145, -0.05996195, 0.13162574), (-0.17272621, -0.059896052, 0.131581), (-0.17279072, -0.059731167, 0.1315454), (-0.1728173, -0.059693787, 0.13179155), (-0.1730165, -0.05967801, 0.13189349), (-0.17256643, -0.06019607, 0.13189492), (-0.17256695, -0.06006584, 0.13182847), (-0.17288463, -0.060055315, 0.1318944), (-0.17272487, -0.05842179, 0.13163923), (-0.17256576, -0.058352888, 0.13163581), (-0.17256576, -0.058284014, 0.13182077), (-0.17284462, -0.058596294, 0.1318201), (-0.17279072, -0.058587644, 0.13163505), (-0.16992489, -0.058352865, 6.67572e-8), (-0.17008397, -0.05818684, 0.00007698536), (-0.17014983, -0.05811813, 0.00026267528), (-0.17021568, -0.05828423, 0.00026257036), (-0.17037463, -0.058353264, 0.00026247025), (-0.17030878, -0.058421925, 0.00007692337), (-0.17014983, -0.058587644, 6.67572e-8), (-0.16999076, -0.058518756, 6.67572e-8), (-0.16992489, -0.057267506, 6.67572e-8), (-0.17014983, -0.05703273, 6.67572e-8), (-0.17030892, -0.057198763, 0.00007698536), (-0.1703748, -0.057267506, 0.00026267528), (-0.17021571, -0.05733629, 0.00026267528), (-0.17014983, -0.05750231, 0.00026267528), (-0.17008397, -0.057433505, 0.00007698536), (-0.16999076, -0.05710148, 6.67572e-8), (-0.1702157, -0.058284122, 0.13163595), (-0.17014982, -0.058118116, 0.13163629), (-0.1702157, -0.05811813, 0.13182203), (-0.17037477, -0.058118116, 0.1318989), (-0.17037477, -0.058284122, 0.13182165), (-0.17037477, -0.058352865, 0.13163581), (-0.1702157, -0.05733629, 0.13163799), (-0.17037477, -0.057267472, 0.13163811), (-0.1703749, -0.057336353, 0.13182357), (-0.170375, -0.05750253, 0.13190018), (-0.1702158, -0.05750237, 0.13182335), (-0.17014982, -0.05750231, 0.1316376), (-0.17272487, -0.057198618, 0.13164142), (-0.17279072, -0.057032723, 0.13163811), (-0.1728491, -0.057027005, 0.13182287), (-0.17256576, -0.05733649, 0.13182291), (-0.17256576, -0.057267506, 0.13163811), (-0.17279072, -0.0559516, 0.13156469), (-0.17272359, -0.05578638, 0.13159153), (-0.17255586, -0.055719227, 0.1316266), (-0.17265806, -0.05564872, 0.13182044), (-0.17282413, -0.0559516, 0.1318023), (-0.1702157, -0.055650476, 0.13163835), (-0.17037477, -0.055650476, 0.13182381), (-0.17037477, -0.055719227, 0.13163811), (-0.17256334, -0.06254887, 0.00007698536), (-0.17256327, -0.062382855, 6.67572e-8), (-0.17272235, -0.06238386, 0.00007698536), (-0.17278823, -0.062384184, 0.00026267528), (-0.17272224, -0.06254973, 0.00026256085), (-0.17256327, -0.06261762, 0.00026268483), (-0.17256352, -0.061068777, 0.00007699966), (-0.17256337, -0.061000016, 0.00026269912), (-0.17272213, -0.06106641, 0.00026411057), (-0.17278829, -0.061232407, 0.0002654171), (-0.1727224, -0.061232634, 0.000077781675), (-0.17256334, -0.061234854, 6.67572e-8), (-0.17256334, -0.059836715, 0.00007697582), (-0.17256334, -0.059670713, 6.67572e-8), (-0.1727224, -0.059670713, 0.00007698536), (-0.17278829, -0.059670728, 0.00026267528), (-0.1727224, -0.059836715, 0.00026267528), (-0.17256334, -0.05990547, 0.00026266096), (-0.17256334, -0.05842559, 0.00007698536), (-0.17256334, -0.05835682, 0.00026267528), (-0.17272244, -0.05842577, 0.00026257036), (-0.17278829, -0.05859179, 0.00026247025), (-0.1727224, -0.05859176, 0.00007692337), (-0.17256334, -0.058591586, 6.67572e-8), (-0.17256334, -0.057198763, 0.00007698536), (-0.17256334, -0.05703273, 6.67572e-8), (-0.1727224, -0.05703273, 0.00007698536), (-0.17278829, -0.05703273, 0.00026267528), (-0.1727224, -0.057198785, 0.00026266574), (-0.17256334, -0.057267506, 0.00026267528), (-0.17256334, -0.05578679, 0.00007698536), (-0.17256334, -0.055718035, 0.00026267528), (-0.1727224, -0.055786785, 0.0002627039), (-0.17278829, -0.05595277, 0.00026273727), (-0.1727224, -0.05595277, 0.00007699966), (-0.17256334, -0.055952813, 6.67572e-8), (-0.1730164, -0.062352844, 0.13190073), (-0.17288463, -0.06268483, 0.13190073), (-0.17256649, -0.062822305, 0.13190073), (-0.17256643, -0.060816698, 0.13190044), (-0.1730165, -0.061286245, 0.13190073), (-0.17256643, -0.0581177, 0.1318976), (-0.17288463, -0.058263276, 0.13189705), (-0.1730165, -0.05860539, 0.1318961), (-0.17301613, -0.05702098, 0.13189943), (-0.17288463, -0.057360064, 0.13189921), (-0.1725658, -0.057502925, 0.13189922), (-0.17015003, -0.06260347, 0.00007709026), (-0.17014983, -0.055719227, 0.00007699012), (-0.17024498, -0.06268685, 0.13178964), (-0.17277215, -0.06256745, 0.13182381), (-0.17277244, -0.061071515, 0.13182409), (-0.17015073, -0.06105113, 0.00007738113), (-0.17014983, -0.05990545, 0.00007698536), (-0.17274846, -0.059967738, 0.13180886), (-0.17276499, -0.058375716, 0.13182178), (-0.17014977, -0.058352906, 0.000076951976), (-0.17014983, -0.057267506, 0.00007698536), (-0.17024496, -0.058253616, 0.13178763), (-0.17024502, -0.057366833, 0.13178949), (-0.17276771, -0.057245594, 0.13182376), (-0.17276771, -0.055746667, 0.13176979), (-0.17024496, -0.055620026, 0.13178977), (-0.17269304, -0.06251913, 0.000111079215), (-0.17269304, -0.06109719, 0.00011171341), (-0.17269315, -0.059806183, 0.00011110782), (-0.17269315, -0.058456257, 0.00011106014), (-0.17269315, -0.05716822, 0.00011110782), (-0.17269315, -0.055817254, 0.00011112213), (-0.17289747, -0.06094167, 0.1318944), (-0.15484607, -0.09638817, 0.1318233), (-0.15484607, -0.09625367, 0.13174866), (-0.15484607, -0.096197955, 0.13163595), (-0.15476747, -0.09639195, 0.1316358), (-0.15592836, -0.09638263, 0.13181795), (-0.15593095, -0.09625188, 0.13174081), (-0.1559321, -0.09619788, 0.13163595), (-0.15574294, -0.0961406, 0.13164194), (-0.15574288, -0.09619675, 0.13182077), (-0.15574288, -0.09633222, 0.13189489), (-0.15601034, -0.09639195, 0.1316358), (-0.15503563, -0.0961406, 0.13163628), (-0.15503563, -0.096196294, 0.13182443), (-0.15503563, -0.09633059, 0.13189921), (-0.17043445, -0.06098267, 0.13182335), (-0.1702798, -0.060982678, 0.13174868), (-0.17021576, -0.060982678, 0.13163595), (-0.17043886, -0.061051607, 0.13163581), (-0.17042807, -0.060033746, 0.13181797), (-0.17027782, -0.06003146, 0.13174084), (-0.17021567, -0.06003047, 0.13163595), (-0.17037016, -0.060196374, 0.13189492), (-0.17021433, -0.060196374, 0.13182083), (-0.17014982, -0.060196325, 0.13164197), (-0.17043886, -0.059961867, 0.13163581), (-0.17014982, -0.06081648, 0.13164407), (-0.1702138, -0.06081648, 0.13182448), (-0.17036827, -0.060816508, 0.13189922), (0.14301585, -0.09809925, 0.1300837), (0.14305781, -0.09855178, 0.13014501), (0.14336137, -0.09859875, 0.13056721), (0.14295298, -0.09372167, 0.13004547), (0.14284208, -0.0937062, 0.12947488), (0.14132033, -0.093704596, 0.13104795), (0.1421073, -0.093706526, 0.13036166), (0.14221275, -0.09372167, 0.1309233), (0.14144658, -0.09372167, 0.13166086), (0.14301558, -0.0939872, 0.13008425), (0.14226519, -0.0939872, 0.13097437), (0.14149056, -0.0939872, 0.13172077), (0.14846115, -0.09860907, 0.13764006), (0.14867069, -0.0986664, 0.13793649), (0.14870548, -0.09887654, 0.13798381), (0.14871341, -0.099734575, 0.13799587), (0.14866778, -0.09989947, 0.13793924), (0.14855255, -0.0999572, 0.13781558), (0.13889784, -0.09372167, 0.1330608), (0.1388521, -0.09370733, 0.1325051), (0.13891755, -0.0939872, 0.13313517), (0.14227833, -0.09995675, 0.12904796), (0.14149061, -0.09809925, 0.13172068), (0.1422653, -0.09809925, 0.1309741), (0.1425797, -0.09859875, 0.13148317), (0.14176695, -0.098598726, 0.13225658), (0.14584854, -0.098609045, 0.14012542), (0.14722843, -0.09860907, 0.13894548), (0.14745148, -0.09887654, 0.13930717), (0.14604557, -0.09887654, 0.14050628), (0.14605217, -0.099734575, 0.14051925), (0.14745879, -0.099734575, 0.13931964), (0.14731579, -0.09995712, 0.13911338), (0.14592838, -0.0999569, 0.14029554), (0.14090177, -0.09995675, 0.13058288), (0.14159372, -0.09995675, 0.12989058), (0.1389176, -0.09809925, 0.13313517), (0.13905583, -0.098598726, 0.13373446), (0.14105253, -0.098609045, 0.14257951), (0.14115453, -0.09887654, 0.14300606), (0.14115818, -0.099734575, 0.14302039), (0.14109498, -0.09995675, 0.14276698), (0.13863085, -0.09995675, 0.1318594), (0.14213161, -0.09958646, 0.12884259), (0.14202206, -0.096300825, 0.12913576), (0.14145926, -0.099588975, 0.12967385), (0.14078234, -0.09959771, 0.13035426), (0.14038277, -0.09630098, 0.13089381), (0.14126982, -0.096273914, 0.13011792), (0.14230382, -0.09855178, 0.13103822), (0.14152479, -0.09855176, 0.13178793), (0.14741985, -0.0986664, 0.13925691), (0.14601769, -0.09866636, 0.14045313), (0.14741847, -0.09989947, 0.13925818), (0.14601696, -0.09989947, 0.14045371), (0.14217424, -0.09989947, 0.1289025), (0.14149907, -0.09989947, 0.12973678), (0.1408184, -0.09989947, 0.13042082), (0.13893549, -0.09855176, 0.13320974), (0.14113966, -0.09866634, 0.14294654), (0.14113978, -0.09989947, 0.14294648), (0.13858812, -0.09989947, 0.1316793), (0.13856828, -0.09964818, 0.13160442), (0.14195146, -0.096198134, 0.12903002), (0.14182357, -0.0961226, 0.12890737), (0.14118317, -0.09619822, 0.12997709), (0.14032282, -0.09619822, 0.13078175), (0.14110626, -0.09612258, 0.12983344), (0.14023457, -0.0961226, 0.1305861), (0.13934758, -0.09963057, 0.1313187), (0.14008245, -0.09961241, 0.13090245), (0.13979396, -0.09372167, 0.13273497), (0.1406425, -0.09372167, 0.13226719), (0.13982207, -0.0939872, 0.13280605), (0.14067854, -0.0939872, 0.13233358), (0.13969775, -0.093704164, 0.1320907), (0.14054331, -0.09370563, 0.13167606), (0.13982216, -0.09809925, 0.13280605), (0.1406786, -0.09809925, 0.13233356), (0.13984577, -0.09855176, 0.1328788), (0.14070776, -0.09855176, 0.13240378), (0.14000858, -0.098598726, 0.13338901), (0.14091174, -0.098598726, 0.13289486), (0.14273363, -0.098609045, 0.14197655), (0.14434248, -0.098609045, 0.1411496), (0.1428495, -0.09866634, 0.14233333), (0.14448614, -0.09866634, 0.14149298), (0.14286894, -0.09887654, 0.1423913), (0.14450994, -0.09887654, 0.14154872), (0.14287359, -0.099734575, 0.1424053), (0.14451562, -0.099734575, 0.14156227), (0.14284937, -0.09989947, 0.1423334), (0.1444858, -0.09989947, 0.1414932), (0.14278947, -0.09995675, 0.14215899), (0.14441156, -0.099956825, 0.14132567), (0.13943018, -0.09995675, 0.13156733), (0.1401843, -0.09995675, 0.13114208), (0.13937326, -0.09989947, 0.13139166), (0.1401137, -0.09989947, 0.13097258), (0.1452898, -0.098099194, 0.12518552), (0.14533985, -0.09855185, 0.12523706), (0.14528888, -0.09398721, 0.12518556), (0.1452293, -0.09372167, 0.125147), (0.14561298, -0.098598816, 0.12586075), (0.15160365, -0.09860912, 0.13164434), (0.15185592, -0.09866637, 0.13188866), (0.14506441, -0.09371016, 0.124778174), (0.15189724, -0.09887655, 0.13192695), (0.15190716, -0.099734515, 0.13193642), (0.1518573, -0.099899575, 0.1318852), (0.15175812, -0.099937335, 0.13179721), (0.14435464, -0.099956825, 0.12454698), (0.14423278, -0.09989953, 0.1244255), (0.1441829, -0.099593, 0.12437431), (0.14415762, -0.09633791, 0.1244103), (0.14410551, -0.09619812, 0.12437669), (0.14364995, -0.09809927, 0.12914057), (0.14369446, -0.09855178, 0.12919925), (0.14364938, -0.0939872, 0.12914167), (0.14357339, -0.09372167, 0.1291216), (0.14402105, -0.09859875, 0.12959719), (0.14948036, -0.09860907, 0.13626388), (0.14970478, -0.0986664, 0.13654596), (0.14345635, -0.09370757, 0.12861456), (0.1497425, -0.09887654, 0.13659), (0.14975074, -0.099734575, 0.13660192), (0.14969894, -0.09989947, 0.13655187), (0.14957298, -0.09995645, 0.13646622), (0.14285982, -0.09995679, 0.12815407), (0.14274794, -0.09989949, 0.12801772), (0.14270304, -0.099587835, 0.12796043), (0.14263837, -0.09632388, 0.12811525), (0.14258279, -0.096197985, 0.12804046), (0.14243333, -0.0961226, 0.12793495), (0.14415546, -0.09809925, 0.12821227), (0.14459899, -0.09809925, 0.12730312), (0.14420134, -0.09855183, 0.12826948), (0.14464822, -0.09855183, 0.12735476), (0.14415434, -0.0939872, 0.12821439), (0.14459665, -0.0939872, 0.12730758), (0.14454459, -0.09859875, 0.1286448), (0.14499883, -0.098598816, 0.1277207), (0.14405967, -0.09372167, 0.12822627), (0.14453626, -0.09372167, 0.1272591), (0.1439305, -0.093708135, 0.12774593), (0.14442185, -0.09370938, 0.12675892), (0.15024196, -0.098609105, 0.13495928), (0.15078616, -0.098609105, 0.13389538), (0.15047646, -0.0986664, 0.13523065), (0.15102512, -0.0986664, 0.13416354), (0.15051666, -0.09887654, 0.13527122), (0.15106449, -0.09887654, 0.13420603), (0.15052485, -0.099734575, 0.13528354), (0.15107219, -0.099734575, 0.13421951), (0.15046565, -0.09989949, 0.13524392), (0.1510326, -0.09989953, 0.13414447), (0.150326, -0.099953465, 0.13522403), (0.15091862, -0.09994688, 0.13410106), (0.1433316, -0.099956825, 0.12726527), (0.14376466, -0.099956825, 0.12636065), (0.14321394, -0.09989953, 0.1271381), (0.14364338, -0.09989953, 0.12623978), (0.14316769, -0.09959018, 0.1270822), (0.14359353, -0.099591844, 0.1261899), (0.14312321, -0.09633041, 0.12717888), (0.14355384, -0.09633528, 0.12626381), (0.14307064, -0.09619795, 0.12711616), (0.1435056, -0.096197985, 0.12620616), (0.14332213, -0.0961226, 0.12612493), (0.1429009, -0.09612258, 0.1270239), (-0.1733696, -0.09991559, 0.1435254), (-0.17393352, -0.09979795, 0.14352582), (-0.17441165, -0.09947405, 0.14352603), (-0.17473304, -0.098991916, 0.1435259), (-0.17485015, -0.098422974, 0.14352548), (-0.1748491, -0.09843104, 0.13216332), (-0.17473146, -0.0989965, 0.13216332), (-0.17440875, -0.099475764, 0.13216332), (-0.17392875, -0.09979773, 0.13216332), (-0.17336255, -0.09991483, 0.13216332), (-0.17008194, -0.094608046, 0.00026275156), (-0.16996658, -0.095174655, 0.00026271818), (-0.16964436, -0.095655076, 0.00026268957), (-0.1691636, -0.09597719, 0.0002626705), (-0.1685964, -0.09609277, 0.00026266574), (-0.16859667, -0.09609277, 0.13163811), (-0.16916376, -0.095977105, 0.13163811), (-0.16964442, -0.09565467, 0.13163811), (-0.16996658, -0.09517385, 0.13163811), (-0.17008191, -0.09460676, 0.13163811), (-0.17477743, -0.09839151, 0.14370842), (-0.17465648, -0.09895161, 0.14370853), (-0.17432916, -0.09942802, 0.14370094), (-0.17383373, -0.099744804, 0.14370853), (-0.17325374, -0.099860564, 0.14370838), (-0.17368698, -0.099561565, 0.14376721), (-0.17416249, -0.09930527, 0.14376187), (-0.17442621, -0.09887702, 0.14378363), (-0.17456293, -0.098369904, 0.14378363), (-0.17307761, -0.09966169, 0.14377904), (-0.17481071, -0.0983989, 0.13200313), (-0.17469537, -0.098965, 0.13200575), (-0.17437229, -0.09944484, 0.13200651), (-0.17389008, -0.09976627, 0.13200536), (-0.17332132, -0.09988094, 0.13200249), (-0.17004856, -0.09458243, 0.00010726928), (-0.16993366, -0.09514802, 0.00010830879), (-0.16960983, -0.09562751, 0.00010832786), (-0.16912596, -0.09594834, 0.00010732651), (-0.1685552, -0.09606209, 0.0001054573), (-0.16863649, -0.09614926, 0.13182384), (-0.16921332, -0.09603518, 0.13182384), (-0.16970225, -0.09571759, 0.13182384), (-0.17002986, -0.0952441, 0.13182384), (-0.17014714, -0.09468561, 0.13182384), (-0.1687555, -0.09626312, 0.13190068), (-0.16936067, -0.09618436, 0.13190068), (-0.16985029, -0.09584292, 0.13190068), (-0.17018743, -0.09541727, 0.13190068), (-0.17030007, -0.094790526, 0.13190068), (-0.16979723, -0.095060706, 5.2452087e-8), (-0.1694618, -0.09552541, 5.2452087e-8), (-0.16895996, -0.09583596, 4.7683713e-8), (-0.1683681, -0.09594496, 4.7683713e-8), (-0.16991541, -0.094512336, 5.2452087e-8), (-0.17301354, -0.099594794, 0.13190068), (-0.17358415, -0.09948092, 0.13190068), (-0.17406785, -0.09915789, 0.13190068), (-0.17439106, -0.09867468, 0.13190068), (-0.1745047, -0.09810479, 0.13190068), (-0.16840684, -0.09457929, 5.2452087e-8), (-0.1736701, -0.09835394, 0.14376885), (-0.17339158, -0.09835034, 0.14370832), (-0.17332418, -0.09834969, 0.1433295), (-0.17331924, -0.09823003, 0.13412054), (-0.17300901, -0.098528355, 0.13360149), (-0.17300417, -0.098551646, 0.13412046), (-0.17299539, -0.09855757, 0.14332935), (-0.17299615, -0.09861596, 0.14370826), (-0.17305128, -0.0988256, 0.14376885), (-0.17329308, -0.09821565, 0.1336018), (-0.17483258, -0.058432255, 0.13197762), (-0.17489849, -0.058432255, 0.13216332), (0.1721228, -0.095983036, 0.02787001), (0.17222649, -0.09593684, 0.053947117), (0.1718697, -0.09578824, 0.027615657), (0.17205654, -0.09591972, 0.027690262), (0.17178707, -0.09614078, 0.02786634), (0.1712944, -0.0961226, 0.027861217), (0.17168644, -0.096083365, 0.027685866), (0.17126727, -0.096083365, 0.027680783), (0.17229846, -0.09571686, 0.027872022), (0.17229846, -0.095301576, 0.027870888), (0.1722293, -0.09565614, 0.027692575), (0.1722293, -0.09529515, 0.027692236), (0.17233387, -0.09570976, 0.0539817), (0.17232029, -0.0952937, 0.05402347), (0.1719778, -0.09608607, 0.053908676), (0.1716917, -0.09612258, 0.053876624), (0.17206097, -0.09527559, 0.027617984), (0.17202431, -0.09558165, 0.02761765), (0.17158939, -0.09591413, 0.027612189), (0.17124645, -0.09593553, 0.027607903), (0.17227168, -0.09599384, 0.05424197), (0.17230457, -0.09883916, 0.055722855)]
                    color3f[] primvars:displayColor = [(0.32941177, 0.86666673, 0.38431376)]
                    texCoord2f[] primvars:st = [(0.34030518, 0.7718438), (0.34032312, 0.7719509), (0.30275613, 0.7719398), (0.302774, 0.7718327), (0.87141174, 1.423341), (0.87152827, 1.4235193), (0.83388996, 1.4235156), (0.8340065, 1.4233373), (0.89957637, 1.4283646), (0.8058959, 1.4283555), (0.899496, 1.4286268), (0.8059763, 1.4286176), (1.2747129, 0.35426894), (1.2747093, 0.35446534), (1.1794342, 0.35471246), (1.1794289, 0.35451606), (1.2736194, 0.3844873), (1.1809808, 0.38558117), (1.27362, 0.38457456), (1.1809816, 0.38566837), (1.2736231, 0.38465747), (1.1809801, 0.3857513), (1.251898, 0.5311818), (1.2049817, 0.5311448), (1.2518934, 0.5312662), (1.204987, 0.53122926), (0.25143018, 1.3485337), (0.2514281, 1.3486308), (0.20353831, 1.3486308), (0.20353624, 1.3485337), (0.25142896, 1.4160584), (0.20353746, 1.4160584), (0.25142953, 1.4163601), (0.20353688, 1.4163601), (0.10985323, 1.1934259), (0.109966174, 1.1936222), (0.06318016, 1.1936222), (0.063293114, 1.1934259), (0.11313321, 1.2004598), (0.06001314, 1.2004598), (0.113135315, 1.2005908), (0.060011026, 1.2005908), (0.60866016, 1.4160757), (0.6086615, 1.4158597), (0.54676825, 1.4158597), (0.54676956, 1.4160757), (0.6086618, 1.4118576), (0.546768, 1.4118576), (0.6086618, 1.4117175), (0.546768, 1.4117175), (0.6086618, 1.411797), (0.546768, 1.411797), (0.6086618, 1.4121432), (0.546768, 1.4121432), (0.6086618, 1.4122534), (0.546768, 1.4122534), (0.6086618, 1.4123597), (0.546768, 1.4123597), (0.6086618, 1.4173001), (0.546768, 1.4173001), (0.6086618, 1.4173553), (0.546768, 1.4173553), (0.45426625, 0.7579116), (0.45426562, 0.7580766), (0.4010896, 0.7580766), (0.40108898, 0.7579116), (0.44938666, 0.76319385), (0.4059686, 0.763216), (0.44934773, 0.7632659), (0.40600753, 0.7633841), (1.1509928, 1.3586539), (1.1509981, 1.3585467), (1.1978158, 1.3585466), (1.1978211, 1.3586538), (1.1509981, 1.287457), (1.1978158, 1.287457), (1.1509981, 1.2873533), (1.1978158, 1.2873533), (1.243084, 1.1324102), (1.243084, 1.1324857), (1.1998216, 1.1324857), (1.1998216, 1.1324102), (1.2689185, 1.1339825), (1.1739869, 1.1339825), (1.2689185, 1.1354846), (1.1739869, 1.1354846), (1.2689185, 1.1379089), (1.1739869, 1.1379089), (1.2689185, 1.280383), (1.1739869, 1.280383), (1.2689185, 1.2819124), (1.1739869, 1.2819124), (1.2689185, 1.2825441), (1.1739869, 1.2825441), (1.2689185, 1.28335), (1.1739869, 1.28335), (1.2689185, 1.2834462), (1.1739869, 1.2834462), (0.7697609, 0.77221555), (0.7697609, 0.77231604), (0.6622722, 0.7723159), (0.6622722, 0.7722154), (0.7697609, 0.774275), (0.6622722, 0.7742748), (0.76969576, 0.80168116), (0.7696967, 0.80178016), (0.6623364, 0.80178), (0.6623373, 0.801681), (0.76969755, 0.8018657), (0.6623356, 0.8018655), (0.7696982, 0.8058943), (0.66233486, 0.80589414), (0.7696987, 0.8059396), (0.6623344, 0.80593944), (0.7696991, 0.8059048), (0.66233397, 0.8059047), (0.7371754, 0.7965233), (0.6947952, 0.7965232), (0.73715395, 0.7964894), (0.6948167, 0.79648936), (0.737145, 0.79653513), (0.69482565, 0.7965351), (0.73714495, 0.79816765), (0.69482565, 0.7981676), (0.73714495, 0.7982654), (0.6948256, 0.79826534), (1.1346396, 0.32648653), (1.1346396, 0.32657963), (1.0958871, 0.32657963), (1.0958871, 0.32648653), (1.1346396, 0.32888535), (1.0958871, 0.32888535), (1.1345679, 0.32898414), (1.0959588, 0.32898414), (1.1345531, 0.32900748), (1.0959737, 0.32900748), (1.1345521, 0.32902026), (1.0959746, 0.32902026), (1.1345679, 0.32900286), (1.0959588, 0.32900286), (0.790712, 0.8390231), (0.7908416, 0.83907217), (0.72085905, 0.83907217), (0.7209886, 0.8390231), (0.79325134, 0.8388659), (0.7184493, 0.8388659), (0.79325134, 0.8389149), (0.7184493, 0.8389149), (0.79325134, 0.8390583), (0.7184493, 0.8390583), (0.79325134, 0.8400049), (0.7184493, 0.8400049), (0.79325134, 0.8401587), (0.7184493, 0.8401587), (0.79325134, 0.84023273), (0.7184493, 0.84023273), (0.7908416, 0.840439), (0.72085905, 0.840439), (0.790712, 0.84051305), (0.7209886, 0.84051305), (0.79068094, 0.8406022), (0.7210197, 0.8406022), (0.79065835, 0.84084415), (0.7210423, 0.84084415), (0.79065835, 0.84092563), (0.7210423, 0.84092563), (0.340024, 0.76031196), (0.34002224, 0.7604105), (0.30303577, 0.76049745), (0.30303368, 0.7603989), (0.34020588, 0.7710846), (0.30287278, 0.7710736), (0.3402353, 0.7711775), (0.30284348, 0.7711664), (0.34030467, 0.7712159), (0.30277413, 0.7712048), (1.2694339, 1.2819124), (1.2694339, 1.2825441), (1.2694339, 1.280383), (1.2694339, 1.2810147), (1.2694339, 1.1348655), (1.2694339, 1.1354846), (1.2694339, 1.1363702), (1.2694339, 1.1370238), (1.2694339, 1.1379088), (1.2694339, 1.2794845), (1.2695316, 1.137775), (1.2694626, 1.1378139), (1.2694626, 1.1371195), (1.2695316, 1.1371578), (1.2695316, 1.2802469), (1.2694625, 1.2802867), (1.2694625, 1.2795808), (1.2695316, 1.2796206), (1.2695316, 1.2817763), (1.2694625, 1.2818161), (1.2694625, 1.281111), (1.2695316, 1.2811508), (1.2695316, 1.1362362), (1.2694625, 1.1362754), (1.2694625, 1.1355792), (1.2695316, 1.1356186), (1.2695316, 1.1347317), (1.2694625, 1.1347709), (1.2694625, 1.1340772), (1.2695316, 1.1341164), (0.8462275, 0.34500003), (0.84622, 0.34476587), (0.684368, 0.32725373), (0.6843728, 0.3274875), (1.4300776, 0.19082153), (1.4298575, 0.19082153), (1.4298575, 0.04584725), (1.4300776, 0.04584725), (0.6351654, 1.4158341), (0.63516843, 1.4118309), (0.63505024, 1.4118321), (0.63498044, 1.4158359), (0.85495204, 0.35017812), (0.854948, 0.34596395), (0.8547745, 0.34594342), (0.8547702, 0.35015655), (0.6349721, 1.4160513), (0.63252854, 1.4158596), (0.6325265, 1.4160757), (1.1458089, 1.3585492), (1.1456752, 1.3585386), (1.1456752, 1.2874596), (1.1458089, 1.2874595), (1.1455823, 1.3585105), (1.1455227, 1.2874596), (1.1458023, 1.358653), (1.1508613, 1.3585467), (1.1508846, 1.3586539), (1.145598, 1.3586531), (1.1443794, 1.3586544), (1.1443795, 1.3585538), (1.1509268, 1.3585467), (1.1509268, 1.287457), (1.1508613, 1.287457), (0.25173053, 1.4160589), (0.25159746, 1.4160485), (0.2516025, 1.3486308), (0.25174472, 1.348631), (0.25172552, 1.4163607), (0.25455055, 1.4160658), (0.25454694, 1.4163675), (0.25486502, 1.4163675), (0.25486538, 1.4160659), (0.275618, 1.4160669), (0.27562612, 1.4163682), (0.2546874, 1.4160658), (0.25469306, 1.3486372), (0.25486627, 1.3486364), (0.2545605, 1.348638), (1.4153829, 0.556056), (1.4155095, 0.55604786), (1.4155095, 0.7012753), (1.4153895, 0.70127535), (0.8463608, 0.34358948), (0.84636664, 0.34365547), (0.6845113, 0.32614303), (0.68450546, 0.32607704), (0.84636664, 0.34885496), (0.8463608, 0.348959), (0.68450546, 0.33144656), (0.6845113, 0.33134252), (0.84634393, 0.3490488), (0.68448865, 0.33153635), (0.7822399, 1.4039745), (0.7821628, 1.4039745), (0.782188, 1.3384583), (0.7822675, 1.3384583), (0.27568734, 1.4160668), (0.2755936, 1.3486341), (0.2756648, 1.348634), (1.4275936, 0.04584725), (1.4277312, 0.04584725), (1.4277312, 0.19082153), (1.4275936, 0.19082153), (0.93233055, 1.4039744), (0.9323269, 1.4042673), (0.7822307, 1.4042673), (0.85477656, 0.35031065), (0.8549952, 0.35033643), (0.8548288, 0.35027206), (0.85517085, 0.3503123), (0.6350506, 1.4116935), (0.63520193, 1.411692), (0.6350527, 1.4117752), (0.6353223, 1.411773), (1.295258, 0.74432755), (1.2950944, 0.7443379), (1.2947339, 0.70693713), (1.2948958, 0.70691997), (0.6678569, 0.28872997), (0.6679381, 0.28873965), (0.6773884, 0.32189453), (0.6773261, 0.32192376), (0.66178757, 0.28874776), (0.6617065, 0.28871086), (0.66169876, 0.2880879), (0.6617937, 0.2880787), (0.37164256, 0.7728778), (0.37154633, 0.77286756), (0.3715651, 0.77219874), (0.3716575, 0.7721986), (0.37154746, 0.7729615), (0.37109855, 0.7729433), (0.37110093, 0.7728532), (0.66165936, 0.2888442), (0.6617023, 0.2889268), (0.6616255, 0.2892156), (0.6615797, 0.2891336), (0.9019027, 1.4235514), (0.9020168, 1.4235697), (0.9020105, 1.4283694), (0.901772, 1.4283663), (0.6618031, 0.2893019), (0.6618911, 0.28937793), (0.6672188, 0.28995168), (0.66717285, 0.28989065), (0.3708898, 0.77284366), (0.37087443, 0.77292055), (0.36974823, 0.7728709), (0.3697525, 0.77277243), (0.9019329, 1.4233477), (0.90080124, 1.4235363), (0.90080714, 1.4233499), (0.9017801, 1.4286385), (0.89970416, 1.4286275), (1.4298575, 0.001953125), (1.4298575, 0.0020514466), (1.4277312, 0.0020514466), (1.4277312, 0.001953125), (1.2747909, 0.3544794), (1.2737014, 0.38448733), (0.9472502, 1.3653834), (0.9471767, 1.3654456), (0.9329807, 1.3384264), (0.9330699, 1.3384252), (1.2951019, 0.74447894), (1.2952632, 0.7444347), (1.2954936, 0.7466341), (1.2954016, 0.74667305), (0.6678147, 0.28866714), (0.6617882, 0.28801277), (1.2950977, 0.74442446), (1.2933954, 0.7444528), (1.2933927, 0.7443672), (1.2933987, 0.74450696), (1.2933251, 0.7445438), (1.2936229, 0.74668956), (1.2935501, 0.7467266), (1.293318, 0.7443797), (1.2929509, 0.7069555), (1.2930253, 0.70694166), (1.295406, 0.74666816), (1.2947155, 0.74667823), (1.294695, 0.74668604), (0.3715714, 0.7721008), (0.3709082, 0.7721795), (0.37091398, 0.7720778), (0.77034265, 0.78908366), (0.77034265, 0.78918386), (0.76984483, 0.7891545), (0.7697599, 0.7890902), (0.6189614, 0.0019725896), (0.61892897, 0.002055029), (0.618905, 0.0020522235), (0.6189591, 0.0019549276), (0.6188948, 0.0020551295), (0.61876386, 0.010158596), (0.6187971, 0.010149869), (0.76965266, 0.7892843), (0.76973104, 0.78935885), (0.7697781, 0.80168843), (0.61880404, 0.0020718796), (0.6187862, 0.0021489672), (0.60497206, 0.0054165185), (0.60494405, 0.0053369515), (0.6188681, 0.0021074517), (0.61872566, 0.010091054), (0.6186305, 0.010055955), (0.6187682, 0.010178556), (0.43534794, 1.3137556), (0.4353066, 1.3136592), (0.58203954, 1.3136593), (0.5819986, 1.313756), (1.269503, 1.2793883), (1.269503, 1.1380038), (0.43520653, 1.3137556), (0.43524802, 1.3137556), (0.4352481, 1.3819405), (0.43520662, 1.3819405), (0.43534803, 1.3819404), (1.2696009, 1.2795244), (1.2705814, 1.2795244), (1.2705814, 1.2796206), (0.43516517, 1.3136593), (0.43520507, 1.3137567), (0.43516368, 1.3136603), (0.5821685, 1.3136604), (0.58212787, 1.3137567), (0.58213705, 1.3137558), (0.58217806, 1.3136593), (1.2705814, 1.1377832), (1.2705814, 1.1378778), (1.2696009, 1.1378701), (0.5820968, 1.3137559), (0.5821066, 1.3819405), (0.58200836, 1.3819405), (0.5821472, 1.3819405), (0.430913, 1.3170089), (0.43101278, 1.3168725), (0.43103066, 1.3818315), (0.4309289, 1.3818153), (0.431054, 1.3168145), (0.43107298, 1.3818352), (0.7703514, 0.77427465), (0.77034956, 0.77437854), (0.7697609, 0.77437854), (1.4137137, 0.70472485), (1.4137126, 0.7046227), (1.4146566, 0.7046033), (1.4146539, 0.7046569), (0.43102646, 1.3819302), (0.4310715, 1.3817993), (0.43104511, 1.3819224), (0.5862128, 1.3137558), (0.5862536, 1.3137556), (0.58625364, 1.3819406), (0.5862128, 1.3819405), (0.5863519, 1.3137556), (0.58635193, 1.3819405), (1.2705814, 1.134021), (1.2705814, 1.1341157), (1.2696009, 1.1340216), (0.586212, 1.3137567), (0.58617127, 1.3136604), (0.5861721, 1.3136593), (0.6187658, 0.01025571), (0.61879355, 0.01041159), (0.7697464, 0.7970074), (0.76973635, 0.7971056), (0.7391387, 0.7971132), (0.73906004, 0.79701537), (0.36951867, 0.75880474), (0.3695133, 0.75890064), (0.34260347, 0.75798786), (0.34258166, 0.7578887), (0.7697788, 0.8018313), (0.7697772, 0.8058678), (0.60488665, 0.0054560276), (0.6049324, 0.010057582), (0.6048359, 0.010057003), (0.7697774, 0.805875), (0.7697781, 0.7964941), (0.76970166, 0.7965229), (0.6049293, 0.010138865), (0.61862874, 0.010135875), (1.2556088, 0.5360669), (1.2554939, 0.5359634), (1.2755402, 0.53502035), (1.275549, 0.5351082), (0.25486407, 1.34854), (0.2755936, 1.3485385), (0.9329528, 1.3383709), (0.7822676, 1.3383654), (1.2737069, 0.38464704), (1.2756194, 0.5350207), (0.25458226, 1.3485386), (0.25175852, 1.3485337), (0.43375984, 1.3137556), (0.43371847, 1.3136592), (0.43417442, 1.3136592), (0.43413296, 1.3137556), (1.269503, 1.2809185), (1.269503, 1.2804792), (0.43361843, 1.3137556), (0.43365988, 1.3137556), (0.43365997, 1.3819382), (0.43361852, 1.3819381), (0.43375993, 1.3819385), (1.2696009, 1.2810546), (1.2705814, 1.2810546), (1.2705814, 1.2811508), (0.4335771, 1.3136593), (0.43361697, 1.3137567), (0.43357557, 1.3136603), (0.4342741, 1.3137556), (0.43431553, 1.3136593), (0.434314, 1.3136603), (0.43427268, 1.3137567), (1.2696009, 1.280343), (1.2705814, 1.2802469), (1.2705814, 1.280343), (0.43423283, 1.3137556), (0.43423292, 1.3819402), (0.43413308, 1.3819399), (0.4342742, 1.3819405), (1.4275936, 0.04332551), (1.4277312, 0.04332551), (0.9348767, 1.4039444), (0.93488723, 1.404237), (0.68149495, 0.32691517), (0.6814935, 0.327148), (1.4298575, 0.04332551), (1.4300776, 0.04332551), (0.68143946, 0.3315064), (0.68145907, 0.33146447), (0.68440115, 0.3318146), (0.6843797, 0.33185622), (0.6814401, 0.33135194), (0.68437386, 0.33170086), (0.6815651, 0.3310967), (0.6815763, 0.33099338), (0.6815461, 0.33118618), (1.4155082, 0.70384324), (1.4153882, 0.70384157), (0.6816448, 0.32580584), (0.6816436, 0.32574052), (0.4321725, 1.3137556), (0.43213117, 1.3136592), (0.4325871, 1.3136592), (0.43254566, 1.3137556), (1.269503, 1.2824479), (1.269503, 1.2820086), (0.4320311, 1.3137556), (0.43207258, 1.3137556), (0.43203878, 1.3819114), (0.43199727, 1.38191), (0.4321387, 1.3819147), (1.2695316, 1.2826803), (1.2696009, 1.2825841), (1.2705814, 1.2825841), (1.2705814, 1.2826804), (0.43198976, 1.3136593), (0.43202963, 1.3137567), (0.43198824, 1.3136603), (0.43268678, 1.3137556), (0.4327282, 1.3136593), (0.4327267, 1.3136603), (0.43268532, 1.3137567), (1.2696009, 1.2818725), (1.2705814, 1.2817763), (1.2705814, 1.2818725), (0.4326455, 1.3137556), (0.43261167, 1.3819313), (0.43251184, 1.3819277), (0.43265295, 1.3819329), (1.4148682, 0.7045776), (1.4148116, 0.7044708), (1.4147993, 0.70378023), (1.4148707, 0.7036833), (0.43118176, 1.3819659), (0.43121585, 1.381856), (0.43185446, 1.3819014), (0.4318955, 1.3820028), (1.4147729, 0.703549), (1.4147017, 0.70364445), (1.4137172, 0.70364356), (1.413719, 0.70354664), (0.43203595, 1.382009), (0.43199587, 1.381911), (0.43203828, 1.3820081), (1.4148717, 0.703049), (1.4148009, 0.7029526), (1.4148009, 0.7022114), (1.4148719, 0.70211464), (0.43275085, 1.3820324), (0.43279257, 1.3819346), (0.43347564, 1.3819385), (0.43351695, 1.3820351), (0.43265146, 1.3819338), (0.43260878, 1.3820285), (0.43261048, 1.3820274), (1.4147024, 0.7030902), (1.4147733, 0.7031881), (1.4137213, 0.7031879), (1.413719, 0.70308995), (1.4147738, 0.7019782), (1.4147028, 0.7020748), (1.4137183, 0.70207465), (1.41372, 0.7019779), (0.43365824, 1.3820357), (0.43361706, 1.381939), (0.43365985, 1.3820347), (1.2705814, 1.2833495), (1.2705814, 1.2834458), (1.2695316, 1.2834458), (1.2695316, 1.2833495), (0.43109393, 1.3136603), (0.43105257, 1.3137567), (0.43105415, 1.3137556), (0.43109554, 1.3136592), (0.43119368, 1.3137568), (0.43119368, 1.3136604), (0.43188822, 1.3136604), (0.4318882, 1.3138114), (1.2706505, 1.2833496), (1.2706505, 1.2826804), (0.4310938, 1.3137567), (0.43111145, 1.3818241), (0.43198812, 1.3137567), (0.43195435, 1.3819083), (0.43282643, 1.3137568), (0.43282652, 1.3136604), (0.43347558, 1.3136604), (0.43347552, 1.3137568), (1.2706505, 1.2817763), (1.2706505, 1.2811508), (0.4327266, 1.3137567), (0.4326927, 1.381934), (0.43357548, 1.3137567), (0.43357557, 1.3819389), (1.414774, 0.7004415), (1.4147029, 0.70053816), (1.4137185, 0.7005381), (1.4137201, 0.70044136), (0.43524653, 1.3820379), (0.43520516, 1.3819416), (0.43524802, 1.3820369), (0.43506375, 1.3819416), (0.43510506, 1.382038), (0.43437243, 1.3820382), (0.43441385, 1.3819416), (1.414801, 0.7006749), (1.414872, 0.70057815), (1.414872, 0.70148027), (1.414801, 0.7013837), (0.43427274, 1.3819416), (0.43423122, 1.3820378), (0.4342327, 1.3820367), (1.4147029, 0.70152044), (1.4147738, 0.70161724), (1.4137203, 0.7016171), (1.4137186, 0.7015204), (0.4344138, 1.3137568), (0.43441382, 1.3136604), (0.4350637, 1.3136604), (0.43506366, 1.3137568), (1.2706505, 1.2802469), (1.2706505, 1.2796206), (0.43431392, 1.3137567), (0.434314, 1.3819416), (0.4351636, 1.3137567), (0.43516368, 1.3819416), (1.413648, 0.7035466), (1.4136491, 0.70318675), (0.4321386, 1.3820112), (0.4325105, 1.3820242), (1.413649, 0.70197797), (1.4136491, 0.70161706), (0.43375987, 1.3820349), (0.4341329, 1.3820363), (1.4136491, 0.7004414), (1.4136491, 0.55854666), (1.4137201, 0.5585466), (0.435348, 1.3820368), (0.58200836, 1.3820368), (0.5821457, 1.3819416), (0.58210504, 1.3820379), (0.58210653, 1.3820369), (0.5822845, 1.382038), (0.58228457, 1.3819417), (0.5829159, 1.3819417), (0.58291584, 1.382038), (0.58319545, 1.3137556), (0.5831546, 1.3136592), (0.5836367, 1.3136592), (0.58359593, 1.3137556), (1.269503, 1.1369293), (1.269503, 1.1364648), (0.5830592, 1.3137572), (0.5830981, 1.3137563), (0.5830973, 1.3819393), (0.58305633, 1.3819394), (0.5831957, 1.3819395), (1.2705815, 1.1370337), (1.2705814, 1.1371284), (1.2696017, 1.1370612), (0.5830854, 1.3137567), (0.5830447, 1.3136604), (0.5830175, 1.3136597), (0.58377403, 1.3136603), (0.58373326, 1.3137567), (0.58373475, 1.3137558), (0.5837755, 1.3136593), (1.2705814, 1.1362362), (1.2705814, 1.136331), (1.2696009, 1.136331), (0.58369416, 1.3137556), (0.58366096, 1.3819393), (0.5835628, 1.3819424), (0.58370143, 1.3819394), (0.5838585, 1.3820213), (0.5838364, 1.3818935), (0.5845133, 1.38194), (0.5845081, 1.3820361), (0.5846932, 1.3820363), (0.5846524, 1.3819404), (0.5846539, 1.3819393), (0.58469456, 1.3820359), (0.5847929, 1.3137556), (0.58475226, 1.3136592), (0.58519816, 1.3136592), (0.58515745, 1.3137556), (1.269503, 1.1353899), (1.269503, 1.1349603), (0.58465356, 1.3137556), (0.5846945, 1.3137556), (0.5846947, 1.3819393), (0.58479303, 1.3819395), (1.2705814, 1.1355261), (1.2705814, 1.1356207), (1.2696007, 1.1355239), (0.58465, 1.3137567), (0.58460927, 1.3136604), (0.58461297, 1.3136593), (0.5853355, 1.3136604), (0.5852948, 1.3137567), (0.5852963, 1.3137558), (0.585337, 1.3136593), (1.2705814, 1.1347317), (1.2705814, 1.1348263), (1.2696009, 1.1348263), (0.5852557, 1.3137556), (0.58525574, 1.3819404), (0.5851575, 1.3819401), (0.58529633, 1.3819405), (1.4137201, 0.5558525), (1.4136491, 0.55585253), (1.4136491, 0.5554999), (1.4137203, 0.5554999), (0.584793, 1.382036), (0.58515745, 1.3820366), (0.5852949, 1.3819416), (0.5852541, 1.3820374), (0.58525556, 1.3820368), (0.58543706, 1.3820375), (0.5854337, 1.3819417), (0.5860737, 1.3819035), (0.58607364, 1.3820269), (1.4148725, 0.55434084), (1.4147147, 0.5544384), (1.4137185, 0.5544393), (1.4137201, 0.5543442), (0.58625305, 1.3820362), (0.5862114, 1.3819355), (0.5862535, 1.3820369), (0.5822659, 1.3137568), (0.5822661, 1.3136604), (0.5829476, 1.3136609), (0.5829477, 1.3137583), (1.2706505, 1.1377838), (1.2706505, 1.1371272), (0.5821679, 1.3137567), (0.5821863, 1.3819416), (0.58304596, 1.3137575), (0.5830142, 1.3819416), (0.583055, 1.3819416), (0.5838721, 1.3137568), (0.58387214, 1.3136604), (0.5845108, 1.3136604), (0.58451074, 1.3137567), (1.2706505, 1.1362362), (1.2706505, 1.1356208), (0.5837739, 1.3137568), (0.58373886, 1.381912), (0.58369994, 1.3819351), (0.5846091, 1.3137567), (0.58461154, 1.3819422), (0.5854336, 1.3137568), (0.58543366, 1.3136604), (0.5860729, 1.3136604), (0.58607286, 1.3137568), (1.2706505, 1.1347317), (1.2706505, 1.1341157), (0.5853354, 1.3137568), (0.58533555, 1.3819433), (0.5861712, 1.3137568), (0.5861715, 1.3819174), (0.7389493, 0.79711556), (0.73902756, 0.797213), (0.7390276, 0.7981946), (0.7389493, 0.79816765), (0.34482694, 0.34642568), (0.3448327, 0.3465359), (0.3441136, 0.3465333), (0.34408554, 0.34642306), (0.3448224, 0.34934193), (0.34490678, 0.34930727), (0.34491414, 0.36196238), (0.3448327, 0.36196238), (0.34394217, 0.34653318), (0.34403205, 0.34653315), (0.34403205, 0.34933922), (0.34394217, 0.34933925), (0.3441136, 0.34933937), (1.1346247, 0.3290472), (1.1346239, 0.32906), (0.3424173, 0.34936494), (0.34244537, 0.34947518), (0.34253424, 0.34947687), (0.3425062, 0.34936664), (0.34243262, 0.34945223), (0.34243262, 0.36196235), (0.34244537, 0.36196247), (0.3424782, 0.34934175), (0.3424782, 0.36196214), (0.9611139, 0.015188247), (0.96111304, 0.015234115), (0.95954406, 0.015202794), (0.9595606, 0.015157239), (0.3448047, 0.36207268), (0.34408554, 0.36207008), (0.3441136, 0.36195976), (0.96118593, 0.015143584), (0.9611377, 0.014013995), (0.9612081, 0.014053227), (0.34394217, 0.36195967), (0.34396434, 0.36207002), (0.34250036, 0.3620725), (0.9611385, 0.013970703), (0.9595982, 0.013983264), (0.959599, 0.01393997), (0.3424705, 0.3620626), (0.34255025, 0.3620635), (0.34253424, 0.3619628), (0.9595334, 0.013985471), (0.95959544, 0.014119473), (0.95953053, 0.014107015), (0.002028632, 0.35563338), (0.0020387967, 0.35548353), (0.0022518914, 0.35544118), (0.002254442, 0.3556053), (0.7907768, 0.8408352), (0.79081047, 0.8406074), (0.3400987, 0.76040626), (0.34028083, 0.77098864), (0.001953125, 0.3556331), (0.002028632, 0.37414953), (0.001953125, 0.37418517), (0.95948935, 0.015150372), (0.9595112, 0.015024052), (0.9595771, 0.015023099), (0.0020311826, 0.37431362), (0.002254442, 0.3741181), (0.002245289, 0.37426943), (0.0024011617, 0.37411973), (0.0023370553, 0.37411836), (0.0023370553, 0.3555663), (0.0024011617, 0.3554041), (0.95957804, 0.014972914), (0.96086425, 0.014994679), (0.96095043, 0.015041137), (0.0023432132, 0.37428328), (0.0025070019, 0.37414354), (0.0024611726, 0.37430832), (0.0027135804, 0.37414536), (0.002571108, 0.37414488), (0.002571108, 0.35250014), (0.0027135804, 0.35250062), (0.0025070019, 0.35249877), (0.9609371, 0.014915017), (0.9609502, 0.014271659), (0.9609609, 0.014155663), (0.0026072185, 0.3743096), (0.0036051548, 0.37414485), (0.0037171647, 0.37430897), (0.0036884767, 0.3554034), (0.003740301, 0.3555655), (0.003740301, 0.37411755), (0.0036884767, 0.37411898), (0.34257746, 0.34945273), (0.34257746, 0.36196288), (0.003794317, 0.3741428), (0.0037425598, 0.3741442), (0.0037425598, 0.35249946), (0.003794317, 0.35249802), (0.0036051548, 0.3525001), (0.96088064, 0.014189155), (0.95959455, 0.014159551), (0.003850896, 0.3743075), (0.0037464588, 0.37428248), (0.00271103, 0.3523365), (0.0036026044, 0.352336), (0.7933809, 0.8400101), (0.7933809, 0.83906347), (1.1508468, 1.2873534), (1.145784, 1.2873524), (0.13361265, 1.2004601), (0.1334551, 1.1985105), (0.13358459, 1.1984397), (0.13572952, 1.2004372), (0.4541538, 0.7602175), (0.45423955, 0.76015574), (0.84625643, 0.34932703), (0.84622914, 0.34921327), (0.4223277, 1.3279438), (0.4191295, 1.3416153), (0.41410848, 1.3280767), (1.2522556, 0.5312896), (1.2520881, 0.5311904), (1.2557641, 0.5306505), (1.4148422, 0.7035885), (1.4277312, 0.042673383), (1.4298575, 0.042673383), (0.68071735, 0.32701498), (0.6801026, 0.3310976), (0.6800957, 0.3312048), (0.68018186, 0.33092636), (0.6802269, 0.3307365), (0.6809877, 0.32569817), (1.4153852, 0.70441806), (0.93909967, 1.3999954), (1.4146764, 0.55854666), (0.34245014, 0.3492315), (0.34209263, 0.7710082), (0.36914054, 0.7719553), (0.34202135, 0.77119195), (0.77045506, 0.7723157), (0.45546535, 0.758822), (0.45694482, 0.7580764), (0.45623797, 0.758822), (0.6117794, 1.4173001), (0.632529, 1.4123597), (0.632529, 1.4173001), (0.632529, 1.411797), (0.632529, 1.4121432), (0.632529, 1.4118576), (0.11300003, 1.198505), (0.113187395, 1.1985052), (0.7389817, 0.7970448), (0.34186763, 0.7712304), (0.3698568, 0.772141), (0.73906004, 0.79653364), (0.76980126, 0.79653597), (0.7390745, 0.7965246), (1.2694625, 1.2826405), (1.4148432, 0.7020182), (0.41899636, 1.3415786), (0.34252042, 0.7602486), (0.13572036, 1.2005774), (0.13362119, 1.2005908), (0.8547748, 0.34571388), (0.8549324, 0.34573284), (0.632529, 1.4122534), (0.45415157, 0.7603091), (0.44944778, 0.7632248), (0.4543406, 0.7602322), (0.45434058, 0.7601557), (0.4554684, 0.76014477), (0.45546842, 0.7602252), (0.11319312, 1.1983513), (0.13337658, 1.1983548), (0.110140994, 1.1935194), (0.11288389, 1.1982554), (0.11286343, 1.1983864), (0.846235, 0.34936866), (0.632529, 1.4117175), (1.4275936, 0.0020514466), (1.4277312, 0.037006184), (1.4275936, 0.037006184), (0.94730586, 1.365583), (0.93918204, 1.40018), (0.41899624, 1.3416712), (0.41345063, 1.3416679), (0.4134734, 1.3415983), (0.41362187, 1.3415816), (0.41378018, 1.3415719), (0.41917196, 1.3417732), (0.419235, 1.3417172), (0.42803302, 1.3781679), (0.42795014, 1.3782156), (1.2936181, 0.7466966), (0.36986983, 0.7720379), (1.4137037, 0.70523775), (1.4136217, 0.70522404), (1.4136436, 0.7047226), (0.43040535, 1.3817818), (0.4304458, 1.3816785), (0.4309233, 1.3819143), (0.45694482, 0.7579116), (0.4747723, 0.7579116), (0.4747723, 0.7580758), (0.6117794, 1.4173553), (0.632529, 1.4173553), (0.4223272, 1.3278494), (0.41410986, 1.3279824), (1.2553288, 0.53599656), (1.2522191, 0.53136426), (0.93553096, 1.4039057), (0.9355447, 1.4041877), (1.4275936, 0.042673383), (1.4300776, 0.042673383), (0.68075085, 0.32678884), (0.6800795, 0.33124742), (0.6802052, 0.3308377), (0.6809963, 0.3256347), (1.4155065, 0.70442414), (1.4146748, 0.5584517), (1.4137185, 0.5584516), (1.4148726, 0.5585467), (1.4148152, 0.5584679), (1.4148016, 0.5582779), (1.4148017, 0.5576671), (1.4148728, 0.557667), (1.4148726, 0.55827785), (1.4146763, 0.55585235), (1.4146744, 0.55594766), (1.4137185, 0.55594766), (1.4148725, 0.55674595), (1.4147835, 0.55675507), (1.414796, 0.55612653), (1.4148726, 0.55613166), (1.414798, 0.55522776), (1.4147867, 0.5546119), (1.4148725, 0.55522424), (1.4146744, 0.555405), (1.4146761, 0.55550027), (1.4137186, 0.55540484), (1.4148152, 0.55541843), (1.4148152, 0.55593574), (0.34491423, 0.3465361), (0.34252676, 0.75798875), (0.3424484, 0.76031685), (0.7389493, 0.7982654), (1.1362919, 0.32648653), (1.1362919, 0.32657963), (0.34403205, 0.36195964), (0.34201646, 0.77100223), (0.34187555, 0.7711335), (0.34037533, 0.7711179), (0.77045506, 0.7722152), (0.7390643, 0.79648936), (0.7697311, 0.79648936), (1.2432238, 1.13236), (1.247902, 1.1294551), (1.2480264, 1.1294435), (1.243256, 1.132424), (1.1456833, 1.358653), (0.45426172, 0.760245), (1.1509333, 1.3586351), (0.44940275, 0.76326483), (0.25159577, 1.4163469), (0.11001484, 1.193423), (0.25468546, 1.4163675), (0.11301858, 1.1983413), (0.1334434, 1.1983235), (0.27569485, 1.4163681), (0.7821544, 1.4042673), (1.4277312, 0.19308057), (1.4275936, 0.19308057), (0.37162596, 0.77295804), (0.66175103, 0.28884372), (0.6617019, 0.28879258), (0.6616478, 0.28930786), (0.6615778, 0.28921673), (0.9020405, 1.4233592), (1.4300776, 0.0020514466), (1.4300776, 0.001953125), (0.90199906, 1.4286298), (0.6675129, 0.2899841), (0.66746175, 0.28993276), (0.8995682, 1.428671), (1.4275936, 0.001953125), (0.9473853, 1.3655201), (1.2747943, 0.3542893), (0.66788685, 0.28868797), (1.2952465, 0.7444035), (1.2933211, 0.7444802), (0.41909426, 1.341698), (0.66171247, 0.2880289), (0.3716482, 0.77211946), (1.295483, 0.7466446), (0.6189348, 0.001953125), (0.77042216, 0.78906375), (0.7704221, 0.7891876), (0.42249298, 1.3277043), (0.42257038, 1.3277313), (0.42251644, 1.3279423), (0.4224306, 1.3278087), (0.6189116, 0.0019870566), (0.76968217, 0.78914607), (0.7697639, 0.78921247), (1.2695316, 1.2794845), (0.43520668, 1.3136592), (1.2695317, 1.1379089), (0.5821378, 1.3136593), (0.7705334, 0.7743002), (0.7704553, 0.77440333), (0.43105406, 1.316699), (0.43100485, 1.3167892), (0.43091294, 1.3169048), (0.43100843, 1.3819097), (1.4136559, 0.7046402), (1.2695316, 1.1339824), (1.2694339, 1.1339824), (1.269503, 1.1338878), (0.5863112, 1.3136592), (0.5862129, 1.3136592), (0.6048875, 0.00538687), (0.7697639, 0.8017701), (0.6048514, 0.0101235565), (0.7697628, 0.8059146), (0.7697628, 0.8059146), (0.27565172, 1.348556), (1.2756106, 0.5350919), (0.78220254, 1.3383825), (0.93302035, 1.3383712), (1.2736857, 0.38457096), (1.2554488, 0.5360811), (0.25469974, 1.3485538), (0.25161034, 1.3485337), (1.2520692, 0.5312733), (1.2695316, 1.2810147), (0.43361858, 1.3136592), (1.2695316, 1.280383), (0.43427426, 1.3136592), (1.2695316, 1.2825441), (0.43203127, 1.3136592), (1.2695316, 1.2819124), (0.43268695, 1.3136592), (0.43108776, 1.3819431), (1.4148068, 0.7046279), (1.414769, 0.7045619), (0.43199483, 1.3820077), (1.4147704, 0.70368415), (0.43265033, 1.3820304), (1.4148428, 0.7031474), (1.414772, 0.7030499), (0.43361682, 1.3820356), (1.4147722, 0.7021148), (0.4311122, 1.313678), (1.2706378, 1.2834281), (1.2706378, 1.2826018), (0.4319698, 1.313678), (0.43274498, 1.313678), (1.2706378, 1.2818549), (1.2706378, 1.2810723), (0.43355715, 1.313678), (0.435205, 1.382038), (1.4148433, 0.70048153), (1.4147723, 0.7005782), (0.43427253, 1.382038), (1.4148433, 0.70157707), (1.4147723, 0.7014804), (0.4343323, 1.313678), (1.2706378, 1.2803254), (1.2706378, 1.2795421), (0.43514526, 1.313678), (0.43205687, 1.3819909), (1.4136599, 0.7036257), (0.43259254, 1.3820091), (1.4136611, 0.7031074), (0.4336783, 1.3820169), (1.413661, 0.7020569), (0.43421447, 1.3820189), (1.4136611, 0.70153815), (0.43526644, 1.382019), (1.4136611, 0.70052034), (0.58208853, 1.3820192), (1.4136611, 0.5584691), (0.5821575, 1.382038), (1.4147645, 0.5584008), (0.58304304, 1.3820381), (0.5830957, 1.3820381), (1.2695321, 1.1370236), (0.5830567, 1.3136594), (1.2695316, 1.1363702), (0.58373487, 1.3136592), (0.5836384, 1.3820404), (0.5836964, 1.3820302), (1.4148151, 0.556962), (1.4147538, 0.55691195), (1.4146762, 0.55704266), (1.4146751, 0.5569681), (0.5846388, 1.3820369), (1.4147613, 0.5560002), (1.2695316, 1.1354846), (0.5846539, 1.3136592), (1.2695316, 1.1348655), (0.5852964, 1.3136592), (0.5847127, 1.3820181), (1.413661, 0.5559302), (0.5852376, 1.382019), (1.4136611, 0.5554223), (0.5853077, 1.382038), (1.4147626, 0.555353), (0.586195, 1.38201), (1.4147614, 0.55449456), (0.58627164, 1.3820192), (0.5863519, 1.3820368), (1.4136491, 0.5543443), (1.4136611, 0.5544219), (0.5821861, 1.313678), (1.2706378, 1.1378609), (1.2706378, 1.1370499), (0.5830278, 1.3136784), (0.583792, 1.3136781), (1.2706378, 1.1363136), (1.2706378, 1.1355436), (0.58459103, 1.313678), (0.5853535, 1.3136781), (1.2706378, 1.1348089), (1.2706378, 1.1340384), (0.58615315, 1.3136781), (0.7390601, 0.79714245), (0.34250638, 0.7578913), (0.34490842, 0.34642592), (0.7390132, 0.7982643), (0.34402943, 0.3464432), (0.34396434, 0.346423), (0.34240457, 0.349342), (1.1346396, 0.3290239), (1.1347114, 0.32892507), (1.2935076, 0.7467236), (0.36970624, 0.7720576), (0.36963716, 0.7721268), (0.34197423, 0.77111167), (0.96120507, 0.015228927), (0.34487793, 0.3621051), (0.96119636, 0.013984344), (0.34402943, 0.36204967), (0.9595406, 0.013951291), (0.3424549, 0.36205235), (0.7907641, 0.84090066), (0.0019776956, 0.35549936), (0.3400848, 0.7603268), (0.0019556752, 0.37434927), (0.95947284, 0.0151959285), (0.3403082, 0.7710806), (0.0023123166, 0.3742521), (0.95951957, 0.014984332), (0.0025424005, 0.37427944), (0.96089303, 0.014947189), (0.7909711, 0.8404442), (0.7908416, 0.84051824), (0.0023986108, 0.35524002), (0.0023345046, 0.3554022), (0.7909711, 0.83907735), (0.7908416, 0.8390283), (1.1346396, 0.3290426), (0.3425494, 0.34934253), (0.003685926, 0.35523927), (0.0037377502, 0.3554014), (0.0037745521, 0.37427872), (0.9609075, 0.014232997), (0.0037672694, 0.37425128), (0.34258002, 0.36205283), (0.95953673, 0.014140998), (0.7933809, 0.8401712), (0.7933571, 0.8401337), (0.002595679, 0.3523664), (0.7933571, 0.83894455), (0.7933809, 0.8389274), (0.003715658, 0.35236573), (0.7698105, 0.7964602), (0.61872345, 0.010170229), (0.76988554, 0.79650795), (1.1509194, 1.2873533), (1.2431734, 1.13247), (1.2431566, 1.1323974), (1.1456683, 1.2873713), (1.1455282, 1.2873524), (1.2481384, 1.1293775), (1.2480091, 1.1293738), (1.4298575, 0.19308057), (1.4298575, 0.19082153), (0.42834592, 1.3790791), (0.4284725, 1.3275061), (0.42856455, 1.3795456), (0.43105423, 1.3166609), (1.4153754, 0.70482934), (1.4147646, 0.55754405), (1.4148207, 0.5574696), (1.414675, 0.55749315), (1.4146763, 0.557398), (1.415357, 0.5502829), (1.4155095, 0.5502138), (0.8528628, 0.344293), (0.8528686, 0.34435895), (0.8528686, 0.34955847), (0.8528628, 0.34966248), (0.85284597, 0.3497523), (0.85275847, 0.3500305), (0.852737, 0.35007218), (0.85273117, 0.3499168), (0.8527295, 0.34570357), (0.85272175, 0.34546936), (1.4300776, 0.19308057), (1.2492343, 1.1293643), (1.2493174, 1.1294438), (1.1443795, 1.2874552), (1.1443423, 1.2873546), (1.2493174, 1.1300362), (1.2500917, 1.1294438), (1.2506344, 1.1294438), (1.2510359, 1.1300362), (1.2514108, 1.1294438), (1.251984, 1.1294438), (1.25276, 1.1300362), (1.2526426, 1.1293314), (1.2526767, 1.1294107), (1.2520679, 1.1294107), (1.2521014, 1.1293314), (1.2512934, 1.1293314), (1.2513278, 1.1294109), (1.2507174, 1.1294109), (1.2507519, 1.1293314), (1.2499743, 1.1293314), (1.2500086, 1.1294109), (1.2494004, 1.1294109), (1.2494347, 1.1293314), (1.1405262, 1.2874552), (1.1405636, 1.2873547), (1.1405563, 1.2873557), (1.1405191, 1.2874562), (1.252726, 1.1292517), (1.2526498, 1.1281244), (1.2527328, 1.1281244), (1.1404083, 1.3585538), (1.1403995, 1.2874556), (1.1404893, 1.2874554), (1.1404982, 1.3585539), (1.1405354, 1.3585539), (1.1442524, 1.2874553), (1.1442896, 1.2874552), (1.1442896, 1.358554), (1.1442524, 1.3585539), (1.2493517, 1.1292517), (1.2493511, 1.1281244), (1.2494341, 1.1281244), (1.1442152, 1.2873547), (1.144253, 1.2874562), (1.1442158, 1.2873557), (1.1404982, 1.3586544), (1.1405354, 1.3585548), (1.1404982, 1.3586553), (1.1406624, 1.3586555), (1.1406624, 1.358555), (1.1412396, 1.358555), (1.1412396, 1.3586555), (1.1414937, 1.2874552), (1.1414564, 1.2873546), (1.1418971, 1.2873546), (1.1418599, 1.2874552), (1.2519011, 1.1293643), (1.2514938, 1.1293643), (1.1413692, 1.2874568), (1.1414047, 1.2874559), (1.1414039, 1.3585527), (1.1413666, 1.3585527), (1.1414939, 1.358557), (1.2520168, 1.1292509), (1.2519926, 1.1281242), (1.2520757, 1.1281244), (1.1413311, 1.2873552), (1.1413945, 1.2874562), (1.1413573, 1.2873557), (1.1419868, 1.2874552), (1.142024, 1.2873547), (1.142024, 1.2873557), (1.1419868, 1.2874562), (1.2513765, 1.1292517), (1.2512934, 1.1281244), (1.2513765, 1.1281244), (1.1419497, 1.2874552), (1.1419193, 1.3585527), (1.1418295, 1.3585559), (1.1419563, 1.3585527), (1.1421014, 1.358638), (1.1420813, 1.3585048), (1.1427001, 1.3585533), (1.1426954, 1.3586534), (1.1428643, 1.3586537), (1.1428272, 1.3585536), (1.1428272, 1.3585527), (1.1428643, 1.3586532), (1.1429541, 1.2874552), (1.142917, 1.2873546), (1.1433247, 1.2873546), (1.1432874, 1.2874552), (1.2505513, 1.1293643), (1.2501746, 1.1293643), (1.1428269, 1.2874552), (1.1428642, 1.2874551), (1.1428643, 1.3585527), (1.1429542, 1.3585528), (1.2506689, 1.1292518), (1.2506708, 1.1281244), (1.2507538, 1.1281244), (1.1427897, 1.2873547), (1.142825, 1.2874562), (1.1427878, 1.2873557), (1.1434145, 1.2874552), (1.1434517, 1.2873547), (1.1434517, 1.2873557), (1.1434145, 1.2874562), (1.2500572, 1.1292517), (1.2499743, 1.1281244), (1.2500572, 1.1281244), (1.1433773, 1.2874552), (1.1433773, 1.3585538), (1.1432874, 1.3585535), (1.1434145, 1.3585539), (0.4567875, 0.76014477), (0.4567875, 0.7602252), (0.45647907, 0.7602251), (0.45647916, 0.76014465), (1.1429541, 1.3586534), (1.1432874, 1.3586541), (1.1433773, 1.3586543), (1.1434145, 1.3585548), (1.1433772, 1.3586549), (1.1435447, 1.358655), (1.1435416, 1.358555), (1.1441267, 1.3585153), (1.1441267, 1.3586438), (0.45555064, 0.75900215), (0.4555515, 0.76014555), (1.1442906, 1.3586535), (1.1442524, 1.3585486), (1.1442896, 1.3586544), (1.1406454, 1.2874563), (1.1406456, 1.2873558), (1.1412686, 1.2873563), (1.1412687, 1.2874578), (1.2526503, 1.1280448), (1.2520746, 1.1280448), (1.1405559, 1.2874562), (1.1405725, 1.358555), (1.1413586, 1.287457), (1.1413295, 1.358555), (1.1413667, 1.3585548), (1.1421139, 1.2874563), (1.1421139, 1.2873558), (1.1426978, 1.2873558), (1.1426978, 1.2874562), (1.2512934, 1.1280448), (1.2507539, 1.1280448), (1.142024, 1.2874563), (1.141992, 1.358524), (1.1419563, 1.3585482), (1.1427877, 1.2874562), (1.1427898, 1.3585556), (1.1435416, 1.2874563), (1.1435416, 1.2873558), (1.144126, 1.2873558), (1.144126, 1.2874563), (1.2499743, 1.1280448), (1.2494341, 1.1280448), (1.1434517, 1.2874563), (1.1434518, 1.3585567), (1.1442158, 1.2874563), (1.1442161, 1.3585297), (0.4591437, 0.76014477), (0.45906055, 0.76014555), (0.45906055, 0.7590479), (0.4591437, 0.7590472), (0.4591437, 0.7588219), (0.45907483, 0.7588879), (0.45890856, 0.7589023), (0.45837432, 0.7589023), (0.45837432, 0.75882185), (0.45890856, 0.7588219), (0.4568706, 0.7590484), (0.45687065, 0.76014555), (0.4567873, 0.75904727), (0.4575688, 0.7588219), (0.4575767, 0.7589227), (0.457027, 0.75890875), (0.45703155, 0.7588219), (0.45624098, 0.7589065), (0.45570233, 0.7589192), (0.45639592, 0.7601455), (0.45639598, 0.75904834), (0.45647937, 0.75904757), (0.45640782, 0.7588879), (0.45686018, 0.75888795), (1.2528431, 1.1293643), (1.2527599, 1.1294438), (1.25276, 1.1293312), (1.1405268, 1.2873547), (1.1404368, 1.2873547), (1.2493174, 1.1293314), (1.1442524, 1.2873547), (1.1404083, 1.3586544), (1.1404816, 1.3586359), (0.4591437, 0.7602252), (0.45907584, 0.7602109), (1.1405462, 1.3586555), (0.45901605, 0.758945), (1.1413559, 1.3586556), (1.1414039, 1.3586556), (1.2519838, 1.1293309), (1.1413668, 1.2873548), (1.2514108, 1.1293314), (1.1419868, 1.2873547), (1.1419001, 1.3586578), (1.1419532, 1.3586473), (0.45775777, 0.75888795), (0.4577139, 0.758957), (0.45782828, 0.75904727), (0.45776305, 0.7590477), (1.1428148, 1.3586544), (0.4569165, 0.7589486), (1.2506344, 1.1293314), (1.1428272, 1.2873546), (1.2500917, 1.1293314), (1.1434145, 1.2873547), (1.1428808, 1.3586347), (0.45685536, 0.76021093), (1.1433607, 1.3586358), (0.45641118, 0.7602109), (1.1434264, 1.3586555), (0.45635048, 0.7589472), (1.1442375, 1.3586262), (0.4555997, 0.7589478), (1.1443061, 1.3586359), (0.45553628, 0.7602109), (1.1405724, 1.2873743), (1.2527179, 1.1280595), (1.2520068, 1.1280595), (1.1413419, 1.2873746), (1.1420406, 1.2873743), (1.2513613, 1.1280594), (1.250686, 1.1280594), (1.1427711, 1.2873743), (1.1434683, 1.2873743), (1.250042, 1.1280594), (1.2493664, 1.1280594), (1.1441994, 1.2873743), (0.45826676, 0.75894487), (0.45820174, 0.7588815), (0.45822227, 0.75904775), (0.45813915, 0.7590472), (0.5830973, 1.3819978), (0.58309716, 1.3820367), (0.5836603, 1.3819938), (0.58356273, 1.3820353), (1.4136744, 0.5569484), (1.4137416, 0.5569497), (1.413718, 0.5570427), (1.4136485, 0.5570428), (0.5836589, 1.382034), (1.4137446, 0.5574931), (1.4137173, 0.55739784), (0.5831957, 1.3820372), (1.4136482, 0.5573979), (1.4136754, 0.5574932), (1.1414039, 1.3586137), (1.1414039, 1.3586541), (1.1418295, 1.3586527), (1.1414939, 1.3586547), (0.45782843, 0.7602259), (0.45782843, 0.7601471), (0.45813903, 0.76014805), (0.45813903, 0.76022613), (0.45774698, 0.7601189), (1.1419175, 1.3586513), (0.45822227, 0.7601156), (1.1419187, 1.3586094), (0.45774582, 0.7601949), (0.45822227, 0.7601938), (0.9372389, 1.403083), (0.93763244, 1.4027398), (0.9376852, 1.4030206), (0.937302, 1.4033895), (1.4275936, 0.040730834), (1.4275936, 0.040202305), (1.4277312, 0.040202305), (1.4277312, 0.040730834), (1.4298575, 0.040202305), (1.4298575, 0.040730834), (1.4300776, 0.040202305), (1.4300776, 0.040730834), (0.67816734, 0.32561147), (0.6786222, 0.32601473), (0.6787529, 0.32583046), (0.67831695, 0.3254401), (0.6755668, 0.32874262), (0.67633903, 0.32936633), (0.6754655, 0.32885456), (0.6762502, 0.32948706), (0.6754693, 0.32880583), (0.67625606, 0.32943988), (0.6755527, 0.32852605), (0.6763399, 0.32916036), (0.67559206, 0.32844555), (0.6763764, 0.32907772), (0.6756554, 0.32836634), (0.67643183, 0.3289916), (0.6788577, 0.32449096), (0.6792449, 0.32484978), (0.6789048, 0.3244453), (0.6792857, 0.3247997), (1.2946738, 0.70386946), (1.2946639, 0.7034021), (1.294823, 0.70337474), (1.2948376, 0.70384455), (1.2929302, 0.7036436), (1.2929255, 0.70308703), (1.2928886, 0.7036947), (1.2928703, 0.7031299), (0.42990252, 1.3814961), (0.429456, 1.3810784), (0.42949596, 1.3810037), (0.4299484, 1.3813944), (0.9379999, 1.4022963), (0.93805534, 1.4025816), (1.4275936, 0.03963059), (1.4277312, 0.03963059), (0.9360045, 1.4038117), (0.9360274, 1.4040896), (1.4275936, 0.04218478), (1.4277312, 0.04218478), (1.4298575, 0.03963059), (0.6777299, 0.32514483), (0.6748769, 0.3280704), (0.6747675, 0.3281241), (0.6748506, 0.32784408), (0.6749633, 0.32769734), (0.67847455, 0.32406378), (1.4298575, 0.04218478), (0.6801394, 0.32685545), (0.6790231, 0.33078015), (0.6789933, 0.33088037), (0.67907876, 0.33060166), (0.67913675, 0.33041567), (0.68051577, 0.32557166), (1.2946869, 0.7044089), (1.2929605, 0.70427203), (1.4300776, 0.03963059), (0.677895, 0.32498556), (0.6747655, 0.32817435), (0.6748929, 0.32776612), (0.67852694, 0.32402253), (1.2948521, 0.70438594), (1.4300776, 0.04218478), (0.680202, 0.32663813), (0.6789802, 0.33092386), (0.6791059, 0.33051416), (0.6805338, 0.32551083), (1.415503, 0.7048392), (1.2929051, 0.7043097), (0.42905724, 1.3805869), (0.42912367, 1.3805232), (1.2928315, 0.7026661), (1.292915, 0.702605), (1.4153605, 0.70522094), (1.4153425, 0.70559037), (1.415497, 0.70523375), (1.415488, 0.70560604), (1.4275936, 0.04171163), (1.4275936, 0.041230816), (1.4277312, 0.041230816), (1.4277312, 0.04171163), (0.9368999, 1.4036927), (0.9364756, 1.4039266), (0.9364274, 1.4036044), (0.9368503, 1.4033971), (1.4298575, 0.041230816), (1.4298575, 0.04171163), (1.4300776, 0.041230816), (1.4300776, 0.04171163), (0.67969257, 0.3264315), (0.6792102, 0.32616186), (0.6791008, 0.3263587), (0.67960626, 0.3266396), (0.6771819, 0.32992637), (0.6780823, 0.33040234), (0.67710733, 0.3300558), (0.6780233, 0.3305396), (0.67711544, 0.33001006), (0.6780338, 0.33049515), (0.6771998, 0.32973087), (0.6781187, 0.3302162), (0.6772333, 0.3296463), (0.6781491, 0.33012998), (0.6772807, 0.329555), (0.67818844, 0.33003473), (0.67964643, 0.3251492), (0.68006843, 0.32538953), (0.6796801, 0.3250949), (0.6800945, 0.3253316), (1.2946566, 0.702994), (1.2948079, 0.702964), (1.4300776, 0.037006184), (1.4298575, 0.037006184), (0.6764831, 0.3228998), (0.676631, 0.32264602), (0.6731344, 0.32518533), (0.6729992, 0.32526308), (0.67299753, 0.32520834), (0.6730795, 0.32492703), (0.67312425, 0.32485178), (0.6731836, 0.32480505), (0.9387899, 1.400938), (0.9385442, 1.4014317), (1.4298575, 0.039073385), (1.4277312, 0.039073385), (1.4300776, 0.039073385), (0.6775387, 0.32451406), (0.6773607, 0.32466084), (0.6743066, 0.3273787), (1.4275936, 0.039073385), (0.93836564, 1.4021196), (0.9383071, 1.401866), (0.6741868, 0.3274752), (0.6741871, 0.32742324), (0.67427003, 0.32714313), (0.67431587, 0.3270686), (0.67439216, 0.32701808), (0.6781491, 0.32361937), (0.6782059, 0.32358277), (1.2946999, 0.70495224), (1.2948644, 0.7049311), (1.2929858, 0.7048914), (1.2929186, 0.70491725), (0.4287296, 1.3800733), (0.4288072, 1.3800185), (1.4298575, 0.03855668), (1.4298575, 0.038053606), (1.4300776, 0.038053606), (1.4300776, 0.03855668), (1.4277312, 0.03855668), (1.4277312, 0.038053606), (0.67725503, 0.3240577), (0.67700493, 0.32361192), (0.67681354, 0.3237426), (0.67706776, 0.32419315), (1.4275936, 0.03855668), (1.4275936, 0.038053606), (0.6735758, 0.32621536), (0.67388034, 0.32673535), (0.9388471, 1.4011881), (0.9386088, 1.4016719), (0.6734479, 0.3263046), (0.673755, 0.32682633), (0.6734473, 0.32625186), (0.6737539, 0.32677266), (0.6735305, 0.32597253), (0.6738368, 0.32649276), (0.6735695, 0.32588577), (0.6738868, 0.3264234), (0.6736381, 0.32585707), (0.67397046, 0.32640484), (0.6776427, 0.32274356), (0.6778851, 0.32318392), (0.67770475, 0.32271463), (0.6779451, 0.32315186), (1.2948744, 0.7054517), (1.2948836, 0.705974), (1.2947211, 0.70599055), (1.2947111, 0.70547193), (1.2930114, 0.70597386), (1.2929996, 0.70544326), (1.2929384, 0.70599306), (1.292929, 0.705464), (0.4284764, 1.3795935), (0.42825064, 1.3791213), (0.6350929, 1.4123392), (0.6354246, 1.4122936), (0.6354273, 1.4172353), (0.6350976, 1.4172809), (0.6357057, 1.4121687), (0.6357067, 1.4171101), (0.8556562, 0.35002786), (0.85542166, 0.3498912), (0.855419, 0.3446895), (0.8556548, 0.34482554), (0.8551181, 0.34981778), (0.8551141, 0.34461632), (0.5902338, 1.3137556), (0.59052825, 1.3137555), (0.5905284, 1.3819404), (0.59023404, 1.3819404), (0.590778, 1.3137554), (0.5907782, 1.3819401), (1.1226397, 1.287455), (1.1228997, 1.2874551), (1.1229001, 1.3585538), (1.1226399, 1.3585535), (1.1232063, 1.2874552), (1.123207, 1.3585538), (0.85504764, 0.3499128), (0.85536045, 0.34998643), (0.8552596, 0.3500653), (0.8549288, 0.35000056), (0.85560536, 0.35011822), (0.85549957, 0.3501768), (0.6356789, 1.4120606), (0.6354011, 1.4121844), (0.6353576, 1.4120624), (0.6356073, 1.4119694), (0.6350746, 1.4122314), (0.635062, 1.4121155), (0.6350789, 1.4173357), (0.4768158, 0.7580766), (0.4769631, 0.75792235), (0.5902124, 1.313674), (1.1232202, 1.287371), (1.2687525, 1.129382), (1.2687174, 1.1294485), (1.4136246, 0.55056834), (1.4136834, 0.5505085), (0.59025466, 1.3820368), (1.4153548, 0.54837054), (0.8550875, 0.34455144), (1.4155006, 0.54821587), (1.1231643, 1.3586543), (0.47515574, 0.76018214), (0.4751032, 0.7602595), (1.2694339, 1.1302223), (1.2694924, 1.1301287), (1.2687509, 1.130203), (0.8553941, 0.34462532), (0.85563123, 0.34476182), (0.63540894, 1.4172899), (0.63568866, 1.4171641), (0.59050876, 1.3136749), (0.5907601, 1.3136753), (1.1229141, 1.2873715), (1.1226546, 1.2873714), (1.1228621, 1.3586543), (1.1226058, 1.3586541), (0.5905541, 1.3820368), (0.5908081, 1.3820366), (1.2694355, 1.1298434), (1.2693793, 1.1299263), (1.2692751, 1.1296014), (1.269224, 1.1296754), (1.2690352, 1.1294395), (1.2689916, 1.1295077), (0.47538295, 0.7603183), (0.47546968, 0.7602386), (0.4756201, 0.7604823), (0.47568285, 0.7604074), (1.4135674, 0.55027866), (1.413644, 0.55020463), (1.4134082, 0.55003315), (1.4134727, 0.54995877), (0.4771012, 0.75813353), (0.47734326, 0.75829536), (1.4152977, 0.54808396), (1.4151357, 0.5478411), (0.47724664, 0.75798005), (0.47748697, 0.7581418), (1.4152819, 0.5476881), (1.4154432, 0.54793024), (1.4300776, 0.19308057), (1.4300776, 0.19321994), (1.4298575, 0.19321994), (0.63515323, 1.4160495), (0.7702555, 0.7969188), (0.7701385, 0.79698837), (0.76996523, 0.7970048), (0.41357234, 1.3280821), (0.41382805, 1.3280795), (0.4136246, 1.3279884), (0.41384214, 1.3279858), (0.6187605, 0.010422602), (0.61875796, 0.010637134), (0.61879075, 0.010587064), (0.36993688, 0.75891876), (0.3697297, 0.758908), (0.36973256, 0.75881207), (0.36991814, 0.758822), (0.36956596, 0.7719222), (0.3693572, 0.77193815), (0.7701807, 0.79710585), (0.7699763, 0.7971057), (0.37009627, 0.7589156), (0.36969206, 0.7719071), (0.4133982, 1.328084), (0.41334444, 1.3416182), (0.77032995, 0.7970281), (0.6187853, 0.010730236), (0.618751, 0.01082618), (0.7699763, 0.7971057), (0.6187605, 0.010422602), (0.41343266, 1.3279907), (0.37008023, 0.7588126), (0.41333196, 1.3417219), (0.36976644, 0.772012), (0.37097982, 0.77294797), (0.76976097, 0.77452487), (0.77034426, 0.77452457), (0.77043134, 0.77456015), (0.6622722, 0.77452475), (0.6622722, 0.77437836), (0.6623804, 0.7892841), (0.66235095, 0.7891459), (1.1734717, 1.2819124), (1.1734717, 1.2825441), (1.1734717, 1.280383), (1.1734717, 1.2810147), (1.1734717, 1.1348655), (1.1734717, 1.1354846), (1.1734717, 1.1363702), (1.1734717, 1.1370238), (1.1734717, 1.1379088), (1.1734717, 1.2794845), (1.1733738, 1.137775), (1.1733738, 1.1371578), (1.173443, 1.1371195), (1.173443, 1.1378139), (1.1733738, 1.2802469), (1.1733738, 1.2796206), (1.1734431, 1.2795808), (1.1734431, 1.2802867), (1.1733738, 1.2817763), (1.1733738, 1.2811508), (1.1734431, 1.281111), (1.1734431, 1.2818161), (1.1733738, 1.1362362), (1.1733738, 1.1356186), (1.1734431, 1.1355792), (1.1734431, 1.1362754), (1.1733738, 1.1347317), (1.1733738, 1.1341164), (1.1734431, 1.1340772), (1.1734431, 1.1347709), (0.19579303, 0.39329678), (0.35764787, 0.37578404), (0.3576527, 0.3755503), (0.19580056, 0.3930626), (1.2418513, 0.7096745), (1.2173619, 0.5606527), (1.2176015, 0.56060565), (1.2421155, 0.7097779), (0.5202644, 1.4158341), (0.5204493, 1.4158359), (0.52037954, 1.4118321), (0.5202613, 1.4118309), (0.18706855, 0.39847487), (0.1872504, 0.39845327), (0.1872461, 0.39424017), (0.18707255, 0.3942607), (0.5204577, 1.4160513), (0.5229032, 1.4160757), (0.5229012, 1.4158596), (1.203005, 1.3585492), (1.203005, 1.2874595), (1.2031387, 1.2874596), (1.2031387, 1.3585386), (1.2032912, 1.2874596), (1.2032316, 1.3585105), (1.2030116, 1.358653), (1.1979293, 1.3586539), (1.1979527, 1.3585467), (1.2044344, 1.3585538), (1.2044345, 1.3586544), (1.2032158, 1.3586531), (1.1978871, 1.287457), (1.1978871, 1.3585466), (1.1979527, 1.287457), (0.20323591, 1.4160589), (0.2032217, 1.348631), (0.20336393, 1.3486308), (0.20336896, 1.4160485), (0.20324089, 1.4163607), (0.2004195, 1.4163675), (0.20041586, 1.4160658), (0.20010142, 1.4163675), (0.17934032, 1.4163682), (0.17934842, 1.4160669), (0.20010105, 1.4160659), (0.20010015, 1.3486364), (0.20027336, 1.3486372), (0.20027903, 1.4160658), (0.20040593, 1.348638), (1.3993492, 0.55692434), (1.3993425, 0.70214444), (1.3992226, 0.7021444), (1.3992226, 0.5569162), (0.19565979, 0.39188623), (0.35751522, 0.3743736), (0.35750934, 0.37443957), (0.19565395, 0.3919522), (0.19565395, 0.3971517), (0.35750934, 0.3796391), (0.35751522, 0.3797431), (0.19565979, 0.39725572), (0.35753202, 0.3798329), (0.19567661, 0.3973455), (0.7699814, 1.3792678), (0.7699537, 1.3137516), (0.7700333, 1.3137516), (0.77005845, 1.3792678), (0.17927909, 1.4160668), (0.17930162, 1.348634), (0.17937282, 1.3486341), (1.2199186, 0.56023216), (1.245334, 0.7148843), (1.245181, 0.714917), (1.2197782, 0.56026417), (0.76999056, 1.3795606), (0.6198943, 1.3795606), (0.6198907, 1.3792677), (0.18702537, 0.39863315), (0.18724401, 0.39860737), (0.18684974, 0.39860904), (0.18719178, 0.3985688), (0.5203791, 1.4116935), (0.5202278, 1.411692), (0.52037704, 1.4117752), (0.5201075, 1.411773), (1.2788818, 0.6560103), (1.2792436, 0.61865485), (1.2794055, 0.61867195), (1.2790455, 0.6560207), (0.37416384, 0.3370265), (0.36470813, 0.37017414), (0.36464578, 0.37014493), (0.3740826, 0.3370362), (0.38023314, 0.3370443), (0.380227, 0.33637524), (0.38032192, 0.33638445), (0.38031417, 0.3370074), (0.27149245, 0.7728792), (0.2714772, 0.77220005), (0.2715696, 0.7722001), (0.27158868, 0.77286893), (0.27203405, 0.7728543), (0.2720365, 0.7729445), (0.27158758, 0.7729629), (0.38036135, 0.33714074), (0.38044098, 0.33743018), (0.3803952, 0.33751217), (0.3803184, 0.33722335), (0.8035704, 1.4235419), (0.8037003, 1.4283568), (0.8034618, 1.42836), (0.80345625, 1.4235601), (0.38021755, 0.33759847), (0.37484783, 0.3381872), (0.37480187, 0.33824822), (0.38012958, 0.33767447), (0.27224517, 0.77284473), (0.27338248, 0.77277297), (0.27338675, 0.7728715), (0.27226058, 0.7729216), (0.80354017, 1.4233382), (0.8046659, 1.4233406), (0.8046718, 1.4235269), (0.80576813, 1.4286183), (0.80369216, 1.4286289), (1.2150496, 0.53550464), (1.2172467, 0.5351504), (1.2172362, 0.5352677), (1.2150588, 0.53558904), (1.1808988, 0.38558215), (1.1793529, 0.3547277), (0.60497105, 1.3406767), (0.61915135, 1.3137184), (0.6192405, 1.3137196), (0.60504454, 1.340739), (1.2790378, 0.6561617), (1.2787381, 0.6583558), (1.2786461, 0.6583169), (1.2788765, 0.6561175), (0.374206, 0.3369637), (0.38023245, 0.3363093), (1.280747, 0.65604997), (1.2807444, 0.6561355), (1.279042, 0.6561072), (1.280741, 0.65618974), (1.2808146, 0.6562266), (1.2805896, 0.6584093), (1.2805169, 0.65837234), (1.2811141, 0.61867654), (1.2811885, 0.61868334), (1.2808218, 0.6560624), (1.2794447, 0.6583688), (1.2794242, 0.65836096), (1.2787337, 0.6583509), (0.27156326, 0.7721022), (0.27222067, 0.7720789), (0.27222648, 0.77218056), (0.6616904, 0.78908354), (0.66227317, 0.7890901), (0.66218823, 0.78915435), (0.6616904, 0.78918374), (0.48425934, 0.0019725896), (0.48426163, 0.0019549273), (0.48431578, 0.0020522233), (0.4842918, 0.002055029), (0.48442364, 0.01014987), (0.4844569, 0.010158597), (0.48432598, 0.0020551295), (0.662255, 0.80168825), (0.662302, 0.78935874), (0.48441675, 0.002071879), (0.49827668, 0.0053369524), (0.4982487, 0.0054165195), (0.48443452, 0.0021489668), (0.48459023, 0.0100559555), (0.48449513, 0.010091055), (0.48435265, 0.0021074514), (0.48445255, 0.010178557), (0.15741338, 1.30234), (0.010762637, 1.3023404), (0.010721734, 1.3022437), (0.15745471, 1.3022436), (1.1734025, 1.2793883), (1.1734024, 1.1380038), (0.15755479, 1.30234), (0.15755472, 1.370525), (0.1575132, 1.3705249), (0.1575133, 1.30234), (0.15741329, 1.3705249), (1.1723242, 1.2796206), (1.1723242, 1.2795244), (1.1733047, 1.2795244), (0.15759614, 1.3022437), (0.15759765, 1.3022447), (0.15755624, 1.3023411), (0.010592698, 1.3022447), (0.010583155, 1.3022437), (0.010624216, 1.3023401), (0.0106333885, 1.3023411), (1.1723242, 1.1377832), (1.1733047, 1.1378701), (1.1723242, 1.1378778), (0.010752864, 1.3705249), (0.010654642, 1.3705249), (0.01066442, 1.3023403), (0.010614047, 1.370525), (0.16184834, 1.3055933), (0.16183244, 1.3703997), (0.16173066, 1.370416), (0.16174856, 1.3054569), (0.16168834, 1.3704197), (0.16170731, 1.305399), (0.6616817, 0.7742745), (0.6616836, 0.7743784), (1.4010184, 0.70559394), (1.4000782, 0.70552605), (1.4000754, 0.7054724), (1.4010195, 0.7054918), (0.16173488, 1.3705146), (0.1617162, 1.3705068), (0.16168983, 1.3703837), (0.0065484396, 1.3023401), (0.0065484075, 1.370525), (0.0065075913, 1.370525), (0.006507673, 1.30234), (0.0064092823, 1.3705249), (0.0064093736, 1.30234), (1.1723242, 1.134021), (1.1733047, 1.1340216), (1.1723242, 1.1341157), (0.0065492424, 1.3023411), (0.0065891165, 1.3022437), (0.0065899435, 1.3022447), (0.48445502, 0.010255711), (0.48442724, 0.010411591), (0.66228664, 0.7970072), (0.69291055, 0.7970153), (0.6928319, 0.7971131), (0.6622968, 0.79710543), (0.27360973, 0.7588053), (0.3004912, 0.7578785), (0.30046943, 0.7579778), (0.27361515, 0.7589012), (0.6622559, 0.8058677), (0.6622543, 0.8018312), (0.4983341, 0.005456028), (0.49838486, 0.010057005), (0.4982883, 0.0100575825), (0.6623314, 0.79652274), (0.662255, 0.796494), (0.66225564, 0.8058749), (0.4982914, 0.0101388665), (0.48459202, 0.010135875), (1.201353, 0.53609663), (1.1813984, 0.53546005), (1.1814057, 0.535372), (1.2014661, 0.5359913), (0.17937282, 1.3485385), (0.20010236, 1.34854), (0.6192684, 1.3136642), (0.7699537, 1.3136587), (1.1813265, 0.53537375), (1.180896, 0.38574237), (0.20038417, 1.3485386), (0.20320792, 1.3485337), (0.1590015, 1.30234), (0.15862836, 1.30234), (0.15858692, 1.3022436), (0.15904285, 1.3022436), (1.1734025, 1.2809185), (1.1734025, 1.2804792), (0.1591429, 1.30234), (0.1591428, 1.3705225), (0.15910135, 1.3705226), (0.15910144, 1.30234), (0.15900141, 1.370523), (1.1723242, 1.2811508), (1.1723242, 1.2810546), (1.1733047, 1.2810546), (0.15918425, 1.3022437), (0.15918574, 1.3022447), (0.15914436, 1.3023411), (0.1584872, 1.30234), (0.15848866, 1.3023411), (0.1584473, 1.3022447), (0.1584458, 1.3022437), (1.1733047, 1.280343), (1.1723242, 1.280343), (1.1723242, 1.2802469), (0.15862824, 1.3705243), (0.1585284, 1.3705248), (0.15852849, 1.30234), (0.15848713, 1.370525), (1.219485, 0.55758667), (1.2193443, 0.5576162), (0.61734456, 1.3792377), (0.617334, 1.3795303), (0.36052573, 0.37521172), (0.3605272, 0.37544453), (1.2171671, 0.557955), (1.2169273, 0.55799997), (0.36058125, 0.37980294), (0.35764098, 0.3801528), (0.35761955, 0.38011113), (0.36056158, 0.379761), (0.36058056, 0.37964848), (0.35764682, 0.3799974), (0.3604556, 0.37939325), (0.36044434, 0.37928993), (0.36047462, 0.37948272), (1.3992239, 0.70471233), (1.3993438, 0.70471066), (0.3603759, 0.3741024), (0.3603771, 0.37403706), (0.16058883, 1.30234), (0.16021566, 1.30234), (0.16017422, 1.3022436), (0.16063015, 1.3022436), (1.1734025, 1.2824479), (1.1734025, 1.2820086), (0.16073024, 1.30234), (0.16076405, 1.3704945), (0.16072255, 1.3704958), (0.16068874, 1.30234), (0.16062263, 1.3704991), (1.1733738, 1.2826803), (1.1723242, 1.2826804), (1.1723242, 1.2825841), (1.1733047, 1.2825841), (0.16077156, 1.3022437), (0.1607731, 1.3022447), (0.1607317, 1.3023411), (0.16007455, 1.30234), (0.16007599, 1.3023411), (0.16003463, 1.3022447), (0.16003314, 1.3022437), (1.1733047, 1.2818725), (1.1723242, 1.2818725), (1.1723242, 1.2817763), (0.1602495, 1.3705121), (0.16014965, 1.3705157), (0.16011582, 1.30234), (0.16010837, 1.3705173), (1.3998638, 0.7054467), (1.3998612, 0.7045524), (1.3999326, 0.7046493), (1.3999203, 0.7053399), (0.16157956, 1.3705503), (0.16086583, 1.3705873), (0.16090688, 1.3704859), (0.16154547, 1.3704404), (1.3999592, 0.7044182), (1.401013, 0.70441574), (1.4010149, 0.70451266), (1.4000304, 0.70451355), (0.16072536, 1.3705934), (0.16072305, 1.3705926), (0.16076547, 1.3704954), (1.3998603, 0.7039181), (1.3998601, 0.70298374), (1.3999312, 0.7030805), (1.3999311, 0.7038217), (0.16001049, 1.3706168), (0.15924437, 1.3706197), (0.15928568, 1.3705229), (0.15996875, 1.3705192), (0.16010986, 1.3705182), (0.16015086, 1.3706119), (0.16015255, 1.370613), (1.4000295, 0.7039593), (1.4010129, 0.70395905), (1.4010106, 0.70405704), (1.3999586, 0.7040572), (1.3999583, 0.70284736), (1.4010121, 0.702847), (1.4010137, 0.70294374), (1.4000293, 0.7029439), (0.15910307, 1.3706201), (0.15910147, 1.370619), (0.15914427, 1.3705236), (1.1723242, 1.2833495), (1.1733739, 1.2833495), (1.1733739, 1.2834458), (1.1723242, 1.2834458), (0.1616674, 1.3022447), (0.16166578, 1.3022436), (0.16170718, 1.30234), (0.16170877, 1.3023411), (0.16156764, 1.3023412), (0.16087313, 1.3023958), (0.16087309, 1.3022448), (0.16156763, 1.3022448), (1.172255, 1.2833496), (1.172255, 1.2826804), (0.16164988, 1.3704087), (0.16166751, 1.3023411), (0.16080697, 1.3704928), (0.1607732, 1.3023411), (0.15993488, 1.3023412), (0.1592858, 1.3023412), (0.15928575, 1.3022448), (0.15993482, 1.3022448), (1.172255, 1.2817763), (1.172255, 1.2811508), (0.16006862, 1.3705186), (0.16003473, 1.3023411), (0.15918575, 1.3705233), (0.15918584, 1.3023411), (1.3999581, 0.7013105), (1.401012, 0.70131046), (1.4010136, 0.70140713), (1.4000292, 0.70140725), (0.15751481, 1.3706223), (0.1575133, 1.3706213), (0.15755616, 1.370526), (0.15769757, 1.3705261), (0.15834746, 1.3705261), (0.1583889, 1.3706226), (0.15765625, 1.3706224), (1.3999311, 0.701544), (1.3999311, 0.7022528), (1.39986, 0.70234936), (1.39986, 0.70144725), (0.15848857, 1.370526), (0.1585286, 1.3706211), (0.1585301, 1.3706222), (1.4000292, 0.70238954), (1.4010135, 0.7023895), (1.4010117, 0.7024862), (1.3999581, 0.70248634), (0.15834755, 1.3023412), (0.15769766, 1.3023412), (0.15769762, 1.3022448), (0.1583475, 1.3022448), (1.172255, 1.2802469), (1.172255, 1.2796206), (0.15844733, 1.370526), (0.1584474, 1.3023411), (0.15759765, 1.370526), (0.15759775, 1.3023411), (1.401083, 0.70405585), (1.4010841, 0.7044157), (0.16062273, 1.3705957), (0.16025083, 1.3706086), (1.4010829, 0.70248616), (1.4010831, 0.70284706), (0.15900145, 1.3706194), (0.15862843, 1.3706207), (1.401012, 0.5594149), (1.401083, 0.55941504), (1.401083, 0.7013105), (0.15741333, 1.3706212), (0.010752908, 1.3706212), (0.01061552, 1.370526), (0.010654738, 1.3706213), (0.010656201, 1.3706223), (0.010476752, 1.3706225), (0.009845381, 1.3706224), (0.009845338, 1.3705261), (0.010476699, 1.3705261), (0.009565809, 1.30234), (0.009165323, 1.30234), (0.009124559, 1.3022436), (0.009606619, 1.3022436), (1.1734025, 1.1369293), (1.1734025, 1.1364648), (0.009702055, 1.3023415), (0.009704895, 1.3705238), (0.009663947, 1.3705238), (0.0096630985, 1.3023407), (0.009565525, 1.3705239), (1.1723241, 1.1370337), (1.1733038, 1.1370612), (1.1723242, 1.1371284), (0.009675846, 1.3023411), (0.009743691, 1.3022441), (0.009716557, 1.3022448), (0.008987238, 1.3022447), (0.008985742, 1.3022437), (0.009026501, 1.3023401), (0.009027953, 1.3023411), (1.1723242, 1.1362362), (1.1733047, 1.136331), (1.1723242, 1.136331), (0.009198424, 1.3705269), (0.009100297, 1.3705238), (0.009067107, 1.30234), (0.009059833, 1.3705238), (0.008902725, 1.3706057), (0.008253093, 1.3706206), (0.008247949, 1.3705245), (0.008924837, 1.3704779), (0.008068069, 1.3706207), (0.00806668, 1.3706203), (0.008107351, 1.3705238), (0.008108829, 1.3705248), (0.007968332, 1.30234), (0.007603811, 1.30234), (0.0075630564, 1.3022436), (0.008008979, 1.3022436), (1.1734025, 1.1353899), (1.1734025, 1.1349603), (0.008107665, 1.30234), (0.00806655, 1.3705238), (0.00806673, 1.30234), (0.007968236, 1.3705239), (1.1723242, 1.1355261), (1.1733048, 1.1355239), (1.1723242, 1.1356207), (0.00811124, 1.3023411), (0.008148263, 1.3022437), (0.008151956, 1.3022447), (0.007425735, 1.3022447), (0.0074242395, 1.3022437), (0.007464984, 1.3023401), (0.0074664354, 1.3023411), (1.1723242, 1.1347317), (1.1733047, 1.1348263), (1.1723242, 1.1348263), (0.00760372, 1.3705246), (0.0075054932, 1.3705248), (0.0075055845, 1.30234), (0.007464883, 1.370525), (1.401012, 0.5567208), (1.4010118, 0.55636823), (1.4010829, 0.55636823), (1.401083, 0.55672085), (0.007968284, 1.3706204), (0.007603813, 1.370621), (0.007466346, 1.370526), (0.007505658, 1.3706212), (0.00750719, 1.3706219), (0.0073241526, 1.370622), (0.0066875825, 1.3706113), (0.0066875606, 1.3704879), (0.0073275194, 1.3705261), (1.3998594, 0.55520916), (1.401012, 0.5552125), (1.4010136, 0.5553076), (1.4000174, 0.55530673), (0.0065081767, 1.3706206), (0.0065076966, 1.3706213), (0.0065498543, 1.37052), (0.010495349, 1.3023412), (0.00981357, 1.3023427), (0.009813646, 1.3022453), (0.0104951225, 1.3022448), (1.172255, 1.1377838), (1.172255, 1.1371272), (0.01057493, 1.3705261), (0.010593308, 1.3023411), (0.009747028, 1.3705261), (0.009715262, 1.3023419), (0.009706202, 1.370526), (0.008889131, 1.3023412), (0.008250484, 1.3023411), (0.00825043, 1.3022448), (0.008889073, 1.3022448), (1.172255, 1.1362362), (1.172255, 1.1356208), (0.009061281, 1.3705195), (0.009022372, 1.3704964), (0.008987348, 1.3023412), (0.00814971, 1.3705267), (0.008152161, 1.3023411), (0.007327614, 1.3023412), (0.006688348, 1.3023412), (0.0066883042, 1.3022448), (0.00732757, 1.3022448), (1.172255, 1.1347317), (1.172255, 1.1341157), (0.0074256863, 1.3705277), (0.007425845, 1.3023412), (0.006589716, 1.3705019), (0.0065900194, 1.3023412), (0.6930213, 0.7971155), (0.6930213, 0.7981676), (0.692943, 0.7981945), (0.69294304, 0.79721296), (0.9879311, 0.013942759), (0.9886725, 0.013940134), (0.9886444, 0.014050357), (0.98792535, 0.014052958), (0.9879356, 0.016858984), (0.98792535, 0.029479427), (0.9878439, 0.029479442), (0.98785126, 0.016824339), (0.98881584, 0.014050247), (0.98881584, 0.01685631), (0.98872596, 0.016856275), (0.98872596, 0.014050212), (0.9886444, 0.01685642), (1.0959028, 0.32906), (1.095902, 0.3290472), (0.9903407, 0.016882006), (0.99025184, 0.0168837), (0.99022377, 0.016993932), (0.99031264, 0.016992236), (0.99031264, 0.029479532), (0.9903254, 0.02947941), (0.9903254, 0.016969277), (0.99027985, 0.029479215), (0.99027985, 0.016858807), (0.9737525, 0.015187803), (0.97530586, 0.015156793), (0.97532237, 0.015202349), (0.9737534, 0.01523367), (0.9886444, 0.029476829), (0.9886725, 0.029587153), (0.9879533, 0.029589752), (0.9736805, 0.015143139), (0.9736583, 0.014052782), (0.9737287, 0.01401355), (0.98881584, 0.029476719), (0.9902577, 0.029589573), (0.9887937, 0.029587077), (0.9737279, 0.013970258), (0.97526735, 0.013939525), (0.9752682, 0.013982818), (0.99022377, 0.029479858), (0.9902078, 0.02958055), (0.99028754, 0.02957965), (0.97533303, 0.013985026), (0.9753359, 0.01410657), (0.975271, 0.014119028), (0.64212185, 0.3173033), (0.64189607, 0.31727523), (0.64189863, 0.3171111), (0.6421117, 0.31715345), (0.72092384, 0.8408352), (0.72089016, 0.8406074), (0.30279765, 0.77097845), (0.3029593, 0.76049334), (0.6421974, 0.31730303), (0.6421974, 0.33585507), (0.64212185, 0.33581942), (0.97528934, 0.015022655), (0.9753552, 0.015023608), (0.9753771, 0.015149927), (0.6421193, 0.3359835), (0.6419052, 0.33593932), (0.64189607, 0.33578798), (0.6417493, 0.33578962), (0.6417493, 0.31707403), (0.64181346, 0.3172362), (0.64181346, 0.33578825), (0.973916, 0.015040692), (0.9740022, 0.014994234), (0.9752884, 0.014972469), (0.64180726, 0.33595318), (0.6416893, 0.3359782), (0.64164346, 0.33581343), (0.64143693, 0.33581528), (0.64143693, 0.31417054), (0.6415794, 0.31417006), (0.6415794, 0.33581477), (0.64164346, 0.3141687), (0.9739055, 0.014155217), (0.97391623, 0.014271215), (0.97392935, 0.014914572), (0.64154327, 0.3359795), (0.6404333, 0.33597887), (0.64054537, 0.33581474), (0.64046204, 0.3170733), (0.64046204, 0.33578888), (0.6404102, 0.33578745), (0.6404102, 0.3172354), (0.99018055, 0.0169698), (0.99018055, 0.029479934), (0.6403562, 0.3358127), (0.6403562, 0.31416795), (0.6404079, 0.31416938), (0.6404079, 0.3358141), (0.64054537, 0.31417003), (0.9752718, 0.014159106), (0.9739858, 0.01418871), (0.6402996, 0.3359774), (0.64040405, 0.33595237), (0.6405479, 0.3140059), (0.64143944, 0.31400642), (0.7183197, 0.8400101), (0.7183197, 0.83906347), (1.197967, 1.2873534), (1.2030299, 1.2873524), (0.03953369, 1.2004601), (0.03741682, 1.2004372), (0.03956175, 1.1984397), (0.039691254, 1.1985105), (0.40120146, 0.7602175), (0.40111572, 0.76015574), (0.19576414, 0.39762375), (0.19579141, 0.39751002), (0.17043363, 1.3165282), (0.17865284, 1.3166611), (0.17363185, 1.3301997), (1.2011088, 0.5306843), (1.2047918, 0.53115654), (1.2046261, 0.53125906), (1.3998898, 0.70445764), (1.2192322, 0.5569226), (1.2170552, 0.55726147), (0.36130333, 0.37531152), (0.36191806, 0.37939414), (0.361925, 0.37950134), (0.3618388, 0.3792229), (0.36103296, 0.3739947), (0.36179373, 0.37903303), (1.3993467, 0.7052872), (0.61311, 1.3752408), (1.4000556, 0.55941504), (0.99030787, 0.01674858), (0.30098632, 0.7709979), (0.3010577, 0.77118164), (0.27399403, 0.77195555), (0.66157806, 0.7723155), (0.3998899, 0.758822), (0.3991173, 0.758822), (0.3984104, 0.7580764), (0.5436503, 1.4173001), (0.5229007, 1.4173001), (0.5229007, 1.4123597), (0.5229007, 1.4121432), (0.5229007, 1.411797), (0.5229007, 1.4118576), (0.059958946, 1.1985052), (0.060146317, 1.198505), (0.6929889, 0.79704475), (0.30121145, 0.77122), (0.27327785, 0.7721416), (0.6622318, 0.7965358), (0.69291055, 0.7965336), (0.69289607, 0.7965245), (1.1734431, 1.2826405), (1.3998889, 0.7028873), (0.17376496, 1.330163), (0.3005536, 0.7602384), (0.039525162, 1.2005908), (0.03742599, 1.2005774), (0.18724576, 0.39401063), (0.18708812, 0.3940296), (0.5229007, 1.4122534), (0.4012037, 0.7603091), (0.40590748, 0.7632469), (0.40101466, 0.7602322), (0.39988685, 0.7602252), (0.39988688, 0.76014477), (0.40101466, 0.7601557), (0.039769765, 1.1983548), (0.059953224, 1.1983513), (0.060282916, 1.1983864), (0.060262457, 1.1982554), (0.06300535, 1.1935194), (0.19578557, 0.39766538), (0.5229007, 1.4117175), (1.2173824, 0.5352724), (1.2187558, 0.55213857), (1.2186103, 0.5521345), (0.6130275, 1.3754252), (0.60491544, 1.3408762), (0.17913948, 1.3301661), (0.17928794, 1.3301827), (0.17931071, 1.3302523), (0.1737651, 1.3302556), (0.17898117, 1.3301563), (0.17358938, 1.3303576), (0.16482204, 1.3667562), (0.16473919, 1.3667085), (0.17352635, 1.3303016), (1.2805216, 0.6583793), (0.2732648, 0.7720385), (1.4010284, 0.70610684), (1.4010885, 0.7055917), (1.4011104, 0.70609313), (0.16235596, 1.3703662), (0.161838, 1.3704987), (0.16231553, 1.3702629), (0.38058296, 0.7580758), (0.38058296, 0.7579116), (0.3984104, 0.7579116), (0.5436503, 1.4173553), (0.5229007, 1.4173553), (0.17043415, 1.3164338), (0.17865147, 1.3165668), (1.2046638, 0.53133327), (1.2016317, 0.5360217), (0.6166903, 1.379199), (0.6166765, 1.379481), (1.2193737, 0.55689704), (1.2168148, 0.55730253), (0.36126983, 0.37508538), (0.3619412, 0.37954396), (0.36181545, 0.37913424), (0.3610244, 0.37393123), (1.3992256, 0.70529324), (1.4000572, 0.55932003), (1.4010136, 0.5593199), (1.3998593, 0.55941504), (1.3999168, 0.55933625), (1.3999304, 0.5591462), (1.3998593, 0.55914617), (1.3998593, 0.55853534), (1.3999304, 0.5585354), (1.4000558, 0.5567207), (1.4010136, 0.556816), (1.4000577, 0.556816), (1.3998594, 0.55761427), (1.3998594, 0.557), (1.399936, 0.55699486), (1.3999485, 0.5576234), (1.399934, 0.5560961), (1.3998594, 0.55609256), (1.3999454, 0.55548024), (1.4000577, 0.55627334), (1.4010135, 0.55627316), (1.400056, 0.5563686), (1.3999169, 0.55680406), (1.3999169, 0.55628675), (0.9878438, 0.014053163), (0.30054614, 0.75797856), (0.3006256, 0.76030666), (0.6930213, 0.79826534), (1.0942348, 0.32648653), (1.0942348, 0.32657963), (0.98872596, 0.029476684), (0.30106252, 0.7709919), (0.30120346, 0.7711231), (0.30270347, 0.77110684), (0.66157806, 0.77221507), (0.6929063, 0.7964893), (0.66230196, 0.7964892), (1.1996818, 1.13236), (1.1996496, 1.132424), (1.194879, 1.1294435), (1.1950034, 1.1294551), (1.2031307, 1.358653), (0.4010935, 0.760245), (1.1978806, 1.3586351), (0.4059525, 0.76328695), (0.20337065, 1.4163469), (0.063131504, 1.193423), (0.20028095, 1.4163675), (0.060127765, 1.1983413), (0.039702952, 1.1983235), (0.1792716, 1.4163681), (0.77006686, 1.3795606), (1.245376, 0.71495837), (1.2452462, 0.7151101), (0.27150908, 0.7729595), (0.3803188, 0.33708912), (0.38026968, 0.33714026), (0.3804429, 0.33751327), (0.3803729, 0.33760443), (0.8034326, 1.4233496), (1.2148114, 0.5355982), (1.2148179, 0.5355367), (0.80347323, 1.4286202), (0.37455896, 0.3382293), (0.37450778, 0.33828065), (0.8059041, 1.4286618), (1.217398, 0.5351705), (0.6048359, 1.3408134), (1.1793478, 0.35453716), (0.3741338, 0.33698454), (1.2788932, 0.6560862), (1.2808186, 0.6561629), (0.17366706, 1.3302826), (0.38030824, 0.33632544), (0.27148646, 0.7721209), (1.2786567, 0.65832734), (0.48428592, 0.001953125), (0.661611, 0.7891875), (0.66161096, 0.7890636), (0.17026836, 1.3162887), (0.17033073, 1.3163931), (0.17024492, 1.3165267), (0.17019096, 1.3163158), (0.48430914, 0.001987056), (0.66226923, 0.7892123), (1.1733738, 1.2794845), (0.15755464, 1.3022436), (1.1733738, 1.1379089), (0.010623404, 1.3022437), (0.16176365, 1.3053274), (0.16175649, 1.3053735), (0.16170727, 1.3052834), (0.16170709, 1.3052453), (0.16184838, 1.3054892), (0.16175288, 1.3704941), (1.4010761, 0.70550936), (1.1733738, 1.1339824), (1.1734025, 1.1338878), (1.1734717, 1.1339824), (0.0064500407, 1.3022436), (0.0065483497, 1.3022436), (0.49833328, 0.005386871), (0.66226923, 0.80177), (0.49836934, 0.010123558), (0.66227025, 0.80591446), (0.66227025, 0.80591446), (0.1793147, 1.348556), (1.1813365, 0.5354448), (0.7700187, 1.3136758), (0.6192009, 1.3136646), (1.180916, 0.3856658), (1.201513, 0.5361082), (0.20026669, 1.3485538), (0.2033561, 1.3485337), (1.2048118, 0.5312392), (1.1733738, 1.2810147), (0.15914275, 1.3022436), (1.1733738, 1.280383), (0.15848705, 1.3022436), (1.1733738, 1.2825441), (0.16073006, 1.3022436), (1.1733738, 1.2819124), (0.16007438, 1.3022436), (0.16167355, 1.3705276), (1.399963, 0.705431), (1.3999252, 0.705497), (0.16076651, 1.3705921), (1.3999616, 0.70455325), (0.160111, 1.3706148), (1.39996, 0.703919), (1.3998892, 0.7040165), (0.1591445, 1.37062), (1.3999599, 0.7029839), (0.16164912, 1.3022624), (1.1722678, 1.2834281), (1.1722677, 1.2826018), (0.16079153, 1.3022624), (0.16001634, 1.3022624), (1.1722677, 1.2818549), (1.1722677, 1.2810723), (0.15920419, 1.3022624), (0.15755631, 1.3706224), (1.3999598, 0.7014473), (1.3998888, 0.70135057), (0.15848881, 1.3706224), (1.3999598, 0.7023495), (1.3998888, 0.70244616), (0.15842901, 1.3022624), (1.1722677, 1.2803254), (1.1722677, 1.2795421), (0.15761606, 1.3022624), (0.16070445, 1.3705753), (1.4010721, 0.7044948), (0.16016878, 1.3705935), (1.401071, 0.7039765), (0.15908301, 1.3706014), (1.4010711, 0.702926), (0.15854685, 1.3706033), (1.4010708, 0.70240724), (0.15749489, 1.3706036), (1.401071, 0.70138943), (0.010672718, 1.3706036), (1.401071, 0.55933744), (0.010603738, 1.3706224), (1.3999676, 0.55926913), (0.009718228, 1.3706226), (0.009665482, 1.3706225), (1.1733735, 1.1370236), (0.009704523, 1.3022438), (1.1733738, 1.1363702), (0.009026343, 1.3022436), (0.009122794, 1.3706248), (0.00906483, 1.3706146), (1.3999782, 0.55778027), (1.399917, 0.55783033), (1.400057, 0.5578365), (1.4000558, 0.557911), (0.008122483, 1.3706213), (1.3999707, 0.5568685), (1.1733739, 1.1354846), (0.008107338, 1.3022436), (1.1733738, 1.1348655), (0.007464835, 1.3022436), (0.008048528, 1.3706025), (1.401071, 0.5567985), (0.0075236135, 1.3706034), (1.401071, 0.5562907), (0.0074535166, 1.3706224), (1.3999695, 0.5562213), (0.006566239, 1.3705944), (1.3999707, 0.5553629), (0.006489579, 1.3706036), (0.0064093852, 1.3706212), (1.401083, 0.5552126), (1.401071, 0.5552902), (0.010575153, 1.3022624), (1.1722678, 1.1378609), (1.1722678, 1.1370499), (0.009733467, 1.3022628), (0.008969267, 1.3022625), (1.1722677, 1.1363136), (1.1722677, 1.1355436), (0.0081701875, 1.3022624), (0.00740776, 1.3022625), (1.1722677, 1.1348089), (1.1722677, 1.1340384), (0.0066080713, 1.3022625), (0.6929105, 0.7971424), (0.3005665, 0.7578811), (0.9878496, 0.013942979), (0.6929574, 0.79826427), (0.9887286, 0.013960264), (0.9887937, 0.013940056), (0.99035347, 0.01685905), (1.0958871, 0.3290239), (1.0958154, 0.32892507), (1.2806321, 0.6584063), (0.27342838, 0.7720581), (0.2734975, 0.7721273), (0.30110478, 0.7711013), (0.97366136, 0.015228482), (0.9878801, 0.02962216), (0.97367007, 0.013983899), (0.9887286, 0.029566742), (0.9753258, 0.013950846), (0.9903031, 0.029569427), (0.72093654, 0.84090066), (0.6421728, 0.31716928), (0.3029729, 0.7604139), (0.6421948, 0.3360192), (0.9753936, 0.015195483), (0.3027705, 0.7710697), (0.6418382, 0.335922), (0.9753468, 0.014983887), (0.6416081, 0.33594933), (0.9739734, 0.014946744), (0.72085905, 0.84051824), (0.72072953, 0.8404442), (0.6417519, 0.31690994), (0.641816, 0.31707212), (0.72072953, 0.83907735), (0.72085905, 0.8390283), (1.0958871, 0.3290426), (0.9902086, 0.016859574), (0.64041275, 0.31707132), (0.64046454, 0.3169092), (0.640376, 0.33594862), (0.97395885, 0.014232552), (0.64038324, 0.33592117), (0.990178, 0.02956988), (0.97532964, 0.014140553), (0.7183197, 0.8401712), (0.71834356, 0.8401337), (0.64155483, 0.3140363), (0.71834356, 0.83894455), (0.7183197, 0.8389274), (0.64043486, 0.31403565), (0.66222256, 0.79646003), (0.4844973, 0.01017023), (0.6621475, 0.7965078), (1.1978945, 1.2873533), (1.1997489, 1.1323974), (1.1997321, 1.13247), (1.2031456, 1.2873713), (1.2032857, 1.2873524), (1.194767, 1.1293775), (1.1948965, 1.1293738), (1.2433149, 0.71752435), (1.2429683, 0.71561956), (1.3993567, 0.70569843), (1.3999114, 0.558338), (1.3999674, 0.55841243), (1.4000556, 0.5582664), (1.4000571, 0.55836153), (1.3993751, 0.5511512), (1.3992226, 0.5510821), (0.18915775, 0.39258975), (0.18915191, 0.3926557), (0.18915191, 0.39785522), (0.18915775, 0.39795923), (0.18917459, 0.39804903), (0.1892621, 0.39832726), (0.18928353, 0.3983689), (0.18928938, 0.39821354), (0.18929107, 0.3940003), (0.1892988, 0.3937661), (1.242835, 0.7156608), (0.16428883, 1.3160905), (1.1936712, 1.1293643), (1.1935881, 1.1294438), (1.2044344, 1.2874552), (1.2044716, 1.2873546), (1.1935881, 1.1300362), (1.1928139, 1.1294438), (1.1918695, 1.1300362), (1.1922711, 1.1294438), (1.1914947, 1.1294438), (1.1901455, 1.1300362), (1.1909215, 1.1294438), (1.1902629, 1.1293314), (1.190804, 1.1293314), (1.1908376, 1.1294107), (1.1902288, 1.1294107), (1.191612, 1.1293314), (1.1921537, 1.1293314), (1.1921881, 1.1294109), (1.1915777, 1.1294109), (1.1929313, 1.1293314), (1.1934707, 1.1293314), (1.193505, 1.1294109), (1.192897, 1.1294109), (1.2082877, 1.2874552), (1.2082947, 1.2874562), (1.2082576, 1.2873557), (1.2082503, 1.2873547), (1.1901795, 1.1292517), (1.1901727, 1.1281244), (1.1902558, 1.1281244), (1.2084056, 1.3585538), (1.2083157, 1.3585539), (1.2083246, 1.2874554), (1.2084144, 1.2874556), (1.2082785, 1.3585539), (1.2045615, 1.2874553), (1.2045615, 1.3585539), (1.2045243, 1.358554), (1.2045243, 1.2874552), (1.1934713, 1.1281244), (1.1935544, 1.1281244), (1.1935538, 1.1292517), (1.2045987, 1.2873547), (1.2045981, 1.2873557), (1.2045609, 1.2874562), (1.2083157, 1.3586544), (1.2083157, 1.3586553), (1.2082785, 1.3585548), (1.2081515, 1.3586555), (1.2075742, 1.3586555), (1.2075742, 1.358555), (1.2081515, 1.358555), (1.2073202, 1.2874552), (1.2069541, 1.2874552), (1.2069168, 1.2873546), (1.2073576, 1.2873546), (1.1910044, 1.1293643), (1.1914116, 1.1293643), (1.2074447, 1.2874568), (1.2074473, 1.3585527), (1.20741, 1.3585527), (1.2074091, 1.2874559), (1.2073201, 1.358557), (1.1908299, 1.1281244), (1.1909128, 1.1281242), (1.1908886, 1.1292509), (1.2074828, 1.2873552), (1.2074566, 1.2873557), (1.2074194, 1.2874562), (1.206827, 1.2874552), (1.206827, 1.2874562), (1.2067899, 1.2873557), (1.2067899, 1.2873547), (1.191529, 1.1292517), (1.191529, 1.1281244), (1.191612, 1.1281244), (1.2069844, 1.3585559), (1.2068946, 1.3585527), (1.2068642, 1.2874552), (1.2068576, 1.3585527), (1.2067125, 1.358638), (1.2061185, 1.3586534), (1.2061138, 1.3585533), (1.2067326, 1.3585048), (1.2059495, 1.3586537), (1.2059495, 1.3586532), (1.2059867, 1.3585527), (1.2059867, 1.3585536), (1.2058598, 1.2874552), (1.2055265, 1.2874552), (1.2054893, 1.2873546), (1.205897, 1.2873546), (1.1923541, 1.1293643), (1.1927309, 1.1293643), (1.205987, 1.2874552), (1.2059495, 1.3585527), (1.2059497, 1.2874551), (1.2058598, 1.3585528), (1.1921517, 1.1281244), (1.1922348, 1.1281244), (1.1922365, 1.1292518), (1.2060242, 1.2873547), (1.2060261, 1.2873557), (1.2059889, 1.2874562), (1.2053994, 1.2874552), (1.2053994, 1.2874562), (1.2053622, 1.2873557), (1.2053622, 1.2873547), (1.1928482, 1.1292517), (1.1928482, 1.1281244), (1.1929313, 1.1281244), (1.2055265, 1.3585535), (1.2054366, 1.3585538), (1.2054366, 1.2874552), (1.2053994, 1.3585539), (0.39856777, 0.76014477), (0.3988761, 0.76014465), (0.39887616, 0.7602251), (0.39856774, 0.7602252), (1.2058598, 1.3586534), (1.2055265, 1.3586541), (1.2054366, 1.3586543), (1.2054367, 1.3586549), (1.2053994, 1.3585548), (1.2052692, 1.358655), (1.2046872, 1.3586438), (1.2046872, 1.3585153), (1.2052723, 1.358555), (0.39980373, 0.76014555), (0.39980462, 0.75900215), (1.2045233, 1.3586535), (1.2045243, 1.3586544), (1.2045615, 1.3585486), (1.2081685, 1.2874563), (1.2075452, 1.2874578), (1.2075453, 1.2873563), (1.2081683, 1.2873558), (1.1902553, 1.1280448), (1.190831, 1.1280448), (1.2082413, 1.358555), (1.208258, 1.2874562), (1.2074845, 1.358555), (1.2074553, 1.287457), (1.2074472, 1.3585548), (1.2067, 1.2874563), (1.2061161, 1.2874562), (1.2061161, 1.2873558), (1.2067, 1.2873558), (1.191612, 1.1280448), (1.1921517, 1.1280448), (1.2068576, 1.3585482), (1.2068219, 1.358524), (1.2067899, 1.2874563), (1.206024, 1.3585556), (1.2060262, 1.2874562), (1.2052723, 1.2874563), (1.2046878, 1.2874563), (1.2046878, 1.2873558), (1.2052723, 1.2873558), (1.1929313, 1.1280448), (1.1934713, 1.1280448), (1.2053621, 1.3585567), (1.2053622, 1.2874563), (1.2045978, 1.3585297), (1.2045981, 1.2874563), (0.39621153, 0.76014477), (0.39621156, 0.7590472), (0.39629468, 0.7590479), (0.3962947, 0.76014555), (0.39621156, 0.7588219), (0.3962804, 0.7588879), (0.3964467, 0.7589023), (0.3964467, 0.7588219), (0.3969809, 0.75882185), (0.39698094, 0.7589023), (0.39848468, 0.75904834), (0.39856797, 0.75904727), (0.39848462, 0.76014555), (0.39778644, 0.7588219), (0.39832368, 0.7588219), (0.39832824, 0.75890875), (0.39777854, 0.7589227), (0.39911428, 0.7589065), (0.3996529, 0.7589192), (0.3988759, 0.75904757), (0.39895925, 0.75904834), (0.3989593, 0.7601455), (0.39849505, 0.7588879), (0.39894745, 0.7588879), (1.1900623, 1.1293643), (1.1901454, 1.1293312), (1.1901455, 1.1294438), (1.2082871, 1.2873547), (1.2083771, 1.2873547), (1.1935881, 1.1293314), (1.2045615, 1.2873547), (1.2084056, 1.3586544), (1.2083323, 1.3586359), (0.3962794, 0.7602109), (0.39621153, 0.7602252), (1.2082677, 1.3586555), (0.3963392, 0.758945), (1.207458, 1.3586556), (1.20741, 1.3586556), (1.1909218, 1.1293309), (1.207447, 1.2873548), (1.1914947, 1.1293314), (1.206827, 1.2873547), (1.2069138, 1.3586578), (1.2068607, 1.3586473), (0.39764133, 0.758957), (0.39759746, 0.75888795), (0.3975922, 0.7590477), (0.39752698, 0.75904727), (1.2059991, 1.3586544), (0.39843872, 0.7589486), (1.1922711, 1.1293314), (1.2059867, 1.2873546), (1.1928139, 1.1293314), (1.2053994, 1.2873547), (1.2059331, 1.3586347), (0.39849988, 0.7602109), (1.2054532, 1.3586358), (0.39894405, 0.7602109), (1.2053875, 1.3586555), (0.3990048, 0.7589472), (1.2045764, 1.3586262), (0.39975557, 0.75894773), (1.2045078, 1.3586359), (0.399819, 0.7602109), (1.2082415, 1.2873743), (1.1901876, 1.1280595), (1.1908987, 1.1280595), (1.207472, 1.2873746), (1.2067733, 1.2873743), (1.1915443, 1.1280594), (1.1922194, 1.1280594), (1.2060428, 1.2873743), (1.2053456, 1.2873743), (1.1928636, 1.1280594), (1.1935391, 1.1280594), (1.2046145, 1.2873743), (0.39715353, 0.7588815), (0.39708847, 0.7589448), (0.3972161, 0.7590472), (0.397133, 0.75904775), (0.009664092, 1.3706211), (0.00966399, 1.3705823), (0.009198497, 1.3706197), (0.009100927, 1.3705783), (1.4010576, 0.55781674), (1.4010836, 0.5579111), (1.4010141, 0.55791104), (1.4009904, 0.557818), (0.009102373, 1.3706183), (1.4010148, 0.55826616), (1.4009875, 0.5583615), (0.009565567, 1.3706216), (1.4010837, 0.5582663), (1.4010566, 0.55836153), (1.20741, 1.3586541), (1.20741, 1.3586137), (1.2073201, 1.3586547), (1.2069844, 1.3586527), (0.3975268, 0.7602259), (0.39721623, 0.76022613), (0.3972162, 0.760148), (0.3975268, 0.7601471), (0.39760828, 0.7601189), (1.2068964, 1.3586513), (0.39713296, 0.7601156), (1.2068952, 1.3586094), (0.3976094, 0.7601949), (0.39713296, 0.7601938), (0.61498237, 1.3783762), (0.61491925, 1.3786827), (0.6145361, 1.3783139), (0.6145888, 1.378033), (1.2190762, 0.55488986), (1.2189319, 0.5548965), (1.2188663, 0.5544054), (1.2190113, 0.55440426), (1.2167549, 0.5552353), (1.2166892, 0.5547442), (1.2165124, 0.5552633), (1.2164464, 0.5547696), (0.36385334, 0.373908), (0.36370373, 0.37373665), (0.36326775, 0.374127), (0.3633985, 0.3743113), (0.36568162, 0.37766287), (0.36645386, 0.37703916), (0.36577043, 0.3777836), (0.36655512, 0.37715107), (0.3665514, 0.37710238), (0.36576462, 0.37773642), (0.36568078, 0.3774569), (0.36646798, 0.37682256), (0.36564425, 0.37737426), (0.36642858, 0.3767421), (0.36636525, 0.37666288), (0.3655888, 0.3772881), (0.36277577, 0.37314633), (0.36316302, 0.3727875), (0.36273497, 0.37309623), (0.3631159, 0.37274185), (1.279466, 0.6155522), (1.2793022, 0.6155273), (1.2793169, 0.61505747), (1.279476, 0.6150848), (1.2812145, 0.61476976), (1.2812096, 0.61532634), (1.2812697, 0.6148126), (1.2812512, 0.6153774), (0.1628588, 1.3700805), (0.16281295, 1.3699789), (0.16326535, 1.3695883), (0.16330533, 1.3696628), (0.61422133, 1.3775896), (0.6141659, 1.3778749), (1.2189486, 0.5539147), (1.2188028, 0.5539091), (0.6162167, 1.379105), (0.61619383, 1.3793828), (1.219292, 0.55637556), (1.2191498, 0.5563965), (1.2166257, 0.55424786), (0.36429077, 0.37344137), (0.36714372, 0.3763669), (0.36725318, 0.37642062), (0.3671701, 0.37614062), (0.36354616, 0.37236032), (0.36705738, 0.37599388), (1.2169727, 0.55673534), (0.36188126, 0.375152), (0.36299762, 0.3790767), (0.36302742, 0.3791769), (0.36294195, 0.3788982), (0.36150488, 0.3738682), (0.36288393, 0.3787122), (1.2811793, 0.6159548), (1.2794529, 0.6160916), (1.2163826, 0.55427104), (0.36412567, 0.3732821), (0.36725515, 0.3764709), (0.36712775, 0.37606266), (0.36349374, 0.37231907), (1.2792878, 0.6160687), (1.2167317, 0.5567726), (0.3618187, 0.37493467), (0.36304054, 0.3792204), (0.36291483, 0.3788107), (0.36148682, 0.37380737), (1.399229, 0.7057083), (1.2812347, 0.6159924), (0.16370408, 1.3691713), (0.16363765, 1.3691076), (1.281225, 0.6142878), (1.2813083, 0.6143488), (1.3993896, 0.7064595), (1.3993716, 0.70609003), (1.3992441, 0.70647514), (1.3992351, 0.7061029), (1.2192161, 0.5558737), (1.2190732, 0.55588984), (1.2190007, 0.55539036), (1.2191443, 0.55537885), (0.61532134, 1.378986), (0.615371, 1.3786904), (0.6157938, 1.3788977), (0.6157457, 1.3792199), (1.2168962, 0.5562287), (1.2168236, 0.5557292), (1.2166545, 0.5562628), (1.2165816, 0.55576015), (0.3623281, 0.37472805), (0.36241445, 0.37493616), (0.3629199, 0.37465525), (0.36281052, 0.3744584), (0.36393842, 0.3786989), (0.36483878, 0.3782229), (0.36399743, 0.37883615), (0.36491334, 0.37835234), (0.36398685, 0.3787917), (0.36490524, 0.3783066), (0.36390194, 0.37851274), (0.3648209, 0.3780274), (0.36387157, 0.37842652), (0.36478737, 0.3779428), (0.3638322, 0.37833127), (0.36473998, 0.37785155), (0.36195222, 0.3736861), (0.36237428, 0.37344575), (0.36192623, 0.37362814), (0.3623406, 0.37339148), (1.279332, 0.61464673), (1.2794833, 0.6146767), (1.2164332, 0.55247295), (1.2161893, 0.5524908), (0.3654028, 0.37089714), (0.36555085, 0.37115052), (0.3689024, 0.37343192), (0.36903772, 0.37350947), (0.36903942, 0.3734547), (0.36895746, 0.3731734), (0.3689127, 0.3730981), (0.36885336, 0.3730513), (0.6136771, 1.376725), (0.61343133, 1.3762313), (1.216572, 0.55380493), (1.218749, 0.5534665), (1.2163286, 0.5538265), (0.36465997, 0.37295738), (0.364482, 0.3728106), (0.3677141, 0.37567523), (1.2188962, 0.5534813), (0.61385566, 1.3774129), (0.6139142, 1.3771594), (0.36783385, 0.37577173), (0.36783355, 0.3757198), (0.36775064, 0.37543967), (0.36770484, 0.37536514), (0.3676285, 0.37531462), (0.36387157, 0.3719159), (0.3638148, 0.3718793), (1.2794399, 0.61663496), (1.2792754, 0.6166138), (1.281154, 0.6165741), (1.2812213, 0.6166), (0.16395412, 1.3686029), (0.16403174, 1.3686577), (1.2165293, 0.55343014), (1.2162857, 0.5534509), (1.2162479, 0.5531079), (1.2164917, 0.5530896), (1.2186689, 0.5527525), (1.2187064, 0.5530921), (0.36476564, 0.37235427), (0.36495295, 0.3724897), (0.36520717, 0.37203914), (0.36501575, 0.37190846), (1.2188146, 0.5527558), (1.2188549, 0.55312043), (0.36814034, 0.3750319), (0.3684449, 0.3745119), (0.6133741, 1.3764814), (0.6136125, 1.3769652), (0.36826572, 0.37512287), (0.36857277, 0.37460116), (0.3682668, 0.3750692), (0.36857337, 0.3745484), (0.36818385, 0.3747893), (0.36849016, 0.37426907), (0.3681339, 0.37471995), (0.36845118, 0.3741823), (0.36805025, 0.37470135), (0.36838257, 0.3741536), (0.3641356, 0.37148046), (0.36437795, 0.3710401), (0.3640756, 0.3714484), (0.36431593, 0.37101117), (1.2792654, 0.6171345), (1.2794287, 0.61715466), (1.2794187, 0.6176733), (1.2792562, 0.61765677), (1.2811402, 0.617126), (1.2811284, 0.6176566), (1.2812108, 0.61714673), (1.2812015, 0.6176758), (0.16428494, 1.368178), (0.16419679, 1.3681301), (0.1644154, 1.3676635), (0.1645107, 1.3677057), (0.5203368, 1.4123392), (0.5203321, 1.4172809), (0.5200024, 1.4172353), (0.5200051, 1.4122936), (0.51972306, 1.4171101), (0.5197241, 1.4121687), (0.18636432, 0.3983246), (0.18636578, 0.3931223), (0.18660156, 0.39298624), (0.18659887, 0.39818794), (0.18690649, 0.39291307), (0.18690246, 0.39811453), (0.002527453, 1.30234), (0.0025272083, 1.3705249), (0.0022327946, 1.3705248), (0.00223298, 1.3023399), (0.0019830917, 1.3705246), (0.001983223, 1.3023398), (1.2261742, 1.287455), (1.226174, 1.3585535), (1.2259138, 1.3585538), (1.2259142, 1.2874551), (1.2256069, 1.3585538), (1.2256076, 1.2874552), (0.18697292, 0.39820954), (0.18709177, 0.3982973), (0.18676096, 0.39836204), (0.18666014, 0.39828318), (0.18652098, 0.39847353), (0.1864152, 0.39841497), (0.5197509, 1.4120606), (0.5198224, 1.4119694), (0.5200721, 1.4120624), (0.5200286, 1.4121844), (0.52036774, 1.4121155), (0.5203551, 1.4122314), (0.5203508, 1.4173357), (0.37853947, 0.7580766), (0.37839216, 0.75792235), (0.0025488122, 1.3022584), (1.2255937, 1.287371), (1.1741531, 1.129382), (1.1741881, 1.1294485), (1.4010487, 0.5513768), (1.4011074, 0.55143666), (0.0025065865, 1.3706213), (1.3993771, 0.5492388), (0.18693301, 0.3928482), (1.3992314, 0.5490842), (1.2256496, 1.3586543), (0.3801995, 0.76018214), (0.38025203, 0.7602595), (1.1734717, 1.1302223), (1.1734132, 1.1301287), (1.1741546, 1.130203), (0.1866264, 0.39292207), (0.18638934, 0.39305857), (0.5200208, 1.4172899), (0.51974106, 1.4171641), (0.0022524993, 1.3022593), (0.0020011198, 1.3022597), (1.2258998, 1.2873715), (1.2261593, 1.2873714), (1.2259518, 1.3586543), (1.2262081, 1.3586541), (0.0022071106, 1.3706212), (0.001953125, 1.3706211), (1.17347, 1.1298434), (1.1735262, 1.1299263), (1.1736305, 1.1296014), (1.1736815, 1.1296754), (1.1739138, 1.1295077), (1.1738702, 1.1294395), (0.3799723, 0.7603183), (0.37988558, 0.7602386), (0.37973514, 0.7604823), (0.37967238, 0.7604074), (1.4010881, 0.5510729), (1.4011647, 0.551147), (1.4012594, 0.550827), (1.4013239, 0.5509015), (0.37825403, 0.75813353), (0.378012, 0.75829536), (1.3994342, 0.5489523), (1.3995963, 0.5487094), (0.37810862, 0.75798005), (0.37786826, 0.7581418), (1.3994501, 0.5485564), (1.3992889, 0.54879856), (1.2431586, 0.7175552), (1.2433481, 0.71767586), (1.2431835, 0.7177007), (0.52027655, 1.4160495), (0.66206783, 0.79700464), (0.66189456, 0.7969882), (0.66177756, 0.7969187), (0.179189, 1.3166665), (0.1789333, 1.3166639), (0.17891918, 1.3165702), (0.17913674, 1.3165728), (0.4844602, 0.010422603), (0.48443004, 0.010587065), (0.4844628, 0.010637136), (0.27319157, 0.75891954), (0.27321026, 0.75882274), (0.27339584, 0.7588127), (0.27339876, 0.75890857), (0.27377737, 0.7719385), (0.2735686, 0.77192265), (0.66185236, 0.79710567), (0.66205674, 0.79710555), (0.2734425, 0.7719076), (0.27303216, 0.75891644), (0.17936313, 1.3166684), (0.17941688, 1.3302026), (0.6617031, 0.79702795), (0.48443544, 0.010730237), (0.48446977, 0.010826181), (0.66205674, 0.79710555), (0.4844602, 0.010422603), (0.1793287, 1.316575), (0.27304816, 0.75881344), (0.17942937, 1.3303063), (0.27336818, 0.7720126), (0.27215523, 0.7729491), (0.66168886, 0.77452445), (0.6616018, 0.77456), (0.6615778, 0.7744032)] (
                        interpolation = "faceVarying"
                    )
                    int[] primvars:st:indices = [2, 3, 0, 1, 6, 7, 4, 5, 9, 6, 5, 8, 11, 9, 8, 10, 14, 15, 12, 13, 17, 14, 13, 16, 19, 17, 16, 18, 21, 19, 18, 20, 23, 21, 20, 22, 25, 23, 22, 24, 28, 29, 26, 27, 31, 28, 27, 30, 33, 31, 30, 32, 36, 37, 34, 35, 39, 36, 35, 38, 41, 39, 38, 40, 44, 45, 42, 43, 47, 44, 43, 46, 49, 47, 46, 48, 51, 49, 48, 50, 53, 51, 50, 52, 55, 53, 52, 54, 57, 55, 54, 56, 59, 57, 56, 58, 61, 59, 58, 60, 64, 65, 62, 63, 67, 64, 63, 66, 69, 67, 66, 68, 72, 73, 70, 71, 75, 72, 71, 74, 77, 75, 74, 76, 80, 81, 78, 79, 83, 80, 79, 82, 85, 83, 82, 84, 87, 85, 84, 86, 89, 87, 86, 88, 91, 89, 88, 90, 93, 91, 90, 92, 95, 93, 92, 94, 97, 95, 94, 96, 100, 101, 98, 99, 103, 100, 99, 102, 106, 107, 104, 105, 109, 106, 105, 108, 111, 109, 108, 110, 113, 111, 110, 112, 115, 113, 112, 114, 117, 115, 114, 116, 119, 117, 116, 118, 121, 119, 118, 120, 123, 121, 120, 122, 125, 123, 122, 124, 128, 129, 126, 127, 131, 128, 127, 130, 133, 131, 130, 132, 135, 133, 132, 134, 137, 135, 134, 136, 139, 137, 136, 138, 142, 143, 140, 141, 145, 142, 141, 144, 147, 145, 144, 146, 149, 147, 146, 148, 151, 149, 148, 150, 153, 151, 150, 152, 155, 153, 152, 154, 157, 155, 154, 156, 159, 157, 156, 158, 161, 159, 158, 160, 163, 161, 160, 162, 165, 163, 162, 164, 168, 169, 166, 167, 171, 168, 167, 170, 173, 171, 170, 172, 3, 175, 174, 0, 92, 90, 176, 177, 90, 88, 178, 179, 84, 82, 180, 181, 86, 84, 182, 183, 88, 86, 184, 185, 188, 189, 186, 187, 192, 193, 190, 191, 196, 197, 194, 195, 200, 201, 198, 199, 204, 205, 202, 203, 208, 209, 206, 207, 212, 213, 210, 211, 216, 217, 214, 215, 220, 221, 218, 219, 223, 224, 222, 217, 227, 228, 225, 226, 230, 227, 226, 229, 232, 233, 231, 225, 235, 236, 229, 234, 237, 238, 74, 71, 239, 238, 237, 232, 242, 243, 240, 241, 27, 242, 241, 30, 245, 246, 244, 240, 249, 250, 247, 248, 252, 253, 248, 251, 254, 252, 251, 245, 257, 258, 255, 256, 261, 262, 259, 260, 265, 266, 263, 264, 268, 265, 264, 267, 271, 272, 269, 270, 274, 275, 273, 249, 278, 279, 276, 277, 281, 282, 269, 280, 283, 284, 218, 221, 286, 284, 283, 285, 215, 288, 287, 216, 288, 290, 289, 287, 293, 294, 291, 292, 297, 298, 295, 296, 301, 302, 299, 300, 305, 306, 303, 304, 308, 309, 304, 307, 312, 313, 310, 311, 316, 317, 314, 315, 320, 321, 318, 319, 324, 325, 322, 323, 327, 328, 326, 314, 330, 8, 317, 329, 333, 334, 331, 332, 336, 16, 13, 335, 339, 340, 337, 338, 343, 344, 341, 342, 302, 346, 345, 295, 348, 349, 292, 347, 350, 348, 347, 341, 352, 353, 351, 350, 355, 356, 349, 354, 358, 359, 344, 357, 361, 362, 360, 305, 365, 366, 363, 364, 369, 370, 367, 368, 372, 373, 368, 371, 376, 104, 374, 375, 379, 380, 377, 378, 382, 383, 378, 381, 384, 382, 381, 369, 387, 388, 385, 386, 184, 390, 389, 185, 393, 394, 391, 392, 395, 393, 392, 385, 397, 398, 193, 396, 400, 401, 399, 391, 404, 405, 402, 403, 408, 186, 406, 407, 410, 411, 388, 409, 412, 410, 409, 404, 415, 416, 413, 414, 418, 415, 414, 417, 421, 102, 419, 420, 424, 425, 422, 423, 427, 428, 426, 418, 431, 432, 429, 430, 434, 431, 430, 433, 205, 437, 435, 436, 440, 429, 438, 439, 373, 442, 441, 384, 445, 446, 443, 444, 449, 450, 447, 448, 452, 110, 108, 451, 454, 455, 453, 379, 457, 458, 114, 456, 383, 460, 459, 454, 463, 464, 461, 462, 465, 466, 274, 253, 272, 468, 467, 339, 469, 470, 463, 20, 243, 472, 471, 254, 475, 476, 473, 474, 178, 478, 477, 179, 481, 482, 479, 480, 483, 481, 480, 473, 485, 486, 197, 484, 488, 489, 487, 479, 492, 493, 490, 491, 495, 496, 494, 190, 498, 499, 476, 497, 500, 498, 497, 490, 277, 276, 501, 502, 281, 280, 503, 504, 209, 208, 505, 506, 213, 212, 507, 508, 511, 512, 509, 510, 512, 514, 513, 509, 266, 265, 515, 516, 265, 268, 517, 515, 258, 257, 518, 519, 262, 261, 520, 521, 524, 525, 522, 523, 176, 527, 526, 177, 530, 531, 528, 529, 532, 530, 529, 522, 535, 536, 533, 534, 538, 539, 537, 528, 542, 543, 540, 541, 545, 546, 544, 194, 548, 549, 525, 547, 550, 548, 547, 540, 553, 554, 551, 552, 557, 558, 555, 556, 561, 562, 559, 560, 531, 565, 563, 564, 568, 569, 566, 567, 572, 573, 570, 571, 576, 550, 574, 575, 579, 580, 577, 578, 583, 584, 581, 582, 482, 587, 585, 586, 590, 591, 588, 589, 594, 595, 592, 593, 598, 599, 596, 597, 536, 601, 600, 588, 603, 427, 593, 602, 556, 603, 602, 596, 605, 557, 599, 604, 564, 605, 604, 538, 608, 609, 606, 607, 486, 611, 610, 545, 613, 574, 543, 612, 571, 613, 612, 606, 615, 572, 609, 614, 586, 615, 614, 488, 618, 619, 616, 617, 394, 622, 620, 621, 625, 626, 623, 624, 629, 630, 627, 628, 633, 500, 631, 632, 636, 637, 634, 635, 640, 641, 638, 639, 398, 643, 642, 495, 645, 631, 493, 644, 626, 645, 644, 638, 647, 623, 641, 646, 621, 647, 646, 400, 649, 579, 562, 648, 549, 651, 650, 532, 653, 636, 584, 652, 499, 655, 654, 483, 657, 658, 619, 656, 411, 660, 659, 395, 663, 412, 661, 662, 666, 667, 664, 665, 670, 671, 668, 669, 182, 673, 672, 183, 676, 677, 674, 675, 678, 676, 675, 668, 189, 681, 679, 680, 684, 674, 682, 683, 687, 688, 685, 686, 691, 198, 689, 690, 693, 694, 671, 692, 695, 693, 692, 687, 698, 699, 696, 697, 702, 703, 700, 701, 706, 707, 704, 705, 180, 709, 708, 181, 712, 702, 710, 711, 713, 712, 711, 704, 201, 716, 714, 715, 719, 710, 717, 718, 722, 723, 720, 721, 726, 202, 724, 725, 728, 729, 707, 727, 730, 728, 727, 722, 733, 734, 731, 732, 729, 736, 735, 713, 739, 730, 737, 738, 742, 743, 740, 741, 746, 747, 744, 745, 432, 750, 748, 749, 753, 754, 751, 752, 680, 756, 755, 406, 758, 661, 403, 757, 665, 758, 757, 751, 760, 666, 754, 759, 761, 760, 759, 682, 764, 765, 762, 763, 715, 767, 766, 689, 769, 770, 686, 768, 697, 769, 768, 762, 772, 698, 765, 771, 701, 772, 771, 717, 775, 776, 773, 774, 436, 778, 777, 724, 780, 737, 721, 779, 741, 780, 779, 773, 782, 742, 776, 781, 749, 782, 781, 438, 785, 786, 783, 784, 789, 790, 787, 788, 793, 794, 791, 792, 797, 798, 795, 796, 799, 797, 796, 789, 801, 136, 134, 800, 804, 805, 802, 803, 807, 808, 803, 806, 810, 807, 806, 809, 813, 814, 811, 812, 816, 817, 794, 815, 819, 820, 818, 811, 823, 810, 821, 822, 825, 826, 824, 819, 828, 829, 808, 827, 831, 832, 830, 825, 835, 836, 833, 834, 160, 838, 837, 162, 840, 170, 167, 839, 842, 843, 841, 833, 845, 846, 814, 844, 848, 849, 847, 842, 852, 853, 850, 851, 836, 852, 851, 848, 855, 856, 846, 854, 858, 859, 857, 850, 862, 863, 860, 861, 864, 862, 861, 858, 866, 867, 856, 865, 869, 870, 868, 860, 873, 874, 871, 872, 829, 876, 875, 804, 879, 880, 877, 878, 881, 879, 878, 869, 883, 831, 867, 882, 874, 885, 884, 877, 887, 881, 863, 886, 148, 889, 888, 150, 228, 891, 890, 239, 894, 895, 892, 893, 896, 63, 897, 263, 266, 261, 260, 211, 278, 277, 212, 511, 268, 267, 898, 514, 899, 206, 209, 341, 344, 359, 350, 327, 314, 317, 8, 309, 361, 305, 304, 295, 299, 302, 356, 293, 292, 349, 900, 901, 902, 269, 272, 339, 280, 905, 462, 903, 904, 228, 239, 232, 225, 280, 339, 503, 212, 277, 502, 507, 514, 209, 506, 513, 268, 511, 510, 517, 261, 266, 516, 520, 519, 554, 906, 507, 502, 907, 908, 513, 506, 909, 910, 517, 510, 911, 912, 914, 520, 516, 913, 551, 554, 519, 915, 258, 519, 566, 569, 557, 556, 596, 599, 572, 571, 606, 609, 339, 338, 916, 629, 628, 258, 623, 626, 638, 641, 427, 418, 417, 593, 536, 588, 591, 533, 531, 564, 538, 528, 574, 550, 540, 543, 197, 486, 545, 194, 482, 586, 488, 479, 631, 500, 490, 493, 394, 621, 400, 391, 193, 398, 495, 190, 559, 562, 579, 578, 635, 581, 584, 636, 917, 616, 619, 658, 666, 665, 751, 754, 186, 189, 680, 406, 677, 761, 682, 674, 698, 697, 762, 765, 770, 695, 687, 686, 198, 201, 715, 689, 702, 701, 717, 710, 742, 741, 773, 776, 737, 730, 722, 721, 432, 749, 438, 429, 202, 205, 436, 724, 661, 412, 404, 403, 245, 240, 243, 254, 798, 809, 918, 795, 919, 920, 921, 798, 821, 810, 809, 102, 99, 922, 419, 924, 925, 923, 63, 927, 928, 926, 56, 929, 930, 52, 50, 223, 931, 46, 43, 38, 932, 933, 253, 274, 249, 248, 462, 905, 463, 120, 934, 783, 122, 791, 799, 789, 788, 817, 799, 791, 794, 846, 856, 811, 814, 833, 836, 848, 842, 856, 867, 819, 811, 867, 831, 825, 819, 853, 864, 858, 850, 877, 880, 871, 874, 881, 869, 860, 863, 920, 325, 921, 174, 935, 0, 327, 8, 5, 325, 936, 361, 322, 384, 369, 368, 373, 937, 938, 443, 446, 378, 383, 379, 939, 116, 114, 383, 454, 379, 458, 939, 114, 713, 704, 707, 729, 395, 385, 388, 411, 483, 473, 476, 499, 532, 522, 525, 549, 177, 940, 94, 92, 569, 941, 258, 120, 937, 446, 934, 901, 942, 902, 359, 352, 350, 694, 678, 668, 671, 943, 449, 448, 803, 808, 829, 804, 945, 892, 895, 944, 219, 947, 946, 220, 948, 927, 56, 54, 930, 948, 54, 52, 66, 896, 949, 950, 953, 954, 951, 952, 956, 893, 933, 955, 958, 959, 35, 957, 892, 945, 40, 38, 224, 223, 43, 42, 512, 511, 898, 960, 514, 512, 960, 899, 961, 929, 50, 48, 931, 961, 48, 46, 963, 964, 962, 333, 965, 966, 916, 338, 968, 969, 970, 971, 942, 967, 974, 975, 972, 973, 976, 352, 359, 358, 936, 977, 362, 361, 1, 0, 325, 324, 5, 4, 328, 327, 980, 422, 978, 979, 416, 983, 981, 982, 985, 986, 924, 984, 928, 988, 987, 926, 902, 990, 989, 900, 992, 903, 462, 991, 504, 503, 993, 994, 502, 501, 995, 907, 508, 507, 908, 996, 506, 505, 997, 909, 509, 513, 910, 998, 510, 509, 998, 911, 515, 517, 912, 999, 516, 515, 999, 913, 521, 520, 914, 1000, 519, 518, 1001, 915, 658, 1003, 1002, 917, 1004, 917, 1005, 1008, 1009, 1006, 1007, 1012, 731, 1010, 1011, 1015, 1016, 1013, 1014, 744, 1019, 1017, 1018, 734, 1022, 1020, 1021, 1023, 1024, 1010, 1021, 792, 791, 788, 1025, 943, 1027, 1026, 449, 124, 122, 786, 1028, 127, 126, 1029, 1030, 1031, 821, 798, 797, 817, 1031, 797, 799, 919, 1032, 1027, 943, 174, 1034, 1033, 935, 96, 94, 591, 590, 99, 98, 1035, 922, 1036, 937, 120, 118, 939, 1036, 118, 116, 1036, 939, 458, 1037, 937, 1036, 1037, 938, 1040, 1041, 1038, 1039, 226, 1042, 234, 229, 231, 1042, 226, 225, 897, 1043, 949, 896, 951, 1043, 897, 952, 237, 1044, 233, 232, 70, 1044, 237, 71, 950, 1045, 68, 66, 241, 1046, 32, 30, 244, 1046, 241, 240, 34, 1047, 957, 35, 247, 1048, 251, 248, 932, 1049, 955, 933, 958, 1049, 932, 959, 251, 1048, 246, 245, 956, 1050, 894, 893, 273, 1051, 250, 249, 282, 1052, 270, 269, 1053, 1054, 279, 278, 303, 1055, 307, 304, 1056, 1057, 300, 299, 310, 1057, 1056, 311, 1058, 1059, 313, 312, 318, 1059, 1058, 319, 326, 1060, 315, 314, 331, 1062, 1061, 332, 316, 1063, 329, 317, 1064, 1065, 321, 320, 330, 1066, 10, 8, 962, 1067, 334, 333, 337, 1068, 965, 338, 12, 1069, 335, 13, 345, 1070, 296, 295, 347, 1071, 342, 341, 291, 1071, 347, 292, 351, 1072, 348, 350, 901, 1073, 967, 942, 972, 1073, 901, 973, 348, 1072, 354, 349, 301, 1074, 346, 302, 360, 1075, 306, 305, 343, 1076, 357, 344, 367, 1077, 371, 368, 1078, 1079, 364, 363, 1082, 1083, 1080, 1081, 989, 1083, 1082, 900, 377, 1084, 381, 378, 1085, 1086, 375, 374, 365, 1086, 1085, 366, 381, 1084, 370, 369, 389, 1087, 192, 185, 392, 1088, 386, 385, 399, 1088, 392, 391, 192, 1087, 396, 193, 187, 1089, 390, 184, 408, 1089, 187, 186, 409, 1090, 405, 404, 387, 1090, 409, 388, 1091, 1092, 420, 419, 414, 1094, 1093, 417, 1095, 1094, 414, 413, 426, 1096, 415, 418, 980, 1097, 423, 422, 415, 1096, 983, 416, 204, 1098, 437, 205, 1100, 1098, 204, 1099, 430, 1102, 1101, 433, 440, 1102, 430, 429, 453, 1103, 380, 379, 105, 1104, 451, 108, 376, 1104, 105, 104, 459, 1105, 455, 454, 112, 1106, 456, 114, 452, 1107, 112, 110, 466, 1108, 275, 274, 470, 1109, 464, 463, 271, 1110, 468, 272, 467, 1111, 340, 339, 18, 1112, 469, 20, 336, 1112, 18, 16, 461, 1113, 991, 462, 252, 1114, 465, 253, 471, 1114, 252, 254, 26, 1115, 242, 27, 904, 1116, 24, 22, 992, 1116, 904, 903, 242, 1115, 472, 243, 477, 1117, 196, 179, 480, 1118, 474, 473, 487, 1118, 480, 479, 196, 1117, 484, 197, 191, 1119, 478, 178, 494, 1119, 191, 190, 497, 1120, 491, 490, 475, 1120, 497, 476, 526, 1121, 940, 177, 529, 1122, 523, 522, 537, 1122, 529, 528, 940, 1121, 534, 533, 195, 1123, 527, 176, 544, 1123, 195, 194, 547, 1124, 541, 540, 524, 1124, 547, 525, 603, 1125, 428, 427, 555, 1125, 603, 556, 1126, 1127, 552, 551, 424, 1127, 1126, 425, 605, 1128, 558, 557, 563, 1128, 605, 564, 906, 1129, 560, 559, 553, 1129, 906, 554, 613, 1130, 575, 574, 570, 1130, 613, 571, 1131, 1132, 567, 566, 577, 1132, 1131, 578, 615, 1133, 573, 572, 585, 1133, 615, 586, 941, 1134, 582, 581, 568, 1134, 941, 569, 592, 1135, 602, 593, 600, 1136, 589, 588, 602, 1135, 597, 596, 535, 1137, 601, 536, 604, 1138, 539, 538, 598, 1138, 604, 599, 542, 1139, 612, 543, 610, 1140, 546, 545, 612, 1139, 607, 606, 485, 1141, 611, 486, 614, 1142, 489, 488, 608, 1142, 614, 609, 647, 1143, 624, 623, 620, 1143, 647, 621, 1144, 1145, 617, 616, 627, 1145, 1144, 628, 645, 1146, 632, 631, 625, 1146, 645, 626, 1147, 1148, 630, 629, 634, 1148, 1147, 635, 492, 1149, 644, 493, 642, 1150, 496, 495, 644, 1149, 639, 638, 397, 1151, 643, 398, 646, 1152, 401, 400, 640, 1152, 646, 641, 530, 1153, 565, 531, 650, 1153, 530, 532, 561, 1154, 648, 562, 548, 1155, 651, 549, 576, 1155, 548, 550, 649, 1156, 580, 579, 481, 1157, 587, 482, 654, 1157, 481, 483, 583, 1158, 652, 584, 498, 1159, 655, 499, 633, 1159, 498, 500, 653, 1160, 637, 636, 393, 1161, 622, 394, 659, 1161, 393, 395, 618, 1162, 656, 619, 410, 1163, 660, 411, 663, 1163, 410, 412, 657, 1164, 1003, 658, 758, 1165, 662, 661, 664, 1165, 758, 665, 1005, 1166, 1006, 1009, 1002, 1166, 1005, 917, 760, 1167, 667, 666, 1168, 1167, 760, 761, 672, 1169, 188, 183, 675, 1170, 669, 668, 684, 1170, 675, 674, 188, 1169, 681, 189, 199, 1171, 673, 182, 691, 1171, 199, 198, 692, 1172, 688, 687, 670, 1172, 692, 671, 769, 1174, 1173, 770, 696, 1174, 769, 697, 1175, 1176, 1014, 1013, 1178, 1176, 1175, 1177, 772, 1179, 699, 698, 700, 1179, 772, 701, 1024, 1180, 1011, 1010, 1015, 1180, 1024, 1016, 708, 1181, 200, 181, 711, 1182, 705, 704, 719, 1182, 711, 710, 200, 1181, 716, 201, 203, 1183, 709, 180, 726, 1183, 203, 202, 727, 1184, 723, 722, 706, 1184, 727, 707, 712, 1185, 703, 702, 735, 1185, 712, 713, 1012, 1186, 732, 731, 728, 1187, 736, 729, 739, 1187, 728, 730, 733, 1188, 1022, 734, 780, 1189, 738, 737, 740, 1189, 780, 741, 1023, 1190, 1017, 1019, 1020, 1190, 1023, 1021, 782, 1191, 743, 742, 748, 1191, 782, 749, 744, 1018, 1192, 745, 431, 1193, 750, 432, 1194, 1193, 431, 434, 746, 1196, 1195, 747, 402, 1197, 757, 403, 755, 1198, 407, 406, 757, 1197, 752, 751, 679, 1199, 756, 680, 759, 1200, 683, 682, 753, 1200, 759, 754, 685, 1201, 768, 686, 766, 1202, 690, 689, 768, 1201, 763, 762, 714, 1203, 767, 715, 771, 1204, 718, 717, 764, 1204, 771, 765, 720, 1205, 779, 721, 777, 1206, 725, 724, 779, 1205, 774, 773, 435, 1207, 778, 436, 781, 1208, 439, 438, 775, 1208, 781, 776, 445, 1209, 934, 446, 1026, 1210, 450, 449, 787, 1211, 1025, 788, 934, 1209, 784, 783, 785, 1212, 1028, 786, 796, 1213, 790, 789, 1214, 1213, 796, 795, 802, 1215, 806, 803, 132, 1216, 800, 134, 1217, 1216, 132, 130, 806, 1215, 918, 809, 976, 1218, 353, 352, 1219, 936, 1220, 1033, 1221, 921, 935, 818, 1222, 812, 811, 793, 1223, 815, 794, 921, 1221, 1032, 919, 824, 1224, 820, 819, 1031, 1225, 822, 821, 816, 1225, 1031, 817, 830, 1226, 826, 825, 807, 1227, 827, 808, 823, 1227, 807, 810, 837, 1228, 164, 162, 841, 1229, 834, 833, 166, 1230, 839, 167, 847, 1231, 843, 842, 813, 1232, 844, 814, 172, 1233, 1034, 174, 840, 1233, 172, 170, 851, 1234, 849, 848, 857, 1234, 851, 850, 845, 1235, 854, 846, 861, 1236, 859, 858, 868, 1236, 861, 860, 855, 1237, 865, 856, 1238, 1239, 158, 156, 852, 1241, 1240, 853, 835, 1241, 852, 836, 158, 1239, 838, 160, 140, 1243, 1242, 141, 801, 1244, 138, 136, 875, 1245, 805, 804, 1246, 1247, 872, 871, 878, 1248, 870, 869, 884, 1248, 878, 877, 866, 1249, 882, 867, 873, 1250, 885, 874, 828, 1251, 876, 829, 883, 1252, 832, 831, 152, 1254, 1253, 154, 888, 1254, 152, 150, 862, 1255, 886, 863, 146, 1256, 889, 148, 1257, 1256, 146, 144, 887, 1258, 879, 881, 457, 1259, 1037, 458, 382, 1260, 460, 383, 441, 1260, 382, 384, 1037, 1259, 1261, 938, 238, 1262, 76, 74, 890, 1262, 238, 239, 1263, 1264, 1038, 1041, 78, 1264, 1263, 79, 227, 1265, 891, 228, 1266, 1265, 227, 230, 1039, 1268, 1267, 1040, 38, 35, 959, 893, 892, 38, 933, 278, 1270, 1269, 1053, 38, 959, 932, 325, 1220, 936, 1217, 130, 127, 1030, 902, 942, 971, 1272, 1273, 1271, 1082, 901, 900, 1082, 973, 1274, 594, 593, 1093, 533, 591, 94, 940, 90, 179, 196, 195, 90, 195, 176, 88, 185, 192, 191, 88, 191, 178, 1126, 551, 915, 1275, 559, 578, 1131, 906, 1131, 566, 519, 906, 581, 635, 1147, 941, 1147, 629, 258, 941, 1004, 1005, 1009, 63, 952, 897, 66, 63, 896, 82, 1099, 204, 203, 82, 203, 180, 84, 181, 200, 199, 84, 199, 182, 86, 187, 184, 86, 183, 188, 187, 920, 919, 943, 448, 325, 0, 935, 921, 154, 1238, 156, 880, 1246, 871, 1276, 1277, 1008, 1007, 1278, 1279, 1277, 1276, 1279, 1177, 1175, 1277, 731, 734, 1021, 1010, 256, 255, 1280, 1281, 260, 259, 1282, 1283, 1283, 1284, 263, 260, 264, 263, 1284, 1285, 267, 264, 1285, 1286, 898, 267, 1286, 1287, 960, 898, 1287, 1288, 899, 960, 1288, 1289, 899, 1289, 1290, 206, 207, 206, 1290, 1291, 211, 210, 1292, 1270, 1009, 1008, 255, 1004, 1277, 1175, 255, 1008, 1016, 1024, 1023, 255, 1280, 255, 1019, 744, 1019, 255, 1023, 255, 1175, 1013, 1016, 278, 211, 1270, 1082, 1081, 1272, 416, 982, 1272, 413, 905, 904, 22, 20, 20, 463, 905, 1040, 1267, 1293, 1294, 1266, 230, 1295, 1296, 229, 236, 1295, 230, 1294, 1297, 1041, 1040, 1300, 1297, 1298, 1299, 1303, 1300, 1301, 1302, 1306, 1307, 1304, 1305, 1310, 1311, 1308, 1309, 1314, 1315, 1312, 1313, 1318, 1319, 1316, 1317, 1321, 1322, 1320, 1304, 1325, 1326, 1323, 1324, 1327, 1326, 1325, 1316, 1330, 1331, 1328, 1329, 236, 1330, 1329, 1295, 1333, 1334, 1315, 1332, 1336, 1337, 1335, 1328, 1339, 1340, 1338, 1327, 1343, 1344, 1341, 1342, 1347, 1348, 1345, 1346, 1301, 1350, 1349, 1302, 1353, 1354, 1351, 1352, 1355, 1353, 1352, 1345, 1357, 1358, 1307, 1356, 1360, 1361, 1359, 1351, 1364, 1365, 1362, 1363, 1367, 1368, 1366, 1308, 1370, 1371, 1348, 1369, 1372, 1370, 1369, 1362, 1375, 1376, 1373, 1374, 1379, 1380, 1377, 1378, 1383, 1384, 1381, 1382, 1298, 1386, 1385, 1299, 1389, 1379, 1387, 1388, 1390, 1389, 1388, 1381, 1392, 1393, 1311, 1391, 1395, 1396, 1394, 1387, 1399, 1400, 1397, 1398, 1402, 1403, 1401, 1312, 1405, 1406, 1384, 1404, 1407, 1405, 1404, 1397, 1410, 1411, 1408, 1409, 1406, 1413, 1412, 1390, 1415, 1416, 1414, 1407, 1419, 1420, 1417, 1418, 1422, 953, 923, 1421, 1331, 1425, 1423, 1424, 1428, 1429, 1426, 1427, 1358, 1431, 1430, 1321, 1433, 1339, 1319, 1432, 1342, 1433, 1432, 1426, 1435, 1343, 1429, 1434, 1436, 1435, 1434, 1360, 1439, 1440, 1437, 1438, 1393, 1442, 1441, 1367, 1444, 1445, 1365, 1443, 1374, 1444, 1443, 1437, 1447, 1375, 1440, 1446, 1378, 1447, 1446, 1395, 1450, 1451, 1448, 1449, 1334, 1453, 1452, 1402, 1455, 1415, 1400, 1454, 1418, 1455, 1454, 1448, 1457, 1419, 1451, 1456, 1424, 1457, 1456, 1336, 1343, 1342, 1426, 1429, 1307, 1358, 1321, 1304, 1354, 1436, 1360, 1351, 1375, 1374, 1437, 1440, 1445, 1372, 1362, 1365, 1311, 1393, 1367, 1308, 1379, 1378, 1395, 1387, 1419, 1418, 1448, 1451, 1415, 1407, 1397, 1400, 1331, 1424, 1336, 1328, 1315, 1334, 1402, 1312, 1339, 1327, 1316, 1319, 1390, 1381, 1384, 1406, 1371, 1355, 1345, 1348, 1460, 1461, 1458, 1459, 1462, 1461, 1463, 1466, 1467, 1464, 1465, 1408, 1470, 1468, 1469, 1473, 1474, 1471, 1472, 923, 925, 1475, 1476, 1478, 1479, 1411, 1477, 1480, 1481, 1470, 1479, 1305, 1484, 1482, 1483, 1320, 1484, 1305, 1304, 1325, 1485, 1317, 1316, 1486, 1485, 1325, 1324, 1314, 1487, 1332, 1315, 1293, 1487, 1314, 1294, 1329, 1488, 1296, 1295, 1335, 1488, 1329, 1328, 1326, 1490, 1489, 1323, 1338, 1490, 1326, 1327, 1491, 1492, 1459, 1458, 1433, 1493, 1340, 1339, 1341, 1493, 1433, 1342, 1463, 1494, 1464, 1467, 1460, 1494, 1463, 1461, 1435, 1495, 1344, 1343, 1496, 1495, 1435, 1436, 1349, 1497, 1306, 1302, 1352, 1498, 1346, 1345, 1359, 1498, 1352, 1351, 1306, 1497, 1356, 1307, 1309, 1499, 1350, 1301, 1366, 1499, 1309, 1308, 1369, 1500, 1363, 1362, 1347, 1500, 1369, 1348, 1444, 1502, 1501, 1445, 1373, 1502, 1444, 1374, 1503, 1504, 1472, 1471, 1506, 1504, 1503, 1505, 1447, 1507, 1376, 1375, 1377, 1507, 1447, 1378, 1481, 1508, 1468, 1470, 1473, 1508, 1481, 1474, 1385, 1509, 1310, 1299, 1388, 1510, 1382, 1381, 1394, 1510, 1388, 1387, 1310, 1509, 1391, 1311, 1313, 1511, 1386, 1298, 1401, 1511, 1313, 1312, 1404, 1512, 1398, 1397, 1383, 1512, 1404, 1384, 1389, 1513, 1380, 1379, 1412, 1513, 1389, 1390, 1469, 1514, 1409, 1408, 1405, 1515, 1413, 1406, 1414, 1515, 1405, 1407, 1410, 1516, 1477, 1411, 1455, 1517, 1416, 1415, 1417, 1517, 1455, 1418, 1480, 1518, 1475, 925, 1478, 1518, 1480, 1479, 1457, 1519, 1420, 1419, 1423, 1519, 1457, 1424, 923, 1476, 1520, 1421, 1330, 1521, 1425, 1331, 235, 1521, 1330, 236, 1422, 1522, 954, 953, 1318, 1523, 1432, 1319, 1430, 1524, 1322, 1321, 1432, 1523, 1427, 1426, 1357, 1525, 1431, 1358, 1434, 1526, 1361, 1360, 1428, 1526, 1434, 1429, 1364, 1527, 1443, 1365, 1441, 1528, 1368, 1367, 1443, 1527, 1438, 1437, 1392, 1529, 1442, 1393, 1446, 1530, 1396, 1395, 1439, 1530, 1446, 1440, 1399, 1531, 1454, 1400, 1452, 1532, 1403, 1402, 1454, 1531, 1449, 1448, 1333, 1533, 1453, 1334, 1456, 1534, 1337, 1336, 1450, 1534, 1456, 1451, 1462, 1463, 1467, 1297, 1294, 1314, 1313, 1297, 1313, 1298, 1300, 1299, 1310, 1309, 1300, 1309, 1301, 1303, 1305, 1483, 1303, 1302, 1306, 1305, 1535, 1536, 1466, 1465, 1537, 1538, 1536, 1535, 1538, 1505, 1503, 1536, 1411, 1479, 1470, 1408, 924, 986, 1462, 1467, 924, 1467, 1466, 1536, 924, 1471, 1474, 1481, 1503, 1471, 924, 1536, 1480, 925, 924, 1481, 923, 953, 952, 63, 1462, 986, 1461, 1539, 1540, 677, 676, 1542, 694, 693, 1541, 1545, 1546, 1543, 1544, 677, 1540, 1168, 761, 1545, 1544, 1178, 1177, 1547, 695, 770, 1173, 1548, 1549, 1279, 1278, 1549, 1545, 1177, 1279, 1541, 693, 695, 1547, 1550, 678, 694, 1542, 1549, 1551, 1546, 1545, 1551, 1549, 1548, 1552, 678, 1550, 1539, 676, 1553, 1554, 1354, 1353, 1556, 1355, 1371, 1555, 1559, 1560, 1557, 1558, 1354, 1554, 1496, 1436, 1506, 1505, 1558, 1561, 1445, 1501, 1562, 1372, 1559, 1538, 1537, 1563, 1559, 1558, 1505, 1538, 1564, 1370, 1372, 1562, 1555, 1371, 1370, 1564, 1558, 1557, 1565, 1561, 1560, 1559, 1563, 1566, 1355, 1556, 1553, 1353, 82, 79, 1263, 1300, 82, 1300, 1303, 1041, 1297, 1300, 1263, 1144, 258, 628, 864, 853, 1240, 141, 1242, 144, 783, 786, 122, 1569, 1570, 1567, 1568, 1573, 1574, 1571, 1572, 1575, 1576, 1574, 1573, 1577, 1578, 1576, 1575, 1581, 1582, 1579, 1580, 1583, 1584, 1580, 1579, 1585, 1586, 1584, 1583, 1586, 1585, 1587, 1588, 1589, 1590, 1588, 1587, 1591, 1592, 1590, 1589, 1592, 1591, 1593, 1594, 1595, 1596, 1594, 1593, 1597, 1598, 1596, 1595, 1601, 1602, 1599, 1600, 1603, 1604, 1600, 1599, 1605, 1606, 1604, 1603, 1609, 1610, 1607, 1608, 1569, 1568, 1611, 1612, 1573, 1572, 1613, 1614, 994, 993, 1615, 1616, 907, 995, 1617, 1618, 1575, 1573, 1614, 1619, 1583, 1579, 1620, 1621, 1589, 1587, 1622, 1623, 1625, 1595, 1593, 1624, 908, 907, 1618, 1626, 910, 909, 1627, 1628, 912, 911, 1629, 1630, 1632, 914, 913, 1631, 1634, 1603, 1599, 1633, 1577, 1575, 1619, 1635, 1579, 1582, 1636, 1620, 1585, 1583, 1621, 1637, 1587, 1585, 1637, 1622, 1591, 1589, 1623, 1638, 1593, 1591, 1638, 1624, 1597, 1595, 1625, 1639, 1599, 1602, 1640, 1633, 996, 908, 1626, 1641, 909, 997, 1642, 1627, 998, 910, 1628, 1643, 911, 998, 1643, 1629, 999, 912, 1630, 1644, 913, 999, 1644, 1631, 1000, 914, 1632, 1645, 915, 1001, 1646, 1275, 1605, 1603, 1634, 1647, 1609, 1608, 1648, 1649, 1650, 1651, 1604, 1606, 982, 981, 1607, 1610, 978, 422, 425, 1126, 1652, 1653, 1654, 1655, 1653, 1652, 1658, 1659, 1656, 1657, 1662, 1663, 1660, 1661, 1664, 1665, 1659, 1658, 1666, 1667, 1665, 1664, 1670, 1671, 1668, 1669, 1672, 1673, 1671, 1670, 1674, 1675, 1673, 1672, 1676, 1677, 1675, 1674, 1678, 1679, 1677, 1676, 1680, 1681, 1679, 1678, 1682, 1683, 1681, 1680, 1684, 1685, 1683, 1682, 1686, 1687, 1685, 1684, 1659, 1618, 1617, 1656, 1615, 1662, 1661, 1616, 1665, 1626, 1618, 1659, 1667, 1641, 1626, 1665, 1642, 1668, 1671, 1627, 1673, 1628, 1627, 1671, 1675, 1643, 1628, 1673, 1643, 1675, 1677, 1629, 1679, 1630, 1629, 1677, 1681, 1644, 1630, 1679, 1644, 1681, 1683, 1631, 1685, 1632, 1631, 1683, 1687, 1645, 1632, 1685, 1652, 1275, 1646, 1654, 1664, 1658, 1574, 1576, 1672, 1670, 1580, 1584, 1678, 1676, 1588, 1590, 1596, 1684, 1682, 1594, 1666, 1664, 1576, 1578, 1670, 1669, 1581, 1580, 1674, 1672, 1584, 1586, 1676, 1674, 1586, 1588, 1680, 1678, 1590, 1592, 1682, 1680, 1592, 1594, 1686, 1684, 1596, 1598, 1688, 1689, 1601, 1600, 1660, 1663, 1567, 1570, 1658, 1657, 1571, 1574, 1275, 1652, 1126, 1691, 332, 1061, 1690, 963, 333, 332, 1691, 1693, 1064, 320, 1692, 1692, 320, 319, 1694, 1694, 319, 1058, 1695, 1695, 1058, 312, 1696, 1696, 312, 311, 1697, 1697, 311, 1056, 1698, 1698, 1056, 299, 1699, 1699, 299, 295, 298, 1600, 1604, 1651, 1688, 1700, 1701, 339, 916, 1663, 1662, 339, 1567, 1568, 1567, 339, 1611, 339, 993, 503, 1615, 993, 339, 1662, 1614, 1703, 1702, 1619, 1704, 1635, 1619, 1702, 1706, 1620, 1636, 1705, 1707, 1621, 1620, 1706, 1703, 1614, 1613, 1708, 1611, 1710, 1709, 1612, 1711, 1637, 1621, 1707, 1712, 1622, 1637, 1711, 1713, 1623, 1622, 1712, 1714, 1638, 1623, 1713, 1715, 1624, 1638, 1714, 1716, 1625, 1624, 1715, 1717, 1639, 1625, 1716, 1640, 1719, 1718, 1633, 1720, 1634, 1633, 1718, 1721, 1647, 1634, 1720, 1723, 1649, 1648, 1722, 1726, 1727, 1724, 1725, 1728, 1729, 1725, 1724, 1732, 1733, 1730, 1731, 1734, 1735, 1729, 1728, 1736, 1737, 1733, 1732, 1701, 1700, 1738, 1739, 1740, 1741, 1737, 1736, 1742, 1743, 1741, 1740, 1744, 1745, 1743, 1742, 1746, 1747, 1745, 1744, 1748, 1749, 1747, 1746, 1750, 1751, 1749, 1748, 1752, 1753, 1751, 1750, 1756, 1757, 1754, 1755, 1758, 1759, 1757, 1756, 1760, 1761, 1759, 1758, 1271, 1273, 1762, 1763, 1727, 1704, 1702, 1724, 1703, 1728, 1724, 1702, 1733, 1706, 1705, 1730, 1708, 1734, 1728, 1703, 1710, 1701, 1739, 1709, 1737, 1707, 1706, 1733, 1741, 1711, 1707, 1737, 1743, 1712, 1711, 1741, 1745, 1713, 1712, 1743, 1747, 1714, 1713, 1745, 1749, 1715, 1714, 1747, 1751, 1716, 1715, 1749, 1753, 1717, 1716, 1751, 1757, 1718, 1719, 1754, 1759, 1720, 1718, 1757, 1761, 1721, 1720, 1759, 1273, 1723, 1722, 1762, 1690, 1726, 1725, 1691, 1729, 963, 1691, 1725, 1735, 964, 963, 1729, 1692, 1732, 1731, 1693, 1694, 1736, 1732, 1692, 1695, 1740, 1736, 1694, 1700, 916, 966, 1738, 1696, 1742, 1740, 1695, 1697, 1744, 1742, 1696, 1698, 1746, 1744, 1697, 1699, 1748, 1746, 1698, 298, 1750, 1748, 1699, 297, 1752, 1750, 298, 293, 1756, 1755, 294, 356, 1758, 1756, 293, 355, 1760, 1758, 356, 974, 1271, 1763, 975, 1710, 1611, 339, 1701, 417, 1093, 593, 1004, 1144, 616, 917, 255, 258, 1144, 1004, 175, 173, 172, 174, 1766, 1767, 1764, 1765, 1769, 1766, 1765, 1768, 1772, 1773, 1770, 1771, 1775, 1772, 1771, 1774, 1778, 1779, 1776, 1777, 1781, 1778, 1777, 1780, 1784, 1785, 1782, 1783, 1787, 1784, 1783, 1786, 1790, 1791, 1788, 1789, 1793, 1790, 1789, 1792, 1796, 1797, 1794, 1795, 1799, 1796, 1795, 1798, 928, 927, 1764, 1767, 1284, 1283, 1775, 1774, 1767, 1800, 988, 928, 985, 1802, 1801, 986, 434, 433, 1776, 1779, 1324, 1323, 1787, 1786, 1101, 1803, 1776, 433, 1786, 1804, 1486, 1324, 1483, 1482, 1805, 1806, 1807, 1808, 747, 1195, 1779, 1809, 1194, 434, 1280, 747, 1808, 1810, 1282, 1811, 1775, 1283, 1810, 1812, 1281, 1280, 1286, 1285, 1788, 1791, 1774, 1788, 1285, 1284, 1799, 1798, 948, 930, 948, 1798, 1764, 927, 1323, 1489, 1813, 1787, 1491, 1458, 1814, 1815, 1100, 1099, 1816, 1817, 986, 1458, 1461, 1791, 1790, 286, 285, 290, 1797, 1796, 1303, 1483, 1806, 1818, 1811, 1819, 1772, 1775, 1819, 1820, 1773, 1772, 1821, 1800, 1767, 1766, 1822, 1821, 1766, 1769, 1803, 1823, 1777, 1776, 1823, 1824, 1780, 1777, 1825, 1804, 1786, 1783, 1826, 1825, 1783, 1782, 1813, 1827, 1784, 1787, 1827, 1828, 1785, 1784, 1829, 1809, 1779, 1778, 1830, 1829, 1778, 1781, 1789, 1788, 1774, 1771, 1792, 1789, 1771, 1770, 1795, 1794, 1768, 1765, 1798, 1795, 1765, 1764, 1816, 1832, 1831, 1817, 1832, 1834, 1833, 1831, 1836, 1806, 1805, 1835, 1834, 1836, 1835, 1833, 1814, 1838, 1837, 1815, 1838, 1840, 1839, 1837, 1842, 1808, 1807, 1841, 1844, 1842, 1841, 1843, 1801, 1845, 1838, 1814, 1845, 1846, 1840, 1838, 1847, 1810, 1808, 1842, 1848, 1847, 1842, 1844, 1845, 1801, 1802, 1849, 1846, 1845, 1849, 1850, 1847, 1848, 1851, 1852, 1810, 1847, 1852, 1812, 1836, 1818, 1806, 1099, 82, 1818, 1816, 1303, 1818, 82, 1818, 1832, 1816, 1818, 1834, 1832, 1836, 1834, 1818, 1799, 930, 929, 289, 287, 289, 929, 961, 216, 287, 961, 931, 931, 223, 217, 216, 1292, 1853, 1269, 1270, 220, 946, 1291, 1290, 1290, 1289, 221, 220, 1289, 1288, 283, 221, 285, 283, 1288, 1287, 1287, 1286, 1791, 285, 1854, 1855, 1269, 1853, 217, 222, 1856, 214, 1799, 289, 290, 1796, 286, 1790, 1793, 62, 984, 924, 63, 926, 987, 60, 58, 58, 56, 926, 1858, 1859, 1261, 1857, 970, 969, 1860, 1861, 1862, 1863, 1861, 1860, 1866, 442, 1864, 1865, 1869, 1870, 1867, 1868, 1871, 1872, 1868, 1867, 1859, 1858, 1873, 1874, 1876, 1871, 1867, 1875, 969, 1878, 1877, 1860, 1857, 1879, 1873, 1858, 1865, 1881, 1880, 1866, 1872, 920, 448, 1868, 971, 970, 1861, 902, 1859, 1882, 444, 443, 373, 372, 1883, 442, 1861, 1863, 990, 902, 447, 1869, 1868, 448, 1884, 1862, 1860, 1877, 1870, 1885, 1875, 1867, 1886, 1878, 969, 968, 1871, 1876, 1887, 1219, 1220, 1872, 1871, 1219, 443, 938, 1261, 1859, 1866, 1880, 441, 442, 1219, 1887, 977, 936, 920, 1872, 1220, 325, 1888, 309, 308, 361, 309, 322, 1888, 323, 322, 309, 1723, 1273, 1272, 1649, 1609, 1649, 1272, 1610, 747, 1280, 744, 1814, 1458, 986, 1801, 1080, 1095, 413, 1081, 1890, 363, 366, 1889, 420, 1890, 1889, 421, 363, 1890, 1891, 1078, 1092, 1891, 1890, 420, 1889, 366, 1892, 1892, 1893, 421, 1889, 1893, 103, 102, 421, 1894, 1895, 1085, 374, 1272, 1081, 413, 1272, 982, 1610, 93, 1897, 1896, 91, 91, 1899, 1898, 89, 85, 1901, 1900, 83, 87, 1903, 1902, 85, 89, 1905, 1904, 87, 1908, 1909, 1906, 1907, 1912, 1913, 1910, 1911, 1916, 1917, 1914, 1915, 1920, 1921, 1918, 1919, 1924, 1925, 1922, 1923, 1928, 1929, 1926, 1927, 1932, 1933, 1930, 1931, 1936, 1937, 1934, 1935, 1940, 1941, 1938, 1939, 1944, 1935, 1942, 1943, 1947, 1948, 1945, 1946, 1949, 1950, 1948, 1947, 1953, 1945, 1951, 1952, 1955, 1956, 1950, 1954, 1958, 72, 75, 1957, 1959, 1953, 1958, 1957, 1962, 1963, 1960, 1961, 28, 31, 1963, 1962, 1966, 1960, 1964, 1965, 1969, 1970, 1967, 1968, 1972, 1973, 1970, 1971, 1974, 1966, 1973, 1972, 1977, 1978, 1975, 1976, 1981, 1982, 1979, 1980, 1985, 1986, 1983, 1984, 1987, 1988, 1986, 1985, 1991, 1992, 1989, 1990, 1995, 1969, 1993, 1994, 1998, 1999, 1996, 1997, 2001, 2002, 1989, 2000, 2004, 1939, 1938, 2003, 2005, 2006, 2004, 2003, 1937, 1936, 2007, 2008, 2008, 2007, 2009, 2010, 2013, 2014, 2011, 2012, 2017, 2018, 2015, 2016, 2021, 2022, 2019, 2020, 2025, 2026, 2023, 2024, 2028, 2029, 2026, 2027, 2032, 2033, 2030, 2031, 2036, 2037, 2034, 2035, 2040, 2041, 2038, 2039, 2044, 2045, 2042, 2043, 2048, 2034, 2046, 2047, 2049, 2050, 2035, 9, 2053, 2054, 2051, 2052, 2055, 2056, 14, 17, 2059, 2060, 2057, 2058, 2063, 2064, 2061, 2062, 2020, 2015, 2065, 2066, 2068, 2069, 2014, 2067, 2070, 2061, 2069, 2068, 2073, 2070, 2071, 2072, 2075, 2076, 2067, 2074, 2078, 2079, 2062, 2077, 2082, 2025, 2080, 2081, 2085, 2086, 2083, 2084, 2089, 2090, 2087, 2088, 2092, 2093, 2090, 2091, 2094, 2095, 1894, 107, 2098, 2099, 2096, 2097, 2101, 2102, 2099, 2100, 2103, 2089, 2102, 2101, 2106, 2107, 2104, 2105, 1904, 1905, 2108, 2109, 2112, 2113, 2110, 2111, 2114, 2104, 2113, 2112, 2116, 2117, 1911, 2115, 2120, 2110, 2118, 2119, 2123, 2124, 2121, 2122, 2126, 2127, 2125, 1906, 2129, 2130, 2105, 2128, 2131, 2123, 2130, 2129, 2134, 2135, 2132, 2133, 2136, 2137, 2135, 2134, 1893, 2139, 2138, 103, 2142, 2143, 2140, 2141, 2146, 2136, 2144, 2145, 2149, 2150, 2147, 2148, 2151, 2152, 2150, 2149, 1923, 2155, 2153, 2154, 2157, 2158, 2156, 2147, 2091, 2103, 2159, 2160, 2163, 2164, 2161, 2162, 2167, 2168, 2165, 2166, 2169, 2170, 109, 111, 2173, 2098, 2171, 2172, 2175, 2176, 115, 2174, 2100, 2173, 2177, 2178, 2181, 2182, 2179, 2180, 2184, 1971, 1995, 2183, 1990, 2059, 2185, 2186, 2188, 21, 2181, 2187, 1961, 1974, 2189, 2190, 2193, 2194, 2191, 2192, 1898, 1899, 2195, 2196, 2199, 2200, 2197, 2198, 2201, 2191, 2200, 2199, 2203, 2204, 1915, 2202, 2207, 2197, 2205, 2206, 2210, 2211, 2208, 2209, 2214, 1910, 2212, 2213, 2216, 2217, 2192, 2215, 2218, 2208, 2217, 2216, 1999, 2220, 2219, 1996, 2001, 2222, 2221, 2002, 1927, 2224, 2223, 1928, 1931, 2226, 2225, 1932, 2229, 2230, 2227, 2228, 2228, 2227, 2231, 2232, 1984, 2234, 2233, 1985, 1985, 2233, 2235, 1987, 1976, 2237, 2236, 1977, 1980, 2239, 2238, 1981, 2242, 2243, 2240, 2241, 1896, 1897, 2244, 2245, 2248, 2249, 2246, 2247, 2250, 2240, 2249, 2248, 2253, 2254, 2251, 2252, 2257, 2246, 2255, 2256, 2260, 2261, 2258, 2259, 2264, 1914, 2262, 2263, 2266, 2267, 2241, 2265, 2268, 2258, 2267, 2266, 2271, 2272, 2269, 2270, 2275, 2276, 2273, 2274, 2279, 2280, 2277, 2278, 2247, 2283, 2281, 2282, 2286, 2287, 2284, 2285, 2290, 2291, 2288, 2289, 2293, 2294, 2292, 2268, 2297, 2298, 2295, 2296, 2301, 2302, 2299, 2300, 2198, 2305, 2303, 2304, 2308, 2309, 2306, 2307, 2312, 2313, 2310, 2311, 2316, 2317, 2314, 2315, 2252, 2306, 2318, 2319, 2320, 2321, 2313, 2146, 2276, 2314, 2321, 2320, 2322, 2323, 2315, 2275, 2283, 2257, 2323, 2322, 2326, 2327, 2324, 2325, 2202, 2264, 2328, 2329, 2330, 2331, 2259, 2292, 2291, 2324, 2331, 2330, 2332, 2333, 2325, 2290, 2305, 2207, 2333, 2332, 2336, 2337, 2334, 2335, 2111, 2340, 2338, 2339, 2343, 2344, 2341, 2342, 2347, 2348, 2345, 2346, 2350, 2351, 2349, 2218, 2354, 2355, 2352, 2353, 2358, 2359, 2356, 2357, 2115, 2214, 2360, 2361, 2362, 2363, 2209, 2349, 2342, 2356, 2363, 2362, 2364, 2365, 2357, 2341, 2340, 2120, 2365, 2364, 2366, 2367, 2278, 2297, 2265, 2250, 2368, 2369, 2370, 2371, 2300, 2354, 2215, 2201, 2372, 2373, 2375, 2376, 2335, 2374, 2128, 2114, 2377, 2378, 2380, 2381, 2379, 2131, 2384, 2385, 2382, 2383, 2388, 2389, 2386, 2387, 1902, 1903, 2390, 2391, 2394, 2395, 2392, 2393, 2396, 2386, 2395, 2394, 1907, 2399, 2397, 2398, 2401, 2402, 2400, 2392, 2405, 2406, 2403, 2404, 2408, 2409, 2407, 1918, 2411, 2412, 2387, 2410, 2413, 2405, 2412, 2411, 2416, 2417, 2414, 2415, 2420, 2421, 2418, 2419, 2424, 2425, 2422, 2423, 1900, 1901, 2426, 2427, 2429, 2430, 2428, 2420, 2431, 2422, 2430, 2429, 1919, 2434, 2432, 2433, 2436, 2437, 2435, 2428, 2440, 2441, 2438, 2439, 2443, 2444, 2442, 1922, 2446, 2447, 2423, 2445, 2448, 2440, 2447, 2446, 2451, 2452, 2449, 2450, 2445, 2431, 2453, 2454, 2456, 2457, 2455, 2448, 2460, 2461, 2458, 2459, 2464, 2465, 2462, 2463, 2148, 2468, 2466, 2467, 2471, 2472, 2469, 2470, 2399, 2125, 2473, 2474, 2475, 2476, 2124, 2379, 2385, 2469, 2476, 2475, 2477, 2478, 2470, 2384, 2479, 2400, 2478, 2477, 2482, 2483, 2480, 2481, 2434, 2407, 2484, 2485, 2487, 2488, 2406, 2486, 2417, 2480, 2488, 2487, 2489, 2490, 2481, 2416, 2421, 2435, 2490, 2489, 2493, 2494, 2491, 2492, 2155, 2442, 2495, 2496, 2497, 2498, 2441, 2455, 2461, 2491, 2498, 2497, 2499, 2500, 2492, 2460, 2468, 2156, 2500, 2499, 2503, 2504, 2501, 2502, 2507, 2508, 2505, 2506, 2511, 2512, 2509, 2510, 2515, 2516, 2513, 2514, 2517, 2507, 2516, 2515, 2518, 2519, 135, 137, 2522, 2523, 2520, 2521, 2525, 2526, 2523, 2524, 2527, 2528, 2526, 2525, 2531, 2532, 2529, 2530, 2534, 2535, 2510, 2533, 2538, 2529, 2536, 2537, 2540, 2541, 2539, 2527, 2544, 2538, 2542, 2543, 2546, 2547, 2524, 2545, 2550, 2544, 2548, 2549, 2553, 2554, 2551, 2552, 161, 163, 2555, 2556, 2557, 2558, 168, 171, 2561, 2551, 2559, 2560, 2563, 2564, 2530, 2562, 2567, 2561, 2565, 2566, 2570, 2571, 2568, 2569, 2552, 2567, 2571, 2570, 2573, 2574, 2562, 2572, 2577, 2568, 2575, 2576, 2580, 2581, 2578, 2579, 2582, 2577, 2581, 2580, 2584, 2585, 2572, 2583, 2588, 2578, 2586, 2587, 2591, 2592, 2589, 2590, 2545, 2522, 2593, 2594, 2597, 2598, 2595, 2596, 2599, 2588, 2598, 2597, 2600, 2601, 2583, 2550, 2590, 2595, 2602, 2603, 2604, 2605, 2579, 2599, 149, 151, 2606, 2607, 1946, 1959, 2608, 2609, 2612, 2613, 2610, 2611, 2614, 2615, 64, 1983, 1982, 1981, 1984, 1933, 1932, 1999, 1998, 2229, 2616, 1988, 1987, 2232, 1927, 1926, 2617, 2061, 2070, 2077, 2062, 2048, 9, 2035, 2034, 2027, 2026, 2025, 2082, 2015, 2020, 2019, 2074, 2067, 2014, 2013, 2618, 2619, 2620, 1989, 2002, 2059, 1990, 2623, 2182, 2621, 2622, 1946, 1945, 1953, 1959, 2002, 2221, 2059, 1932, 2225, 2220, 1999, 2232, 2231, 2224, 1927, 1987, 2235, 2230, 2229, 1981, 2238, 2234, 1984, 2237, 2624, 2270, 2225, 2626, 2625, 2220, 2231, 2628, 2627, 2224, 2235, 2630, 2629, 2230, 2631, 2632, 2234, 2238, 2269, 2633, 2237, 2270, 1976, 2285, 2284, 2237, 2275, 2315, 2314, 2276, 2290, 2325, 2324, 2291, 2059, 2634, 2060, 2347, 1976, 2348, 2341, 2357, 2356, 2342, 2146, 2313, 2137, 2136, 2252, 2251, 2307, 2306, 2247, 2246, 2257, 2283, 2292, 2259, 2258, 2268, 1915, 1914, 2264, 2202, 2198, 2197, 2207, 2305, 2349, 2209, 2208, 2218, 2111, 2110, 2120, 2340, 1911, 1910, 2214, 2115, 2277, 2298, 2297, 2278, 2355, 2354, 2300, 2299, 2635, 2374, 2335, 2334, 2384, 2470, 2469, 2385, 1906, 2125, 2399, 1907, 2393, 2392, 2400, 2479, 2416, 2481, 2480, 2417, 2486, 2406, 2405, 2413, 1918, 2407, 2434, 1919, 2420, 2428, 2435, 2421, 2460, 2492, 2491, 2461, 2455, 2441, 2440, 2448, 2148, 2147, 2156, 2468, 1922, 2442, 2155, 1923, 2379, 2124, 2123, 2131, 1966, 1974, 1961, 1960, 2514, 2513, 2636, 2528, 2637, 2638, 2639, 2514, 2528, 2527, 2539, 103, 2138, 2640, 100, 2643, 64, 2641, 2642, 2646, 57, 2644, 2645, 2648, 51, 53, 2647, 1944, 44, 47, 2649, 39, 2650, 2651, 1971, 1970, 1969, 1995, 2182, 2181, 2621, 121, 123, 2501, 2652, 2509, 2508, 2507, 2517, 2533, 2510, 2509, 2517, 2562, 2530, 2529, 2572, 2551, 2561, 2567, 2552, 2572, 2529, 2538, 2583, 2583, 2538, 2544, 2550, 2569, 2568, 2577, 2582, 2595, 2590, 2589, 2596, 2599, 2579, 2578, 2588, 2639, 2638, 2043, 175, 3, 2653, 2048, 6, 9, 2043, 2042, 2082, 2654, 2103, 2091, 2090, 2089, 2656, 2162, 2161, 2655, 2099, 2098, 2100, 2657, 115, 117, 2100, 2098, 2173, 2174, 115, 2657, 2431, 2445, 2423, 2422, 2114, 2128, 2105, 2104, 2201, 2215, 2192, 2191, 2250, 2265, 2241, 2240, 1897, 93, 95, 2658, 2285, 1976, 2659, 121, 2652, 2162, 2656, 2620, 2619, 2660, 2077, 2070, 2073, 2410, 2387, 2386, 2396, 2661, 2168, 2167, 2523, 2522, 2545, 2524, 2662, 2663, 2611, 2610, 1941, 1940, 2664, 2665, 2666, 55, 57, 2646, 2647, 53, 55, 2666, 67, 2668, 2667, 2614, 2671, 2672, 2669, 2670, 2673, 2674, 2650, 2613, 2676, 2677, 36, 2675, 2610, 39, 41, 2662, 1943, 45, 44, 1944, 2228, 2678, 2616, 2229, 2232, 2617, 2678, 2228, 2679, 49, 51, 2648, 2649, 47, 49, 2679, 2682, 2053, 2680, 2681, 2684, 2060, 2634, 2683, 2688, 2660, 2689, 2685, 2686, 2687, 2692, 2693, 2690, 2691, 2694, 2078, 2077, 2073, 2654, 2082, 2081, 2695, 2, 2044, 2043, 3, 6, 2048, 2047, 7, 2697, 2698, 2696, 2140, 2133, 2701, 2699, 2700, 2703, 2704, 2643, 2702, 2645, 2644, 2705, 2706, 2619, 2618, 2707, 2708, 2709, 2710, 2182, 2623, 2222, 2712, 2711, 2221, 2220, 2625, 2713, 2219, 2226, 2714, 2626, 2225, 2224, 2627, 2715, 2223, 2227, 2716, 2628, 2231, 2230, 2629, 2716, 2227, 2233, 2717, 2630, 2235, 2234, 2632, 2717, 2233, 2239, 2718, 2631, 2238, 2237, 2633, 2719, 2236, 2374, 2635, 2720, 2721, 2722, 2723, 2635, 2726, 2727, 2724, 2725, 2729, 2730, 2728, 2449, 2733, 2734, 2731, 2732, 2462, 2737, 2735, 2736, 2450, 2740, 2738, 2739, 2742, 2740, 2728, 2741, 2512, 2743, 2508, 2509, 2661, 2167, 2744, 2745, 125, 2746, 2502, 123, 128, 2748, 2747, 129, 2749, 2515, 2514, 2539, 2533, 2517, 2515, 2749, 2637, 2661, 2745, 2750, 175, 2653, 2751, 2752, 97, 2308, 2307, 95, 100, 2640, 2753, 101, 2754, 119, 121, 2656, 2657, 117, 119, 2754, 2754, 2755, 2174, 2657, 2656, 2655, 2755, 2754, 2758, 2759, 2756, 2757, 1948, 1950, 1956, 2760, 1951, 1945, 1948, 2760, 2615, 2614, 2667, 2761, 2669, 2672, 2615, 2761, 1958, 1953, 1952, 2762, 73, 72, 1958, 2762, 69, 2763, 2668, 67, 1963, 31, 33, 2764, 1964, 1960, 1963, 2764, 37, 36, 2677, 2765, 1967, 1970, 1973, 2766, 2651, 2650, 2674, 2767, 2676, 2675, 2651, 2767, 1973, 1966, 1965, 2766, 2673, 2613, 2612, 2768, 1993, 1969, 1968, 2769, 2000, 1989, 1992, 2770, 2772, 1998, 1997, 2771, 2023, 2026, 2029, 2773, 2775, 2019, 2022, 2774, 2030, 2033, 2775, 2774, 2777, 2032, 2031, 2776, 2038, 2041, 2777, 2776, 2046, 2034, 2037, 2778, 2051, 2054, 2779, 2780, 2036, 2035, 2050, 2781, 2783, 2040, 2039, 2782, 2049, 9, 11, 2784, 2680, 2053, 2052, 2785, 2057, 2060, 2684, 2786, 15, 14, 2056, 2787, 2065, 2015, 2018, 2788, 2069, 2061, 2064, 2789, 2011, 2014, 2069, 2789, 2071, 2070, 2068, 2790, 2620, 2660, 2688, 2791, 2690, 2693, 2620, 2791, 2068, 2067, 2076, 2790, 2021, 2020, 2066, 2792, 2080, 2025, 2024, 2793, 2063, 2062, 2079, 2794, 2087, 2090, 2093, 2795, 2797, 2083, 2086, 2796, 2800, 2801, 2798, 2799, 2707, 2618, 2800, 2799, 2096, 2099, 2102, 2802, 1895, 1894, 2095, 2803, 2085, 2084, 1895, 2803, 2102, 2089, 2088, 2802, 2108, 1905, 1912, 2804, 2113, 2104, 2107, 2805, 2118, 2110, 2113, 2805, 1912, 1911, 2117, 2804, 1909, 1904, 2109, 2806, 2126, 1906, 1909, 2806, 2130, 2123, 2122, 2807, 2106, 2105, 2130, 2807, 2810, 2811, 2808, 2809, 2135, 2137, 2810, 2809, 2812, 2132, 2135, 2809, 2144, 2136, 2134, 2813, 2697, 2140, 2143, 2814, 2134, 2133, 2700, 2813, 1924, 1923, 2154, 2815, 2816, 2817, 1924, 2815, 2150, 2152, 2818, 2819, 2157, 2147, 2150, 2819, 2171, 2098, 2097, 2820, 106, 109, 2170, 2821, 2094, 107, 106, 2821, 2177, 2173, 2172, 2822, 113, 115, 2176, 2823, 2169, 111, 113, 2824, 2183, 1995, 1994, 2825, 2187, 2181, 2180, 2826, 1991, 1990, 2186, 2827, 2185, 2059, 2058, 2828, 19, 21, 2188, 2829, 2055, 17, 19, 2829, 2179, 2182, 2710, 2830, 1972, 1971, 2184, 2831, 2189, 1974, 1972, 2831, 29, 28, 1962, 2832, 2622, 23, 25, 2833, 2709, 2623, 2622, 2833, 1962, 1961, 2190, 2832, 2195, 1899, 1916, 2834, 2200, 2191, 2194, 2835, 2205, 2197, 2200, 2835, 1916, 1915, 2204, 2834, 1913, 1898, 2196, 2836, 2212, 1910, 1913, 2836, 2217, 2208, 2211, 2837, 2193, 2192, 2217, 2837, 2244, 1897, 2658, 2838, 2249, 2240, 2243, 2839, 2255, 2246, 2249, 2839, 2658, 2251, 2254, 2838, 1917, 1896, 2245, 2840, 2262, 1914, 1917, 2840, 2267, 2258, 2261, 2841, 2242, 2241, 2267, 2841, 2320, 2146, 2145, 2842, 2273, 2276, 2320, 2842, 2844, 2269, 2272, 2843, 2142, 2141, 2844, 2843, 2322, 2275, 2274, 2845, 2281, 2283, 2322, 2845, 2624, 2277, 2280, 2846, 2271, 2270, 2624, 2846, 2330, 2292, 2294, 2847, 2288, 2291, 2330, 2847, 2849, 2284, 2287, 2848, 2295, 2298, 2849, 2848, 2332, 2290, 2289, 2850, 2303, 2305, 2332, 2850, 2659, 2299, 2302, 2851, 2286, 2285, 2659, 2851, 2310, 2313, 2321, 2852, 2318, 2306, 2309, 2853, 2321, 2314, 2317, 2852, 2253, 2252, 2319, 2854, 2323, 2257, 2256, 2855, 2316, 2315, 2323, 2855, 2260, 2259, 2331, 2856, 2328, 2264, 2263, 2857, 2331, 2324, 2327, 2856, 2203, 2202, 2329, 2858, 2333, 2207, 2206, 2859, 2326, 2325, 2333, 2859, 2364, 2341, 2344, 2860, 2338, 2340, 2364, 2860, 2862, 2334, 2337, 2861, 2345, 2348, 2862, 2861, 2362, 2349, 2351, 2863, 2343, 2342, 2362, 2863, 2865, 2347, 2346, 2864, 2352, 2355, 2865, 2864, 2210, 2209, 2363, 2866, 2360, 2214, 2213, 2867, 2363, 2356, 2359, 2866, 2116, 2115, 2361, 2868, 2365, 2120, 2119, 2869, 2358, 2357, 2365, 2869, 2248, 2247, 2282, 2870, 2368, 2250, 2248, 2870, 2279, 2278, 2367, 2871, 2266, 2265, 2369, 2872, 2293, 2268, 2266, 2872, 2366, 2297, 2296, 2873, 2199, 2198, 2304, 2874, 2372, 2201, 2199, 2874, 2301, 2300, 2371, 2875, 2216, 2215, 2373, 2876, 2350, 2218, 2216, 2876, 2370, 2354, 2353, 2877, 2112, 2111, 2339, 2878, 2377, 2114, 2112, 2878, 2336, 2335, 2376, 2879, 2129, 2128, 2378, 2880, 2380, 2131, 2129, 2880, 2375, 2374, 2721, 2881, 2475, 2379, 2381, 2882, 2382, 2385, 2475, 2882, 2723, 2725, 2724, 2883, 2720, 2635, 2723, 2883, 2477, 2384, 2383, 2884, 2885, 2479, 2477, 2884, 2390, 1903, 1908, 2886, 2395, 2386, 2389, 2887, 2401, 2392, 2395, 2887, 1908, 1907, 2398, 2886, 1921, 1902, 2391, 2888, 2408, 1918, 1921, 2888, 2412, 2405, 2404, 2889, 2388, 2387, 2412, 2889, 2487, 2486, 2890, 2891, 2414, 2417, 2487, 2891, 2893, 2731, 2734, 2892, 2894, 2895, 2893, 2892, 2489, 2416, 2415, 2896, 2418, 2421, 2489, 2896, 2741, 2728, 2730, 2897, 2733, 2732, 2741, 2897, 2426, 1901, 1920, 2898, 2430, 2422, 2425, 2899, 2436, 2428, 2430, 2899, 1920, 1919, 2433, 2898, 1925, 1900, 2427, 2900, 2443, 1922, 1925, 2900, 2447, 2440, 2439, 2901, 2424, 2423, 2447, 2901, 2429, 2420, 2419, 2902, 2453, 2431, 2429, 2902, 2729, 2449, 2452, 2903, 2446, 2445, 2454, 2904, 2456, 2448, 2446, 2904, 2451, 2450, 2739, 2905, 2497, 2455, 2457, 2906, 2458, 2461, 2497, 2906, 2742, 2736, 2735, 2907, 2738, 2740, 2742, 2907, 2499, 2460, 2459, 2908, 2466, 2468, 2499, 2908, 2909, 2737, 2462, 2465, 2149, 2148, 2467, 2910, 2911, 2151, 2149, 2910, 2464, 2463, 2912, 2913, 2121, 2124, 2476, 2914, 2473, 2125, 2127, 2915, 2476, 2469, 2472, 2914, 2397, 2399, 2474, 2916, 2478, 2400, 2402, 2917, 2471, 2470, 2478, 2917, 2403, 2406, 2488, 2918, 2484, 2407, 2409, 2919, 2488, 2480, 2483, 2918, 2432, 2434, 2485, 2920, 2490, 2435, 2437, 2921, 2482, 2481, 2490, 2921, 2438, 2441, 2498, 2922, 2495, 2442, 2444, 2923, 2498, 2491, 2494, 2922, 2153, 2155, 2496, 2924, 2500, 2156, 2158, 2925, 2493, 2492, 2500, 2925, 2163, 2162, 2652, 2926, 2744, 2167, 2166, 2927, 2505, 2508, 2743, 2928, 2652, 2501, 2504, 2926, 2503, 2502, 2746, 2929, 2516, 2507, 2506, 2930, 2931, 2513, 2516, 2930, 2520, 2523, 2526, 2932, 133, 135, 2519, 2933, 2934, 131, 133, 2933, 2526, 2528, 2636, 2932, 2694, 2073, 2072, 2935, 2936, 2937, 2654, 2751, 2653, 2638, 2938, 2536, 2529, 2532, 2939, 2511, 2510, 2535, 2940, 2638, 2637, 2750, 2938, 2542, 2538, 2537, 2941, 2749, 2539, 2541, 2942, 2534, 2533, 2749, 2942, 2548, 2544, 2543, 2943, 2525, 2524, 2547, 2944, 2540, 2527, 2525, 2944, 2555, 163, 165, 2945, 2559, 2551, 2554, 2946, 169, 168, 2558, 2947, 2565, 2561, 2560, 2948, 2531, 2530, 2564, 2949, 173, 175, 2752, 2950, 2557, 171, 173, 2950, 2571, 2567, 2566, 2951, 2575, 2568, 2571, 2951, 2563, 2562, 2574, 2952, 2581, 2577, 2576, 2953, 2586, 2578, 2581, 2953, 2573, 2572, 2585, 2954, 2956, 157, 159, 2955, 2570, 2569, 2957, 2958, 2553, 2552, 2570, 2958, 159, 161, 2556, 2955, 143, 142, 2959, 2960, 2518, 137, 139, 2961, 2593, 2522, 2521, 2962, 2964, 2589, 2592, 2963, 2598, 2588, 2587, 2965, 2602, 2595, 2598, 2965, 2584, 2583, 2601, 2966, 2591, 2590, 2603, 2967, 2546, 2545, 2594, 2968, 2600, 2550, 2549, 2969, 153, 155, 2970, 2971, 2606, 151, 153, 2971, 2580, 2579, 2605, 2972, 147, 149, 2607, 2973, 2974, 145, 147, 2973, 2604, 2599, 2597, 2975, 2175, 2174, 2755, 2976, 2101, 2100, 2178, 2977, 2159, 2103, 2101, 2977, 2755, 2655, 2978, 2976, 1957, 75, 77, 2979, 2608, 1959, 1957, 2979, 2981, 2757, 2756, 2980, 81, 80, 2981, 2980, 1947, 1946, 2609, 2982, 2983, 1949, 1947, 2982, 2759, 2758, 2984, 2985, 39, 2675, 36, 2613, 2650, 39, 2610, 1998, 2772, 2986, 2987, 39, 2651, 2675, 2043, 2654, 2937, 2934, 2748, 128, 131, 2619, 2689, 2660, 2620, 2693, 2800, 2618, 2811, 2810, 2313, 2312, 2251, 2658, 95, 2307, 91, 1917, 1916, 1899, 91, 1896, 1917, 89, 1913, 1912, 1905, 89, 1898, 1913, 2844, 2988, 2633, 2269, 2277, 2624, 2849, 2298, 2849, 2624, 2237, 2284, 2299, 2659, 2865, 2355, 2865, 2659, 1976, 2347, 2722, 2725, 2723, 64, 2615, 2672, 67, 2614, 64, 83, 1925, 1924, 2817, 83, 1900, 1925, 85, 1921, 1920, 1901, 85, 1902, 1921, 87, 1904, 1909, 87, 1909, 1908, 1903, 2639, 2168, 2661, 2637, 2043, 2638, 2653, 3, 155, 157, 2956, 2596, 2589, 2964, 2990, 2727, 2726, 2989, 2992, 2990, 2989, 2991, 2991, 2989, 2893, 2895, 2449, 2728, 2740, 2450, 1978, 2994, 2993, 1975, 1982, 2996, 2995, 1979, 2996, 1982, 1983, 2997, 1986, 2998, 2997, 1983, 1988, 2999, 2998, 1986, 2616, 3000, 2999, 1988, 2678, 3001, 3000, 2616, 2617, 3002, 3001, 2678, 2617, 1926, 3003, 3002, 1929, 3004, 3003, 1926, 1933, 2987, 3005, 1930, 2725, 2722, 1975, 2726, 2989, 2726, 1975, 2893, 2732, 1975, 2742, 2741, 2993, 2462, 2736, 1975, 2736, 2742, 1975, 1975, 2732, 2731, 2893, 1998, 2987, 1933, 2800, 3006, 2801, 2133, 2132, 3006, 2701, 2621, 21, 23, 2622, 21, 2621, 2181, 2758, 3008, 3007, 2984, 2983, 3010, 3009, 1949, 1950, 1949, 3009, 1954, 3008, 2758, 2757, 3011, 3013, 3014, 3012, 3011, 3016, 3017, 3015, 3013, 3020, 3021, 3018, 3019, 3024, 3025, 3022, 3023, 3028, 3029, 3026, 3027, 3032, 3033, 3030, 3031, 3036, 3018, 3034, 3035, 3039, 3040, 3037, 3038, 3041, 3030, 3039, 3038, 3044, 3045, 3042, 3043, 1954, 3009, 3045, 3044, 3047, 3048, 3027, 3046, 3051, 3042, 3049, 3050, 3054, 3041, 3052, 3053, 3057, 3058, 3055, 3056, 3061, 3062, 3059, 3060, 3015, 3017, 3063, 3064, 3067, 3068, 3065, 3066, 3069, 3059, 3068, 3067, 3071, 3072, 3019, 3070, 3075, 3065, 3073, 3074, 3078, 3079, 3076, 3077, 3082, 3022, 3080, 3081, 3084, 3085, 3060, 3083, 3086, 3076, 3085, 3084, 3089, 3090, 3087, 3088, 3093, 3094, 3091, 3092, 3097, 3098, 3095, 3096, 3012, 3014, 3099, 3100, 3102, 3103, 3101, 3093, 3104, 3095, 3103, 3102, 3106, 3107, 3023, 3105, 3110, 3101, 3108, 3109, 3113, 3114, 3111, 3112, 3117, 3026, 3115, 3116, 3119, 3120, 3096, 3118, 3121, 3111, 3120, 3119, 3124, 3125, 3122, 3123, 3118, 3104, 3126, 3127, 3130, 3121, 3128, 3129, 3133, 3134, 3131, 3132, 3135, 3136, 2641, 2671, 3043, 3139, 3137, 3138, 3142, 3143, 3140, 3141, 3070, 3036, 3144, 3145, 3146, 3147, 3031, 3054, 3058, 3140, 3147, 3146, 3148, 3149, 3141, 3057, 3150, 3075, 3149, 3148, 3153, 3154, 3151, 3152, 3105, 3082, 3155, 3156, 3158, 3159, 3077, 3157, 3090, 3151, 3159, 3158, 3160, 3161, 3152, 3089, 3094, 3110, 3161, 3160, 3164, 3165, 3162, 3163, 3046, 3117, 3166, 3167, 3168, 3169, 3112, 3130, 3134, 3162, 3169, 3168, 3170, 3171, 3163, 3133, 3139, 3051, 3171, 3170, 3057, 3141, 3140, 3058, 3019, 3018, 3036, 3070, 3066, 3065, 3075, 3150, 3089, 3152, 3151, 3090, 3157, 3077, 3076, 3086, 3023, 3022, 3082, 3105, 3093, 3101, 3110, 3094, 3133, 3163, 3162, 3134, 3130, 3112, 3111, 3121, 3043, 3042, 3051, 3139, 3027, 3026, 3117, 3046, 3054, 3031, 3030, 3041, 3104, 3118, 3096, 3095, 3083, 3060, 3059, 3069, 3174, 3175, 3172, 3173, 3176, 3177, 3173, 3180, 3181, 3178, 3179, 3122, 3184, 3182, 3183, 3187, 3188, 3185, 3186, 2641, 3190, 3189, 2642, 3192, 3193, 3123, 3191, 3195, 3191, 3183, 3194, 3021, 3198, 3196, 3197, 3034, 3018, 3021, 3197, 3039, 3030, 3033, 3199, 3200, 3040, 3039, 3199, 3028, 3027, 3048, 3201, 3007, 3008, 3028, 3201, 3045, 3009, 3010, 3202, 3049, 3042, 3045, 3202, 3038, 3037, 3203, 3204, 3052, 3041, 3038, 3204, 3206, 3172, 3175, 3205, 3146, 3054, 3053, 3207, 3055, 3058, 3146, 3207, 3177, 3179, 3178, 3208, 3174, 3173, 3177, 3208, 3148, 3057, 3056, 3209, 3210, 3150, 3148, 3209, 3063, 3017, 3020, 3211, 3068, 3059, 3062, 3212, 3073, 3065, 3068, 3212, 3020, 3019, 3072, 3211, 3025, 3015, 3064, 3213, 3080, 3022, 3025, 3213, 3085, 3076, 3079, 3214, 3061, 3060, 3085, 3214, 3158, 3157, 3215, 3216, 3087, 3090, 3158, 3216, 3218, 3185, 3188, 3217, 3219, 3220, 3218, 3217, 3160, 3089, 3088, 3221, 3091, 3094, 3160, 3221, 3194, 3183, 3182, 3222, 3187, 3186, 3194, 3222, 3099, 3014, 3024, 3223, 3103, 3095, 3098, 3224, 3108, 3101, 3103, 3224, 3024, 3023, 3107, 3223, 3029, 3012, 3100, 3225, 3115, 3026, 3029, 3225, 3120, 3111, 3114, 3226, 3097, 3096, 3120, 3226, 3102, 3093, 3092, 3227, 3126, 3104, 3102, 3227, 3184, 3122, 3125, 3228, 3119, 3118, 3127, 3229, 3128, 3121, 3119, 3229, 3124, 3123, 3193, 3230, 3168, 3130, 3129, 3231, 3131, 3134, 3168, 3231, 3195, 2642, 3189, 3232, 3192, 3191, 3195, 3232, 3170, 3133, 3132, 3233, 3137, 3139, 3170, 3233, 3234, 3190, 2641, 3136, 3044, 3043, 3138, 3235, 1955, 1954, 3044, 3235, 3135, 2671, 2670, 3236, 3032, 3031, 3147, 3237, 3144, 3036, 3035, 3238, 3147, 3140, 3143, 3237, 3071, 3070, 3145, 3239, 3149, 3075, 3074, 3240, 3142, 3141, 3149, 3240, 3078, 3077, 3159, 3241, 3155, 3082, 3081, 3242, 3159, 3151, 3154, 3241, 3106, 3105, 3156, 3243, 3161, 3110, 3109, 3244, 3153, 3152, 3161, 3244, 3113, 3112, 3169, 3245, 3166, 3117, 3116, 3246, 3169, 3162, 3165, 3245, 3047, 3046, 3167, 3247, 3171, 3051, 3050, 3248, 3164, 3163, 3171, 3248, 3176, 3179, 3177, 3011, 3029, 3028, 3008, 3011, 3012, 3029, 3013, 3025, 3024, 3014, 3013, 3015, 3025, 3016, 3198, 3021, 3016, 3021, 3020, 3017, 3250, 3181, 3180, 3249, 3252, 3250, 3249, 3251, 3251, 3249, 3218, 3220, 3123, 3122, 3183, 3191, 2643, 3179, 3176, 2702, 2643, 3249, 3180, 3179, 2643, 3194, 3186, 3185, 3218, 3249, 2643, 3185, 3195, 3194, 2643, 2642, 2641, 64, 2672, 2671, 3176, 3173, 2702, 3254, 2394, 2393, 3253, 3255, 3256, 2411, 2410, 3259, 3260, 3257, 3258, 2393, 2479, 2885, 3253, 3259, 2895, 2894, 3260, 3261, 2890, 2486, 2413, 3263, 2992, 2991, 3262, 3262, 2991, 2895, 3259, 3256, 3261, 2413, 2411, 3264, 3255, 2410, 2396, 3262, 3259, 3258, 3265, 3265, 3266, 3263, 3262, 2396, 2394, 3254, 3264, 3268, 3067, 3066, 3267, 3269, 3270, 3083, 3069, 3273, 3274, 3271, 3272, 3066, 3150, 3210, 3267, 3219, 3275, 3274, 3220, 3157, 3086, 3276, 3215, 3273, 3277, 3252, 3251, 3273, 3251, 3220, 3274, 3278, 3276, 3086, 3084, 3270, 3278, 3084, 3083, 3274, 3275, 3279, 3271, 3272, 3280, 3277, 3273, 3069, 3067, 3268, 3269, 83, 3013, 2981, 80, 83, 3016, 3013, 2757, 2981, 3013, 3011, 2862, 2348, 1976, 2582, 2957, 2569, 142, 145, 2959, 2501, 123, 2502, 3283, 3284, 3281, 3282, 3287, 3288, 3285, 3286, 3290, 3287, 3286, 3289, 3292, 3290, 3289, 3291, 3295, 3296, 3293, 3294, 3298, 3293, 3296, 3297, 3300, 3298, 3297, 3299, 3299, 3302, 3301, 3300, 3304, 3301, 3302, 3303, 3306, 3304, 3303, 3305, 3305, 3308, 3307, 3306, 3310, 3307, 3308, 3309, 3312, 3310, 3309, 3311, 3315, 3316, 3313, 3314, 3318, 3313, 3316, 3317, 3320, 3318, 3317, 3319, 3323, 3324, 3321, 3322, 3283, 3326, 3325, 3284, 3287, 3328, 3327, 3288, 2712, 3330, 3329, 2711, 2625, 3332, 3331, 2713, 3290, 3333, 3328, 3287, 3298, 3335, 3334, 3293, 3304, 3337, 3336, 3301, 3338, 3339, 3307, 3310, 2626, 3340, 3332, 2625, 2628, 3342, 3341, 2627, 2630, 3344, 3343, 2629, 3345, 3346, 2632, 2631, 3347, 3348, 3313, 3318, 3292, 3349, 3333, 3290, 3293, 3334, 3350, 3294, 3300, 3351, 3335, 3298, 3301, 3336, 3351, 3300, 3306, 3352, 3337, 3304, 3307, 3339, 3352, 3306, 3312, 3353, 3338, 3310, 3313, 3348, 3354, 3314, 2714, 3355, 3340, 2626, 2627, 3341, 3356, 2715, 2716, 3357, 3342, 2628, 2629, 3343, 3357, 2716, 2717, 3358, 3344, 2630, 2632, 3346, 3358, 2717, 2718, 3359, 3345, 2631, 2633, 2988, 3360, 2719, 3320, 3361, 3347, 3318, 3323, 3363, 3362, 3324, 3365, 3319, 3317, 3364, 2701, 3322, 3321, 2699, 3366, 3367, 2844, 2141, 2140, 2696, 3369, 3367, 3366, 3368, 3372, 3373, 3370, 3371, 3376, 3377, 3374, 3375, 3379, 3372, 3371, 3378, 3381, 3379, 3378, 3380, 3384, 3385, 3382, 3383, 3387, 3384, 3383, 3386, 3389, 3387, 3386, 3388, 3391, 3389, 3388, 3390, 3393, 3391, 3390, 3392, 3395, 3393, 3392, 3394, 3397, 3395, 3394, 3396, 3399, 3397, 3396, 3398, 3401, 3399, 3398, 3400, 3371, 3370, 3331, 3332, 3329, 3330, 3377, 3376, 3378, 3371, 3332, 3340, 3380, 3378, 3340, 3355, 3356, 3341, 3383, 3382, 3386, 3383, 3341, 3342, 3388, 3386, 3342, 3357, 3357, 3343, 3390, 3388, 3392, 3390, 3343, 3344, 3394, 3392, 3344, 3358, 3358, 3346, 3396, 3394, 3398, 3396, 3346, 3345, 3400, 3398, 3345, 3359, 3367, 3369, 3360, 2988, 3379, 3289, 3286, 3372, 3387, 3297, 3296, 3384, 3393, 3303, 3302, 3391, 3309, 3308, 3397, 3399, 3381, 3291, 3289, 3379, 3384, 3296, 3295, 3385, 3389, 3299, 3297, 3387, 3391, 3302, 3299, 3389, 3395, 3305, 3303, 3393, 3397, 3308, 3305, 3395, 3401, 3311, 3309, 3399, 3403, 3316, 3315, 3402, 3374, 3282, 3281, 3375, 3372, 3286, 3285, 3373, 2988, 2844, 3367, 3404, 3405, 2779, 2054, 2682, 3404, 2054, 2053, 3406, 3407, 2040, 2783, 3407, 3408, 2041, 2040, 3408, 3409, 2777, 2041, 3409, 3410, 2032, 2777, 3410, 3411, 2033, 2032, 3411, 3412, 2775, 2033, 3412, 3413, 2019, 2775, 3413, 2016, 2015, 2019, 3316, 3403, 3364, 3317, 3415, 2634, 2059, 3414, 3375, 3281, 2059, 3376, 3284, 3325, 2059, 3281, 2059, 2221, 2711, 3329, 3376, 2059, 2711, 3328, 3333, 3416, 3417, 3418, 3416, 3333, 3349, 3419, 3420, 3350, 3334, 3421, 3419, 3334, 3335, 3417, 3422, 3327, 3328, 3325, 3326, 3423, 3424, 3425, 3421, 3335, 3351, 3426, 3425, 3351, 3336, 3427, 3426, 3336, 3337, 3428, 3427, 3337, 3352, 3429, 3428, 3352, 3339, 3430, 3429, 3339, 3338, 3431, 3430, 3338, 3353, 3354, 3348, 3432, 3433, 3434, 3432, 3348, 3347, 3435, 3434, 3347, 3361, 3436, 3437, 3362, 3363, 3440, 3441, 3438, 3439, 3443, 3438, 3441, 3442, 3446, 3447, 3444, 3445, 3449, 3443, 3442, 3448, 3451, 3446, 3445, 3450, 3414, 3453, 3452, 3415, 3455, 3451, 3450, 3454, 3457, 3455, 3454, 3456, 3459, 3457, 3456, 3458, 3461, 3459, 3458, 3460, 3463, 3461, 3460, 3462, 3465, 3463, 3462, 3464, 3467, 3465, 3464, 3466, 3470, 3471, 3468, 3469, 3473, 3470, 3469, 3472, 3475, 3473, 3472, 3474, 3478, 3479, 3476, 3477, 3439, 3438, 3416, 3418, 3417, 3416, 3438, 3443, 3445, 3444, 3420, 3419, 3422, 3417, 3443, 3449, 3424, 3423, 3453, 3414, 3450, 3445, 3419, 3421, 3454, 3450, 3421, 3425, 3456, 3454, 3425, 3426, 3458, 3456, 3426, 3427, 3460, 3458, 3427, 3428, 3462, 3460, 3428, 3429, 3464, 3462, 3429, 3430, 3466, 3464, 3430, 3431, 3469, 3468, 3433, 3432, 3472, 3469, 3432, 3434, 3474, 3472, 3434, 3435, 3477, 3476, 3437, 3436, 3405, 3404, 3441, 3440, 3442, 3441, 3404, 2682, 3448, 3442, 2682, 2681, 3407, 3406, 3447, 3446, 3408, 3407, 3446, 3451, 3409, 3408, 3451, 3455, 3415, 3452, 2683, 2634, 3410, 3409, 3455, 3457, 3411, 3410, 3457, 3459, 3412, 3411, 3459, 3461, 3413, 3412, 3461, 3463, 2016, 3413, 3463, 3465, 2017, 2016, 3465, 3467, 2013, 2012, 3471, 3470, 2074, 2013, 3470, 3473, 2075, 2074, 3473, 3475, 2692, 2691, 3479, 3478, 3424, 3414, 2059, 3325, 2137, 2313, 2810, 2722, 2635, 2334, 2862, 1975, 2722, 2862, 1976, 3482, 3483, 3480, 3481, 3484, 3485, 3483, 3482, 3488, 3489, 3486, 3487, 3490, 3491, 3489, 3488, 3494, 3495, 3492, 3493, 3496, 3497, 3495, 3494, 3500, 3501, 3498, 3499, 3502, 3503, 3501, 3500, 3506, 3507, 3504, 3505, 3508, 3509, 3507, 3506, 3512, 3513, 3510, 3511, 3514, 3515, 3513, 3512, 2645, 3481, 3480, 2646, 2997, 3491, 3490, 2996, 3481, 2645, 2706, 3516, 2703, 2702, 3517, 3518, 2151, 3493, 3492, 2152, 3040, 3503, 3502, 3037, 2818, 2152, 3492, 3519, 3503, 3040, 3200, 3520, 3198, 3522, 3521, 3196, 3524, 2912, 2463, 3523, 3493, 2151, 2911, 3525, 2993, 3526, 3523, 2463, 2995, 2996, 3490, 3527, 3526, 2993, 2994, 3528, 2999, 3505, 3504, 2998, 3491, 2997, 2998, 3504, 3514, 2647, 2666, 3515, 2666, 2646, 3480, 3515, 3037, 3502, 3529, 3203, 3206, 3531, 3530, 3172, 2816, 3533, 3532, 2817, 2702, 3173, 3172, 3505, 2006, 2005, 3506, 2010, 3512, 3511, 3016, 3534, 3522, 3198, 3527, 3490, 3488, 3535, 3535, 3488, 3487, 3536, 3537, 3482, 3481, 3516, 3538, 3484, 3482, 3537, 3519, 3492, 3495, 3539, 3539, 3495, 3497, 3540, 3541, 3501, 3503, 3520, 3542, 3498, 3501, 3541, 3529, 3502, 3500, 3543, 3543, 3500, 3499, 3544, 3545, 3494, 3493, 3525, 3546, 3496, 3494, 3545, 3507, 3489, 3491, 3504, 3509, 3486, 3489, 3507, 3513, 3483, 3485, 3510, 3515, 3480, 3483, 3513, 3532, 3533, 3547, 3548, 3548, 3547, 3549, 3550, 3551, 3552, 3521, 3522, 3550, 3549, 3552, 3551, 3530, 3531, 3553, 3554, 3554, 3553, 3555, 3556, 3557, 3558, 3524, 3523, 3559, 3560, 3558, 3557, 3517, 3530, 3554, 3561, 3561, 3554, 3556, 3562, 3563, 3557, 3523, 3526, 3564, 3559, 3557, 3563, 3561, 3565, 3518, 3517, 3562, 3566, 3565, 3561, 3563, 3568, 3567, 3564, 3526, 3528, 3568, 3563, 3551, 3522, 3534, 2817, 3532, 3534, 83, 3016, 83, 3534, 3534, 3532, 3548, 3534, 3548, 3550, 3551, 3534, 3550, 3514, 2009, 2648, 2647, 2007, 2679, 2648, 2009, 1936, 2649, 2679, 2007, 2649, 1936, 1935, 1944, 3005, 2987, 2986, 3569, 1940, 3003, 3004, 2664, 3003, 1940, 1939, 3002, 3002, 1939, 2004, 3001, 2006, 3000, 3001, 2004, 3000, 2006, 3505, 2999, 3571, 3569, 2986, 3570, 1935, 1934, 3572, 1942, 3514, 3512, 2010, 2009, 2005, 3508, 3506, 65, 64, 2643, 2704, 2644, 59, 61, 2705, 59, 2644, 57, 3574, 3575, 2978, 3573, 2685, 3577, 3576, 2686, 3579, 3576, 3577, 3578, 3581, 3582, 3580, 2160, 3585, 3586, 3583, 3584, 3588, 3583, 3586, 3587, 3573, 3590, 3589, 3574, 3591, 3592, 3583, 3588, 2686, 3576, 3593, 3594, 3575, 3574, 3589, 3595, 3582, 3581, 3596, 3597, 3587, 3586, 2168, 2639, 2689, 2619, 3577, 2685, 3573, 2161, 2164, 3598, 2091, 2160, 3599, 2092, 3577, 2619, 2708, 3578, 2165, 2168, 3586, 3585, 3600, 3593, 3576, 3579, 3584, 3583, 3592, 3601, 3602, 2687, 2686, 3594, 3588, 2936, 3603, 3591, 2937, 2936, 3588, 3587, 2161, 3573, 2978, 2655, 3581, 2160, 2159, 3596, 2936, 2654, 2695, 3603, 2639, 2043, 2937, 3587, 3604, 2028, 2027, 2082, 2042, 2027, 3604, 2027, 2042, 2045, 3436, 3363, 3006, 3477, 2800, 2693, 2692, 3478, 3323, 3322, 3006, 3363, 2463, 2462, 2993, 3530, 3517, 2702, 3172, 2798, 2801, 2132, 2812, 3605, 1892, 2084, 2083, 2139, 1893, 1892, 3605, 2083, 2797, 3606, 3605, 3607, 2139, 3605, 3606, 3006, 2132, 2801, 3006, 3322, 2701, 104, 107, 1894, 374, 1892, 366, 1085, 1895, 2084, 1082, 1271, 974, 973, 3477, 3006, 2800, 3478]
                    custom uint[] smoothgroups3DSMax = [0, 0, 0, 0, 0, 0, 0, 0, 0, 0, 0, 0, 0, 0, 0, 0, 0, 0, 0, 0, 0, 0, 0, 0, 0, 0, 0, 0, 0, 0, 0, 0, 0, 0, 0, 0, 0, 0, 0, 0, 0, 0, 0, 0, 0, 0, 0, 0, 0, 0, 0, 0, 0, 0, 0, 0, 0, 0, 0, 0, 0, 0, 0, 0, 0, 0, 0, 0, 0, 0, 0, 0, 0, 0, 0, 0, 0, 0, 0, 0, 0, 0, 0, 0, 0, 0, 0, 0, 0, 0, 0, 0, 0, 0, 0, 0, 0, 0, 0, 0, 0, 0, 0, 0, 0, 0, 0, 0, 0, 0, 0, 0, 0, 0, 0, 0, 0, 0, 0, 0, 0, 0, 0, 0, 0, 0, 0, 0, 0, 0, 0, 0, 0, 0, 0, 0, 0, 0, 0, 0, 0, 0, 0, 0, 0, 0, 0, 0, 0, 0, 0, 0, 0, 0, 0, 0, 0, 0, 0, 0, 0, 0, 0, 0, 0, 0, 0, 0, 0, 0, 0, 0, 0, 0, 0, 0, 0, 0, 0, 0, 0, 0, 0, 0, 0, 0, 0, 0, 0, 0, 0, 0, 0, 0, 0, 0, 0, 0, 0, 0, 0, 0, 0, 0, 0, 0, 0, 0, 0, 0, 0, 0, 0, 0, 0, 0, 0, 0, 0, 0, 0, 0, 0, 0, 0, 0, 0, 0, 0, 0, 0, 0, 0, 0, 0, 0, 0, 0, 0, 0, 0, 0, 0, 0, 0, 0, 0, 0, 0, 0, 0, 0, 0, 0, 0, 0, 0, 0, 0, 0, 0, 0, 0, 0, 0, 0, 0, 0, 0, 0, 0, 0, 0, 0, 0, 0, 0, 0, 0, 0, 0, 0, 0, 0, 0, 0, 0, 0, 0, 0, 0, 0, 0, 0, 0, 0, 0, 0, 0, 0, 0, 0, 0, 0, 0, 0, 0, 0, 0, 0, 0, 0, 0, 0, 0, 0, 0, 0, 0, 0, 0, 0, 0, 0, 0, 0, 0, 0, 0, 0, 0, 0, 0, 0, 0, 0, 0, 0, 0, 0, 0, 0, 0, 0, 0, 0, 0, 0, 0, 0, 0, 0, 0, 0, 0, 0, 0, 0, 0, 0, 0, 0, 0, 0, 0, 0, 0, 0, 0, 0, 0, 0, 0, 0, 0, 0, 0, 0, 0, 0, 0, 0, 0, 0, 0, 0, 0, 0, 0, 0, 0, 0, 0, 0, 0, 0, 0, 0, 0, 0, 0, 0, 0, 0, 0, 0, 0, 0, 0, 0, 0, 0, 0, 0, 0, 0, 0, 0, 0, 0, 0, 0, 0, 0, 0, 0, 0, 0, 0, 0, 0, 0, 0, 0, 0, 0, 0, 0, 0, 0, 0, 0, 0, 0, 0, 0, 0, 0, 0, 0, 0, 0, 0, 0, 0, 0, 0, 0, 0, 0, 0, 0, 0, 0, 0, 0, 0, 0, 0, 0, 0, 0, 0, 0, 0, 0, 0, 0, 0, 0, 0, 0, 0, 0, 0, 0, 0, 0, 0, 0, 0, 0, 0, 0, 0, 0, 0, 0, 0, 0, 0, 0, 0, 0, 0, 0, 0, 0, 0, 0, 0, 0, 0, 0, 0, 0, 0, 0, 0, 0, 0, 0, 0, 0, 0, 0, 0, 0, 0, 0, 0, 0, 0, 0, 0, 0, 0, 0, 0, 0, 0, 0, 0, 0, 0, 0, 0, 0, 0, 0, 0, 0, 0, 0, 0, 0, 0, 0, 0, 0, 0, 0, 0, 0, 0, 0, 0, 0, 0, 0, 0, 0, 0, 0, 0, 0, 0, 0, 0, 0, 0, 0, 0, 0, 0, 0, 0, 0, 0, 0, 0, 0, 0, 0, 0, 0, 0, 0, 0, 0, 0, 0, 0, 0, 0, 0, 0, 0, 0, 0, 0, 0, 0, 0, 0, 0, 0, 0, 0, 0, 0, 0, 0, 0, 0, 0, 0, 0, 0, 0, 0, 0, 0, 0, 0, 0, 0, 0, 0, 0, 0, 0, 0, 0, 0, 0, 0, 0, 0, 0, 0, 0, 0, 0, 0, 0, 0, 0, 0, 0, 0, 0, 0, 0, 0, 0, 0, 0, 0, 0, 0, 0, 0, 0, 0, 0, 0, 0, 0, 0, 0, 0, 0, 0, 0, 0, 0, 0, 0, 0, 0, 0, 0, 0, 0, 0, 0, 0, 0, 0, 0, 0, 0, 0, 0, 0, 0, 0, 0, 0, 0, 0, 0, 0, 0, 0, 0, 0, 0, 0, 0, 0, 0, 0, 0, 0, 0, 0, 0, 0, 0, 0, 0, 0, 0, 0, 0, 0, 0, 0, 0, 0, 0, 0, 0, 0, 0, 0, 0, 0, 0, 0, 0, 0, 0, 0, 0, 0, 0, 0, 0, 0, 0, 0, 0, 0, 0, 0, 0, 0, 0, 0, 0, 0, 0, 0, 0, 0, 0, 0, 0, 0, 0, 0, 0, 0, 0, 0, 0, 0, 0, 0, 0, 0, 0, 0, 0, 0, 0, 0, 0, 0, 0, 0, 0, 0, 0, 0, 0, 0, 0, 0, 0, 0, 0, 0, 0, 0, 0, 0, 0, 0, 0, 0, 0, 0, 0, 0, 0, 0, 0, 0, 0, 0, 0, 0, 0, 0, 0, 0, 0, 0, 0, 0, 0, 0, 0, 0, 0, 0, 0, 0, 0, 0, 0, 0, 0, 0, 0, 0, 0, 0, 0, 0, 0, 0, 0, 0, 0, 0, 0, 0, 0, 0, 0, 0, 0, 0, 0, 0, 0, 0, 0, 0, 0, 0, 0, 0, 0, 0, 0, 0, 0, 0, 0, 0, 0, 0, 0, 0, 0, 0, 0, 0, 0, 0, 0, 0, 0, 0, 0, 0, 0, 0, 0, 0, 0, 0, 0, 0, 0, 0, 0, 0, 0, 0, 0, 0, 0, 0, 0, 0, 0, 0, 0, 0, 0, 0, 0, 0, 0, 0, 0, 0, 0, 0, 0, 0, 0, 0, 0, 0, 0, 0, 0, 0, 0, 0, 0, 0, 0, 0, 0, 0, 0, 0, 0, 0, 0, 0, 0, 0, 0, 0, 0, 0, 0, 0, 0, 0, 0, 0, 0, 0, 0, 0, 0, 0, 0, 0, 0, 0, 0, 0, 0, 0, 0, 0, 0, 0, 0, 0, 0, 0, 0, 0, 0, 0, 0, 0, 0, 0, 0, 0, 0, 0, 0, 0, 0, 0, 0, 0, 0, 0, 0, 0, 0, 0, 0, 0, 0, 0, 0, 0, 0, 0, 0, 0, 0, 0, 0, 0, 0, 0, 0, 0, 0, 0, 0, 0, 0, 0, 0, 0, 0, 0, 0, 0, 0, 0, 0, 0, 0, 0, 0, 0, 0, 0, 0, 0, 0, 0, 0, 0, 0, 0, 0, 0, 0, 0, 0, 0, 0, 0, 0, 0, 0, 0, 0, 0, 0, 0, 0, 0, 0, 0, 0, 0, 0, 0, 0, 0, 0, 0, 0, 0, 0, 0, 0, 0, 0, 0, 0, 0, 0, 0, 0, 0, 0, 0, 0, 0, 0, 0, 0, 0, 0, 0, 0, 0, 0, 0, 0, 0, 0, 0, 0, 0, 0, 0, 0, 0, 0, 0, 0, 0, 0, 0, 0, 0, 0, 0, 0, 0, 0, 0, 0, 0, 0, 0, 0, 0, 0, 0, 0, 0, 0, 0, 0, 0, 0, 0, 0, 0, 0, 0, 0, 0, 0, 0, 0, 0, 0, 0, 0, 0, 0, 0, 0, 0, 0, 0, 0, 0, 0, 0, 0, 0, 0, 0, 0, 0, 0, 0, 0, 0, 0, 0, 0, 0, 0, 0, 0, 0, 0, 0, 0, 0, 0, 0, 0, 0, 0, 0, 0, 0, 0, 0, 0, 0, 0, 0, 0, 0, 0, 0, 0, 0, 0, 0, 0, 0, 0, 0, 0, 0, 0, 0, 0, 0, 0, 0, 0, 0, 0, 0, 0, 0, 0, 0, 0, 0, 0, 0, 0, 0, 0, 0, 0, 0, 0, 0, 0, 0, 0, 0, 0, 0, 0, 0, 0, 0, 0, 0, 0, 0, 0, 0, 0, 0, 0, 0, 0, 0, 0, 0, 0, 0, 0, 0, 0, 0, 0, 0, 0, 0, 0, 0, 0, 0, 0, 0, 0, 0, 0, 0, 0, 0, 0, 0, 0, 0, 0, 0, 0, 0, 0, 0, 0, 0, 0, 0, 0, 0, 0, 0, 0, 0, 0, 0, 0, 0, 0, 0, 0, 0, 0, 0, 0, 0, 0, 0, 0, 0, 0, 0, 0, 0, 0, 0, 0, 0, 0, 0, 0, 0, 0, 0, 0, 0, 0, 0, 0, 0, 0, 0, 0, 0, 0, 0, 0, 0, 0, 0, 0, 0, 0, 0, 0, 0, 0, 0, 0, 0, 0, 0, 0, 0, 0, 0, 0, 0, 0, 0, 0, 0, 0, 0, 0, 0, 0, 0, 0, 0, 0, 0, 0, 0, 0, 0, 0, 0, 0, 0, 0, 0, 0, 0, 0, 0, 0, 0, 0, 0, 0, 0, 0, 0, 0, 0, 0, 0, 0, 0, 0, 0, 0, 0, 0, 0, 0, 0, 0, 0, 0, 0, 0, 0, 0, 0, 0, 0, 0, 0, 0, 0, 0, 0, 0, 0, 0, 0, 0, 0, 0, 0, 0, 0, 0, 0, 0, 0, 0, 0, 0, 0, 0, 0, 0, 0, 0, 0, 0, 0, 0, 0, 0, 0, 0, 0, 0, 0, 0, 0, 0, 0, 0, 0, 0, 0, 0, 0, 0, 0, 0, 0, 0, 0, 0, 0, 0, 0, 0, 0, 0, 0, 0, 0, 0, 0, 0, 0, 0, 0, 0, 0, 0, 0, 0, 0, 0, 0, 0, 0, 0, 0, 0, 0, 0, 0, 0, 0, 0, 0, 0, 0, 0, 0, 0, 0, 0, 0, 0, 0, 0, 0, 0, 0, 0, 0, 0, 0, 0, 0, 0, 0, 0, 0, 0, 0, 0, 0, 0, 0, 0, 0, 0, 0, 0, 0, 0, 0, 0, 0, 0, 0, 0, 0, 0, 0, 0, 0, 0, 0, 0, 0, 0, 0, 0, 0, 0, 0, 0, 0, 0, 0, 0, 0, 0, 0, 0, 0, 0, 0, 0, 0, 0, 0, 0, 0, 0, 0, 0, 0, 0, 0, 0, 0, 0, 0, 0, 0, 0, 0, 0, 0, 0, 0, 0, 0, 0, 0, 0, 0, 0, 0, 0, 0, 0, 0, 0, 0, 0, 0, 0, 0, 0, 0, 0, 0, 0, 0, 0, 0, 0, 0, 0, 0, 0, 0, 0, 0, 0, 0, 0, 0, 0, 0, 0, 0, 0, 0, 0, 0, 0, 0, 0, 0, 0, 0, 0, 0, 0, 0, 0, 0, 0, 0, 0, 0, 0, 0, 0, 0, 0, 0, 0, 0, 0, 0, 0, 0, 0, 0, 0, 0, 0, 0, 0, 0, 0, 0, 0, 0, 0, 0, 0, 0, 0, 0, 0, 0, 0, 0, 0, 0, 0, 0, 0, 0, 0, 0, 0, 0, 0, 0, 0, 0, 0, 0, 0, 0, 0, 0, 0, 0, 0, 0, 0, 0, 0, 0, 0, 0, 0, 0, 0, 0, 0, 0, 0, 0, 0, 0, 0, 0, 0, 0, 0, 0, 0, 0, 0, 0, 0, 0, 0, 0, 0, 0, 0, 0, 0, 0, 0, 0, 0, 0, 0, 0, 0, 0, 0, 0, 0, 0, 0, 0, 0, 0, 0, 0, 0, 0, 0, 0, 0, 0, 0, 0, 0, 0, 0, 0, 0, 0, 0, 0, 0, 0, 0, 0, 0, 0, 0, 0, 0, 0, 0, 0, 0, 0, 0, 0, 0, 0, 0, 0, 0, 0, 0, 0, 0, 0, 0, 0, 0, 0, 0, 0, 0, 0, 0, 0, 0, 0, 0, 0, 0, 0, 0, 0, 0, 0, 0, 0, 0, 0, 0, 0, 0, 0, 0, 0, 0, 0, 0, 0, 0, 0, 0, 0, 0, 0, 0, 0, 0, 0, 0, 0, 0, 0, 0, 0, 0, 0, 0, 0, 0, 0, 0, 0, 0, 0, 0, 0, 0, 0, 0, 0, 0, 0, 0, 0, 0, 0, 0, 0, 0, 0, 0, 0, 0, 0, 0, 0, 0, 0, 0, 0, 0, 0, 0, 0, 0, 0, 0, 0, 0, 0, 0, 0, 0, 0, 0, 0, 0, 0, 0, 0, 0, 0, 0, 0, 0, 0, 0, 0, 0, 0, 0, 0, 0, 0, 0, 0, 0, 0, 0, 0, 0, 0, 0, 0, 0, 0, 0, 0, 0, 0, 0, 0, 0, 0, 0, 0, 0, 0, 0, 0, 0, 0, 0, 0, 0, 0, 0, 0, 0, 0, 0, 0, 0, 0, 0, 0, 0, 0, 0, 0, 0, 0, 0, 0, 0, 0, 0, 0, 0, 0, 0, 0, 0, 0, 0, 0, 0, 0, 0, 0, 0, 0, 0, 0, 0, 0, 0, 0, 0, 0, 0, 0, 0, 0, 0, 0, 0, 0, 0, 0, 0, 0, 0, 0, 0, 0, 0, 0, 0, 0, 0, 0, 0, 0, 0, 0, 0, 0, 0, 0, 0, 0, 0, 0, 0, 0, 0, 0, 0, 0, 0, 0, 0, 0, 0, 0, 0, 0, 0, 0, 0, 0, 0, 0, 0, 0, 0, 0, 0, 0, 0, 0, 0, 0, 0, 0, 0, 0, 0, 0, 0, 0, 0, 0, 0, 0, 0, 0, 0, 0, 0, 0, 0, 0, 0, 0, 0, 0, 0, 0, 0, 0, 0, 0, 0, 0, 0, 0, 0, 0, 0, 0, 0, 0, 0, 0, 0, 0, 0, 0, 0, 0, 0, 0, 0, 0, 0, 0, 0, 0, 0, 0, 0, 0, 0, 0, 0, 0, 0, 0, 0, 0, 0, 0, 0, 0, 0, 0, 0, 0, 0, 0, 0, 0, 0, 0, 0, 0, 0, 0, 0, 0, 0, 0, 0, 0, 0, 0, 0, 0, 0, 0, 0, 0, 0, 0, 0, 0, 0, 0, 0, 0, 0, 0, 0, 0, 0, 0, 0, 0, 0, 0, 0, 0, 0, 0, 0, 0, 0, 0, 0, 0, 0, 0, 0, 0, 0, 0, 0, 0, 0, 0, 0, 0, 0, 0, 0, 0, 0, 0, 0, 0, 0, 0, 0, 0, 0, 0, 0, 0, 0, 0, 0, 0, 0, 0, 0, 0, 0, 0, 0, 0, 0, 0, 0, 0, 0, 0, 0, 0, 0, 0, 0, 0, 0, 0, 0, 0, 0, 0, 0, 0, 0, 0, 0, 0, 0, 0, 0, 0, 0, 0, 0, 0, 0, 0, 0, 0, 0, 0, 0, 0, 0, 0, 0, 0, 0, 0, 0, 0, 0, 0, 0, 0, 0, 0, 0, 0, 0, 0, 0, 0, 0, 0, 0, 0, 0, 0, 0, 0, 0, 0, 0, 0, 0, 0, 0, 0, 0, 0, 0, 0, 0, 0, 0, 0, 0, 0, 0, 0, 0, 0, 0, 0, 0, 0, 0, 0, 0, 0, 0, 0, 0, 0, 0, 0, 0, 0, 0, 0, 0, 0, 0, 0, 0, 0, 0, 0, 0, 0, 0, 0, 0, 0, 0, 0, 0, 0, 0, 0, 0, 0, 0, 0, 0, 0, 0, 0, 0, 0, 0, 0, 0, 0, 0, 0, 0, 0, 0, 0, 0, 0, 0, 0, 0, 0, 0, 0, 0, 0, 0, 0, 0, 0, 0, 0, 0, 0, 0, 0, 0, 0, 0, 0, 0, 0, 0, 0, 0, 0, 0, 0, 0, 0, 0, 0, 0, 0, 0, 0, 0, 0, 0, 0, 0, 0, 0, 0, 0, 0, 0, 0, 0, 0, 0, 0, 0, 0, 0, 0, 0, 0, 0, 0, 0, 0, 0, 0, 0, 0, 0, 0, 0, 0, 0, 0, 0, 0, 0, 0, 0, 0, 0, 0, 0, 0, 0, 0, 0, 0, 0, 0, 0, 0, 0, 0, 0, 0, 0, 0, 0, 0, 0, 0, 0, 0, 0, 0, 0, 0, 0, 0, 0, 0, 0, 0, 0, 0, 0, 0, 0, 0, 0, 0, 0, 0, 0, 0, 0, 0, 0, 0, 0, 0, 0, 0, 0, 0, 0, 0, 0, 0, 0, 0, 0, 0, 0, 0, 0, 0, 0, 0, 0, 0, 0, 0, 0, 0, 0, 0, 0, 0, 0, 0, 0, 0, 0, 0, 0, 0, 0, 0, 0, 0, 0, 0, 0, 0, 0, 0, 0, 0, 0, 0, 0, 0, 0, 0, 0, 0, 0, 0, 0, 0, 0, 0, 0, 0, 0, 0, 0, 0, 0, 0, 0, 0, 0, 0, 0, 0, 0, 0, 0, 0, 0, 0, 0, 0, 0, 0, 0, 0, 0, 0, 0, 0, 0, 0, 0, 0, 0, 0, 0, 0, 0, 0, 0, 0, 0]
                    uniform token subdivisionScheme = "none"
                    float3 xformOp:rotateXYZ = (0, 0, 0)
                    float3 xformOp:scale = (1, 1, 1)
                    double3 xformOp:translate = (0, 0, 0)
                    uniform token[] xformOpOrder = ["xformOp:translate", "xformOp:rotateXYZ", "xformOp:scale"]
                }
            }

            over "Bin_B04_01" (
                active = false
            )
            {
                uniform token physics:approximation
            }

            over "Looks" (
                active = false
            )
            {
            }

            over "PhysicsMaterials" (
                active = false
            )
            {
            }
        }
    }
}

