mtllib materials.mtl
usemtl opaque__plastic__bin_b
o Bin_B04_01

v 0.13622120022773743 0.09491461515426636 0.0
v 0.13495786488056183 0.09491461515426636 0.0
v 0.13189946115016937 0.09491463750600815 0.0
v -0.16084910929203033 0.09491468220949173 4.768371297814156e-08
v -0.15784549713134766 0.09491468220949173 4.768371297814156e-08
v -0.15299773216247559 0.09491468220949173 4.768371297814156e-08
v -0.16930755972862244 0.09829573333263397 0.1335265189409256
v -0.16933618485927582 0.09855195879936218 0.13357020914554596
v -0.16934141516685486 0.09859886765480042 0.13411520421504974
v -0.17331504821777344 0.09854723513126373 0.13412095606327057
v -0.1730140596628189 0.09823401272296906 0.1335265189409256
v -0.17306026816368103 0.09400364756584167 0.133493110537529
v -0.17332038283348083 0.09402070194482803 0.13357013463974
v -0.17337433993816376 0.09402423352003098 0.13411498069763184
v -0.17489849030971527 0.05308448523283005 0.1435215026140213
v -0.17483258247375488 0.05308448523283005 0.14370717108249664
v -0.1746346801519394 0.05308448523283005 0.14378362894058228
v -0.17450463771820068 0.053083233535289764 0.13190068304538727
v -0.17483258247375488 0.05308448523283005 0.1319776177406311
v -0.17489849030971527 0.05308448523283005 0.13216331601142883
v -0.17011600732803345 0.05309029296040535 0.1316099911928177
v -0.16996511816978455 0.05284308269619942 0.1316298246383667
v -0.17004820704460144 0.0528554804623127 0.13182145357131958
v -0.1703527867794037 0.05303113907575607 0.13190068304538727
v -0.17020173370838165 0.053232889622449875 0.1318213790655136
v -0.17018869519233704 0.05326186493039131 0.13155804574489594
v -0.16408486664295197 0.04338625818490982 0.1316298246383667
v -0.1640617698431015 0.04325462132692337 0.1316298246383667
v -0.16414359211921692 0.04326459392905235 0.13182786107063293
v -0.16428589820861816 0.04334229975938797 0.13190068304538727
v -0.16422565281391144 0.04346432909369469 0.13182786107063293
v -0.16416291892528534 0.043507613241672516 0.1316298246383667
v -0.15898479521274567 0.04684911295771599 0.13280561566352844
v -0.1591748148202896 0.047107599675655365 0.1328255981206894
v -0.15918956696987152 0.047097913920879364 0.1334119439125061
v -0.15939469635486603 0.046748559921979904 0.13343749940395355
v -0.15900267660617828 0.046522848308086395 0.13341103494167328
v -0.15898434817790985 0.046521738171577454 0.13282491266727448
v -0.16884677112102509 0.05319727957248688 0.13341496884822845
v -0.16915296018123627 0.0528114028275013 0.133493110537529
v -0.16865533590316772 0.05257930979132652 0.1334151029586792
v -0.1686418354511261 0.05258636921644211 0.132828950881958
v -0.1688118278980255 0.05285222455859184 0.13282890617847443
v -0.1688312292098999 0.053197987377643585 0.13282893598079681
v -0.17337433993816376 0.053083982318639755 0.1341148167848587
v -0.17332036793231964 0.05308176949620247 0.13357007503509521
v -0.1730598658323288 0.05307754501700401 0.133493110537529
v -0.16934257745742798 0.09995681792497635 0.13216331601142883
v -0.16934257745742798 0.09989951550960541 0.1319776177406311
v -0.16920500993728638 0.09959899634122849 0.13190068304538727
v 0.13149137794971466 0.09966380149126053 0.13190065324306488
v 0.13149137794971466 0.09989947080612183 0.13197755813598633
v 0.13149137794971466 0.09995676577091217 0.13216325640678406
v -0.16934257745742798 0.09973455220460892 0.14378362894058228
v -0.16934257745742798 0.09989951550960541 0.14370717108249664
v -0.16934257745742798 0.09995681792497635 0.1435215026140213
v 0.13149137794971466 0.09995676577091217 0.14352145791053772
v 0.13149137794971466 0.09989947080612183 0.14370712637901306
v 0.13149137794971466 0.09973450750112534 0.1437835693359375
v -0.1688539981842041 0.09353188425302505 0.1334163099527359
v -0.1688380390405655 0.09351612627506256 0.13283085823059082
v -0.16877450048923492 0.09365082532167435 0.13283078372478485
v -0.16862031817436218 0.09370630234479904 0.13283078372478485
v -0.16863873600959778 0.09372024983167648 0.13341626524925232
v -0.16863760352134705 0.09400931000709534 0.133493110537529
v -0.16916389763355255 0.09368877857923508 0.133493110537529
v -0.16902224719524384 0.09394758194684982 0.133493110537529
v 0.13149693608283997 0.09398713707923889 0.1334930807352066
v 0.1314982771873474 0.09372160583734512 0.13341616094112396
v 0.13150551915168762 0.09370727092027664 0.1328306347131729
v 0.13149137794971466 0.09859875589609146 0.13411463797092438
v 0.13149140775203705 0.09855177998542786 0.13356994092464447
v 0.1314919888973236 0.09809926152229309 0.1334930807352066
v -0.16934257745742798 0.09887652099132538 0.14376868307590485
v -0.16934257745742798 0.09866639971733093 0.14370717108249664
v -0.16934257745742798 0.09860910475254059 0.14332617819309235
v 0.13149137794971466 0.0988764762878418 0.14376865327358246
v 0.13149137794971466 0.09866634756326675 0.14370712637901306
v 0.13149137794971466 0.09860905259847641 0.14332613348960876
v -0.17332124710083008 0.09855247288942337 0.1433296799659729
v -0.1736641228199005 0.09881635755300522 0.14376893639564514
v -0.173725888133049 0.05308448523283005 0.14376868307590485
v -0.17345210909843445 0.05308448523283005 0.14370717108249664
v -0.17338620126247406 0.05308448523283005 0.14332617819309235
v -0.17338618636131287 0.09402499347925186 0.14332617819309235
v -0.17345209419727325 0.09402499347925186 0.14370717108249664
v -0.17372587323188782 0.09402499347925186 0.14376868307590485
v 0.1379438191652298 0.09809919446706772 0.13333319127559662
v 0.13795477151870728 0.09855169802904129 0.1334092617034912
v 0.13802319765090942 0.0985986664891243 0.13394640386104584
v 0.13790513575077057 0.09370727092027664 0.13269321620464325
v 0.13793276250362396 0.09372160583734512 0.13325700163841248
v 0.13794377446174622 0.0939871296286583 0.13333319127559662
v 0.13912354409694672 0.09860898554325104 0.14301784336566925
v 0.13917528092861176 0.09866628795862198 0.14339350163936615
v 0.13918468356132507 0.0988764762878418 0.14345420897006989
v 0.1391870230436325 0.09973450750112534 0.1434689462184906
v 0.1391754001379013 0.09989940375089645 0.143393412232399
v 0.13914701342582703 0.0999566912651062 0.14321014285087585
v 0.1377876102924347 0.0999566912651062 0.13202422857284546
v 0.13776186108589172 0.09989940375089645 0.1318405717611313
v 0.13774968683719635 0.09966109693050385 0.13176436722278595
v 0.17223091423511505 0.09990277141332626 0.05574312433600426
v 0.17209593951702118 0.09995676577091217 0.05584504455327988
v 0.1721513271331787 0.09990249574184418 0.05602259561419487
v 0.1722072958946228 0.0997316911816597 0.05608756095170975
v 0.17228373885154724 0.09973011165857315 0.05591605603694916
v 0.17230968177318573 0.09972626715898514 0.05572940781712532
v 0.17226344347000122 0.09883806854486465 0.055898234248161316
v 0.17218875885009766 0.09887703508138657 0.05609572306275368
v 0.1721101701259613 0.09866441786289215 0.05613257735967636
v 0.1716652661561966 0.09860905259847641 0.05618659779429436
v 0.17181208729743958 0.09855233877897263 0.0559987872838974
v 0.17184673249721527 0.0983269065618515 0.055962935090065
v 0.17224040627479553 0.0983922928571701 0.05586174502968788
v 0.17230217158794403 0.09841714799404144 0.055719733238220215
v 0.161677286028862 0.09809152036905289 0.05597160384058952
v 0.16222064197063446 0.09807635098695755 0.05593613162636757
v 0.1622161865234375 0.09854739159345627 0.05601198598742485
v 0.16214343905448914 0.09859887510538101 0.05617307126522064
v 0.1616094559431076 0.09855220466852188 0.056139372289180756
v 0.16154418885707855 0.09809532761573792 0.05609751120209694
v 0.16169612109661102 0.09393870085477829 0.05595311149954796
v 0.16151034832000732 0.09398814290761948 0.05609516054391861
v 0.16145053505897522 0.09372137486934662 0.05606183782219887
v 0.16119228303432465 0.0937071293592453 0.05578729882836342
v 0.16133929789066315 0.09365218132734299 0.05566281080245972
v 0.16141918301582336 0.09351111948490143 0.05563456565141678
v 0.16169731318950653 0.09352367371320724 0.05591176822781563
v 0.1622212529182434 0.09368400275707245 0.05593281239271164
v 0.1613159477710724 0.09990048408508301 0.054202206432819366
v 0.16132426261901855 0.09959276020526886 0.05411965399980545
v 0.161162868142128 0.09959140419960022 0.05416429787874222
v 0.16103439033031464 0.09959014505147934 0.05428892374038696
v 0.16109523177146912 0.0998995453119278 0.054330699145793915
v 0.16125082969665527 0.09995676577091217 0.054371632635593414
v 0.1613364815711975 0.09620609879493713 0.054049085825681686
v 0.16107985377311707 0.09612251818180084 0.053941406309604645
v 0.1609979271888733 0.09620638936758041 0.05424555018544197
v 0.16104808449745178 0.09634668380022049 0.05429009720683098
v 0.16117560863494873 0.09634661674499512 0.05416705086827278
v 0.161336749792099 0.09634645283222198 0.0541229285299778
v 0.1722441464662552 0.09989947080612183 0.05438162758946419
v 0.1723100244998932 0.09972653537988663 0.05438242480158806
v 0.17224422097206116 0.09972589462995529 0.05419646203517914
v 0.17208537459373474 0.09972389787435532 0.05411943420767784
v 0.1720842719078064 0.09989947080612183 0.05419634282588959
v 0.1720850020647049 0.09995676577091217 0.05438203737139702
v 0.17209427058696747 0.09837719053030014 0.05411949008703232
v 0.17224696278572083 0.09840990602970123 0.054199542850255966
v 0.1723100244998932 0.0984068289399147 0.05439288914203644
v 0.1723100244998932 0.09614058583974838 0.05566565319895744
v 0.1722441464662552 0.0961383581161499 0.05585141479969025
v 0.17187945544719696 0.09612590819597244 0.05592835694551468
v 0.1439250409603119 0.09612253308296204 0.124369315803051
v 0.13938170671463013 0.09632188826799393 0.1314675360918045
v 0.13935407996177673 0.09616400301456451 0.1313323974609375
v 0.13927623629570007 0.09612251818180084 0.1311332881450653
v -0.17489846050739288 0.09402499347925186 0.13216331601142883
v -0.1748325675725937 0.09402499347925186 0.1319776177406311
v -0.174506276845932 0.09402499347925186 0.13190068304538727
v -0.17489846050739288 0.09402499347925186 0.1435215026140213
v -0.1748325675725937 0.09402499347925186 0.14370717108249664
v -0.1746346652507782 0.09402499347925186 0.14378362894058228
v 0.15475811064243317 0.09594207257032394 0.027279753237962723
v 0.15466105937957764 0.09594207257032394 0.027116874232888222
v 0.15459926426410675 0.0960824266076088 0.027138475328683853
v 0.15455402433872223 0.09612253308296204 0.027596887201070786
v 0.15491870045661926 0.09608238190412521 0.027418017387390137
v 0.15491916239261627 0.09594207257032394 0.02734324336051941
v 0.15495692193508148 0.0948619693517685 0.02752688340842724
v 0.15483328700065613 0.09472354501485825 0.027470974251627922
v 0.15470199286937714 0.09477563947439194 0.02724304609000683
v 0.15466468036174774 0.09491290897130966 0.02713099494576454
v 0.15472759306430817 0.09506291896104813 0.027234673500061035
v 0.15491744875907898 0.09511040151119232 0.027343301102519035
v 0.15502597391605377 0.09496945887804031 0.027407487854361534
v 0.15510742366313934 0.09488791227340698 0.027563123032450676
v 0.13010293245315552 0.09594494849443436 0.0
v 0.12991048395633698 0.09608328342437744 7.691860082559288e-05
v 0.1298307627439499 0.09614058583974838 0.0002626085188239813
v 0.13002321124076843 0.09619787335395813 0.0002626085188239813
v 0.13010293245315552 0.09633622318506241 0.0002626085188239813
v 0.13018269836902618 0.09627893567085266 7.691860082559288e-05
v 0.13037513196468353 0.09614058583974838 0.0
v 0.13029542565345764 0.09600222110748291 0.0
v -0.15299779176712036 0.09594499319791794 4.768371297814156e-08
v -0.1532655656337738 0.09614063054323196 4.768371297814156e-08
v -0.15307527780532837 0.09627904742956161 7.695197564316913e-05
v -0.1529962569475174 0.09633626788854599 0.0002626657369546592
v -0.15291857719421387 0.09619805961847305 0.0002630376839078963
v -0.15272925794124603 0.09614063054323196 0.0002634096017573029
v -0.15280798077583313 0.09608341008424759 7.718562847003341e-05
v -0.15318767726421356 0.09600242227315903 4.768371297814156e-08
v 0.13810396194458008 0.09595753252506256 0.005860576406121254
v 0.13810384273529053 0.09633616358041763 0.006156363524496555
v 0.13818353414535522 0.09618627279996872 0.006268019322305918
v 0.13837586343288422 0.09612251818180084 0.00653089489787817
v 0.13837598264217377 0.09609869122505188 0.006330308970063925
v 0.1383761763572693 0.09594488888978958 0.006228456273674965
v 0.13821294903755188 0.09595419466495514 0.006018762476742268
v 0.13810384273529053 0.09627887606620789 0.005933790002018213
v 0.13815712928771973 0.09633322805166245 0.13161829113960266
v 0.1383606493473053 0.096333347260952 0.13166756927967072
v 0.1383560299873352 0.09619693458080292 0.1315876543521881
v 0.13834543526172638 0.09612251818180084 0.1313970685005188
v 0.1381492167711258 0.09619706869125366 0.1314283013343811
v 0.13806746900081635 0.096333347260952 0.13143526017665863
v -0.16058138012886047 0.09614063054323196 4.768371297814156e-08
v -0.16084915399551392 0.09594499319791794 4.768371297814156e-08
v -0.16103848814964294 0.09608333557844162 7.696628745179623e-05
v -0.16111692786216736 0.09614063054323196 0.00026265622000209987
v -0.16092762351036072 0.09619798511266708 0.0002626895729918033
v -0.16084925830364227 0.09633633494377136 0.00026271818205714226
v -0.16077081859111786 0.09627904742956161 7.698059198446572e-05
v -0.1606597602367401 0.09600227326154709 4.768371297814156e-08
v 0.13810467720031738 0.09491461515426636 0.005860576406121254
v 0.13821370899677277 0.09491463750600815 0.006017746869474649
v 0.13837681710720062 0.09491470456123352 0.006228456273674965
v 0.17073504626750946 0.09594458341598511 0.02760140784084797
v 0.1707514524459839 0.09608328342437744 0.02767430804669857
v 0.17075404524803162 0.09612253308296204 0.0278558861464262
v 0.17229846119880676 0.09486830234527588 0.02787092700600624
v 0.17222930490970612 0.09487128257751465 0.027691863477230072
v 0.17206688225269318 0.09488912671804428 0.027617791667580605
v 0.16156165301799774 0.09494626522064209 0.054766710847616196
v 0.16156959533691406 0.09480273723602295 0.05485482141375542
v 0.16140834987163544 0.09480126947164536 0.054815538227558136
v 0.16126960515975952 0.09479962289333344 0.05470912158489227
v 0.16132903099060059 0.09494499862194061 0.054654259234666824
v 0.1614842563867569 0.09500119090080261 0.05460263788700104
v 0.17071117460727692 0.09494389593601227 0.054683003574609756
v 0.17077700793743134 0.09480554610490799 0.0546843521296978
v 0.17071036994457245 0.0948047786951065 0.05486855283379555
v 0.17055027186870575 0.09480395913124084 0.05494276434183121
v 0.17055118083953857 0.09494347125291824 0.054865844547748566
v 0.1705521047115326 0.09500119090080261 0.05468016117811203
v 0.1723100244998932 0.03731364384293556 0.055637478828430176
v 0.17225207388401031 0.037352293729782104 0.055843159556388855
v 0.17190596461296082 0.03758539631962776 0.05592835694551468
v -0.16872413456439972 0.09346871823072433 0.0016369246877729893
v -0.1685650795698166 0.09346871823072433 0.0015600108308717608
v -0.16856501996517181 0.09360706806182861 0.0016369246877729893
v -0.1685650795698166 0.09366435557603836 0.0018226193496957421
v -0.16872413456439972 0.09360706806182861 0.0018226051470264792
v -0.1687900274991989 0.09346871823072433 0.0018226193496957421
v 0.13274984061717987 0.09360923618078232 0.0016478680772706866
v 0.1327407956123352 0.09346587210893631 0.0015599632170051336
v 0.1329026222229004 0.0934644490480423 0.0015962934121489525
v 0.13304273784160614 0.09346309304237366 0.001700229593552649
v 0.1329839676618576 0.09360828995704651 0.0017562436405569315
v 0.13280564546585083 0.09375482052564621 0.0017586182802915573
v -0.16871045529842377 0.05319545045495033 0.001639733323827386
v -0.16878463327884674 0.05319974198937416 0.001827130327001214
v -0.16876645386219025 0.05286320671439171 0.0018288040300831199
v -0.16860021650791168 0.05260566994547844 0.001830458641052246
v -0.16854006052017212 0.05264795199036598 0.0016375398263335228
v -0.16849975287914276 0.052978888154029846 0.0015850162599235773
v -0.15886731445789337 0.04652410373091698 0.001638121553696692
v -0.15874142944812775 0.046911224722862244 0.0015600108308717608
v -0.15907476842403412 0.04716195911169052 0.0016379689332097769
v -0.15912942588329315 0.047135207802057266 0.0018268394051119685
v -0.15894648432731628 0.04685889184474945 0.001826705876737833
v -0.15892930328845978 0.04652007296681404 0.0018266915576532483
v 0.13316284120082855 0.09594494849443436 0.0
v 0.1329704225063324 0.09608328342437744 7.691860082559288e-05
v 0.13289068639278412 0.09614058583974838 0.0002626085188239813
v 0.13308314979076385 0.09619787335395813 0.0002626085188239813
v 0.13316284120082855 0.09633622318506241 0.0002626085188239813
v 0.13324259221553802 0.09627893567085266 7.691860082559288e-05
v 0.13343507051467896 0.09614058583974838 0.0
v 0.13335533440113068 0.09600222110748291 0.0
v 0.13189946115016937 0.09594494849443436 0.0
v 0.13162729144096375 0.09614058583974838 0.0
v 0.13181978464126587 0.09627893567085266 7.691860082559288e-05
v 0.13189946115016937 0.09633622318506241 0.0002626085188239813
v 0.13197922706604004 0.09619787335395813 0.0002626085188239813
v 0.13217172026634216 0.09614058583974838 0.0002626085188239813
v 0.1320919543504715 0.09608328342437744 7.691860082559288e-05
v 0.13170704245567322 0.09600222110748291 0.0
v 0.13662153482437134 0.09398713707923889 0.1334325224161148
v 0.13661795854568481 0.09372160583734512 0.13335569202899933
v 0.1365968883037567 0.09370727092027664 0.1327705979347229
v 0.13663631677627563 0.0985986664891243 0.13405346870422363
v 0.13662517070770264 0.09855169802904129 0.13350935280323029
v 0.1366216093301773 0.09809919446706772 0.1334325224161148
v 0.13674844801425934 0.0988764762878418 0.14369922876358032
v 0.13674524426460266 0.09866628795862198 0.14363780617713928
v 0.13673360645771027 0.09860898554325104 0.143257275223732
v 0.13673581182956696 0.0999566912651062 0.14345240592956543
v 0.13674546778202057 0.09989940375089645 0.1436377912759781
v 0.13674940168857574 0.09973450750112534 0.1437140852212906
v 0.1366017460823059 0.09966367483139038 0.13184194266796112
v 0.13660520315170288 0.09989940375089645 0.13191872835159302
v 0.13661351799964905 0.0999566912651062 0.13210418820381165
v 0.13622120022773743 0.09594494849443436 0.0
v 0.13602876663208008 0.09608328342437744 7.691860082559288e-05
v 0.13594907522201538 0.09614058583974838 0.0002626085188239813
v 0.13614149391651154 0.09619787335395813 0.0002626085188239813
v 0.1362212598323822 0.09633622318506241 0.0002626085188239813
v 0.1363009363412857 0.09627893567085266 7.691860082559288e-05
v 0.13649341464042664 0.09614058583974838 0.0
v 0.13641372323036194 0.09600222110748291 0.0
v 0.13495786488056183 0.09594494849443436 0.0
v 0.1346856653690338 0.09614058583974838 0.0
v 0.13487817347049713 0.09627893567085266 7.691383507335559e-05
v 0.13495787978172302 0.09633622318506241 0.00026259422884322703
v 0.1350376158952713 0.09619787335395813 0.0002626037457957864
v 0.13523006439208984 0.09614058583974838 0.0002626085188239813
v 0.13515031337738037 0.09608328342437744 7.691860082559288e-05
v 0.1347653865814209 0.09600222110748291 0.0
v 0.13806754350662231 0.0982445701956749 0.1313641369342804
v 0.13799035549163818 0.09838233888149261 0.1314118504524231
v 0.13778910040855408 0.0984366238117218 0.13147296011447906
v 0.137854665517807 0.09852112829685211 0.13168460130691528
v 0.13806739449501038 0.09863226860761642 0.13172373175621033
v 0.13822530210018158 0.09820626676082611 0.1316935122013092
v 0.13811837136745453 0.09821564704179764 0.13160115480422974
v 0.13816753029823303 0.09851045161485672 0.1317102462053299
v 0.13655869662761688 0.09843667596578598 0.13156060874462128
v 0.13636629283428192 0.09837934374809265 0.13157400488853455
v 0.13628652691841125 0.09824103862047195 0.13157932460308075
v 0.1362091600894928 0.09829834848642349 0.1317681074142456
v 0.13601933419704437 0.09843667596578598 0.1318511962890625
v 0.1362866759300232 0.0986323207616806 0.13184189796447754
v 0.13647951185703278 0.09849362075328827 0.131755992770195
v 0.13609790802001953 0.09857504814863205 0.1318502277135849
v 0.1350233405828476 0.09824103862047195 0.13162322342395782
v 0.1349436491727829 0.09837934374809265 0.13162364065647125
v 0.13475117087364197 0.09843667596578598 0.1316247284412384
v 0.1348314881324768 0.0984942689538002 0.13181279599666595
v 0.1350235491991043 0.0986323207616806 0.131885826587677
v 0.13530057668685913 0.09843667596578598 0.13187620043754578
v 0.13510549068450928 0.09829834848642349 0.13180561363697052
v 0.1352194994688034 0.09857498109340668 0.13188070058822632
v 0.13343504071235657 0.09843667596578598 0.13163194060325623
v 0.13324259221553802 0.09837934374809265 0.131632998585701
v 0.13316285610198975 0.09824103862047195 0.1316334307193756
v 0.13308340311050415 0.09829834848642349 0.1318194568157196
v 0.1328912079334259 0.09843667596578598 0.13189704716205597
v 0.13316285610198975 0.0986323207616806 0.1318960338830948
v 0.13335537910461426 0.09849391132593155 0.13181829452514648
v 0.13297079503536224 0.09857498109340668 0.13189683854579926
v 0.13802413642406464 0.09823953360319138 7.691860082559288e-05
v 0.1378316432237625 0.09823953360319138 0.0
v 0.1378317028284073 0.09837784618139267 7.691860082559288e-05
v 0.1378316432237625 0.098435178399086 0.0002626085188239813
v 0.13802413642406464 0.09837784618139267 0.0002626180648803711
v 0.13810384273529053 0.09823953360319138 0.0002626180648803711
v 0.13630102574825287 0.09823955595493317 7.692813960602507e-05
v 0.1362212747335434 0.09823955595493317 0.00026263235486112535
v 0.13630102574825287 0.09837790578603745 0.0002626180648803711
v 0.1364934891462326 0.09843519330024719 0.00036788464058190584
v 0.1364934891462326 0.09837790578603745 7.691860082559288e-05
v 0.1364934891462326 0.09823955595493317 0.0
v 0.13487817347049713 0.09823955595493317 7.691383507335559e-05
v 0.1346856653690338 0.09823955595493317 0.0
v 0.1346856653690338 0.09837790578603745 7.691860082559288e-05
v 0.1346857100725174 0.09843519330024719 0.0002626085188239813
v 0.13487817347049713 0.09837790578603745 0.0002626037457957864
v 0.13495787978172302 0.09823955595493317 0.00026259422884322703
v 0.13324259221553802 0.09823955595493317 7.691860082559288e-05
v 0.13316284120082855 0.09823955595493317 0.0002626085188239813
v 0.13324259221553802 0.09837790578603745 0.0002626085188239813
v 0.13343507051467896 0.09843519330024719 0.0002626085188239813
v 0.13343507051467896 0.09837790578603745 7.691860082559288e-05
v 0.13343507051467896 0.09823955595493317 0.0
v 0.13037514686584473 0.09843667596578598 0.1316380500793457
v 0.13018269836902618 0.09837934374809265 0.1316380500793457
v 0.1301029771566391 0.09824103862047195 0.1316380500793457
v 0.13002321124076843 0.09829834848642349 0.13182370364665985
v 0.12983077764511108 0.09843667596578598 0.13190065324306488
v 0.1301029771566391 0.0986323207616806 0.13190065324306488
v 0.13029547035694122 0.09849398583173752 0.13182370364665985
v 0.12991052865982056 0.09857498109340668 0.13190065324306488
v 0.13189950585365295 0.09824103862047195 0.1316380500793457
v 0.13181981444358826 0.09837934374809265 0.1316380500793457
v 0.13162732124328613 0.09843667596578598 0.1316380500793457
v 0.1317070871591568 0.09849398583173752 0.13182412087917328
v 0.13189950585365295 0.0986323207616806 0.13190065324306488
v 0.13217225670814514 0.09843667596578598 0.1318996548652649
v 0.13197945058345795 0.09829834848642349 0.13182339072227478
v 0.13209234178066254 0.09857498109340668 0.1319001317024231
v 0.13181978464126587 0.09823955595493317 7.691860082559288e-05
v 0.13162729144096375 0.09823955595493317 0.0
v 0.13162729144096375 0.09837790578603745 7.691860082559288e-05
v 0.13162729144096375 0.09843519330024719 0.0002626085188239813
v 0.13181978464126587 0.09837790578603745 0.0002626085188239813
v 0.13189946115016937 0.09823955595493317 0.0002626085188239813
v 0.13018269836902618 0.09823955595493317 7.691860082559288e-05
v 0.13010293245315552 0.09823955595493317 0.0002626085188239813
v 0.13018269836902618 0.09837790578603745 0.0002626085188239813
v 0.13037513196468353 0.09843519330024719 0.0002626085188239813
v 0.13037513196468353 0.09837790578603745 7.691860082559288e-05
v 0.13037513196468353 0.09823955595493317 0.0
v 0.1378316432237625 0.09614052623510361 0.0
v 0.13802409172058105 0.09614052623510361 7.691860082559288e-05
v 0.13810384273529053 0.09614052623510361 0.0002626085188239813
v 0.13620683550834656 0.09619782119989395 0.13158199191093445
v 0.13601438701152802 0.09614052623510361 0.13158859312534332
v 0.13601449131965637 0.09619782119989395 0.1317744106054306
v 0.13601472973823547 0.09633616358041763 0.1318514049053192
v 0.13620759546756744 0.09633592516183853 0.13176831603050232
v 0.13628660142421722 0.09633616358041763 0.13157932460308075
v 0.1351029872894287 0.09619782119989395 0.131620392203331
v 0.13502325117588043 0.09633616358041763 0.13162322342395782
v 0.13510511815547943 0.09633824974298477 0.13180550932884216
v 0.1353003829717636 0.09633973985910416 0.13187620043754578
v 0.13529793918132782 0.09619887173175812 0.13179931044578552
v 0.13529546558856964 0.09614052623510361 0.1316136121749878
v 0.13308316469192505 0.09619787335395813 0.1316337138414383
v 0.1328907012939453 0.09614058583974838 0.1316343992948532
v 0.1328907012939453 0.09619787335395813 0.13182012736797333
v 0.1328907012939453 0.09633622318506241 0.13189704716205597
v 0.13308320939540863 0.09633616358041763 0.1318194568157196
v 0.13316285610198975 0.09633622318506241 0.1316334307193756
v 0.13197922706604004 0.09619787335395813 0.13163776695728302
v 0.13189950585365295 0.09633622318506241 0.1316380500793457
v 0.13197942078113556 0.09633643925189972 0.13182339072227478
v 0.13217225670814514 0.09633664041757584 0.1318996548652649
v 0.13217197358608246 0.09619802981615067 0.13182272017002106
v 0.13217169046401978 0.09614058583974838 0.13163703680038452
v 0.13002321124076843 0.09619787335395813 0.1316380500793457
v 0.12983077764511108 0.09614058583974838 0.1316380500793457
v 0.12983077764511108 0.09619787335395813 0.13182370364665985
v 0.12983077764511108 0.09633622318506241 0.13190065324306488
v 0.13002321124076843 0.09633622318506241 0.13182370364665985
v 0.1301029771566391 0.09633622318506241 0.1316380500793457
v -0.15293721854686737 0.09619791805744171 0.1316380798816681
v -0.1530156433582306 0.09633626788854599 0.1316380798816681
v -0.15293723344802856 0.09633626788854599 0.13182374835014343
v -0.15274789929389954 0.09633626788854599 0.13190068304538727
v -0.15274789929389954 0.09619791805744171 0.13182374835014343
v -0.15274789929389954 0.09614063054323196 0.1316380798816681
v -0.15309402346611023 0.09838073700666428 0.1316380798816681
v -0.15328335762023926 0.09843803197145462 0.1316380798816681
v -0.15328334271907806 0.09849531948566437 0.13182377815246582
v -0.15274791419506073 0.09863366931676865 0.13190068304538727
v -0.15293721854686737 0.09824246168136597 0.13182374835014343
v -0.1530156135559082 0.09824238717556 0.1316380798816681
v -0.15468917787075043 0.09838074445724487 0.1316380798816681
v -0.15476764738559723 0.0982423946261406 0.1316380798816681
v -0.15484608709812164 0.09824281185865402 0.13182416558265686
v -0.1544998586177826 0.09849532693624496 0.13182374835014343
v -0.1544998586177826 0.09843803942203522 0.1316380798816681
v -0.1547674834728241 0.09594499319791794 4.768371297814156e-08
v -0.15495653450489044 0.09608327597379684 7.691860082559288e-05
v -0.15503524243831635 0.09614063054323196 0.00026265622000209987
v -0.1548478901386261 0.09619883447885513 0.00026407718542031944
v -0.1547730267047882 0.09633827954530716 0.00026538848760537803
v -0.15469272434711456 0.09628061205148697 7.777213613735512e-05
v -0.15449967980384827 0.09614063054323196 4.768371297814156e-08
v -0.15457619726657867 0.09600256383419037 4.768371297814156e-08
v -0.15607468783855438 0.09594499319791794 4.768371297814156e-08
v -0.15634244680404663 0.09614063054323196 4.768371297814156e-08
v -0.1561530977487564 0.09627898037433624 7.695674867136404e-05
v -0.156074658036232 0.09633626788854599 0.00026264190091751516
v -0.1559962034225464 0.09619791805744171 0.00026265144697390497
v -0.15580688416957855 0.09614063054323196 0.00026265622000209987
v -0.15588535368442535 0.09608333557844162 7.696628745179623e-05
v -0.1562640219926834 0.09600227326154709 4.768371297814156e-08
v -0.156010240316391 0.0982380360364914 0.13162574172019958
v -0.15608541667461395 0.09838131815195084 0.13158099353313446
v -0.15627342462539673 0.09843739122152328 0.13154539465904236
v -0.15631607174873352 0.09846051782369614 0.13179153203964233
v -0.15633408725261688 0.09863373637199402 0.13189344108104706
v -0.15574318170547485 0.09824232012033463 0.13189485669136047
v -0.15589171648025513 0.09824281185865402 0.13182847201824188
v -0.15590374171733856 0.09851908683776855 0.13189439475536346
v -0.15776681900024414 0.09838011860847473 0.13163921236991882
v -0.1578453779220581 0.09824174642562866 0.13163580000400543
v -0.15792392194271088 0.09824174642562866 0.13182073831558228
v -0.15756778419017792 0.09848428517580032 0.13182009756565094
v -0.15757761895656586 0.09843739122152328 0.13163501024246216
v -0.15784545242786407 0.09594499319791794 4.768371297814156e-08
v -0.1580348014831543 0.09608333557844162 7.696628745179623e-05
v -0.15811319649219513 0.09614063054323196 0.00026265622000209987
v -0.15792369842529297 0.09619787335395813 0.00026255130069330335
v -0.15784502029418945 0.09633617848157883 0.0002624511544127017
v -0.15776671469211578 0.0962788388133049 7.690429629292339e-05
v -0.15757764875888824 0.09614063054323196 4.768371297814156e-08
v -0.1576562076807022 0.09600227326154709 4.768371297814156e-08
v -0.1590833067893982 0.09594499319791794 4.768371297814156e-08
v -0.15935108065605164 0.09614063054323196 4.768371297814156e-08
v -0.1591617316007614 0.09627898037433624 7.696628745179623e-05
v -0.1590833067893982 0.09633626788854599 0.00026265622000209987
v -0.15900488197803497 0.09619791805744171 0.00026265622000209987
v -0.15881553292274475 0.09614063054323196 0.00026265622000209987
v -0.15889398753643036 0.09608333557844162 7.696628745179623e-05
v -0.1592726707458496 0.09600227326154709 4.768371297814156e-08
v -0.1579238474369049 0.09619791805744171 0.13163594901561737
v -0.15811319649219513 0.09614063054323196 0.13163629174232483
v -0.15811316668987274 0.09619791805744171 0.13182203471660614
v -0.15811319649219513 0.09633626788854599 0.1318988800048828
v -0.15792378783226013 0.09633626788854599 0.1318216472864151
v -0.15784543752670288 0.09633626788854599 0.13163580000400543
v -0.15900485217571259 0.09619791805744171 0.13163794577121735
v -0.1590833067893982 0.09633626788854599 0.13163810968399048
v -0.15900474786758423 0.09633640944957733 0.1318235695362091
v -0.15881527960300446 0.0963364765048027 0.13190017640590668
v -0.1588154137134552 0.09619805961847305 0.13182330131530762
v -0.15881551802158356 0.09614063054323196 0.1316375732421875
v -0.15916183590888977 0.09838011860847473 0.13164134323596954
v -0.15935106575489044 0.09843739122152328 0.13163810968399048
v -0.15935762226581573 0.09848815947771072 0.131822869181633
v -0.1590045839548111 0.09824174642562866 0.13182291388511658
v -0.159083291888237 0.09824174642562866 0.13163810968399048
v -0.16058410704135895 0.09843739122152328 0.1315646767616272
v -0.16077254712581635 0.09837901592254639 0.13159146904945374
v -0.16084912419319153 0.09823315590620041 0.13162654638290405
v -0.16092956066131592 0.09832202643156052 0.13182036578655243
v -0.16112372279167175 0.09863343834877014 0.13190068304538727
v -0.16058410704135895 0.09846644848585129 0.1318022757768631
v -0.16092757880687714 0.09619791805744171 0.13163834810256958
v -0.16111689805984497 0.09614063054323196 0.13163810968399048
v -0.1611167937517166 0.09619791805744171 0.13182376325130463
v -0.16111689805984497 0.09633626788854599 0.13190068304538727
v -0.16092757880687714 0.09633626788854599 0.13182376325130463
v -0.16084912419319153 0.09633626788854599 0.13163810968399048
v -0.15305976569652557 0.09823960065841675 7.696628745179623e-05
v -0.153249129652977 0.09823957830667496 4.768371297814156e-08
v -0.15324798226356506 0.09837789088487625 7.696628745179623e-05
v -0.1532476246356964 0.09843523055315018 0.00026265622000209987
v -0.15305879712104797 0.09837786108255386 0.00026254175463691354
v -0.15298137068748474 0.09823957830667496 0.0002626657369546592
v -0.1547478884458542 0.09823981672525406 7.698059198446572e-05
v -0.1548263132572174 0.09823966026306152 0.00026268005603924394
v -0.15475057065486908 0.09837773442268372 0.0002640914754010737
v -0.15456125140190125 0.09843523800373077 0.00026539803366176784
v -0.15456101298332214 0.09837795048952103 7.776260463288054e-05
v -0.15455850958824158 0.09823960065841675 4.768371297814156e-08
v -0.1561530977487564 0.09823960065841675 7.695674867136404e-05
v -0.15634244680404663 0.09823960065841675 4.768371297814156e-08
v -0.15634244680404663 0.09837795048952103 7.696628745179623e-05
v -0.15634240210056305 0.09843523800373077 0.00026265622000209987
v -0.15615308284759521 0.09837795048952103 0.00026265622000209987
v -0.156074658036232 0.09823960065841675 0.00026264190091751516
v -0.15776248276233673 0.09823960065841675 7.696628745179623e-05
v -0.15784093737602234 0.09823960065841675 0.00026265622000209987
v -0.1577622890472412 0.0983780100941658 0.00026255130069330335
v -0.157572939991951 0.09843523800373077 0.0002624511544127017
v -0.15757295489311218 0.09837795048952103 7.690429629292339e-05
v -0.1575731486082077 0.09823960065841675 4.768371297814156e-08
v -0.1591617316007614 0.09823960065841675 7.696628745179623e-05
v -0.15935108065605164 0.09823960065841675 4.768371297814156e-08
v -0.15935108065605164 0.09837795048952103 7.696628745179623e-05
v -0.15935108065605164 0.09843523800373077 0.00026265622000209987
v -0.15916171669960022 0.09837795048952103 0.00026265144697390497
v -0.1590833067893982 0.09823960065841675 0.00026265622000209987
v -0.16077208518981934 0.09823960065841675 7.696628745179623e-05
v -0.16085052490234375 0.09823960065841675 0.00026265622000209987
v -0.1607721447944641 0.09837795048952103 0.0002626895729918033
v -0.1605827808380127 0.09843523800373077 0.00026271818205714226
v -0.1605827808380127 0.09837795048952103 7.698059198446572e-05
v -0.1605827510356903 0.09823960065841675 4.768371297814156e-08
v 0.1720850020647049 0.040695760399103165 0.02761775441467762
v 0.17224422097206116 0.040834639221429825 0.027694782242178917
v 0.1723100244998932 0.04089140146970749 0.027880363166332245
v 0.1723759025335312 0.04075305536389351 0.027880463749170303
v 0.1725349724292755 0.040695760399103165 0.027880363166332245
v 0.17246860265731812 0.040638383477926254 0.02769458293914795
v 0.1723100244998932 0.04050011560320854 0.02761775441467762
v 0.1721511036157608 0.040557410567998886 0.02761775441467762
v 0.1723100244998932 0.04086056724190712 0.032405246049165726
v 0.17238490283489227 0.04074401408433914 0.03254682198166847
v 0.1725655347108841 0.040695760399103165 0.03260546177625656
v 0.17467349767684937 0.040638502687215805 0.027694672346115112
v 0.17467349767684937 0.040695760399103165 0.027880357578396797
v 0.1748325675725937 0.040638502687215805 0.027880357578396797
v 0.17489849030971527 0.04050011560320854 0.027880357578396797
v 0.1748325675725937 0.04050011560320854 0.027694672346115112
v 0.17467349767684937 0.04050011560320854 0.02761775441467762
v 0.17489849030971527 0.03731364384293556 0.027880357578396797
v 0.1748325675725937 0.03731364384293556 0.027694672346115112
v 0.17467349767684937 0.03731364384293556 0.02761775441467762
v 0.17489849030971527 0.04050011560320854 0.03260545805096626
v 0.1748325675725937 0.040638502687215805 0.03260545805096626
v 0.17467349767684937 0.040695760399103165 0.03260545805096626
v 0.17475299537181854 0.03734230250120163 0.03282960504293442
v 0.17475299537181854 0.03728499636054039 0.03264391049742699
v 0.17475299537181854 0.037146661430597305 0.032566990703344345
v 0.1748325675725937 0.037175312638282776 0.03252854198217392
v 0.17489849030971527 0.03731364384293556 0.03234284743666649
v 0.17489849030971527 0.03750929981470108 0.03260545805096626
v 0.1748325675725937 0.0373709499835968 0.032791148871183395
v 0.17489849030971527 0.03745198994874954 0.03241976723074913
v 0.17202815413475037 0.09633643925189972 0.054119519889354706
v 0.1722441464662552 0.09631853550672531 0.05419643223285675
v 0.1723100244998932 0.09630170464515686 0.05439288541674614
v 0.17229828238487244 0.09486199915409088 0.05406797304749489
v 0.17138667404651642 0.09612253308296204 0.05385790392756462
v 0.1720215231180191 0.09619813412427902 0.05404266342520714
v 0.17229251563549042 0.09586332738399506 0.054383452981710434
v 0.1723759025335312 0.04050011560320854 0.05419634282588959
v 0.17246021330356598 0.04050011560320854 0.054155588150024414
v 0.17253489792346954 0.040638502687215805 0.054042525589466095
v 0.1725349724292755 0.040695760399103165 0.053856831043958664
v 0.1723759025335312 0.040752869099378586 0.053856611251831055
v 0.1723100244998932 0.04077659919857979 0.05422801896929741
v 0.1748325675725937 0.04050011560320854 0.054042525589466095
v 0.17489849030971527 0.04050011560320854 0.053856831043958664
v 0.1748325675725937 0.040638502687215805 0.053856831043958664
v 0.17467349767684937 0.040695760399103165 0.053856831043958664
v 0.17467349767684937 0.040638502687215805 0.054042525589466095
v 0.17475299537181854 0.04050011560320854 0.05408097803592682
v 0.17473842203617096 0.037383656948804855 0.054025448858737946
v 0.17475299537181854 0.03734230250120163 0.053856831043958664
v 0.1748325675725937 0.0373709499835968 0.053856831043958664
v 0.17489849030971527 0.03750929981470108 0.053856831043958664
v 0.1748325675725937 0.03750929981470108 0.054042525589466095
v 0.17475299537181854 0.03750929981470108 0.05408097803592682
v 0.17247390747070312 0.03724445030093193 0.032698407769203186
v 0.17246021330356598 0.03728671744465828 0.03286806121468544
v 0.1723759025335312 0.03725634887814522 0.03286806121468544
v 0.1723100244998932 0.03711800277233124 0.03286806121468544
v 0.1723759025335312 0.03711800277233124 0.032682374119758606
v 0.17246021330356598 0.03711800277233124 0.03264160454273224
v 0.17246021330356598 0.03728671744465828 0.05389297381043434
v 0.17246021330356598 0.03734402358531952 0.05407865718007088
v 0.17246021330356598 0.037482358515262604 0.054155588150024414
v 0.1723759025335312 0.03745198994874954 0.05419634282588959
v 0.1723100244998932 0.03731364384293556 0.05438203737139702
v 0.1723100244998932 0.03711800277233124 0.05411943420767784
v 0.1723759025335312 0.03725634887814522 0.05393374338746071
v 0.1723100244998932 0.037175312638282776 0.05430512875318527
v 0.13810467720031738 0.09491461515426636 0.0002626085188239813
v 0.1380249559879303 0.09491461515426636 7.691860082559288e-05
v 0.13783244788646698 0.09491461515426636 0.0
v 0.17280659079551697 0.0373709499835968 0.053856831043958664
v 0.17287246882915497 0.03750929981470108 0.053856831043958664
v 0.17280659079551697 0.03750929981470108 0.054042525589466095
v 0.17271433770656586 0.03750929981470108 0.05408713221549988
v 0.17270171642303467 0.0373816192150116 0.05402817949652672
v 0.17271433770656586 0.03733773157000542 0.053856831043958664
v 0.17287246882915497 0.039887167513370514 0.053856831043958664
v 0.17293834686279297 0.040025513619184494 0.053856831043958664
v 0.1730974167585373 0.04008281230926514 0.053856831043958664
v 0.17297329008579254 0.04014625772833824 0.054042525589466095
v 0.17273272573947906 0.04017700254917145 0.05408713221549988
v 0.1728142499923706 0.04000792279839516 0.054042525589466095
v 0.17287246882915497 0.03731364384293556 0.03234284743666649
v 0.17287246882915497 0.03750929981470108 0.03260546177625656
v 0.17280659079551697 0.0373709499835968 0.032791152596473694
v 0.17271433770656586 0.03733773157000542 0.03283575549721718
v 0.17271433770656586 0.03728042542934418 0.032650068402290344
v 0.17271433770656586 0.03714209049940109 0.0325731486082077
v 0.17280659079551697 0.037175312638282776 0.03252854198217392
v 0.17287246882915497 0.03745198994874954 0.03241976723074913
v 0.17433597147464752 0.03731364384293556 0.03234284743666649
v 0.1744018942117691 0.037175312638282776 0.03252854198217392
v 0.1744861602783203 0.03714492917060852 0.03256930410861969
v 0.1744861602783203 0.0372832752764225 0.032646212726831436
v 0.1744861602783203 0.03734058514237404 0.032831914722919464
v 0.1744018942117691 0.0373709499835968 0.032791148871183395
v 0.17433597147464752 0.03750929981470108 0.03260545805096626
v 0.17433597147464752 0.03745198994874954 0.03241976723074913
v 0.1741110235452652 0.04008281230926514 0.053856831043958664
v 0.1742701232433319 0.040025513619184494 0.053856831043958664
v 0.17433597147464752 0.039887167513370514 0.053856831043958664
v 0.17439419031143188 0.04000792279839516 0.054042525589466095
v 0.17446865141391754 0.040162429213523865 0.05408328026533127
v 0.17423515021800995 0.04014625772833824 0.054042525589466095
v 0.1744018942117691 0.0373709499835968 0.053856831043958664
v 0.1744861602783203 0.03734058514237404 0.053856831043958664
v 0.17450015246868134 0.037382885813713074 0.05402647331357002
v 0.1744861602783203 0.03750929981470108 0.05408328026533127
v 0.1744018942117691 0.03750929981470108 0.054042525589466095
v 0.17433597147464752 0.03750929981470108 0.053856831043958664
v 0.17293834686279297 0.039887167513370514 0.02909373678267002
v 0.1730974167585373 0.039887167513370514 0.029016828164458275
v 0.1730974167585373 0.040025513619184494 0.02909373678267002
v 0.1730974167585373 0.04008281230926514 0.0292794369161129
v 0.17293834686279297 0.040025513619184494 0.0292794369161129
v 0.17287246882915497 0.039887167513370514 0.0292794369161129
v 0.1742701232433319 0.039887167513370514 0.02909373678267002
v 0.17433597147464752 0.039887167513370514 0.0292794369161129
v 0.1742701232433319 0.040025513619184494 0.0292794369161129
v 0.1741110235452652 0.04008281230926514 0.0292794369161129
v 0.1741110235452652 0.040025513619184494 0.02909373678267002
v 0.1741110235452652 0.039887167513370514 0.029016822576522827
v 0.1707121580839157 0.09494506567716599 0.027874549850821495
v 0.17055575549602509 0.09500068426132202 0.027874179184436798
v 0.17062412202358246 0.09505947679281235 0.02769138664007187
v 0.17079448699951172 0.0951961874961853 0.027615798637270927
v 0.17094551026821136 0.09513481706380844 0.02761715278029442
v 0.17100796103477478 0.09498600661754608 0.02761775441467762
v 0.17084422707557678 0.09486211836338043 0.027692874893546104
v 0.17077700793743134 0.09481007605791092 0.027874264866113663
v 0.17100615799427032 0.03731364384293556 0.02761775441467762
v 0.1708441525697708 0.037329431623220444 0.02769320458173752
v 0.17077700793743134 0.03736741468310356 0.027875347062945366
v 0.17100287973880768 0.040695760399103165 0.02761775441467762
v 0.17084315419197083 0.04070322588086128 0.027694344520568848
v 0.17077700793743134 0.04072127118706703 0.027879247441887856
v -0.16407893598079681 0.04338625818490982 0.00027091027004644275
v -0.16414649784564972 0.043507613241672516 0.00027089595096185803
v -0.16409344971179962 0.043534234166145325 7.938384806038812e-05
v -0.1638735681772232 0.04343358799815178 4.768371297814156e-08
v -0.1639932096004486 0.043254680931568146 7.938384806038812e-05
v -0.16405582427978516 0.04325462132692337 0.00027089595096185803
v -0.17011602222919464 0.05309029296040535 0.0002709293330553919
v -0.1701391637325287 0.05337204039096832 0.0002708244137465954
v -0.17005757987499237 0.05336187407374382 7.301806908799335e-05
v -0.1699254959821701 0.053137872368097305 4.768371297814156e-08
v -0.16990242898464203 0.05288920924067497 7.312774687306955e-05
v -0.16996513307094574 0.05284308269619942 0.00027090549701824784
v -0.1702294945716858 0.05285995826125145 0.13190068304538727
v -0.17035293579101562 0.053232863545417786 0.13190068304538727
v -0.16915322840213776 0.0531858429312706 0.133493110537529
v -0.1689162254333496 0.0525384284555912 0.13347601890563965
v 0.16133631765842438 0.09612253308296204 0.053870782256126404
v 0.1608765721321106 0.09612251818180084 0.054137930274009705
v 0.15445007383823395 0.09612253308296204 0.0271904319524765
v 0.1549176424741745 0.09612253308296204 0.027599863708019257
v -0.15871770679950714 0.04653375595808029 0.0015600108308717608
v -0.15894563496112823 0.04722707346081734 0.0015600108308717608
v -0.15328334271907806 0.09863366931676865 0.13190068304538727
v -0.15290474891662598 0.09851908683776855 0.13190068304538727
v -0.15274791419506073 0.09824238717556 0.13190068304538727
v -0.1550353616476059 0.09824232012033463 0.13190041482448578
v -0.154499813914299 0.09863373637199402 0.13190068304538727
v -0.15811361372470856 0.09824232012033463 0.13189758360385895
v -0.1579475998878479 0.09851908683776855 0.13189704716205597
v -0.1575574278831482 0.09863373637199402 0.13189607858657837
v -0.1593644917011261 0.09863343834877014 0.1318994164466858
v -0.1589777171611786 0.09851908683776855 0.1318991631269455
v -0.15881477296352386 0.09824182093143463 0.13189920783042908
v 0.1723100244998932 0.040890779346227646 0.053856395184993744
v 0.1723100244998932 0.04050011560320854 0.05438203737139702
v -0.16396544873714447 0.04359858110547066 4.768371297814156e-08
v -0.1638420969247818 0.043254703283309937 4.768371297814156e-08
v -0.17329102754592896 0.09852638840675354 0.13360415399074554
v -0.170176163315773 0.05307541787624359 0.13182131946086884
v -0.16414637863636017 0.043374426662921906 0.13179311156272888
v -0.15899746119976044 0.04684581235051155 0.1333853304386139
v -0.1688268780708313 0.05284848064184189 0.13341495394706726
v -0.16879130899906158 0.09366540610790253 0.13341620564460754
v -0.17338789999485016 0.09860996901988983 0.14370839297771454
v 0.1722344607114792 0.09987714886665344 0.05590347200632095
v 0.1722242385149002 0.09860441088676453 0.055905018001794815
v 0.16169612109661102 0.09852620959281921 0.056019801646471024
v 0.16160953044891357 0.09366646409034729 0.055936262011528015
v 0.16118213534355164 0.09987413138151169 0.05421088635921478
v 0.1611475646495819 0.09620632231235504 0.05410094931721687
v 0.1722150444984436 0.09987391531467438 0.054230332374572754
v 0.15471942722797394 0.09608238190412521 0.027339672669768333
v 0.1547909826040268 0.09491990506649017 0.02731955051422119
v 0.13010293245315552 0.09614058583974838 7.691860082559288e-05
v -0.15299752354621887 0.09614076465368271 7.707118493271992e-05
v 0.1381988674402237 0.09614099562168121 0.006107558961957693
v 0.13819199800491333 0.09622195363044739 0.13157877326011658
v -0.16084915399551392 0.09614063054323196 7.697581895627081e-05
v 0.16142664849758148 0.09491992741823196 0.05476357042789459
v 0.17068134248256683 0.09491806477308273 0.0548340305685997
v -0.16869494318962097 0.09358163923025131 0.0016710615018382668
v 0.13288487493991852 0.09358301758766174 0.00164849276188761
v -0.16871577501296997 0.052876174449920654 0.0016667651943862438
v -0.1588864028453827 0.046874094754457474 0.0016381358727812767
v 0.13316284120082855 0.09614058583974838 7.691860082559288e-05
v 0.13189946115016937 0.09614058583974838 7.691860082559288e-05
v 0.13622120022773743 0.09614058583974838 7.691860082559288e-05
v 0.13495786488056183 0.09614058583974838 7.691860082559288e-05
v 0.1380358785390854 0.09843797236680984 0.13164100050926208
v 0.13628824055194855 0.09843549877405167 0.13176539540290833
v 0.1350252330303192 0.09843684732913971 0.13180896639823914
v 0.13316304981708527 0.0984366238117218 0.13181912899017334
v 0.13798873126506805 0.09835240989923477 0.00011105060548288748
v 0.13633638620376587 0.09835247695446014 0.00011105537123512477
v 0.13484276831150055 0.09835247695446014 0.00011104106670245528
v 0.13327795267105103 0.09835247695446014 0.00011104106670245528
v 0.1301029771566391 0.09843667596578598 0.13182370364665985
v 0.1318996548652649 0.09843667596578598 0.13182374835014343
v 0.1317843794822693 0.09835247695446014 0.00011104106670245528
v 0.130218043923378 0.09835247695446014 0.00011104583245469257
v 0.13617192208766937 0.09622322022914886 0.1317351907491684
v 0.1351398229598999 0.09622415155172348 0.1317702978849411
v 0.13304780423641205 0.09622329473495483 0.13178545236587524
v 0.13201476633548737 0.09622343629598618 0.1317891627550125
v 0.12998788058757782 0.09622329473495483 0.13178957998752594
v -0.15290242433547974 0.09622333943843842 0.13178962469100952
v -0.15303857624530792 0.09842127561569214 0.13182377815246582
v -0.1547447293996811 0.09842148423194885 0.1318240910768509
v -0.1547679901123047 0.09614141285419464 7.736205589026213e-05
v -0.1560746729373932 0.09614063054323196 7.696628745179623e-05
v -0.15600363910198212 0.09840064495801926 0.13180886209011078
v -0.15781933069229126 0.09841504693031311 0.13182173669338226
v -0.1578453630208969 0.09614057093858719 7.693767111049965e-05
v -0.1590833067893982 0.09614063054323196 7.696628745179623e-05
v -0.15795859694480896 0.09622333943843842 0.13178762793540955
v -0.15896998345851898 0.09622340649366379 0.1317894458770752
v -0.1591082662343979 0.09841739386320114 0.13182373344898224
v -0.16081783175468445 0.09841739386320114 0.13176974654197693
v -0.16096231341362 0.09622333943843842 0.13178974390029907
v -0.15309374034404755 0.09835246205329895 0.00011106013698736206
v -0.15471546351909637 0.09835246205329895 0.00011169910430908203
v -0.15618789196014404 0.09835252910852432 0.00011108875332865864
v -0.15772752463817596 0.09835252910852432 0.00011104583245469257
v -0.15919652581214905 0.09835252910852432 0.00011108875332865864
v -0.16073733568191528 0.09835252910852432 0.00011110782361356542
v 0.1723099797964096 0.04069587588310242 0.027694711461663246
v 0.17480334639549255 0.04061302915215492 0.027728799730539322
v 0.1748325675725937 0.03731364384293556 0.03260545805096626
v 0.17225028574466705 0.09610770642757416 0.05414685979485512
v 0.1723758727312088 0.040678877383470535 0.054096825420856476
v 0.17480334639549255 0.04061302915215492 0.05400838330388069
v 0.17480334639549255 0.0373963788151741 0.05400838330388069
v 0.17240512371063232 0.03723091632127762 0.03271649777889252
v 0.1723759025335312 0.03731364384293556 0.05411943420767784
v 0.1727771759033203 0.0373963788151741 0.05400838330388069
v 0.1729038655757904 0.040062036365270615 0.05400918051600456
v 0.17280659079551697 0.03731364384293556 0.03260546177625656
v 0.1744018942117691 0.03731364384293556 0.03260545805096626
v 0.17430464923381805 0.040062036365270615 0.05400918051600456
v 0.17443126440048218 0.0373963788151741 0.05400838330388069
v 0.1729675680398941 0.04000008478760719 0.02912786975502968
v 0.1742408275604248 0.04000008478760719 0.02912786975502968
v 0.17077907919883728 0.09500227868556976 0.02769245021045208
v -0.16401879489421844 0.04339994490146637 7.93981525930576e-05
v -0.1700650006532669 0.05310310795903206 0.0001077127453754656
v -0.15489286184310913 0.09853026270866394 0.13189437985420227
v -0.15770812332630157 0.09965059161186218 0.1319005936384201
v -0.15772424638271332 0.09989951550960541 0.1319776177406311
v -0.15772424638271332 0.09995681792497635 0.13216331601142883
v -0.15772424638271332 0.09995681792497635 0.1435215026140213
v -0.15772424638271332 0.09989951550960541 0.14370717108249664
v -0.15772424638271332 0.09973455220460892 0.14378362894058228
v -0.15772424638271332 0.09887652099132538 0.14376868307590485
v -0.15772424638271332 0.09866639971733093 0.14370717108249664
v -0.15772424638271332 0.09860910475254059 0.14332617819309235
v -0.15772321820259094 0.09859886765480042 0.13411514461040497
v -0.15771831572055817 0.09855195879936218 0.13357020914554596
v -0.15800979733467102 0.09809960424900055 0.133493110537529
v 0.14307813346385956 0.09612253308296204 0.026756472885608673
v -0.1579567939043045 0.054215043783187866 0.0015839814441278577
v -0.17037475109100342 0.06282234191894531 0.13190072774887085
v -0.1702156811952591 0.06282234191894531 0.1318238079547882
v -0.1701498031616211 0.0628223568201065 0.13163810968399048
v -0.1703747659921646 0.055484507232904434 0.13190072774887085
v -0.1702156960964203 0.055484578013420105 0.13182377815246582
v -0.1701498180627823 0.055484507232904434 0.13163810968399048
v -0.1745050698518753 0.05843227729201317 0.13190068304538727
v -0.17301639914512634 0.06282233446836472 0.13190071284770966
v -0.17301613092422485 0.05547849461436272 0.13190072774887085
v -0.16992488503456116 0.06260325759649277 6.67572024326546e-08
v -0.17008399963378906 0.06276968866586685 7.71951672504656e-05
v -0.17014983296394348 0.06283870339393616 0.0002634286938700825
v -0.16992488503456116 0.055719248950481415 6.67572024326546e-08
v -0.17008396983146667 0.05555325001478195 7.698535773670301e-05
v -0.17014983296394348 0.055484507232904434 0.0002626657369546592
v -0.1687401533126831 0.06260330975055695 6.67572024326546e-08
v -0.1687401682138443 0.055719271302223206 6.67572024326546e-08
v -0.1687401682138443 0.05915583297610283 6.67572024326546e-08
v -0.17014983296394348 0.06236851215362549 6.67572024326546e-08
v -0.17030899226665497 0.06253530830144882 7.697105320403352e-05
v -0.170374795794487 0.0626046285033226 0.00026268482906743884
v -0.17021580040454865 0.0626726970076561 0.00026305674691684544
v -0.1699908822774887 0.062436774373054504 6.67572024326546e-08
v -0.17014983296394348 0.055954039096832275 6.67572024326546e-08
v -0.17021577060222626 0.0556504912674427 0.000262703892076388
v -0.17037484049797058 0.05571915954351425 0.0002627372741699219
v -0.17030899226665497 0.05578794702887535 7.699966226937249e-05
v -0.16999076306819916 0.055885348469018936 6.67572024326546e-08
v -0.1702156811952591 0.06265635043382645 0.13163810968399048
v -0.17037475109100342 0.06258758157491684 0.13163810968399048
v -0.17037475109100342 0.06265631318092346 0.1318238079547882
v -0.17272555828094482 0.0625189021229744 0.13163812458515167
v -0.17279143631458282 0.062352847307920456 0.13163812458515167
v -0.17285731434822083 0.06235286593437195 0.1318238079547882
v -0.17256657779216766 0.06265635043382645 0.1318238079547882
v -0.1725664883852005 0.06258762627840042 0.13163812458515167
v -0.1727256029844284 0.06112024188041687 0.13163810968399048
v -0.17256654798984528 0.061051469296216965 0.13163810968399048
v -0.1725669503211975 0.06098267436027527 0.13182421028614044
v -0.1728573590517044 0.06128625571727753 0.1318238079547882
v -0.1727914810180664 0.06128625571727753 0.13163810968399048
v -0.16992488503456116 0.06105159968137741 6.67572024326546e-08
v -0.1700839251279831 0.06088588014245033 7.693767111049965e-05
v -0.17014983296394348 0.060816824436187744 0.00026267528301104903
v -0.17021670937538147 0.0609811469912529 0.0002640962484292686
v -0.17037707567214966 0.0610467754304409 0.0002654075506143272
v -0.17031073570251465 0.06111719086766243 7.779121369821951e-05
v -0.17014983296394348 0.06128643825650215 6.67572024326546e-08
v -0.16999107599258423 0.06121933460235596 6.67572024326546e-08
v -0.16992488503456116 0.05990546569228172 6.67572024326546e-08
v -0.17014983296394348 0.059670738875865936 6.67572024326546e-08
v -0.170308917760849 0.0598367378115654 7.697581895627081e-05
v -0.170374795794487 0.05990549549460411 0.0002626609639264643
v -0.17021571099758148 0.059974294155836105 0.0002626657369546592
v -0.17014983296394348 0.06014026328921318 0.00026267528301104903
v -0.17008396983146667 0.06007147952914238 7.698535773670301e-05
v -0.16999076306819916 0.05973945930600166 6.67572024326546e-08
v -0.17256145179271698 0.05996197089552879 0.13162574172019958
v -0.17272621393203735 0.0598960779607296 0.13158099353313446
v -0.17279072105884552 0.059731192886829376 0.13154539465904236
v -0.17281730473041534 0.05969381332397461 0.13179154694080353
v -0.1730165034532547 0.059678032994270325 0.13189348578453064
v -0.17256642878055573 0.06019609421491623 0.13189491629600525
v -0.1725669503211975 0.0600658655166626 0.13182847201824188
v -0.17288462817668915 0.06005534157156944 0.13189439475536346
v -0.1727248728275299 0.05842181667685509 0.13163922727108002
v -0.172565758228302 0.058352913707494736 0.13163581490516663
v -0.172565758228302 0.05828403681516647 0.13182076811790466
v -0.17284461855888367 0.05859632045030594 0.13182009756565094
v -0.17279072105884552 0.05858767032623291 0.13163505494594574
v -0.16992488503456116 0.058352887630462646 6.67572024326546e-08
v -0.17008396983146667 0.058186862617731094 7.698535773670301e-05
v -0.17014983296394348 0.05811815708875656 0.00026267528301104903
v -0.1702156811952591 0.058284252882003784 0.0002625703637022525
v -0.17037463188171387 0.05835328996181488 0.00026247024652548134
v -0.17030878365039825 0.05842195078730583 7.692336657783017e-05
v -0.17014983296394348 0.05858767032623291 6.67572024326546e-08
v -0.16999076306819916 0.058518778532743454 6.67572024326546e-08
v -0.16992488503456116 0.057267531752586365 6.67572024326546e-08
v -0.17014983296394348 0.0570327565073967 6.67572024326546e-08
v -0.170308917760849 0.05719878524541855 7.698535773670301e-05
v -0.170374795794487 0.057267531752586365 0.00026267528301104903
v -0.17021571099758148 0.057336315512657166 0.00026267528301104903
v -0.17014983296394348 0.05750233680009842 0.00026267528301104903
v -0.17008396983146667 0.05743352696299553 7.698535773670301e-05
v -0.16999076306819916 0.05710150673985481 6.67572024326546e-08
v -0.1702156960964203 0.05828414857387543 0.13163594901561737
v -0.1701498180627823 0.05811814218759537 0.13163629174232483
v -0.1702156960964203 0.05811815708875656 0.13182203471660614
v -0.1703747659921646 0.05811814218759537 0.131898894906044
v -0.1703747659921646 0.05828414857387543 0.1318216472864151
v -0.1703747659921646 0.058352887630462646 0.13163581490516663
v -0.1702156960964203 0.057336315512657166 0.13163799047470093
v -0.1703747659921646 0.05726749822497368 0.13163810968399048
v -0.17037490010261536 0.05733637511730194 0.1318235695362091
v -0.1703750044107437 0.05750255286693573 0.13190017640590668
v -0.17021580040454865 0.057502392679452896 0.1318233460187912
v -0.1701498180627823 0.05750233680009842 0.1316376030445099
v -0.1727248728275299 0.05719864368438721 0.1316414177417755
v -0.17279072105884552 0.057032741606235504 0.13163810968399048
v -0.17284910380840302 0.057027027010917664 0.131822869181633
v -0.172565758228302 0.05733651667833328 0.13182291388511658
v -0.172565758228302 0.057267531752586365 0.13163810968399048
v -0.17279072105884552 0.055951621383428574 0.1315646916627884
v -0.17272359132766724 0.05578640475869179 0.1315915286540985
v -0.1725558638572693 0.055719248950481415 0.13162660598754883
v -0.1726580560207367 0.055648744106292725 0.1318204402923584
v -0.17282412946224213 0.055951621383428574 0.13180230557918549
v -0.1702156960964203 0.0556504987180233 0.13163834810256958
v -0.1703747659921646 0.0556504987180233 0.1318238079547882
v -0.1703747659921646 0.055719248950481415 0.13163810968399048
v -0.1725633442401886 0.06254889070987701 7.698535773670301e-05
v -0.17256326973438263 0.06238287687301636 6.67572024326546e-08
v -0.17272235453128815 0.06238388270139694 7.698535773670301e-05
v -0.17278823256492615 0.06238420680165291 0.00026267528301104903
v -0.1727222353219986 0.06254975497722626 0.00026256084674969316
v -0.17256326973438263 0.06261765211820602 0.00026268482906743884
v -0.17256352305412292 0.06106879934668541 7.699966226937249e-05
v -0.172563374042511 0.0610000416636467 0.0002626991190481931
v -0.17272213101387024 0.061066433787345886 0.0002641105675138533
v -0.17278829216957092 0.06123243272304535 0.000265417096670717
v -0.17272239923477173 0.06123265624046326 7.778167491778731e-05
v -0.1725633442401886 0.06123487278819084 6.67572024326546e-08
v -0.1725633442401886 0.0598367378115654 7.697581895627081e-05
v -0.1725633442401886 0.059670738875865936 6.67572024326546e-08
v -0.17272239923477173 0.059670738875865936 7.698535773670301e-05
v -0.17278829216957092 0.05967075377702713 0.00026267528301104903
v -0.17272239923477173 0.0598367378115654 0.00026267528301104903
v -0.1725633442401886 0.05990549549460411 0.0002626609639264643
v -0.1725633442401886 0.05842561647295952 7.698535773670301e-05
v -0.1725633442401886 0.05835684761404991 0.00026267528301104903
v -0.1727224439382553 0.058425791561603546 0.0002625703637022525
v -0.17278829216957092 0.0585918165743351 0.00026247024652548134
v -0.17272239923477173 0.05859178304672241 7.692336657783017e-05
v -0.1725633442401886 0.05859161168336868 6.67572024326546e-08
v -0.1725633442401886 0.05719878524541855 7.698535773670301e-05
v -0.1725633442401886 0.0570327565073967 6.67572024326546e-08
v -0.17272239923477173 0.0570327565073967 7.698535773670301e-05
v -0.17278829216957092 0.0570327565073967 0.00026267528301104903
v -0.17272239923477173 0.05719880759716034 0.0002626657369546592
v -0.1725633442401886 0.057267531752586365 0.00026267528301104903
v -0.1725633442401886 0.05578681454062462 7.698535773670301e-05
v -0.1725633442401886 0.05571805685758591 0.00026267528301104903
v -0.17272239923477173 0.05578680709004402 0.000262703892076388
v -0.17278829216957092 0.05595279112458229 0.0002627372741699219
v -0.17272239923477173 0.05595279112458229 7.699966226937249e-05
v -0.1725633442401886 0.05595283955335617 6.67572024326546e-08
v -0.17301639914512634 0.06235286593437195 0.13190072774887085
v -0.17288462817668915 0.06268485635519028 0.13190072774887085
v -0.1725664883852005 0.06282233446836472 0.13190072774887085
v -0.17256642878055573 0.06081672012805939 0.13190044462680817
v -0.1730165034532547 0.06128626689314842 0.13190072774887085
v -0.17256642878055573 0.05811772868037224 0.13189759850502014
v -0.17288462817668915 0.058263301849365234 0.13189704716205597
v -0.1730165034532547 0.05860541760921478 0.13189609348773956
v -0.17301613092422485 0.05702100694179535 0.13189943134784698
v -0.17288462817668915 0.05736009031534195 0.13189920783042908
v -0.17256580293178558 0.057502951472997665 0.13189922273159027
v -0.1701499968767166 0.06260349601507187 7.70902624935843e-05
v -0.17014983296394348 0.055719248950481415 7.69901234889403e-05
v -0.17024493217468262 0.06268687546253204 0.13178963959217072
v -0.17277215421199799 0.06256747245788574 0.1318238079547882
v -0.17277243733406067 0.06107153370976448 0.1318240910768509
v -0.1701507270336151 0.061051152646541595 7.738113345112652e-05
v -0.17014983296394348 0.05990547686815262 7.698535773670301e-05
v -0.17274846136569977 0.0599677599966526 0.13180886209011078
v -0.17276498675346375 0.05837573856115341 0.13182178139686584
v -0.1701497733592987 0.05835293233394623 7.695197564316913e-05
v -0.17014983296394348 0.057267531752586365 7.698535773670301e-05
v -0.170244961977005 0.058253638446331024 0.13178762793540955
v -0.17024502158164978 0.057366855442523956 0.13178949058055878
v -0.17276771366596222 0.05724561586976051 0.13182376325130463
v -0.17276771366596222 0.055746693164110184 0.1317697912454605
v -0.170244961977005 0.05562005564570427 0.13178977370262146
v -0.17269304394721985 0.06251915544271469 0.00011107921454822645
v -0.17269304394721985 0.06109721586108208 0.00011171340884175152
v -0.1726931482553482 0.059806209057569504 0.00011110782361356542
v -0.1726931482553482 0.05845628306269646 0.00011106013698736206
v -0.1726931482553482 0.05716824531555176 0.00011110782361356542
v -0.1726931482553482 0.05581727996468544 0.0001111221281462349
v -0.17289747297763824 0.06094169616699219 0.13189439475536346
v -0.15484605729579926 0.09638819843530655 0.13182330131530762
v -0.15484605729579926 0.09625370800495148 0.13174866139888763
v -0.15484605729579926 0.09619798511266708 0.13163594901561737
v -0.15476743876934052 0.09639199078083038 0.13163580000400543
v -0.1559283435344696 0.09638267010450363 0.13181795179843903
v -0.15593093633651733 0.09625192731618881 0.13174080848693848
v -0.15593205392360687 0.09619791060686111 0.13163594901561737
v -0.15574291348457336 0.09614063054323196 0.1316419392824173
v -0.1557428538799286 0.09619678556919098 0.13182076811790466
v -0.1557428538799286 0.09633225947618484 0.13189488649368286
v -0.15601031482219696 0.09639199078083038 0.13163580000400543
v -0.155035600066185 0.09614063054323196 0.13163627684116364
v -0.155035600066185 0.09619633108377457 0.13182443380355835
v -0.155035600066185 0.09633062034845352 0.13189920783042908
v -0.17043444514274597 0.06098269298672676 0.1318233460187912
v -0.17027980089187622 0.060982704162597656 0.13174867630004883
v -0.17021575570106506 0.060982704162597656 0.13163594901561737
v -0.17043885588645935 0.0610516294836998 0.13163581490516663
v -0.170428067445755 0.06003376841545105 0.13181796669960022
v -0.17027781903743744 0.06003148481249809 0.13174083828926086
v -0.1702156662940979 0.060030497610569 0.13163594901561737
v -0.1703701615333557 0.0601963996887207 0.13189491629600525
v -0.17021432518959045 0.0601963996887207 0.13182082772254944
v -0.1701498180627823 0.06019635498523712 0.13164196908473969
v -0.17043885588645935 0.05996188893914223 0.13163581490516663
v -0.1701498180627823 0.060816507786512375 0.13164407014846802
v -0.17021380364894867 0.060816507786512375 0.13182447850704193
v -0.1703682690858841 0.060816530138254166 0.13189922273159027
v 0.14301587641239166 0.09809919446706772 0.13008369505405426
v 0.14305783808231354 0.09855171293020248 0.13014501333236694
v 0.1433614194393158 0.09859868139028549 0.13056720793247223
v 0.14295300841331482 0.09372160583734512 0.13004547357559204
v 0.1428421139717102 0.09370613843202591 0.12947487831115723
v 0.1413203775882721 0.09370452910661697 0.13104794919490814
v 0.14210733771324158 0.09370647370815277 0.1303616613149643
v 0.14221279323101044 0.09372160583734512 0.1309233009815216
v 0.14144660532474518 0.09372160583734512 0.13166086375713348
v 0.14301560819149017 0.09398713707923889 0.13008424639701843
v 0.1422652155160904 0.09398713707923889 0.13097436726093292
v 0.1414906084537506 0.09398713707923889 0.13172076642513275
v 0.14846114814281464 0.09860900044441223 0.1376400589942932
v 0.14867068827152252 0.09866634011268616 0.13793648779392242
v 0.14870548248291016 0.0988764762878418 0.13798381388187408
v 0.14871340990066528 0.09973450750112534 0.1379958689212799
v 0.14866778254508972 0.09989940375089645 0.1379392445087433
v 0.1485525518655777 0.09995713829994202 0.13781557977199554
v 0.1388978809118271 0.09372160583734512 0.13306079804897308
v 0.13885213434696198 0.09370727092027664 0.13250510394573212
v 0.13891759514808655 0.0939871296286583 0.13313516974449158
v 0.14227835834026337 0.0999566912651062 0.1290479600429535
v 0.1414906531572342 0.09809919446706772 0.1317206770181656
v 0.14226533472537994 0.09809919446706772 0.13097409904003143
v 0.14257974922657013 0.09859868139028549 0.13148316740989685
v 0.1417669802904129 0.0985986664891243 0.13225658237934113
v 0.14584854245185852 0.09860898554325104 0.14012542366981506
v 0.1472284346818924 0.09860900044441223 0.13894547522068024
v 0.1474514752626419 0.0988764762878418 0.1393071711063385
v 0.14604556560516357 0.0988764762878418 0.14050628244876862
v 0.14605216681957245 0.09973450750112534 0.14051924645900726
v 0.14745879173278809 0.09973450750112534 0.13931964337825775
v 0.14731578528881073 0.09995705634355545 0.1391133815050125
v 0.14592838287353516 0.09995684772729874 0.14029553532600403
v 0.14090180397033691 0.0999566912651062 0.13058288395404816
v 0.14159375429153442 0.0999566912651062 0.129890576004982
v 0.13891763985157013 0.09809919446706772 0.13313516974449158
v 0.13905587792396545 0.0985986664891243 0.13373446464538574
v 0.14105257391929626 0.09860898554325104 0.14257951080799103
v 0.14115457236766815 0.0988764762878418 0.14300605654716492
v 0.14115820825099945 0.09973450750112534 0.1430203914642334
v 0.14109502732753754 0.0999566912651062 0.14276698231697083
v 0.13863088190555573 0.0999566912651062 0.1318594068288803
v 0.14213165640830994 0.09958639740943909 0.12884259223937988
v 0.14202208817005157 0.09630077332258224 0.12913575768470764
v 0.14145928621292114 0.09958890825510025 0.12967385351657867
v 0.14078237116336823 0.09959764033555984 0.13035425543785095
v 0.1403827965259552 0.09630091488361359 0.13089381158351898
v 0.14126984775066376 0.09627384692430496 0.13011792302131653
v 0.14230386912822723 0.09855171293020248 0.13103821873664856
v 0.14152482151985168 0.09855169802904129 0.13178792595863342
v 0.14741985499858856 0.09866633266210556 0.13925690948963165
v 0.14601768553256989 0.09866629540920258 0.14045313000679016
v 0.14741846919059753 0.09989940375089645 0.13925817608833313
v 0.1460169553756714 0.09989940375089645 0.14045371115207672
v 0.14217427372932434 0.09989941120147705 0.12890249490737915
v 0.1414991170167923 0.09989941120147705 0.1297367811203003
v 0.14081844687461853 0.09989940375089645 0.13042081892490387
v 0.13893552124500275 0.09855169802904129 0.1332097351551056
v 0.1411397010087967 0.09866628795862198 0.1429465413093567
v 0.14113980531692505 0.09989940375089645 0.14294648170471191
v 0.13858816027641296 0.09989940375089645 0.13167929649353027
v 0.13856832683086395 0.099648118019104 0.1316044181585312
v 0.14195150136947632 0.09619806706905365 0.1290300190448761
v 0.14182361960411072 0.09612253308296204 0.12890736758708954
v 0.14118319749832153 0.09619814902544022 0.12997709214687347
v 0.14032284915447235 0.09619816392660141 0.13078175485134125
v 0.14110629260540009 0.09612251818180084 0.12983344495296478
v 0.14023461937904358 0.09612253308296204 0.13058610260486603
v 0.1393476277589798 0.09963050484657288 0.13131870329380035
v 0.1400824934244156 0.09961234033107758 0.1309024542570114
v 0.1397940069437027 0.09372160583734512 0.1327349692583084
v 0.14064252376556396 0.09372160583734512 0.13226719200611115
v 0.1398220956325531 0.0939871296286583 0.13280604779720306
v 0.14067856967449188 0.09398713707923889 0.13233357667922974
v 0.13969777524471283 0.09370409697294235 0.1320907026529312
v 0.14054334163665771 0.09370556473731995 0.1316760629415512
v 0.13982219994068146 0.09809919446706772 0.13280604779720306
v 0.14067862927913666 0.09809919446706772 0.13233356177806854
v 0.1398458033800125 0.09855169802904129 0.13287879526615143
v 0.14070779085159302 0.09855169802904129 0.13240377604961395
v 0.1400086134672165 0.0985986664891243 0.13338901102542877
v 0.1409117877483368 0.0985986664891243 0.1328948587179184
v 0.14273366332054138 0.09860898554325104 0.14197655022144318
v 0.14434251189231873 0.09860898554325104 0.1411495953798294
v 0.14284953474998474 0.09866628795862198 0.14233332872390747
v 0.1444861739873886 0.09866628795862198 0.14149297773838043
v 0.1428689807653427 0.0988764762878418 0.14239129424095154
v 0.14450998604297638 0.0988764762878418 0.14154872298240662
v 0.1428736299276352 0.09973450750112534 0.14240530133247375
v 0.14451566338539124 0.09973450750112534 0.14156226813793182
v 0.142849400639534 0.09989940375089645 0.14233340322971344
v 0.14448583126068115 0.09989940375089645 0.14149320125579834
v 0.14278951287269592 0.0999566912651062 0.14215898513793945
v 0.1444115936756134 0.09995676577091217 0.1413256675004959
v 0.1394302099943161 0.0999566912651062 0.1315673291683197
v 0.14018434286117554 0.0999566912651062 0.13114207983016968
v 0.1393733024597168 0.09989940375089645 0.13139165937900543
v 0.1401137262582779 0.09989940375089645 0.13097257912158966
v 0.14526653289794922 0.09809914231300354 0.1252816617488861
v 0.14531654119491577 0.09855178743600845 0.12533318996429443
v 0.14526565372943878 0.09398714452981949 0.1252817064523697
v 0.1452060341835022 0.09372160583734512 0.12524312734603882
v 0.14558929204940796 0.09859874844551086 0.12595771253108978
v 0.15157489478588104 0.09860905259847641 0.13174958527088165
v 0.1518268883228302 0.09866630285978317 0.1319943219423294
v 0.1450413316488266 0.09371009469032288 0.12487415224313736
v 0.15186816453933716 0.0988764837384224 0.13203272223472595
v 0.15187808871269226 0.09973445534706116 0.13204222917556763
v 0.15182818472385406 0.09989951550960541 0.13199101388454437
v 0.15172900259494781 0.09993724524974823 0.13190317153930664
v 0.14433050155639648 0.09995676577091217 0.12464463710784912
v 0.1442086547613144 0.09989947080612183 0.12452306598424911
v 0.14415879547595978 0.09959293901920319 0.12447185069322586
v 0.14413343369960785 0.09633783996105194 0.12450790405273438
v 0.1440846472978592 0.09619804471731186 0.12446105480194092
v 0.14364999532699585 0.09809920191764832 0.12914057075977325
v 0.14369449019432068 0.09855172038078308 0.12919925153255463
v 0.14364942908287048 0.09398713707923889 0.1291416734457016
v 0.14357343316078186 0.09372160583734512 0.1291216015815735
v 0.14402109384536743 0.09859868884086609 0.12959718704223633
v 0.14948035776615143 0.09860900789499283 0.1362638771533966
v 0.14970478415489197 0.09866634011268616 0.13654595613479614
v 0.14345639944076538 0.09370750188827515 0.12861455976963043
v 0.1497424989938736 0.0988764762878418 0.13659000396728516
v 0.1497507393360138 0.09973451495170593 0.13660192489624023
v 0.14969894289970398 0.09989940375089645 0.1365518718957901
v 0.14957298338413239 0.09995639324188232 0.13646622002124786
v 0.14285986125469208 0.09995672106742859 0.12815406918525696
v 0.14274796843528748 0.09989942610263824 0.12801772356033325
v 0.1427030712366104 0.09958777576684952 0.1279604285955429
v 0.1426384150981903 0.09632382541894913 0.12811525166034698
v 0.14258283376693726 0.09619792550802231 0.12804046273231506
v 0.14243337512016296 0.09612253308296204 0.12793494760990143
v 0.14415550231933594 0.09809919446706772 0.12821227312088013
v 0.1445990353822708 0.09809919446706772 0.1273031234741211
v 0.1442013680934906 0.09855177998542786 0.1282694786787033
v 0.14464826881885529 0.09855177998542786 0.12735475599765778
v 0.1441543698310852 0.09398713707923889 0.12821438908576965
v 0.14459668099880219 0.09398713707923889 0.12730757892131805
v 0.14454461634159088 0.09859868884086609 0.12864479422569275
v 0.14499887824058533 0.09859874844551086 0.1277206987142563
v 0.14405971765518188 0.09372160583734512 0.12822626531124115
v 0.14453630149364471 0.09372160583734512 0.12725910544395447
v 0.14393052458763123 0.09370806813240051 0.12774592638015747
v 0.14442187547683716 0.09370932728052139 0.12675891816616058
v 0.15024195611476898 0.09860904514789581 0.13495928049087524
v 0.1507861614227295 0.09860904514789581 0.1338953822851181
v 0.15047645568847656 0.09866634011268616 0.1352306455373764
v 0.15102511644363403 0.09866634011268616 0.13416354358196259
v 0.15051665902137756 0.0988764762878418 0.13527122139930725
v 0.15106448531150818 0.0988764762878418 0.13420602679252625
v 0.15052485466003418 0.09973451495170593 0.13528354465961456
v 0.1510721892118454 0.09973450750112534 0.13421951234340668
v 0.15046565234661102 0.09989942610263824 0.13524392247200012
v 0.15103259682655334 0.09989947080612183 0.13414447009563446
v 0.15032599866390228 0.09995339810848236 0.13522402942180634
v 0.1509186178445816 0.09994681179523468 0.13410106301307678
v 0.1433316320180893 0.09995675832033157 0.12726527452468872
v 0.1437647044658661 0.09995676577091217 0.12636065483093262
v 0.14321397244930267 0.09989946335554123 0.12713809311389923
v 0.14364340901374817 0.09989947080612183 0.12623977661132812
v 0.14316771924495697 0.09959013015031815 0.1270821988582611
v 0.14359357953071594 0.09959177672863007 0.12618990242481232
v 0.14312323927879333 0.09633034467697144 0.1271788775920868
v 0.14355388283729553 0.09633521735668182 0.1262638121843338
v 0.14307068288326263 0.09619788825511932 0.1271161586046219
v 0.14350564777851105 0.09619792550802231 0.1262061595916748
v 0.14332215487957 0.09612253308296204 0.12612493336200714
v 0.14290094375610352 0.09612251818180084 0.12702390551567078
v -0.17336955666542053 0.09991562366485596 0.1435254067182541
v -0.1739334762096405 0.09979797899723053 0.14352582395076752
v -0.1744116097688675 0.09947408735752106 0.14352603256702423
v -0.1747329980134964 0.09899194538593292 0.1435258984565735
v -0.17485012114048004 0.09842300415039062 0.14352548122406006
v -0.17484904825687408 0.0984310731291771 0.13216331601142883
v -0.17473141849040985 0.09899653494358063 0.13216331601142883
v -0.1744087189435959 0.09947580099105835 0.13216331601142883
v -0.17392870783805847 0.09979776293039322 0.13216331601142883
v -0.17336252331733704 0.09991485625505447 0.13216331601142883
v -0.17008189857006073 0.09460808336734772 0.00026275156415067613
v -0.16996654868125916 0.09517469257116318 0.00026271818205714226
v -0.1696443110704422 0.09565510600805283 0.0002626895729918033
v -0.1691635698080063 0.09597720950841904 0.00026267050998285413
v -0.16859635710716248 0.09609279781579971 0.0002626657369546592
v -0.16859664022922516 0.09609279781579971 0.13163810968399048
v -0.16916373372077942 0.09597713500261307 0.13163810968399048
v -0.16964437067508698 0.09565469622612 0.13163810968399048
v -0.16996654868125916 0.09517388790845871 0.13163810968399048
v -0.17008188366889954 0.09460679441690445 0.13163810968399048
v -0.17477738857269287 0.09839154779911041 0.14370842278003693
v -0.1746564507484436 0.09895164519548416 0.14370852708816528
v -0.17432911694049835 0.09942805767059326 0.14370094239711761
v -0.1738336831331253 0.09974484145641327 0.14370852708816528
v -0.17325370013713837 0.09986058622598648 0.14370837807655334
v -0.1736869364976883 0.09956159442663193 0.14376720786094666
v -0.17416246235370636 0.09930530935525894 0.14376187324523926
v -0.17442616820335388 0.09887705743312836 0.14378362894058228
v -0.17456288635730743 0.09836993366479874 0.14378362894058228
v -0.17307758331298828 0.09966172277927399 0.14377903938293457
v -0.17481067776679993 0.09839893132448196 0.13200312852859497
v -0.17469532787799835 0.09896502643823624 0.1320057511329651
v -0.17437225580215454 0.09944487363100052 0.13200651109218597
v -0.17389005422592163 0.099766306579113 0.13200536370277405
v -0.17332127690315247 0.09988097846508026 0.13200248777866364
v -0.1700485199689865 0.0945824608206749 0.00010726928303483874
v -0.16993361711502075 0.09514804929494858 0.00010830879182321951
v -0.16960978507995605 0.0956275463104248 0.00010832786210812628
v -0.16912591457366943 0.09594836831092834 0.00010732650844147429
v -0.1685551553964615 0.09606212377548218 0.00010545730037847534
v -0.16863645613193512 0.09614930301904678 0.1318238377571106
v -0.16921330988407135 0.09603521972894669 0.1318238377571106
v -0.1697022020816803 0.09571763128042221 0.1318238377571106
v -0.17002983391284943 0.0952441394329071 0.1318238377571106
v -0.1701470911502838 0.0946856364607811 0.1318238377571106
v -0.16875547170639038 0.09626314789056778 0.13190068304538727
v -0.16936063766479492 0.0961843878030777 0.13190068304538727
v -0.16985024511814117 0.09584295004606247 0.13190068304538727
v -0.17018739879131317 0.09541730582714081 0.13190068304538727
v -0.17030002176761627 0.09479055553674698 0.13190068304538727
v -0.16979718208312988 0.09506073594093323 5.2452087118126656e-08
v -0.16946175694465637 0.09552544355392456 5.2452087118126656e-08
v -0.16895991563796997 0.09583599865436554 4.768371297814156e-08
v -0.16836807131767273 0.09594499319791794 4.768371297814156e-08
v -0.1699153631925583 0.09451236575841904 5.2452087118126656e-08
v -0.17301349341869354 0.0995948314666748 0.13190068304538727
v -0.17358411848545074 0.09948096424341202 0.13190068304538727
v -0.17406781017780304 0.0991579219698906 0.13190068304538727
v -0.1743910163640976 0.0986747071146965 0.13190068304538727
v -0.17450465261936188 0.09810482710599899 0.13190068304538727
v -0.16840682923793793 0.09457932412624359 5.2452087118126656e-08
v -0.17367005348205566 0.09835396707057953 0.14376884698867798
v -0.17339155077934265 0.09835038334131241 0.14370831847190857
v -0.17332413792610168 0.09834972023963928 0.14332950115203857
v -0.17331920564174652 0.09823006391525269 0.13412053883075714
v -0.1730089783668518 0.09852839261293411 0.13360148668289185
v -0.1730041205883026 0.0985516682267189 0.13412046432495117
v -0.17299535870552063 0.09855760633945465 0.14332935214042664
v -0.17299611866474152 0.09861598908901215 0.1437082588672638
v -0.17305123805999756 0.09882564097642899 0.14376884698867798
v -0.17329305410385132 0.09821568429470062 0.13360179960727692
v -0.17483258247375488 0.05843227729201317 0.1319776177406311
v -0.17489849030971527 0.05843227729201317 0.13216331601142883
v 0.1721228063106537 0.09598297625780106 0.02787001058459282
v 0.17222648859024048 0.09593677520751953 0.05394711717963219
v 0.171869695186615 0.09578818082809448 0.027615657076239586
v 0.17205654084682465 0.0959196612238884 0.027690261602401733
v 0.1717870682477951 0.09614071995019913 0.027866339311003685
v 0.1712944060564041 0.09612253308296204 0.0278612170368433
v 0.17168644070625305 0.09608328342437744 0.02768586575984955
v 0.17126727104187012 0.09608328342437744 0.027680782601237297
v 0.17229846119880676 0.09571678936481476 0.02787202224135399
v 0.17229846119880676 0.09530150890350342 0.027870887890458107
v 0.17222930490970612 0.09565606713294983 0.027692575007677078
v 0.17222930490970612 0.09529507160186768 0.027692236006259918
v 0.17233386635780334 0.09570970386266708 0.05398169904947281
v 0.17232029139995575 0.09529363363981247 0.05402347072958946
v 0.17197780311107635 0.09608601033687592 0.05390867590904236
v 0.17169170081615448 0.09612251818180084 0.05387662351131439
v 0.17206096649169922 0.09527553617954254 0.027617983520030975
v 0.17202430963516235 0.09558159857988358 0.027617650106549263
v 0.17158938944339752 0.09591406583786011 0.027612188830971718
v 0.1712464541196823 0.09593547880649567 0.027607902884483337
v 0.17227168381214142 0.095993772149086 0.05424197018146515
v 0.17230457067489624 0.09883908927440643 0.055722855031490326
v 0.13622115552425385 -0.09491467475891113 0.0
v 0.13495782017707825 -0.09491467475891113 0.0
v 0.13189943134784698 -0.09491468966007233 0.0
v -0.16084915399551392 -0.09491464495658875 4.768371297814156e-08
v -0.15784552693367004 -0.09491464495658875 4.768371297814156e-08
v -0.15299776196479797 -0.09491464495658875 4.768371297814156e-08
v -0.16930757462978363 -0.09829570353031158 0.1335265189409256
v -0.169336199760437 -0.0985519215464592 0.13357020914554596
v -0.16934144496917725 -0.09859883785247803 0.13411520421504974
v -0.17331507802009583 -0.09854720532894135 0.13412095606327057
v -0.1730141043663025 -0.09823397547006607 0.1335265189409256
v -0.17306029796600342 -0.09400361776351929 0.133493110537529
v -0.17332042753696442 -0.09402065724134445 0.13357013463974
v -0.17337438464164734 -0.09402421861886978 0.13411498069763184
v -0.17489849030971527 -0.05308446288108826 0.1435215026140213
v -0.17483258247375488 -0.05308446288108826 0.14370717108249664
v -0.1746346801519394 -0.05308446288108826 0.14378362894058228
v -0.17450463771820068 -0.053083207458257675 0.13190068304538727
v -0.17483258247375488 -0.05308446288108826 0.1319776177406311
v -0.17489849030971527 -0.05308446288108826 0.13216331601142883
v -0.17011600732803345 -0.05309027060866356 0.1316099911928177
v -0.16996511816978455 -0.052843060344457626 0.1316298246383667
v -0.17004820704460144 -0.05285545811057091 0.13182145357131958
v -0.1703527867794037 -0.053031112998723984 0.13190068304538727
v -0.17020173370838165 -0.053232863545417786 0.1318213790655136
v -0.17018869519233704 -0.05326184257864952 0.13155804574489594
v -0.16384883224964142 -0.04338623583316803 0.1316298246383667
v -0.16382572054862976 -0.04325459897518158 0.1316298246383667
v -0.16390754282474518 -0.043264567852020264 0.13182786107063293
v -0.1642417162656784 -0.04334227368235588 0.13190068304538727
v -0.16418145596981049 -0.043464306741952896 0.13182786107063293
v -0.1641187071800232 -0.043507590889930725 0.1316298246383667
v -0.15898482501506805 -0.046849098056554794 0.13280561566352844
v -0.1591748297214508 -0.047107577323913574 0.1328255981206894
v -0.15918958187103271 -0.04709789156913757 0.1334119439125061
v -0.15939471125602722 -0.04674853757023811 0.13343749940395355
v -0.15900269150733948 -0.0465228371322155 0.13341103494167328
v -0.15898436307907104 -0.04652172327041626 0.13282491266727448
v -0.16884677112102509 -0.05319725349545479 0.13341496884822845
v -0.16915296018123627 -0.05281137675046921 0.133493110537529
v -0.16865533590316772 -0.05257928743958473 0.1334151029586792
v -0.1686418503522873 -0.05258634313941002 0.132828950881958
v -0.1688118577003479 -0.05285219848155975 0.13282890617847443
v -0.1688312441110611 -0.053197965025901794 0.13282893598079681
v -0.17337433993816376 -0.053083956241607666 0.1341148167848587
v -0.17332036793231964 -0.05308174341917038 0.13357007503509521
v -0.1730598658323288 -0.053077518939971924 0.133493110537529
v -0.16934259235858917 -0.09995678067207336 0.13216331601142883
v -0.16934259235858917 -0.09989947825670242 0.1319776177406311
v -0.16920505464076996 -0.0995989665389061 0.13190068304538727
v 0.13149133324623108 -0.09966385364532471 0.13190065324306488
v 0.13149133324623108 -0.0998995304107666 0.13197755813598633
v 0.13149133324623108 -0.09995682537555695 0.13216325640678406
v -0.16934259235858917 -0.09973452240228653 0.14378362894058228
v -0.16934259235858917 -0.09989947825670242 0.14370717108249664
v -0.16934259235858917 -0.09995678067207336 0.1435215026140213
v 0.13149133324623108 -0.09995682537555695 0.14352145791053772
v 0.13149133324623108 -0.0998995304107666 0.14370712637901306
v 0.13149133324623108 -0.09973457455635071 0.1437835693359375
v -0.16885404288768768 -0.09353184700012207 0.1334163099527359
v -0.16883808374404907 -0.09351609647274017 0.13283085823059082
v -0.1687745451927185 -0.09365078806877136 0.13283078372478485
v -0.16862034797668457 -0.09370626509189606 0.13283078372478485
v -0.16863876581192017 -0.0937202125787735 0.13341626524925232
v -0.16863761842250824 -0.09400928020477295 0.133493110537529
v -0.16916391253471375 -0.09368874132633209 0.133493110537529
v -0.16902229189872742 -0.09394755214452744 0.133493110537529
v 0.13149690628051758 -0.09398719668388367 0.1334930807352066
v 0.13149823248386383 -0.0937216728925705 0.13341616094112396
v 0.13150548934936523 -0.09370733052492142 0.1328306347131729
v 0.13149133324623108 -0.09859881550073624 0.13411463797092438
v 0.13149137794971466 -0.09855183213949203 0.13356994092464447
v 0.13149194419384003 -0.09809932857751846 0.1334930807352066
v -0.16934259235858917 -0.09887649118900299 0.14376868307590485
v -0.16934259235858917 -0.09866636991500854 0.14370717108249664
v -0.16934259235858917 -0.0986090749502182 0.14332617819309235
v 0.13149133324623108 -0.09887654334306717 0.14376865327358246
v 0.13149133324623108 -0.09866641461849213 0.14370712637901306
v 0.13149133324623108 -0.09860911965370178 0.14332613348960876
v -0.17332127690315247 -0.09855244308710098 0.1433296799659729
v -0.1736641675233841 -0.09881632775068283 0.14376893639564514
v -0.173725888133049 -0.05308446288108826 0.14376868307590485
v -0.17345210909843445 -0.05308446288108826 0.14370717108249664
v -0.17338620126247406 -0.05308446288108826 0.14332617819309235
v -0.17338623106479645 -0.09402494877576828 0.14332617819309235
v -0.17345212399959564 -0.09402494877576828 0.14370717108249664
v -0.1737259030342102 -0.09402494877576828 0.14376868307590485
v 0.13794377446174622 -0.0980992466211319 0.13333319127559662
v 0.1379547268152237 -0.09855175763368607 0.1334092617034912
v 0.13802316784858704 -0.09859872609376907 0.13394640386104584
v 0.13790510594844818 -0.09370733052492142 0.13269321620464325
v 0.13793271780014038 -0.0937216728925705 0.13325700163841248
v 0.13794374465942383 -0.09398719668388367 0.13333319127559662
v 0.13912351429462433 -0.09860904514789581 0.14301784336566925
v 0.13917523622512817 -0.09866634011268616 0.14339350163936615
v 0.1391846388578415 -0.09887654334306717 0.14345420897006989
v 0.13918699324131012 -0.09973457455635071 0.1434689462184906
v 0.13917535543441772 -0.09989947080612183 0.143393412232399
v 0.13914696872234344 -0.09995675086975098 0.14321014285087585
v 0.1377875655889511 -0.09995675086975098 0.13202422857284546
v 0.13776181638240814 -0.09989947080612183 0.1318405717611313
v 0.13774965703487396 -0.09966115653514862 0.13176436722278595
v 0.17223091423511505 -0.09990283846855164 0.05574312433600426
v 0.17209593951702118 -0.09995682537555695 0.05584504455327988
v 0.1721513271331787 -0.09990256279706955 0.05602259561419487
v 0.1722072958946228 -0.09973175823688507 0.05608756095170975
v 0.17228373885154724 -0.09973017126321793 0.05591605603694916
v 0.17230968177318573 -0.09972631931304932 0.05572940781712532
v 0.17226344347000122 -0.09883812814950943 0.055898234248161316
v 0.17218875885009766 -0.09887710213661194 0.05609572306275368
v 0.1721101701259613 -0.09866448491811752 0.05613257735967636
v 0.1716652661561966 -0.09860911965370178 0.05618659779429436
v 0.17181208729743958 -0.0985523983836174 0.0559987872838974
v 0.17184673249721527 -0.09832697361707687 0.055962935090065
v 0.17224040627479553 -0.09839235991239548 0.05586174502968788
v 0.17230217158794403 -0.09841721504926682 0.055719733238220215
v 0.161677286028862 -0.09809158742427826 0.05597160384058952
v 0.16222064197063446 -0.09807641059160233 0.05593613162636757
v 0.1622161865234375 -0.09854745864868164 0.05601198598742485
v 0.16214343905448914 -0.09859894216060638 0.05617307126522064
v 0.1616094559431076 -0.09855226427316666 0.056139372289180756
v 0.16154418885707855 -0.09809538722038269 0.05609751120209694
v 0.16169612109661102 -0.09393876791000366 0.05595311149954796
v 0.16151034832000732 -0.09398820996284485 0.05609516054391861
v 0.16145053505897522 -0.0937214344739914 0.05606183782219887
v 0.16119228303432465 -0.09370719641447067 0.05578729882836342
v 0.16133929789066315 -0.09365224838256836 0.05566281080245972
v 0.16141918301582336 -0.0935111790895462 0.05563456565141678
v 0.16169731318950653 -0.09352372586727142 0.05591176822781563
v 0.1622212529182434 -0.09368406236171722 0.05593281239271164
v 0.1613159477710724 -0.09990055114030838 0.054202206432819366
v 0.16132426261901855 -0.09959282726049423 0.05411965399980545
v 0.161162868142128 -0.09959147125482559 0.05416429787874222
v 0.16103439033031464 -0.09959020465612411 0.05428892374038696
v 0.16109523177146912 -0.09989961236715317 0.054330699145793915
v 0.16125082969665527 -0.09995682537555695 0.054371632635593414
v 0.1613364815711975 -0.0962061658501625 0.054049085825681686
v 0.16107985377311707 -0.09612257778644562 0.053941406309604645
v 0.1609979271888733 -0.09620644152164459 0.05424555018544197
v 0.16104808449745178 -0.09634675085544586 0.05429009720683098
v 0.16117560863494873 -0.0963466688990593 0.05416705086827278
v 0.161336749792099 -0.09634651243686676 0.0541229285299778
v 0.1722441464662552 -0.0998995304107666 0.05438162758946419
v 0.1723100244998932 -0.0997265949845314 0.05438242480158806
v 0.17224422097206116 -0.09972594678401947 0.05419646203517914
v 0.17208537459373474 -0.09972395747900009 0.05411943420767784
v 0.1720842719078064 -0.0998995304107666 0.05419634282588959
v 0.1720850020647049 -0.09995682537555695 0.05438203737139702
v 0.17209427058696747 -0.09837725758552551 0.05411949008703232
v 0.17224696278572083 -0.09840996563434601 0.054199542850255966
v 0.1723100244998932 -0.09840690344572067 0.05439288914203644
v 0.1723100244998932 -0.09614065289497375 0.05566565319895744
v 0.1722441464662552 -0.09613842517137527 0.05585141479969025
v 0.17187945544719696 -0.09612597525119781 0.05592835694551468
v 0.14394597709178925 -0.09612260013818741 0.12428495287895203
v 0.13938167691230774 -0.0963219553232193 0.1314675360918045
v 0.13935403525829315 -0.09616406261920929 0.1313323974609375
v 0.1392761915922165 -0.09612257778644562 0.1311332881450653
v -0.17489850521087646 -0.09402494877576828 0.13216331601142883
v -0.17483261227607727 -0.09402494877576828 0.1319776177406311
v -0.1745063215494156 -0.09402494877576828 0.13190068304538727
v -0.17489850521087646 -0.09402494877576828 0.1435215026140213
v -0.17483261227607727 -0.09402494877576828 0.14370717108249664
v -0.17463469505310059 -0.09402494877576828 0.14378362894058228
v 0.15475811064243317 -0.09594213217496872 0.027279753237962723
v 0.15466105937957764 -0.09594213217496872 0.027116874232888222
v 0.15459926426410675 -0.09608249366283417 0.027138475328683853
v 0.15455402433872223 -0.09612260013818741 0.027596887201070786
v 0.15491870045661926 -0.09608243405818939 0.027418017387390137
v 0.15491916239261627 -0.09594213217496872 0.02734324336051941
v 0.15495692193508148 -0.09486202895641327 0.02752688340842724
v 0.15483328700065613 -0.09472360461950302 0.027470974251627922
v 0.15470199286937714 -0.09477569162845612 0.02724304609000683
v 0.15466468036174774 -0.09491296857595444 0.02713099494576454
v 0.15472759306430817 -0.0950629860162735 0.027234673500061035
v 0.15491744875907898 -0.0951104685664177 0.027343301102519035
v 0.15502597391605377 -0.09496951848268509 0.027407487854361534
v 0.15510742366313934 -0.09488797932863235 0.027563123032450676
v 0.13010290265083313 -0.09594501554965973 0.0
v 0.1299104541540146 -0.09608336538076401 7.691860082559288e-05
v 0.1298307180404663 -0.09614065289497375 0.0002626085188239813
v 0.13002316653728485 -0.09619792550802231 0.0002626085188239813
v 0.13010290265083313 -0.09633627533912659 0.0002626085188239813
v 0.1301826685667038 -0.09627900272607803 7.691860082559288e-05
v 0.13037510216236115 -0.09614065289497375 0.0
v 0.13029538094997406 -0.09600228071212769 0.0
v -0.15299783647060394 -0.09594496339559555 4.768371297814156e-08
v -0.153265580534935 -0.09614060074090958 4.768371297814156e-08
v -0.15307530760765076 -0.09627901017665863 7.695197564316913e-05
v -0.1529962718486786 -0.096336230635643 0.0002626657369546592
v -0.15291860699653625 -0.09619802981615067 0.0002630376839078963
v -0.15272927284240723 -0.09614060074090958 0.0002634096017573029
v -0.15280801057815552 -0.0960833728313446 7.718562847003341e-05
v -0.15318769216537476 -0.09600239247083664 4.768371297814156e-08
v 0.1381039172410965 -0.09595759212970734 0.005860576406121254
v 0.13810381293296814 -0.096336230635643 0.006156363524496555
v 0.13818348944187164 -0.09618633985519409 0.006268019322305918
v 0.13837583363056183 -0.09612257778644562 0.00653089489787817
v 0.13837595283985138 -0.09609875828027725 0.006330308970063925
v 0.1383761316537857 -0.09594495594501495 0.006228456273674965
v 0.1382129043340683 -0.09595425426959991 0.006018762476742268
v 0.13810381293296814 -0.09627894312143326 0.005933790002018213
v 0.13815709948539734 -0.09633328020572662 0.13161829113960266
v 0.13836060464382172 -0.09633341431617737 0.13166756927967072
v 0.13835600018501282 -0.09619700163602829 0.1315876543521881
v 0.1383453905582428 -0.09612257778644562 0.1313970685005188
v 0.1381491869688034 -0.09619712829589844 0.1314283013343811
v 0.13806743919849396 -0.09633341431617737 0.13143526017665863
v -0.16058139503002167 -0.09614060074090958 4.768371297814156e-08
v -0.1608491837978363 -0.09594496339559555 4.768371297814156e-08
v -0.16103850305080414 -0.09608331322669983 7.696628745179623e-05
v -0.16111695766448975 -0.09614060074090958 0.00026265622000209987
v -0.1609276384115219 -0.0961979553103447 0.0002626895729918033
v -0.16084930300712585 -0.09633630514144897 0.00026271818205714226
v -0.16077083349227905 -0.09627901017665863 7.698059198446572e-05
v -0.1606597900390625 -0.0960022360086441 4.768371297814156e-08
v 0.138104647397995 -0.09491467475891113 0.005860576406121254
v 0.13821366429328918 -0.09491468966007233 0.006017746869474649
v 0.13837678730487823 -0.09491477161645889 0.006228456273674965
v 0.17073504626750946 -0.09594464302062988 0.02760140784084797
v 0.1707514524459839 -0.09608336538076401 0.02767430804669857
v 0.17075404524803162 -0.09612260013818741 0.0278558861464262
v 0.17229846119880676 -0.09486836194992065 0.02787092700600624
v 0.17222930490970612 -0.09487134963274002 0.027691863477230072
v 0.17206688225269318 -0.09488919377326965 0.027617791667580605
v 0.16156165301799774 -0.09494632482528687 0.054766710847616196
v 0.16156959533691406 -0.09480279684066772 0.05485482141375542
v 0.16140834987163544 -0.09480133652687073 0.054815538227558136
v 0.16126960515975952 -0.09479968994855881 0.05470912158489227
v 0.16132903099060059 -0.09494505822658539 0.054654259234666824
v 0.1614842563867569 -0.09500125795602798 0.05460263788700104
v 0.17071117460727692 -0.09494396299123764 0.054683003574609756
v 0.17077700793743134 -0.09480561316013336 0.0546843521296978
v 0.17071036994457245 -0.09480484575033188 0.05486855283379555
v 0.17055027186870575 -0.09480402618646622 0.05494276434183121
v 0.17055118083953857 -0.09494353085756302 0.054865844547748566
v 0.1705521047115326 -0.09500125795602798 0.05468016117811203
v 0.1723100244998932 -0.03742404282093048 0.055637478828430176
v 0.17225207388401031 -0.03746269643306732 0.055843159556388855
v 0.17190596461296082 -0.03769579529762268 0.05592835694551468
v -0.1687241494655609 -0.09346869587898254 0.0016369246877729893
v -0.16856512427330017 -0.09346869587898254 0.0015600108308717608
v -0.168565034866333 -0.09360704571008682 0.0016369246877729893
v -0.16856512427330017 -0.09366432577371597 0.0018226193496957421
v -0.1687241494655609 -0.09360704571008682 0.0018226051470264792
v -0.1687900722026825 -0.09346869587898254 0.0018226193496957421
v 0.1327497959136963 -0.0936092957854271 0.0016478680772706866
v 0.13274076581001282 -0.09346592426300049 0.0015599632170051336
v 0.1329025775194168 -0.09346451610326767 0.0015962934121489525
v 0.13304269313812256 -0.09346315264701843 0.001700229593552649
v 0.13298392295837402 -0.09360835701227188 0.0017562436405569315
v 0.13280561566352844 -0.09375488758087158 0.0017586182802915573
v -0.16871045529842377 -0.05319542810320854 0.001639733323827386
v -0.16878463327884674 -0.05319971963763237 0.001827130327001214
v -0.16876645386219025 -0.05286318063735962 0.0018288040300831199
v -0.16860021650791168 -0.05260564759373665 0.001830458641052246
v -0.1685400754213333 -0.05264792963862419 0.0016375398263335228
v -0.16849976778030396 -0.05297886207699776 0.0015850162599235773
v -0.15886732935905457 -0.04652408882975578 0.001638121553696692
v -0.15874144434928894 -0.04691120982170105 0.0015600108308717608
v -0.1590747833251953 -0.04716194421052933 0.0016379689332097769
v -0.15912944078445435 -0.047135185450315475 0.0018268394051119685
v -0.15894651412963867 -0.04685887694358826 0.001826705876737833
v -0.15892931818962097 -0.046520061790943146 0.0018266915576532483
v 0.13316279649734497 -0.09594501554965973 0.0
v 0.13297039270401 -0.09608336538076401 7.691860082559288e-05
v 0.13289064168930054 -0.09614065289497375 0.0002626085188239813
v 0.13308310508728027 -0.09619792550802231 0.0002626085188239813
v 0.13316279649734497 -0.09633627533912659 0.0002626085188239813
v 0.13324254751205444 -0.09627900272607803 7.691860082559288e-05
v 0.13343504071235657 -0.09614065289497375 0.0
v 0.1333552896976471 -0.09600228071212769 0.0
v 0.13189943134784698 -0.09594501554965973 0.0
v 0.13162724673748016 -0.09614065289497375 0.0
v 0.1318197399377823 -0.09627900272607803 7.691860082559288e-05
v 0.13189943134784698 -0.09633627533912659 0.0002626085188239813
v 0.13197919726371765 -0.09619792550802231 0.0002626085188239813
v 0.13217169046401978 -0.09614065289497375 0.0002626085188239813
v 0.1320919245481491 -0.09608336538076401 7.691860082559288e-05
v 0.13170699775218964 -0.09600228071212769 0.0
v 0.13662149012088776 -0.09398719668388367 0.1334325224161148
v 0.13661792874336243 -0.0937216728925705 0.13335569202899933
v 0.13659684360027313 -0.09370733052492142 0.1327705979347229
v 0.13663627207279205 -0.09859872609376907 0.13405346870422363
v 0.13662514090538025 -0.09855175763368607 0.13350935280323029
v 0.13662156462669373 -0.0980992466211319 0.1334325224161148
v 0.13674840331077576 -0.09887654334306717 0.14369922876358032
v 0.13674519956111908 -0.09866634011268616 0.14363780617713928
v 0.13673356175422668 -0.09860904514789581 0.143257275223732
v 0.13673578202724457 -0.09995675086975098 0.14345240592956543
v 0.13674543797969818 -0.09989947080612183 0.1436377912759781
v 0.13674935698509216 -0.09973457455635071 0.1437140852212906
v 0.13660171627998352 -0.09966373443603516 0.13184194266796112
v 0.1366051584482193 -0.09989947080612183 0.13191872835159302
v 0.13661347329616547 -0.09995675086975098 0.13210418820381165
v 0.13622115552425385 -0.09594501554965973 0.0
v 0.1360287219285965 -0.09608336538076401 7.691860082559288e-05
v 0.1359490305185318 -0.09614065289497375 0.0002626085188239813
v 0.13614144921302795 -0.09619792550802231 0.0002626085188239813
v 0.13622121512889862 -0.09633627533912659 0.0002626085188239813
v 0.13630090653896332 -0.09627900272607803 7.691860082559288e-05
v 0.13649336993694305 -0.09614065289497375 0.0
v 0.13641367852687836 -0.09600228071212769 0.0
v 0.13495782017707825 -0.09594501554965973 0.0
v 0.13468562066555023 -0.09614065289497375 0.0
v 0.13487814366817474 -0.09627900272607803 7.691383507335559e-05
v 0.13495784997940063 -0.09633627533912659 0.00026259422884322703
v 0.13503757119178772 -0.09619792550802231 0.0002626037457957864
v 0.13523001968860626 -0.09614065289497375 0.0002626085188239813
v 0.13515028357505798 -0.09608336538076401 7.691860082559288e-05
v 0.1347653567790985 -0.09600228071212769 0.0
v 0.13806751370429993 -0.09824463725090027 0.1313641369342804
v 0.1379903256893158 -0.0983823910355568 0.1314118504524231
v 0.1377890557050705 -0.09843667596578598 0.13147296011447906
v 0.13785463571548462 -0.09852119535207748 0.13168460130691528
v 0.1380673497915268 -0.0986323207616806 0.13172373175621033
v 0.1382252722978592 -0.09820633381605148 0.1316935122013092
v 0.13811834156513214 -0.09821571409702301 0.13160115480422974
v 0.13816748559474945 -0.09851051867008209 0.1317102462053299
v 0.1365586668252945 -0.09843673557043076 0.13156060874462128
v 0.13636624813079834 -0.09837941080331802 0.13157400488853455
v 0.13628648221492767 -0.09824109822511673 0.13157932460308075
v 0.13620911538600922 -0.09829840809106827 0.1317681074142456
v 0.13601930439472198 -0.09843673557043076 0.1318511962890625
v 0.1362866312265396 -0.09863238036632538 0.13184189796447754
v 0.1364794671535492 -0.09849368035793304 0.131755992770195
v 0.13609786331653595 -0.09857510030269623 0.1318502277135849
v 0.1350233107805252 -0.09824109822511673 0.13162322342395782
v 0.1349436193704605 -0.09837941080331802 0.13162364065647125
v 0.1347511261701584 -0.09843673557043076 0.1316247284412384
v 0.13483144342899323 -0.09849432855844498 0.13181279599666595
v 0.13502351939678192 -0.09863238036632538 0.131885826587677
v 0.13530053198337555 -0.09843673557043076 0.13187620043754578
v 0.1351054608821869 -0.09829840809106827 0.13180561363697052
v 0.13521945476531982 -0.09857504814863205 0.13188070058822632
v 0.13343499600887299 -0.09843673557043076 0.13163194060325623
v 0.13324254751205444 -0.09837941080331802 0.131632998585701
v 0.13316282629966736 -0.09824109822511673 0.1316334307193756
v 0.13308335840702057 -0.09829840809106827 0.1318194568157196
v 0.13289117813110352 -0.09843673557043076 0.13189704716205597
v 0.13316282629966736 -0.09863238036632538 0.1318960338830948
v 0.13335534930229187 -0.09849397093057632 0.13181829452514648
v 0.13297075033187866 -0.09857504814863205 0.13189683854579926
v 0.13802409172058105 -0.09823959320783615 7.691860082559288e-05
v 0.13783161342144012 -0.09823959320783615 0.0
v 0.1378316730260849 -0.09837790578603745 7.691860082559288e-05
v 0.13783161342144012 -0.09843523800373077 0.0002626085188239813
v 0.13802409172058105 -0.09837790578603745 0.0002626180648803711
v 0.13810381293296814 -0.09823959320783615 0.0002626180648803711
v 0.1363009810447693 -0.09823960810899734 7.692813960602507e-05
v 0.13622123003005981 -0.09823960810899734 0.00026263235486112535
v 0.1363009810447693 -0.09837795794010162 0.0002626180648803711
v 0.13649344444274902 -0.09843526035547256 0.00036788464058190584
v 0.13649344444274902 -0.09837795794010162 7.691860082559288e-05
v 0.13649344444274902 -0.09823960810899734 0.0
v 0.13487814366817474 -0.09823960810899734 7.691383507335559e-05
v 0.13468562066555023 -0.09823960810899734 0.0
v 0.13468562066555023 -0.09837795794010162 7.691860082559288e-05
v 0.1346856653690338 -0.09843526035547256 0.0002626085188239813
v 0.13487814366817474 -0.09837795794010162 0.0002626037457957864
v 0.13495784997940063 -0.09823960810899734 0.00026259422884322703
v 0.13324254751205444 -0.09823960810899734 7.691860082559288e-05
v 0.13316279649734497 -0.09823960810899734 0.0002626085188239813
v 0.13324254751205444 -0.09837795794010162 0.0002626085188239813
v 0.13343504071235657 -0.09843526035547256 0.0002626085188239813
v 0.13343504071235657 -0.09837795794010162 7.691860082559288e-05
v 0.13343504071235657 -0.09823960810899734 0.0
v 0.13037511706352234 -0.09843673557043076 0.1316380500793457
v 0.1301826685667038 -0.09837941080331802 0.1316380500793457
v 0.13010293245315552 -0.09824109822511673 0.1316380500793457
v 0.13002316653728485 -0.09829840809106827 0.13182370364665985
v 0.1298307329416275 -0.09843673557043076 0.13190065324306488
v 0.13010293245315552 -0.09863238036632538 0.13190065324306488
v 0.13029542565345764 -0.09849405288696289 0.13182370364665985
v 0.12991048395633698 -0.09857504814863205 0.13190065324306488
v 0.13189946115016937 -0.09824109822511673 0.1316380500793457
v 0.13181978464126587 -0.09837941080331802 0.1316380500793457
v 0.13162729144096375 -0.09843673557043076 0.1316380500793457
v 0.1317070573568344 -0.09849405288696289 0.13182412087917328
v 0.13189946115016937 -0.09863238036632538 0.13190065324306488
v 0.13217221200466156 -0.09843673557043076 0.1318996548652649
v 0.13197940587997437 -0.09829840809106827 0.13182339072227478
v 0.13209229707717896 -0.09857504814863205 0.1319001317024231
v 0.1318197399377823 -0.09823960810899734 7.691860082559288e-05
v 0.13162724673748016 -0.09823960810899734 0.0
v 0.13162724673748016 -0.09837795794010162 7.691860082559288e-05
v 0.13162724673748016 -0.09843526035547256 0.0002626085188239813
v 0.1318197399377823 -0.09837795794010162 0.0002626085188239813
v 0.13189943134784698 -0.09823960810899734 0.0002626085188239813
v 0.1301826685667038 -0.09823960810899734 7.691860082559288e-05
v 0.13010290265083313 -0.09823960810899734 0.0002626085188239813
v 0.1301826685667038 -0.09837795794010162 0.0002626085188239813
v 0.13037510216236115 -0.09843526035547256 0.0002626085188239813
v 0.13037510216236115 -0.09837795794010162 7.691860082559288e-05
v 0.13037510216236115 -0.09823960810899734 0.0
v 0.13783161342144012 -0.09614059329032898 0.0
v 0.13802406191825867 -0.09614059329032898 7.691860082559288e-05
v 0.13810381293296814 -0.09614059329032898 0.0002626085188239813
v 0.13620679080486298 -0.09619788825511932 0.13158199191093445
v 0.13601434230804443 -0.09614059329032898 0.13158859312534332
v 0.13601446151733398 -0.09619788825511932 0.1317744106054306
v 0.1360146850347519 -0.096336230635643 0.1318514049053192
v 0.13620756566524506 -0.0963359847664833 0.13176831603050232
v 0.13628655672073364 -0.096336230635643 0.13157932460308075
v 0.13510295748710632 -0.09619788825511932 0.131620392203331
v 0.13502320647239685 -0.096336230635643 0.13162322342395782
v 0.13510507345199585 -0.09633830934762955 0.13180550932884216
v 0.13530035316944122 -0.09633980691432953 0.13187620043754578
v 0.13529790937900543 -0.09619893878698349 0.13179931044578552
v 0.13529542088508606 -0.09614059329032898 0.1316136121749878
v 0.13308313488960266 -0.09619792550802231 0.1316337138414383
v 0.13289065659046173 -0.09614065289497375 0.1316343992948532
v 0.13289065659046173 -0.09619792550802231 0.13182012736797333
v 0.13289065659046173 -0.09633627533912659 0.13189704716205597
v 0.13308316469192505 -0.096336230635643 0.1318194568157196
v 0.13316282629966736 -0.09633627533912659 0.1316334307193756
v 0.13197919726371765 -0.09619792550802231 0.13163776695728302
v 0.13189946115016937 -0.09633627533912659 0.1316380500793457
v 0.13197939097881317 -0.09633650630712509 0.13182339072227478
v 0.13217221200466156 -0.09633670747280121 0.1318996548652649
v 0.13217192888259888 -0.09619809687137604 0.13182272017002106
v 0.1321716457605362 -0.09614065289497375 0.13163703680038452
v 0.13002316653728485 -0.09619792550802231 0.1316380500793457
v 0.1298307329416275 -0.09614065289497375 0.1316380500793457
v 0.1298307329416275 -0.09619792550802231 0.13182370364665985
v 0.1298307329416275 -0.09633627533912659 0.13190065324306488
v 0.13002316653728485 -0.09633627533912659 0.13182370364665985
v 0.13010293245315552 -0.09633627533912659 0.1316380500793457
v -0.15293726325035095 -0.09619788080453873 0.1316380798816681
v -0.15301567316055298 -0.096336230635643 0.1316380798816681
v -0.15293727815151215 -0.096336230635643 0.13182374835014343
v -0.15274791419506073 -0.096336230635643 0.13190068304538727
v -0.15274791419506073 -0.09619788080453873 0.13182374835014343
v -0.15274791419506073 -0.09614060074090958 0.1316380798816681
v -0.15309403836727142 -0.09838070720434189 0.1316380798816681
v -0.15328340232372284 -0.09843800216913223 0.1316380798816681
v -0.15328338742256165 -0.09849528968334198 0.13182377815246582
v -0.15274792909622192 -0.09863363951444626 0.13190068304538727
v -0.15293726325035095 -0.09824243187904358 0.13182374835014343
v -0.1530156284570694 -0.09824235737323761 0.1316380798816681
v -0.15468920767307281 -0.09838070720434189 0.1316380798816681
v -0.15476766228675842 -0.09824235737323761 0.1316380798816681
v -0.15484613180160522 -0.09824278950691223 0.13182416558265686
v -0.1544998735189438 -0.09849528968334198 0.13182374835014343
v -0.1544998735189438 -0.09843800216913223 0.1316380798816681
v -0.15476752817630768 -0.09594496339559555 4.768371297814156e-08
v -0.15495656430721283 -0.09608324617147446 7.691860082559288e-05
v -0.15503528714179993 -0.09614060074090958 0.00026265622000209987
v -0.1548479050397873 -0.09619879722595215 0.00026407718542031944
v -0.1547730565071106 -0.09633824229240417 0.00026538848760537803
v -0.15469273924827576 -0.09628057479858398 7.777213613735512e-05
v -0.15449969470500946 -0.09614060074090958 4.768371297814156e-08
v -0.15457622706890106 -0.09600252658128738 4.768371297814156e-08
v -0.15607471764087677 -0.09594496339559555 4.768371297814156e-08
v -0.15634246170520782 -0.09614060074090958 4.768371297814156e-08
v -0.1561531275510788 -0.09627895057201385 7.695674867136404e-05
v -0.1560746729373932 -0.096336230635643 0.00026264190091751516
v -0.15599624812602997 -0.09619788080453873 0.00026265144697390497
v -0.15580691397190094 -0.09614060074090958 0.00026265622000209987
v -0.15588536858558655 -0.09608331322669983 7.696628745179623e-05
v -0.1562640517950058 -0.0960022360086441 4.768371297814156e-08
v -0.15601025521755219 -0.09823799878358841 0.13162574172019958
v -0.15608544647693634 -0.09838128834962845 0.13158099353313446
v -0.15627345442771912 -0.0984373539686203 0.13154539465904236
v -0.15631608664989471 -0.09846048802137375 0.13179153203964233
v -0.15633413195610046 -0.09863369911909103 0.13189344108104706
v -0.15574321150779724 -0.09824228286743164 0.13189485669136047
v -0.1558917611837387 -0.09824278950691223 0.13182847201824188
v -0.15590375661849976 -0.09851905703544617 0.13189439475536346
v -0.15776684880256653 -0.09838007390499115 0.13163921236991882
v -0.1578454226255417 -0.09824170917272568 0.13163580000400543
v -0.15792393684387207 -0.09824170917272568 0.13182073831558228
v -0.1575677990913391 -0.09848425537347794 0.13182009756565094
v -0.15757764875888824 -0.0984373539686203 0.13163501024246216
v -0.15784546732902527 -0.09594496339559555 4.768371297814156e-08
v -0.1580348163843155 -0.09608331322669983 7.696628745179623e-05
v -0.15811322629451752 -0.09614060074090958 0.00026265622000209987
v -0.15792371332645416 -0.09619784355163574 0.00026255130069330335
v -0.15784505009651184 -0.09633614122867584 0.0002624511544127017
v -0.15776674449443817 -0.09627880156040192 7.690429629292339e-05
v -0.15757766366004944 -0.09614060074090958 4.768371297814156e-08
v -0.1576562523841858 -0.0960022360086441 4.768371297814156e-08
v -0.15908333659172058 -0.09594496339559555 4.768371297814156e-08
v -0.15935109555721283 -0.09614060074090958 4.768371297814156e-08
v -0.1591617614030838 -0.09627895057201385 7.696628745179623e-05
v -0.15908333659172058 -0.096336230635643 0.00026265622000209987
v -0.15900491178035736 -0.09619788080453873 0.00026265622000209987
v -0.15881557762622833 -0.09614060074090958 0.00026265622000209987
v -0.15889400243759155 -0.09608331322669983 7.696628745179623e-05
v -0.1592726856470108 -0.0960022360086441 4.768371297814156e-08
v -0.1579238623380661 -0.09619788080453873 0.13163594901561737
v -0.15811321139335632 -0.09614060074090958 0.13163629174232483
v -0.15811321139335632 -0.09619788080453873 0.13182203471660614
v -0.15811321139335632 -0.096336230635643 0.1318988800048828
v -0.1579238325357437 -0.096336230635643 0.1318216472864151
v -0.15784545242786407 -0.096336230635643 0.13163580000400543
v -0.15900489687919617 -0.09619788080453873 0.13163794577121735
v -0.15908333659172058 -0.096336230635643 0.13163810968399048
v -0.15900477766990662 -0.09633637964725494 0.1318235695362091
v -0.15881530940532684 -0.09633643925189972 0.13190017640590668
v -0.15881545841693878 -0.09619802981615067 0.13182330131530762
v -0.15881554782390594 -0.09614060074090958 0.1316375732421875
v -0.15916186571121216 -0.09838007390499115 0.13164134323596954
v -0.15935109555721283 -0.0984373539686203 0.13163810968399048
v -0.15935765206813812 -0.09848812222480774 0.131822869181633
v -0.15900462865829468 -0.09824170917272568 0.13182291388511658
v -0.1590833216905594 -0.09824170917272568 0.13163810968399048
v -0.16058413684368134 -0.0984373539686203 0.1315646767616272
v -0.16077256202697754 -0.0983789935708046 0.13159146904945374
v -0.1608491688966751 -0.09823311865329742 0.13162654638290405
v -0.1609296053647995 -0.09832198917865753 0.13182036578655243
v -0.16112375259399414 -0.09863340109586716 0.13190068304538727
v -0.16058413684368134 -0.0984664112329483 0.1318022757768631
v -0.16092759370803833 -0.09619788080453873 0.13163834810256958
v -0.16111694276332855 -0.09614060074090958 0.13163810968399048
v -0.161116823554039 -0.09619788080453873 0.13182376325130463
v -0.16111694276332855 -0.096336230635643 0.13190068304538727
v -0.16092759370803833 -0.096336230635643 0.13182376325130463
v -0.1608491688966751 -0.096336230635643 0.13163810968399048
v -0.15305981040000916 -0.09823956340551376 7.696628745179623e-05
v -0.15324914455413818 -0.09823954105377197 4.768371297814156e-08
v -0.15324799716472626 -0.09837785363197327 7.696628745179623e-05
v -0.1532476544380188 -0.09843519330024719 0.00026265622000209987
v -0.15305882692337036 -0.09837783873081207 0.00026254175463691354
v -0.15298138558864594 -0.09823954105377197 0.0002626657369546592
v -0.15474790334701538 -0.09823977947235107 7.698059198446572e-05
v -0.154826357960701 -0.09823962301015854 0.00026268005603924394
v -0.15475061535835266 -0.09837768971920013 0.0002640914754010737
v -0.15456126630306244 -0.09843520820140839 0.00026539803366176784
v -0.15456104278564453 -0.09837791323661804 7.776260463288054e-05
v -0.15455852448940277 -0.09823956340551376 4.768371297814156e-08
v -0.1561531275510788 -0.09823956340551376 7.695674867136404e-05
v -0.15634246170520782 -0.09823956340551376 4.768371297814156e-08
v -0.15634246170520782 -0.09837791323661804 7.696628745179623e-05
v -0.15634244680404663 -0.09843520820140839 0.00026265622000209987
v -0.1561531275510788 -0.09837791323661804 0.00026265622000209987
v -0.1560746729373932 -0.09823956340551376 0.00026264190091751516
v -0.15776249766349792 -0.09823956340551376 7.696628745179623e-05
v -0.15784095227718353 -0.09823956340551376 0.00026265622000209987
v -0.1577623188495636 -0.09837797284126282 0.00026255130069330335
v -0.15757295489311218 -0.09843520820140839 0.0002624511544127017
v -0.15757296979427338 -0.09837791323661804 7.690429629292339e-05
v -0.1575731784105301 -0.09823956340551376 4.768371297814156e-08
v -0.1591617614030838 -0.09823956340551376 7.696628745179623e-05
v -0.15935109555721283 -0.09823956340551376 4.768371297814156e-08
v -0.15935109555721283 -0.09837791323661804 7.696628745179623e-05
v -0.15935109555721283 -0.09843520820140839 0.00026265622000209987
v -0.1591617614030838 -0.09837791323661804 0.00026265144697390497
v -0.15908333659172058 -0.09823956340551376 0.00026265622000209987
v -0.16077212989330292 -0.09823956340551376 7.696628745179623e-05
v -0.16085053980350494 -0.09823956340551376 0.00026265622000209987
v -0.1607721894979477 -0.09837791323661804 0.0002626895729918033
v -0.16058281064033508 -0.09843520820140839 0.00026271818205714226
v -0.16058281064033508 -0.09837791323661804 7.698059198446572e-05
v -0.1605827659368515 -0.09823956340551376 4.768371297814156e-08
v 0.1720850020647049 -0.040806159377098083 0.02761775441467762
v 0.17224422097206116 -0.040945038199424744 0.027694782242178917
v 0.1723100244998932 -0.04100180044770241 0.027880363166332245
v 0.1723759025335312 -0.04086345434188843 0.027880463749170303
v 0.1725349724292755 -0.040806159377098083 0.027880363166332245
v 0.17246860265731812 -0.04074878618121147 0.02769458293914795
v 0.1723100244998932 -0.04061051830649376 0.02761775441467762
v 0.1721511036157608 -0.0406678132712841 0.02761775441467762
v 0.1723100244998932 -0.04097096994519234 0.032405246049165726
v 0.17238490283489227 -0.04085440933704376 0.03254682198166847
v 0.1725655347108841 -0.040806159377098083 0.03260546177625656
v 0.17467349767684937 -0.040748901665210724 0.027694672346115112
v 0.17467349767684937 -0.040806159377098083 0.027880357578396797
v 0.1748325675725937 -0.040748901665210724 0.027880357578396797
v 0.17489849030971527 -0.04061051830649376 0.027880357578396797
v 0.1748325675725937 -0.04061051830649376 0.027694672346115112
v 0.17467349767684937 -0.04061051830649376 0.02761775441467762
v 0.17489849030971527 -0.03742404282093048 0.027880357578396797
v 0.1748325675725937 -0.03742404282093048 0.027694672346115112
v 0.17467349767684937 -0.03742404282093048 0.02761775441467762
v 0.17489849030971527 -0.04061051830649376 0.03260545805096626
v 0.1748325675725937 -0.040748901665210724 0.03260545805096626
v 0.17467349767684937 -0.040806159377098083 0.03260545805096626
v 0.17475299537181854 -0.03745270520448685 0.03282960504293442
v 0.17475299537181854 -0.03739539906382561 0.03264391049742699
v 0.17475299537181854 -0.03725706413388252 0.032566990703344345
v 0.1748325675725937 -0.037285711616277695 0.03252854198217392
v 0.17489849030971527 -0.03742404282093048 0.03234284743666649
v 0.17489849030971527 -0.037619698792696 0.03260545805096626
v 0.1748325675725937 -0.03748135268688202 0.032791148871183395
v 0.17489849030971527 -0.03756239265203476 0.03241976723074913
v 0.17202815413475037 -0.09633650630712509 0.054119519889354706
v 0.1722441464662552 -0.09631860256195068 0.05419643223285675
v 0.1723100244998932 -0.09630176424980164 0.05439288541674614
v 0.17229828238487244 -0.09486206620931625 0.05406797304749489
v 0.17138667404651642 -0.09612260013818741 0.05385790392756462
v 0.1720215231180191 -0.0961981937289238 0.05404266342520714
v 0.17229251563549042 -0.09586338698863983 0.054383452981710434
v 0.1723759025335312 -0.04061051830649376 0.05419634282588959
v 0.17246021330356598 -0.04061051830649376 0.054155588150024414
v 0.17253489792346954 -0.040748901665210724 0.054042525589466095
v 0.1725349724292755 -0.040806159377098083 0.053856831043958664
v 0.1723759025335312 -0.040863268077373505 0.053856611251831055
v 0.1723100244998932 -0.040887001901865005 0.05422801896929741
v 0.1748325675725937 -0.04061051830649376 0.054042525589466095
v 0.17489849030971527 -0.04061051830649376 0.053856831043958664
v 0.1748325675725937 -0.040748901665210724 0.053856831043958664
v 0.17467349767684937 -0.040806159377098083 0.053856831043958664
v 0.17467349767684937 -0.040748901665210724 0.054042525589466095
v 0.17475299537181854 -0.04061051830649376 0.05408097803592682
v 0.17473842203617096 -0.037494055926799774 0.054025448858737946
v 0.17475299537181854 -0.03745270520448685 0.053856831043958664
v 0.1748325675725937 -0.03748135268688202 0.053856831043958664
v 0.17489849030971527 -0.037619698792696 0.053856831043958664
v 0.1748325675725937 -0.037619698792696 0.054042525589466095
v 0.17475299537181854 -0.037619698792696 0.05408097803592682
v 0.17247390747070312 -0.03735484927892685 0.032698407769203186
v 0.17246021330356598 -0.0373971164226532 0.03286806121468544
v 0.1723759025335312 -0.03736674785614014 0.03286806121468544
v 0.1723100244998932 -0.03722840175032616 0.03286806121468544
v 0.1723759025335312 -0.03722840175032616 0.032682374119758606
v 0.17246021330356598 -0.03722840175032616 0.03264160454273224
v 0.17246021330356598 -0.0373971164226532 0.05389297381043434
v 0.17246021330356598 -0.037454426288604736 0.05407865718007088
v 0.17246021330356598 -0.03759275749325752 0.054155588150024414
v 0.1723759025335312 -0.03756239265203476 0.05419634282588959
v 0.1723100244998932 -0.03742404282093048 0.05438203737139702
v 0.1723100244998932 -0.03722840175032616 0.05411943420767784
v 0.1723759025335312 -0.03736674785614014 0.05393374338746071
v 0.1723100244998932 -0.037285711616277695 0.05430512875318527
v 0.138104647397995 -0.09491467475891113 0.0002626085188239813
v 0.13802491128444672 -0.09491467475891113 7.691860082559288e-05
v 0.1378324031829834 -0.09491467475891113 0.0
v 0.17280659079551697 -0.03748135268688202 0.053856831043958664
v 0.17287246882915497 -0.037619698792696 0.053856831043958664
v 0.17280659079551697 -0.037619698792696 0.054042525589466095
v 0.17271433770656586 -0.037619698792696 0.05408713221549988
v 0.17270171642303467 -0.037492021918296814 0.05402817949652672
v 0.17271433770656586 -0.037448134273290634 0.053856831043958664
v 0.17287246882915497 -0.03999757021665573 0.053856831043958664
v 0.17293834686279297 -0.04013591632246971 0.053856831043958664
v 0.1730974167585373 -0.04019320756196976 0.053856831043958664
v 0.17297329008579254 -0.04025665670633316 0.054042525589466095
v 0.17273272573947906 -0.04028739780187607 0.05408713221549988
v 0.1728142499923706 -0.040118325501680374 0.054042525589466095
v 0.17287246882915497 -0.03742404282093048 0.03234284743666649
v 0.17287246882915497 -0.037619698792696 0.03260546177625656
v 0.17280659079551697 -0.03748135268688202 0.032791152596473694
v 0.17271433770656586 -0.037448134273290634 0.03283575549721718
v 0.17271433770656586 -0.037390824407339096 0.032650068402290344
v 0.17271433770656586 -0.03725249320268631 0.0325731486082077
v 0.17280659079551697 -0.037285711616277695 0.03252854198217392
v 0.17287246882915497 -0.03756239265203476 0.03241976723074913
v 0.17433597147464752 -0.03742404282093048 0.03234284743666649
v 0.1744018942117691 -0.037285711616277695 0.03252854198217392
v 0.1744861602783203 -0.03725532814860344 0.03256930410861969
v 0.1744861602783203 -0.03739367797970772 0.032646212726831436
v 0.1744861602783203 -0.03745098412036896 0.032831914722919464
v 0.1744018942117691 -0.03748135268688202 0.032791148871183395
v 0.17433597147464752 -0.037619698792696 0.03260545805096626
v 0.17433597147464752 -0.03756239265203476 0.03241976723074913
v 0.1741110235452652 -0.04019320756196976 0.053856831043958664
v 0.1742701232433319 -0.04013591632246971 0.053856831043958664
v 0.17433597147464752 -0.03999757021665573 0.053856831043958664
v 0.17439419031143188 -0.040118325501680374 0.054042525589466095
v 0.17446865141391754 -0.040272824466228485 0.05408328026533127
v 0.17423515021800995 -0.04025665670633316 0.054042525589466095
v 0.1744018942117691 -0.03748135268688202 0.053856831043958664
v 0.1744861602783203 -0.03745098412036896 0.053856831043958664
v 0.17450015246868134 -0.03749328479170799 0.05402647331357002
v 0.1744861602783203 -0.037619698792696 0.05408328026533127
v 0.1744018942117691 -0.037619698792696 0.054042525589466095
v 0.17433597147464752 -0.037619698792696 0.053856831043958664
v 0.17293834686279297 -0.03999757021665573 0.02909373678267002
v 0.1730974167585373 -0.03999757021665573 0.029016828164458275
v 0.1730974167585373 -0.04013591632246971 0.02909373678267002
v 0.1730974167585373 -0.04019320756196976 0.0292794369161129
v 0.17293834686279297 -0.04013591632246971 0.0292794369161129
v 0.17287246882915497 -0.03999757021665573 0.0292794369161129
v 0.1742701232433319 -0.03999757021665573 0.02909373678267002
v 0.17433597147464752 -0.03999757021665573 0.0292794369161129
v 0.1742701232433319 -0.04013591632246971 0.0292794369161129
v 0.1741110235452652 -0.04019320756196976 0.0292794369161129
v 0.1741110235452652 -0.04013591632246971 0.02909373678267002
v 0.1741110235452652 -0.03999757021665573 0.029016822576522827
v 0.1707121580839157 -0.09494513273239136 0.027874549850821495
v 0.17055575549602509 -0.0950007438659668 0.027874179184436798
v 0.17062412202358246 -0.09505954384803772 0.02769138664007187
v 0.17079448699951172 -0.09519625455141068 0.027615798637270927
v 0.17094551026821136 -0.09513487666845322 0.02761715278029442
v 0.17100796103477478 -0.09498607367277145 0.02761775441467762
v 0.17084422707557678 -0.0948621854186058 0.027692874893546104
v 0.17077700793743134 -0.0948101282119751 0.027874264866113663
v 0.17100615799427032 -0.03742404282093048 0.02761775441467762
v 0.1708441525697708 -0.03743983060121536 0.02769320458173752
v 0.17077700793743134 -0.03747781366109848 0.027875347062945366
v 0.17100287973880768 -0.040806159377098083 0.02761775441467762
v 0.17084315419197083 -0.0408136248588562 0.027694344520568848
v 0.17077700793743134 -0.04083167016506195 0.027879247441887856
v -0.164078950881958 -0.04338623583316803 0.00027091027004644275
v -0.1641465127468109 -0.043507590889930725 0.00027089595096185803
v -0.16409346461296082 -0.043534211814403534 7.938384806038812e-05
v -0.1638735979795456 -0.04343356564640999 4.768371297814156e-08
v -0.1639932096004486 -0.043254654854536057 7.938384806038812e-05
v -0.16405583918094635 -0.04325459897518158 0.00027089595096185803
v -0.17011602222919464 -0.05309027060866356 0.0002709293330553919
v -0.1701391637325287 -0.053372014313936234 0.0002708244137465954
v -0.17005757987499237 -0.05336184799671173 7.301806908799335e-05
v -0.1699254959821701 -0.053137850016355515 4.768371297814156e-08
v -0.16990242898464203 -0.05288918316364288 7.312774687306955e-05
v -0.16996513307094574 -0.052843060344457626 0.00027090549701824784
v -0.1702294945716858 -0.05285993590950966 0.13190068304538727
v -0.17035293579101562 -0.053232841193675995 0.13190068304538727
v -0.16915322840213776 -0.05318582057952881 0.133493110537529
v -0.1689162254333496 -0.05253840237855911 0.13347601890563965
v 0.16133631765842438 -0.09612260013818741 0.053870782256126404
v 0.1608765721321106 -0.09612257778644562 0.054137930274009705
v 0.15445007383823395 -0.09612260013818741 0.0271904319524765
v 0.1549176424741745 -0.09612260013818741 0.027599863708019257
v -0.15871772170066833 -0.0465337410569191 0.0015600108308717608
v -0.15894564986228943 -0.04722705855965614 0.0015600108308717608
v -0.15328338742256165 -0.09863363951444626 0.13190068304538727
v -0.15290477871894836 -0.09851905703544617 0.13190068304538727
v -0.15274792909622192 -0.09824235737323761 0.13190068304538727
v -0.15503539144992828 -0.09824228286743164 0.13190041482448578
v -0.1544998288154602 -0.09863369911909103 0.13190068304538727
v -0.15811362862586975 -0.09824228286743164 0.13189758360385895
v -0.1579476147890091 -0.09851905703544617 0.13189704716205597
v -0.1575574427843094 -0.09863369911909103 0.13189607858657837
v -0.1593645215034485 -0.09863340109586716 0.1318994164466858
v -0.15897773206233978 -0.09851905703544617 0.1318991631269455
v -0.15881480276584625 -0.09824179112911224 0.13189920783042908
v 0.1723100244998932 -0.041001174598932266 0.053856395184993744
v 0.1723100244998932 -0.04061051830649376 0.05438203737139702
v -0.16396544873714447 -0.04359855502843857 4.768371297814156e-08
v -0.1638420969247818 -0.043254680931568146 4.768371297814156e-08
v -0.17329107224941254 -0.09852635860443115 0.13360415399074554
v -0.170176163315773 -0.0530753917992115 0.13182131946086884
v -0.16410216689109802 -0.043374404311180115 0.13179311156272888
v -0.15899747610092163 -0.04684579744935036 0.1333853304386139
v -0.1688268780708313 -0.0528484582901001 0.13341495394706726
v -0.16879132390022278 -0.09366536885499954 0.13341620564460754
v -0.17338794469833374 -0.09860993921756744 0.14370839297771454
v 0.1722344607114792 -0.09987721592187881 0.05590347200632095
v 0.1722242385149002 -0.0986044779419899 0.055905018001794815
v 0.16169612109661102 -0.09852627664804459 0.056019801646471024
v 0.16160953044891357 -0.09366653114557266 0.055936262011528015
v 0.16118213534355164 -0.09987419098615646 0.05421088635921478
v 0.1611475646495819 -0.09620638936758041 0.05410094931721687
v 0.1722150444984436 -0.09987396746873856 0.054230332374572754
v 0.15471942722797394 -0.09608243405818939 0.027339672669768333
v 0.1547909826040268 -0.09491996467113495 0.02731955051422119
v 0.13010290265083313 -0.09614065289497375 7.691860082559288e-05
v -0.15299755334854126 -0.09614073485136032 7.707118493271992e-05
v 0.1381988376379013 -0.09614106267690659 0.006107558961957693
v 0.13819196820259094 -0.09622202068567276 0.13157877326011658
v -0.1608491837978363 -0.09614060074090958 7.697581895627081e-05
v 0.16142664849758148 -0.09491998702287674 0.05476357042789459
v 0.17068134248256683 -0.09491812437772751 0.0548340305685997
v -0.16869497299194336 -0.09358159452676773 0.0016710615018382668
v 0.13288484513759613 -0.09358309209346771 0.00164849276188761
v -0.16871577501296997 -0.052876152098178864 0.0016667651943862438
v -0.15888641774654388 -0.04687407985329628 0.0016381358727812767
v 0.13316279649734497 -0.09614065289497375 7.691860082559288e-05
v 0.13189943134784698 -0.09614065289497375 7.691860082559288e-05
v 0.13622115552425385 -0.09614065289497375 7.691860082559288e-05
v 0.13495782017707825 -0.09614065289497375 7.691860082559288e-05
v 0.138035848736763 -0.09843803197145462 0.13164100050926208
v 0.13628819584846497 -0.09843555837869644 0.13176539540290833
v 0.13502518832683563 -0.09843691438436508 0.13180896639823914
v 0.13316300511360168 -0.09843667596578598 0.13181912899017334
v 0.13798870146274567 -0.09835247695446014 0.00011105060548288748
v 0.1363363415002823 -0.09835253655910492 0.00011105537123512477
v 0.13484273850917816 -0.09835253655910492 0.00011104106670245528
v 0.13327790796756744 -0.09835253655910492 0.00011104106670245528
v 0.13010293245315552 -0.09843673557043076 0.13182370364665985
v 0.1318996250629425 -0.09843673557043076 0.13182374835014343
v 0.1317843347787857 -0.09835253655910492 0.00011104106670245528
v 0.1302180141210556 -0.09835253655910492 0.00011104583245469257
v 0.13617189228534698 -0.09622328728437424 0.1317351907491684
v 0.13513979315757751 -0.09622421115636826 0.1317702978849411
v 0.13304777443408966 -0.0962233692407608 0.13178545236587524
v 0.13201473653316498 -0.09622350335121155 0.1317891627550125
v 0.12998785078525543 -0.0962233692407608 0.13178957998752594
v -0.15290246903896332 -0.09622332453727722 0.13178962469100952
v -0.15303859114646912 -0.09842123836278915 0.13182377815246582
v -0.15474475920200348 -0.09842144697904587 0.1318240910768509
v -0.15476800501346588 -0.09614138305187225 7.736205589026213e-05
v -0.15607468783855438 -0.09614060074090958 7.696628745179623e-05
v -0.1560036689043045 -0.09840062260627747 0.13180886209011078
v -0.15781936049461365 -0.09841501712799072 0.13182173669338226
v -0.1578453928232193 -0.0961405411362648 7.693767111049965e-05
v -0.15908333659172058 -0.09614060074090958 7.696628745179623e-05
v -0.15795864164829254 -0.09622332453727722 0.13178762793540955
v -0.15897001326084137 -0.096223384141922 0.1317894458770752
v -0.15910829603672028 -0.09841736406087875 0.13182373344898224
v -0.16081786155700684 -0.09841736406087875 0.13176974654197693
v -0.16096234321594238 -0.09622332453727722 0.13178974390029907
v -0.15309377014636993 -0.09835243225097656 0.00011106013698736206
v -0.15471549332141876 -0.09835243225097656 0.00011169910430908203
v -0.15618790686130524 -0.09835248440504074 0.00011108875332865864
v -0.15772753953933716 -0.09835248440504074 0.00011104583245469257
v -0.15919657051563263 -0.09835248440504074 0.00011108875332865864
v -0.16073736548423767 -0.09835248440504074 0.00011110782361356542
v 0.1723099797964096 -0.040806278586387634 0.027694711461663246
v 0.17480334639549255 -0.04072343185544014 0.027728799730539322
v 0.1748325675725937 -0.03742404282093048 0.03260545805096626
v 0.17225028574466705 -0.09610776603221893 0.05414685979485512
v 0.1723758727312088 -0.04078928008675575 0.054096825420856476
v 0.17480334639549255 -0.04072343185544014 0.05400838330388069
v 0.17480334639549255 -0.03750678151845932 0.05400838330388069
v 0.17240512371063232 -0.037341319024562836 0.03271649777889252
v 0.1723759025335312 -0.03742404282093048 0.05411943420767784
v 0.1727771759033203 -0.03750678151845932 0.05400838330388069
v 0.1729038655757904 -0.04017243906855583 0.05400918051600456
v 0.17280659079551697 -0.03742404282093048 0.03260546177625656
v 0.1744018942117691 -0.03742404282093048 0.03260545805096626
v 0.17430464923381805 -0.04017243906855583 0.05400918051600456
v 0.17443126440048218 -0.03750678151845932 0.05400838330388069
v 0.1729675680398941 -0.04011048376560211 0.02912786975502968
v 0.1742408275604248 -0.04011048376560211 0.02912786975502968
v 0.17077907919883728 -0.09500235319137573 0.02769245021045208
v -0.16401882469654083 -0.04339991882443428 7.93981525930576e-05
v -0.1700650006532669 -0.05310308188199997 0.0001077127453754656
v -0.15489287674427032 -0.09853023290634155 0.13189437985420227
v -0.15770815312862396 -0.0996505543589592 0.1319005936384201
v -0.1577242761850357 -0.09989947825670242 0.1319776177406311
v -0.1577242761850357 -0.09995678067207336 0.13216331601142883
v -0.1577242761850357 -0.09995678067207336 0.1435215026140213
v -0.1577242761850357 -0.09989947825670242 0.14370717108249664
v -0.1577242761850357 -0.09973452240228653 0.14378362894058228
v -0.1577242761850357 -0.09887649118900299 0.14376868307590485
v -0.1577242761850357 -0.09866636991500854 0.14370717108249664
v -0.1577242761850357 -0.0986090749502182 0.14332617819309235
v -0.15772324800491333 -0.09859883785247803 0.13411514461040497
v -0.15771834552288055 -0.0985519215464592 0.13357020914554596
v -0.15800981223583221 -0.09809957444667816 0.133493110537529
v 0.14307808876037598 -0.09612260013818741 0.026756472885608673
v -0.1579568088054657 -0.05421502888202667 0.0015839814441278577
v -0.170374795794487 -0.06282231956720352 0.13190072774887085
v -0.17021571099758148 -0.06282231956720352 0.1318238079547882
v -0.17014983296394348 -0.06282233446836472 0.13163810968399048
v -0.1703747659921646 -0.05548448488116264 0.13190072774887085
v -0.1702156960964203 -0.055484555661678314 0.13182377815246582
v -0.1701498180627823 -0.05548448488116264 0.13163810968399048
v -0.1745050698518753 -0.05843225494027138 0.13190068304538727
v -0.17301639914512634 -0.06282230466604233 0.13190071284770966
v -0.17301613092422485 -0.055478472262620926 0.13190072774887085
v -0.16992488503456116 -0.06260323524475098 6.67572024326546e-08
v -0.17008402943611145 -0.06276966631412506 7.71951672504656e-05
v -0.17014983296394348 -0.06283867359161377 0.0002634286938700825
v -0.16992488503456116 -0.055719226598739624 6.67572024326546e-08
v -0.17008396983146667 -0.05555322393774986 7.698535773670301e-05
v -0.17014983296394348 -0.05548448488116264 0.0002626657369546592
v -0.1687401980161667 -0.06260328739881516 6.67572024326546e-08
v -0.1687401682138443 -0.055719245225191116 6.67572024326546e-08
v -0.1687401682138443 -0.05915581062436104 6.67572024326546e-08
v -0.17014983296394348 -0.0623684860765934 6.67572024326546e-08
v -0.17030899226665497 -0.06253528594970703 7.697105320403352e-05
v -0.170374795794487 -0.06260459870100021 0.00026268482906743884
v -0.17021583020687103 -0.0626726746559143 0.00026305674691684544
v -0.1699908822774887 -0.062436752021312714 6.67572024326546e-08
v -0.17014983296394348 -0.055954016745090485 6.67572024326546e-08
v -0.17021577060222626 -0.055650465190410614 0.000262703892076388
v -0.17037484049797058 -0.05571913719177246 0.0002627372741699219
v -0.17030899226665497 -0.05578792467713356 7.699966226937249e-05
v -0.16999076306819916 -0.05588532239198685 6.67572024326546e-08
v -0.17021571099758148 -0.06265632808208466 0.13163810968399048
v -0.170374795794487 -0.06258755177259445 0.13163810968399048
v -0.170374795794487 -0.06265629082918167 0.1318238079547882
v -0.17272555828094482 -0.0625188797712326 0.13163812458515167
v -0.17279143631458282 -0.06235282123088837 0.13163812458515167
v -0.17285731434822083 -0.06235284358263016 0.1318238079547882
v -0.17256657779216766 -0.06265632808208466 0.1318238079547882
v -0.1725664883852005 -0.06258760392665863 0.13163812458515167
v -0.1727256029844284 -0.06112021952867508 0.13163810968399048
v -0.17256654798984528 -0.061051443219184875 0.13163810968399048
v -0.1725669503211975 -0.06098265200853348 0.13182421028614044
v -0.1728573590517044 -0.061286233365535736 0.1318238079547882
v -0.1727914810180664 -0.061286233365535736 0.13163810968399048
v -0.16992488503456116 -0.06105157732963562 6.67572024326546e-08
v -0.1700839251279831 -0.06088585779070854 7.693767111049965e-05
v -0.17014983296394348 -0.06081680580973625 0.00026267528301104903
v -0.17021670937538147 -0.06098112463951111 0.0002640962484292686
v -0.17037707567214966 -0.06104675307869911 0.0002654075506143272
v -0.17031073570251465 -0.06111716479063034 7.779121369821951e-05
v -0.17014983296394348 -0.06128641590476036 6.67572024326546e-08
v -0.16999107599258423 -0.06121930852532387 6.67572024326546e-08
v -0.16992488503456116 -0.05990544334053993 6.67572024326546e-08
v -0.17014983296394348 -0.05967071279883385 6.67572024326546e-08
v -0.170308917760849 -0.05983671545982361 7.697581895627081e-05
v -0.170374795794487 -0.05990546941757202 0.0002626609639264643
v -0.17021571099758148 -0.059974268078804016 0.0002626657369546592
v -0.17014983296394348 -0.06014024093747139 0.00026267528301104903
v -0.17008396983146667 -0.06007145717740059 7.698535773670301e-05
v -0.16999076306819916 -0.05973943695425987 6.67572024326546e-08
v -0.17256145179271698 -0.059961948543787 0.13162574172019958
v -0.17272621393203735 -0.05989605188369751 0.13158099353313446
v -0.17279072105884552 -0.05973116680979729 0.13154539465904236
v -0.17281730473041534 -0.05969378724694252 0.13179154694080353
v -0.1730165034532547 -0.059678010642528534 0.13189348578453064
v -0.17256642878055573 -0.06019606813788414 0.13189491629600525
v -0.1725669503211975 -0.06006583943963051 0.13182847201824188
v -0.17288462817668915 -0.060055315494537354 0.13189439475536346
v -0.1727248728275299 -0.058421790599823 0.13163922727108002
v -0.172565758228302 -0.058352887630462646 0.13163581490516663
v -0.172565758228302 -0.05828401446342468 0.13182076811790466
v -0.17284461855888367 -0.05859629437327385 0.13182009756565094
v -0.17279072105884552 -0.05858764424920082 0.13163505494594574
v -0.16992488503456116 -0.058352865278720856 6.67572024326546e-08
v -0.17008396983146667 -0.058186840265989304 7.698535773670301e-05
v -0.17014983296394348 -0.05811813101172447 0.00026267528301104903
v -0.1702156811952591 -0.05828423053026199 0.0002625703637022525
v -0.17037463188171387 -0.05835326388478279 0.00026247024652548134
v -0.17030878365039825 -0.05842192471027374 7.692336657783017e-05
v -0.17014983296394348 -0.05858764424920082 6.67572024326546e-08
v -0.16999076306819916 -0.05851875618100166 6.67572024326546e-08
v -0.16992488503456116 -0.057267505675554276 6.67572024326546e-08
v -0.17014983296394348 -0.05703273043036461 6.67572024326546e-08
v -0.170308917760849 -0.05719876289367676 7.698535773670301e-05
v -0.170374795794487 -0.057267505675554276 0.00026267528301104903
v -0.17021571099758148 -0.057336289435625076 0.00026267528301104903
v -0.17014983296394348 -0.05750231072306633 0.00026267528301104903
v -0.17008396983146667 -0.05743350461125374 7.698535773670301e-05
v -0.16999076306819916 -0.05710148066282272 6.67572024326546e-08
v -0.1702156960964203 -0.05828412249684334 0.13163594901561737
v -0.1701498180627823 -0.05811811611056328 0.13163629174232483
v -0.1702156960964203 -0.05811813101172447 0.13182203471660614
v -0.1703747659921646 -0.05811811611056328 0.131898894906044
v -0.1703747659921646 -0.05828412249684334 0.1318216472864151
v -0.1703747659921646 -0.058352865278720856 0.13163581490516663
v -0.1702156960964203 -0.057336289435625076 0.13163799047470093
v -0.1703747659921646 -0.05726747214794159 0.13163810968399048
v -0.17037490010261536 -0.05733635276556015 0.1318235695362091
v -0.1703750044107437 -0.05750253051519394 0.13190017640590668
v -0.17021580040454865 -0.057502370327711105 0.1318233460187912
v -0.1701498180627823 -0.05750231072306633 0.1316376030445099
v -0.1727248728275299 -0.05719861760735512 0.1316414177417755
v -0.17279072105884552 -0.05703272297978401 0.13163810968399048
v -0.17284910380840302 -0.05702700465917587 0.131822869181633
v -0.172565758228302 -0.05733649060130119 0.13182291388511658
v -0.172565758228302 -0.057267505675554276 0.13163810968399048
v -0.17279072105884552 -0.05595159903168678 0.1315646916627884
v -0.17272359132766724 -0.0557863786816597 0.1315915286540985
v -0.1725558638572693 -0.055719226598739624 0.13162660598754883
v -0.1726580560207367 -0.055648721754550934 0.1318204402923584
v -0.17282412946224213 -0.05595159903168678 0.13180230557918549
v -0.1702156960964203 -0.05565047636628151 0.13163834810256958
v -0.1703747659921646 -0.05565047636628151 0.1318238079547882
v -0.1703747659921646 -0.055719226598739624 0.13163810968399048
v -0.1725633442401886 -0.06254886835813522 7.698535773670301e-05
v -0.17256326973438263 -0.06238285452127457 6.67572024326546e-08
v -0.17272235453128815 -0.06238386034965515 7.698535773670301e-05
v -0.17278823256492615 -0.06238418444991112 0.00026267528301104903
v -0.1727222353219986 -0.06254973262548447 0.00026256084674969316
v -0.17256326973438263 -0.06261762231588364 0.00026268482906743884
v -0.17256352305412292 -0.06106877699494362 7.699966226937249e-05
v -0.172563374042511 -0.06100001558661461 0.0002626991190481931
v -0.17272213101387024 -0.061066411435604095 0.0002641105675138533
v -0.17278829216957092 -0.06123240664601326 0.000265417096670717
v -0.17272239923477173 -0.061232633888721466 7.778167491778731e-05
v -0.1725633442401886 -0.06123485416173935 6.67572024326546e-08
v -0.1725633442401886 -0.05983671545982361 7.697581895627081e-05
v -0.1725633442401886 -0.05967071279883385 6.67572024326546e-08
v -0.17272239923477173 -0.05967071279883385 7.698535773670301e-05
v -0.17278829216957092 -0.05967072769999504 0.00026267528301104903
v -0.17272239923477173 -0.05983671545982361 0.00026267528301104903
v -0.1725633442401886 -0.05990546941757202 0.0002626609639264643
v -0.1725633442401886 -0.05842559039592743 7.698535773670301e-05
v -0.1725633442401886 -0.05835682153701782 0.00026267528301104903
v -0.1727224439382553 -0.058425769209861755 0.0002625703637022525
v -0.17278829216957092 -0.05859179049730301 0.00026247024652548134
v -0.17272239923477173 -0.05859176069498062 7.692336657783017e-05
v -0.1725633442401886 -0.058591585606336594 6.67572024326546e-08
v -0.1725633442401886 -0.05719876289367676 7.698535773670301e-05
v -0.1725633442401886 -0.05703273043036461 6.67572024326546e-08
v -0.17272239923477173 -0.05703273043036461 7.698535773670301e-05
v -0.17278829216957092 -0.05703273043036461 0.00026267528301104903
v -0.17272239923477173 -0.05719878524541855 0.0002626657369546592
v -0.1725633442401886 -0.057267505675554276 0.00026267528301104903
v -0.1725633442401886 -0.05578678846359253 7.698535773670301e-05
v -0.1725633442401886 -0.055718034505844116 0.00026267528301104903
v -0.17272239923477173 -0.05578678473830223 0.000262703892076388
v -0.17278829216957092 -0.0559527687728405 0.0002627372741699219
v -0.17272239923477173 -0.0559527687728405 7.699966226937249e-05
v -0.1725633442401886 -0.05595281347632408 6.67572024326546e-08
v -0.17301639914512634 -0.06235284358263016 0.13190072774887085
v -0.17288462817668915 -0.06268482655286789 0.13190072774887085
v -0.1725664883852005 -0.06282230466604233 0.13190072774887085
v -0.17256642878055573 -0.060816697776317596 0.13190044462680817
v -0.1730165034532547 -0.06128624454140663 0.13190072774887085
v -0.17256642878055573 -0.05811769887804985 0.13189759850502014
v -0.17288462817668915 -0.058263275772333145 0.13189704716205597
v -0.1730165034532547 -0.058605391532182693 0.13189609348773956
v -0.17301613092422485 -0.05702098086476326 0.13189943134784698
v -0.17288462817668915 -0.05736006423830986 0.13189920783042908
v -0.17256580293178558 -0.057502925395965576 0.13189922273159027
v -0.170150026679039 -0.06260347366333008 7.70902624935843e-05
v -0.17014983296394348 -0.055719226598739624 7.69901234889403e-05
v -0.1702449768781662 -0.06268685311079025 0.13178963959217072
v -0.17277215421199799 -0.06256745010614395 0.1318238079547882
v -0.17277243733406067 -0.06107151508331299 0.1318240910768509
v -0.1701507270336151 -0.061051130294799805 7.738113345112652e-05
v -0.17014983296394348 -0.05990545079112053 7.698535773670301e-05
v -0.17274846136569977 -0.05996773764491081 0.13180886209011078
v -0.17276498675346375 -0.05837571620941162 0.13182178139686584
v -0.1701497733592987 -0.05835290625691414 7.695197564316913e-05
v -0.17014983296394348 -0.057267505675554276 7.698535773670301e-05
v -0.170244961977005 -0.05825361609458923 0.13178762793540955
v -0.17024502158164978 -0.057366833090782166 0.13178949058055878
v -0.17276771366596222 -0.05724559351801872 0.13182376325130463
v -0.17276771366596222 -0.055746667087078094 0.1317697912454605
v -0.170244961977005 -0.05562002584338188 0.13178977370262146
v -0.17269304394721985 -0.0625191330909729 0.00011107921454822645
v -0.17269304394721985 -0.06109718978404999 0.00011171340884175152
v -0.1726931482553482 -0.059806182980537415 0.00011110782361356542
v -0.1726931482553482 -0.05845625698566437 0.00011106013698736206
v -0.1726931482553482 -0.05716821923851967 0.00011110782361356542
v -0.1726931482553482 -0.05581725388765335 0.0001111221281462349
v -0.17289747297763824 -0.0609416700899601 0.13189439475536346
v -0.15484607219696045 -0.09638816863298416 0.13182330131530762
v -0.15484607219696045 -0.09625367075204849 0.13174866139888763
v -0.15484607219696045 -0.0961979553103447 0.13163594901561737
v -0.1547674685716629 -0.0963919535279274 0.13163580000400543
v -0.1559283584356308 -0.09638263285160065 0.13181795179843903
v -0.15593095123767853 -0.09625188261270523 0.13174080848693848
v -0.15593209862709045 -0.09619788080453873 0.13163594901561737
v -0.15574294328689575 -0.09614060074090958 0.1316419392824173
v -0.15574288368225098 -0.096196748316288 0.13182076811790466
v -0.15574288368225098 -0.09633222222328186 0.13189488649368286
v -0.15601034462451935 -0.0963919535279274 0.13163580000400543
v -0.15503562986850739 -0.09614060074090958 0.13163627684116364
v -0.15503562986850739 -0.09619629383087158 0.13182443380355835
v -0.15503562986850739 -0.09633059054613113 0.13189920783042908
v -0.17043444514274597 -0.06098267063498497 0.1318233460187912
v -0.17027980089187622 -0.06098267808556557 0.13174867630004883
v -0.17021575570106506 -0.06098267808556557 0.13163594901561737
v -0.17043885588645935 -0.06105160713195801 0.13163581490516663
v -0.170428067445755 -0.06003374606370926 0.13181796669960022
v -0.17027781903743744 -0.060031458735466 0.13174083828926086
v -0.1702156662940979 -0.06003047153353691 0.13163594901561737
v -0.1703701615333557 -0.060196373611688614 0.13189491629600525
v -0.17021432518959045 -0.060196373611688614 0.13182082772254944
v -0.1701498180627823 -0.060196325182914734 0.13164196908473969
v -0.17043885588645935 -0.059961866587400436 0.13163581490516663
v -0.1701498180627823 -0.060816481709480286 0.13164407014846802
v -0.17021380364894867 -0.060816481709480286 0.13182447850704193
v -0.1703682690858841 -0.060816507786512375 0.13189922273159027
v 0.14301584661006927 -0.0980992466211319 0.13008369505405426
v 0.14305780827999115 -0.09855177998542786 0.13014501333236694
v 0.14336137473583221 -0.09859874844551086 0.13056720793247223
v 0.14295297861099243 -0.0937216728925705 0.13004547357559204
v 0.14284208416938782 -0.09370619803667068 0.12947487831115723
v 0.1413203328847885 -0.09370459616184235 0.13104794919490814
v 0.142107293009758 -0.09370652586221695 0.1303616613149643
v 0.14221274852752686 -0.0937216728925705 0.1309233009815216
v 0.1414465755224228 -0.0937216728925705 0.13166086375713348
v 0.14301557838916779 -0.09398719668388367 0.13008424639701843
v 0.142265185713768 -0.09398719668388367 0.13097436726093292
v 0.14149056375026703 -0.09398719668388367 0.13172076642513275
v 0.14846114814281464 -0.0986090674996376 0.1376400589942932
v 0.14867068827152252 -0.09866639971733093 0.13793648779392242
v 0.14870548248291016 -0.09887654334306717 0.13798381388187408
v 0.14871340990066528 -0.09973457455635071 0.1379958689212799
v 0.14866778254508972 -0.09989947080612183 0.1379392445087433
v 0.1485525518655777 -0.09995719790458679 0.13781557977199554
v 0.1388978362083435 -0.0937216728925705 0.13306079804897308
v 0.1388521045446396 -0.09370733052492142 0.13250510394573212
v 0.13891755044460297 -0.09398719668388367 0.13313516974449158
v 0.14227832853794098 -0.09995675086975098 0.1290479600429535
v 0.1414906084537506 -0.0980992466211319 0.1317206770181656
v 0.14226530492305756 -0.0980992466211319 0.13097409904003143
v 0.14257970452308655 -0.09859874844551086 0.13148316740989685
v 0.14176695048809052 -0.09859872609376907 0.13225658237934113
v 0.14584854245185852 -0.09860904514789581 0.14012542366981506
v 0.1472284346818924 -0.0986090674996376 0.13894547522068024
v 0.1474514752626419 -0.09887654334306717 0.1393071711063385
v 0.14604556560516357 -0.09887654334306717 0.14050628244876862
v 0.14605216681957245 -0.09973457455635071 0.14051924645900726
v 0.14745879173278809 -0.09973457455635071 0.13931964337825775
v 0.14731578528881073 -0.09995712339878082 0.1391133815050125
v 0.14592838287353516 -0.09995689988136292 0.14029553532600403
v 0.14090177416801453 -0.09995675086975098 0.13058288395404816
v 0.14159372448921204 -0.09995675086975098 0.129890576004982
v 0.13891759514808655 -0.0980992466211319 0.13313516974449158
v 0.13905583322048187 -0.09859872609376907 0.13373446464538574
v 0.14105252921581268 -0.09860904514789581 0.14257951080799103
v 0.14115452766418457 -0.09887654334306717 0.14300605654716492
v 0.14115817844867706 -0.09973457455635071 0.1430203914642334
v 0.14109498262405396 -0.09995675086975098 0.14276698231697083
v 0.13863085210323334 -0.09995675086975098 0.1318594068288803
v 0.14213161170482635 -0.09958645701408386 0.12884259223937988
v 0.1420220583677292 -0.09630082547664642 0.12913575768470764
v 0.14145925641059875 -0.09958897531032562 0.12967385351657867
v 0.14078234136104584 -0.09959770739078522 0.13035425543785095
v 0.1403827667236328 -0.09630098193883896 0.13089381158351898
v 0.14126981794834137 -0.09627391397953033 0.13011792302131653
v 0.14230382442474365 -0.09855177998542786 0.13103821873664856
v 0.1415247917175293 -0.09855175763368607 0.13178792595863342
v 0.14741985499858856 -0.09866639971733093 0.13925690948963165
v 0.14601768553256989 -0.09866636246442795 0.14045313000679016
v 0.14741846919059753 -0.09989947080612183 0.13925817608833313
v 0.1460169553756714 -0.09989947080612183 0.14045371115207672
v 0.14217424392700195 -0.09989947080612183 0.12890249490737915
v 0.14149907231330872 -0.09989947080612183 0.1297367811203003
v 0.14081840217113495 -0.09989947080612183 0.13042081892490387
v 0.13893549144268036 -0.09855175763368607 0.1332097351551056
v 0.1411396563053131 -0.09866634011268616 0.1429465413093567
v 0.14113977551460266 -0.09989947080612183 0.14294648170471191
v 0.13858811557292938 -0.09989947080612183 0.13167929649353027
v 0.13856828212738037 -0.09964817762374878 0.1316044181585312
v 0.14195145666599274 -0.09619813412427902 0.1290300190448761
v 0.14182357490062714 -0.09612260013818741 0.12890736758708954
v 0.14118316769599915 -0.09619822353124619 0.12997709214687347
v 0.14032281935214996 -0.09619822353124619 0.13078175485134125
v 0.1411062628030777 -0.09612257778644562 0.12983344495296478
v 0.14023457467556 -0.09612260013818741 0.13058610260486603
v 0.13934758305549622 -0.09963057190179825 0.13131870329380035
v 0.140082448720932 -0.09961240738630295 0.1309024542570114
v 0.13979396224021912 -0.0937216728925705 0.1327349692583084
v 0.14064249396324158 -0.0937216728925705 0.13226719200611115
v 0.1398220658302307 -0.09398719668388367 0.13280604779720306
v 0.1406785398721695 -0.09398719668388367 0.13233357667922974
v 0.13969774544239044 -0.09370416402816772 0.1320907026529312
v 0.14054331183433533 -0.09370563179254532 0.1316760629415512
v 0.13982215523719788 -0.0980992466211319 0.13280604779720306
v 0.14067859947681427 -0.0980992466211319 0.13233356177806854
v 0.13984577357769012 -0.09855175763368607 0.13287879526615143
v 0.14070776104927063 -0.09855175763368607 0.13240377604961395
v 0.1400085836648941 -0.09859872609376907 0.13338901102542877
v 0.1409117430448532 -0.09859872609376907 0.1328948587179184
v 0.142733633518219 -0.09860904514789581 0.14197655022144318
v 0.14434248208999634 -0.09860904514789581 0.1411495953798294
v 0.14284950494766235 -0.09866634011268616 0.14233332872390747
v 0.14448614418506622 -0.09866634011268616 0.14149297773838043
v 0.14286893606185913 -0.09887654334306717 0.14239129424095154
v 0.1445099413394928 -0.09887654334306717 0.14154872298240662
v 0.1428735852241516 -0.09973457455635071 0.14240530133247375
v 0.14451561868190765 -0.09973457455635071 0.14156226813793182
v 0.1428493708372116 -0.09989947080612183 0.14233340322971344
v 0.14448580145835876 -0.09989947080612183 0.14149320125579834
v 0.14278946816921234 -0.09995675086975098 0.14215898513793945
v 0.14441156387329102 -0.09995682537555695 0.1413256675004959
v 0.1394301801919937 -0.09995675086975098 0.1315673291683197
v 0.14018429815769196 -0.09995675086975098 0.13114207983016968
v 0.13937325775623322 -0.09989947080612183 0.13139165937900543
v 0.1401136964559555 -0.09989947080612183 0.13097257912158966
v 0.14528979361057281 -0.09809919446706772 0.1251855194568634
v 0.14533984661102295 -0.09855184704065323 0.12523706257343292
v 0.14528888463974 -0.09398721158504486 0.12518556416034698
v 0.1452292948961258 -0.0937216728925705 0.1251469999551773
v 0.14561298489570618 -0.09859881550073624 0.12586075067520142
v 0.15160365402698517 -0.09860911965370178 0.1316443383693695
v 0.15185591578483582 -0.09866636991500854 0.13188865780830383
v 0.14506441354751587 -0.09371016174554825 0.12477817386388779
v 0.15189723670482635 -0.09887655079364777 0.13192695379257202
v 0.15190716087818146 -0.09973451495170593 0.13193641602993011
v 0.15185730159282684 -0.09989957511425018 0.13188520073890686
v 0.1517581194639206 -0.0999373346567154 0.1317972093820572
v 0.14435464143753052 -0.09995682537555695 0.12454698234796524
v 0.14423277974128723 -0.0998995304107666 0.1244255006313324
v 0.14418290555477142 -0.09959299862384796 0.12437430769205093
v 0.14415761828422546 -0.09633790701627731 0.12441030144691467
v 0.14410550892353058 -0.09619811922311783 0.12437669187784195
v 0.14364995062351227 -0.09809926897287369 0.12914057075977325
v 0.1436944603919983 -0.09855177998542786 0.12919925153255463
v 0.1436493843793869 -0.09398719668388367 0.1291416734457016
v 0.14357338845729828 -0.0937216728925705 0.1291216015815735
v 0.14402104914188385 -0.09859874844551086 0.12959718704223633
v 0.14948035776615143 -0.0986090674996376 0.1362638771533966
v 0.14970478415489197 -0.09866639971733093 0.13654595613479614
v 0.1434563547372818 -0.09370756894350052 0.12861455976963043
v 0.1497424989938736 -0.09887654334306717 0.13659000396728516
v 0.1497507393360138 -0.09973457455635071 0.13660192489624023
v 0.14969894289970398 -0.09989947080612183 0.1365518718957901
v 0.14957298338413239 -0.0999564528465271 0.13646622002124786
v 0.1428598165512085 -0.09995678812265396 0.12815406918525696
v 0.1427479386329651 -0.09989949315786362 0.12801772356033325
v 0.14270304143428802 -0.0995878353714943 0.1279604285955429
v 0.14263837039470673 -0.0963238775730133 0.12811525166034698
v 0.14258278906345367 -0.09619798511266708 0.12804046273231506
v 0.14243333041667938 -0.09612260013818741 0.12793494760990143
v 0.14415545761585236 -0.0980992466211319 0.12821227312088013
v 0.14459899067878723 -0.0980992466211319 0.1273031234741211
v 0.1442013382911682 -0.09855183213949203 0.1282694786787033
v 0.1446482241153717 -0.09855183213949203 0.12735475599765778
v 0.14415434002876282 -0.09398719668388367 0.12821438908576965
v 0.1445966511964798 -0.09398719668388367 0.12730757892131805
v 0.1445445865392685 -0.09859874844551086 0.12864479422569275
v 0.14499883353710175 -0.09859881550073624 0.1277206987142563
v 0.1440596729516983 -0.0937216728925705 0.12822626531124115
v 0.14453625679016113 -0.0937216728925705 0.12725910544395447
v 0.14393049478530884 -0.09370813518762589 0.12774592638015747
v 0.14442184567451477 -0.09370937943458557 0.12675891816616058
v 0.15024195611476898 -0.09860910475254059 0.13495928049087524
v 0.1507861614227295 -0.09860910475254059 0.1338953822851181
v 0.15047645568847656 -0.09866639971733093 0.1352306455373764
v 0.15102511644363403 -0.09866639971733093 0.13416354358196259
v 0.15051665902137756 -0.09887654334306717 0.13527122139930725
v 0.15106448531150818 -0.09887654334306717 0.13420602679252625
v 0.15052485466003418 -0.09973457455635071 0.13528354465961456
v 0.1510721892118454 -0.09973457455635071 0.13421951234340668
v 0.15046565234661102 -0.09989949315786362 0.13524392247200012
v 0.15103259682655334 -0.0998995304107666 0.13414447009563446
v 0.15032599866390228 -0.09995346516370773 0.13522402942180634
v 0.1509186178445816 -0.09994687885046005 0.13410106301307678
v 0.1433316022157669 -0.09995682537555695 0.12726527452468872
v 0.1437646597623825 -0.09995682537555695 0.12636065483093262
v 0.14321394264698029 -0.0998995304107666 0.12713809311389923
v 0.14364337921142578 -0.0998995304107666 0.12623977661132812
v 0.14316768944263458 -0.09959018230438232 0.1270821988582611
v 0.14359353482723236 -0.09959184378385544 0.12618990242481232
v 0.14312320947647095 -0.09633041173219681 0.1271788775920868
v 0.14355383813381195 -0.0963352769613266 0.1262638121843338
v 0.14307063817977905 -0.0961979478597641 0.1271161586046219
v 0.14350560307502747 -0.09619798511266708 0.1262061595916748
v 0.14332212507724762 -0.09612260013818741 0.12612493336200714
v 0.14290089905261993 -0.09612257778644562 0.12702390551567078
v -0.1733696013689041 -0.09991558641195297 0.1435254067182541
v -0.17393352091312408 -0.09979794919490814 0.14352582395076752
v -0.17441165447235107 -0.09947405010461807 0.14352603256702423
v -0.17473304271697998 -0.09899191558361053 0.1435258984565735
v -0.17485015094280243 -0.09842297434806824 0.14352548122406006
v -0.17484909296035767 -0.0984310433268547 0.13216331601142883
v -0.17473146319389343 -0.09899649769067764 0.13216331601142883
v -0.17440874874591827 -0.09947576373815536 0.13216331601142883
v -0.17392875254154205 -0.09979773312807083 0.13216331601142883
v -0.17336255311965942 -0.09991482645273209 0.13216331601142883
v -0.1700819432735443 -0.09460804611444473 0.00026275156415067613
v -0.16996657848358154 -0.09517465531826019 0.00026271818205714226
v -0.16964435577392578 -0.09565507620573044 0.0002626895729918033
v -0.16916359961032867 -0.09597718715667725 0.00026267050998285413
v -0.16859640181064606 -0.09609276801347733 0.0002626657369546592
v -0.16859667003154755 -0.09609276801347733 0.13163810968399048
v -0.1691637635231018 -0.09597710520029068 0.13163810968399048
v -0.16964441537857056 -0.09565466642379761 0.13163810968399048
v -0.16996657848358154 -0.09517385065555573 0.13163810968399048
v -0.17008191347122192 -0.09460675716400146 0.13163810968399048
v -0.17477743327617645 -0.09839151054620743 0.14370842278003693
v -0.174656480550766 -0.09895160794258118 0.14370852708816528
v -0.17432916164398193 -0.09942802041769028 0.14370094239711761
v -0.1738337278366089 -0.09974480420351028 0.14370852708816528
v -0.17325374484062195 -0.09986056387424469 0.14370837807655334
v -0.17368698120117188 -0.09956156462430954 0.14376720786094666
v -0.17416249215602875 -0.09930527210235596 0.14376187324523926
v -0.17442621290683746 -0.09887702018022537 0.14378362894058228
v -0.17456293106079102 -0.09836990386247635 0.14378362894058228
v -0.17307761311531067 -0.0996616929769516 0.14377903938293457
v -0.17481070756912231 -0.09839890152215958 0.13200312852859497
v -0.17469537258148193 -0.09896499663591385 0.1320057511329651
v -0.17437228560447693 -0.09944483637809753 0.13200651109218597
v -0.17389008402824402 -0.09976626932621002 0.13200536370277405
v -0.17332132160663605 -0.09988094121217728 0.13200248777866364
v -0.1700485646724701 -0.09458243101835251 0.00010726928303483874
v -0.16993366181850433 -0.09514801949262619 0.00010830879182321951
v -0.16960982978343964 -0.09562750905752182 0.00010832786210812628
v -0.16912595927715302 -0.09594833850860596 0.00010732650844147429
v -0.16855520009994507 -0.0960620865225792 0.00010545730037847534
v -0.1686364859342575 -0.0961492583155632 0.1318238377571106
v -0.16921332478523254 -0.0960351824760437 0.1318238377571106
v -0.16970224678516388 -0.09571758657693863 0.1318238377571106
v -0.17002986371517181 -0.09524410218000412 0.1318238377571106
v -0.1701471358537674 -0.09468560665845871 0.1318238377571106
v -0.16875550150871277 -0.09626311808824539 0.13190068304538727
v -0.1693606674671173 -0.09618435800075531 0.13190068304538727
v -0.16985028982162476 -0.09584292024374008 0.13190068304538727
v -0.17018742859363556 -0.09541726857423782 0.13190068304538727
v -0.17030006647109985 -0.09479052573442459 0.13190068304538727
v -0.16979722678661346 -0.09506070613861084 5.2452087118126656e-08
v -0.16946180164813995 -0.09552540630102158 5.2452087118126656e-08
v -0.16895996034145355 -0.09583596140146255 4.768371297814156e-08
v -0.16836810111999512 -0.09594496339559555 4.768371297814156e-08
v -0.16991540789604187 -0.09451233595609665 5.2452087118126656e-08
v -0.17301353812217712 -0.09959479421377182 0.13190068304538727
v -0.17358414828777313 -0.09948091953992844 0.13190068304538727
v -0.17406785488128662 -0.0991578921675682 0.13190068304538727
v -0.17439106106758118 -0.09867467731237411 0.13190068304538727
v -0.17450469732284546 -0.09810478985309601 0.13190068304538727
v -0.16840684413909912 -0.0945792868733406 5.2452087118126656e-08
v -0.17367009818553925 -0.09835393726825714 0.14376884698867798
v -0.17339158058166504 -0.09835033863782883 0.14370831847190857
v -0.17332418262958527 -0.0983496904373169 0.14332950115203857
v -0.1733192354440689 -0.0982300266623497 0.13412053883075714
v -0.1730090081691742 -0.09852835536003113 0.13360148668289185
v -0.1730041652917862 -0.09855164587497711 0.13412046432495117
v -0.17299538850784302 -0.09855756908655167 0.14332935214042664
v -0.1729961484670639 -0.09861595928668976 0.1437082588672638
v -0.17305128276348114 -0.098825603723526 0.14376884698867798
v -0.1732930839061737 -0.09821564704179764 0.13360179960727692
v -0.17483258247375488 -0.05843225494027138 0.1319776177406311
v -0.17489849030971527 -0.05843225494027138 0.13216331601142883
v 0.1721228063106537 -0.09598303586244583 0.02787001058459282
v 0.17222648859024048 -0.0959368422627449 0.05394711717963219
v 0.171869695186615 -0.09578824043273926 0.027615657076239586
v 0.17205654084682465 -0.09591972082853317 0.027690261602401733
v 0.1717870682477951 -0.0961407795548439 0.027866339311003685
v 0.1712944060564041 -0.09612260013818741 0.0278612170368433
v 0.17168644070625305 -0.09608336538076401 0.02768586575984955
v 0.17126727104187012 -0.09608336538076401 0.027680782601237297
v 0.17229846119880676 -0.09571685642004013 0.02787202224135399
v 0.17229846119880676 -0.09530157595872879 0.027870887890458107
v 0.17222930490970612 -0.0956561416387558 0.027692575007677078
v 0.17222930490970612 -0.09529515355825424 0.027692236006259918
v 0.17233386635780334 -0.09570976346731186 0.05398169904947281
v 0.17232029139995575 -0.09529370069503784 0.05402347072958946
v 0.17197780311107635 -0.09608606994152069 0.05390867590904236
v 0.17169170081615448 -0.09612257778644562 0.05387662351131439
v 0.17206096649169922 -0.09527558833360672 0.027617983520030975
v 0.17202430963516235 -0.09558165073394775 0.027617650106549263
v 0.17158938944339752 -0.09591413289308548 0.027612188830971718
v 0.1712464541196823 -0.09593553096055984 0.027607902884483337
v 0.17227168381214142 -0.09599383920431137 0.05424197018146515
v 0.17230457067489624 -0.0988391563296318 0.055722855031490326
vt 0.3403051793575287 0.7718437910079956
vt 0.3403231203556061 0.771950900554657
vt 0.302756130695343 0.7719398140907288
vt 0.30277401208877563 0.7718327045440674
vt 0.8714117407798767 1.4233410358428955
vt 0.8715282678604126 1.423519253730774
vt 0.8338899612426758 1.4235155582427979
vt 0.8340064883232117 1.4233373403549194
vt 0.8995763659477234 1.428364634513855
vt 0.8058959245681763 1.4283554553985596
vt 0.8994960188865662 1.4286267757415771
vt 0.8059762716293335 1.4286175966262817
vt 1.2747129201889038 0.3542689383029938
vt 1.2747093439102173 0.3544653356075287
vt 1.1794341802597046 0.35471245646476746
vt 1.1794289350509644 0.35451605916023254
vt 1.2736194133758545 0.3844873011112213
vt 1.1809808015823364 0.3855811655521393
vt 1.2736200094223022 0.3845745623111725
vt 1.1809816360473633 0.3856683671474457
vt 1.2736231088638306 0.38465747237205505
vt 1.1809800863265991 0.38575130701065063
vt 1.2518980503082275 0.531181812286377
vt 1.2049816846847534 0.5311447978019714
vt 1.251893401145935 0.5312662124633789
vt 1.2049870491027832 0.5312292575836182
vt 0.2514301836490631 1.3485337495803833
vt 0.25142809748649597 1.3486307859420776
vt 0.20353831350803375 1.3486307859420776
vt 0.2035362422466278 1.3485337495803833
vt 0.2514289617538452 1.4160584211349487
vt 0.2035374641418457 1.4160584211349487
vt 0.2514295279979706 1.4163601398468018
vt 0.20353688299655914 1.4163601398468018
vt 0.10985323041677475 1.1934258937835693
vt 0.10996617376804352 1.1936222314834595
vt 0.06318016350269318 1.1936222314834595
vt 0.06329311430454254 1.1934258937835693
vt 0.11313320696353912 1.2004598379135132
vt 0.060013141483068466 1.2004598379135132
vt 0.11313531547784805 1.2005908489227295
vt 0.06001102551817894 1.2005908489227295
vt 0.6086601614952087 1.4160757064819336
vt 0.6086614727973938 1.4158596992492676
vt 0.5467682480812073 1.4158596992492676
vt 0.5467695593833923 1.4160757064819336
vt 0.6086617708206177 1.4118576049804688
vt 0.5467680096626282 1.4118576049804688
vt 0.6086617708206177 1.4117175340652466
vt 0.5467680096626282 1.4117175340652466
vt 0.6086617708206177 1.411797046661377
vt 0.5467680096626282 1.411797046661377
vt 0.6086617708206177 1.4121432304382324
vt 0.5467680096626282 1.4121432304382324
vt 0.6086617708206177 1.4122533798217773
vt 0.5467680096626282 1.4122533798217773
vt 0.6086617708206177 1.4123597145080566
vt 0.5467680096626282 1.4123597145080566
vt 0.6086617708206177 1.4173001050949097
vt 0.5467680096626282 1.4173001050949097
vt 0.6086617708206177 1.4173552989959717
vt 0.5467680096626282 1.4173552989959717
vt 0.4542662501335144 0.7579116225242615
vt 0.45426562428474426 0.7580766081809998
vt 0.401089608669281 0.7580766081809998
vt 0.40108898282051086 0.7579116225242615
vt 0.4493866562843323 0.7631938457489014
vt 0.4059686064720154 0.7632160186767578
vt 0.44934773445129395 0.7632659077644348
vt 0.4060075283050537 0.7633841037750244
vt 1.150992751121521 1.3586539030075073
vt 1.1509981155395508 1.3585467338562012
vt 1.1978157758712769 1.3585466146469116
vt 1.1978211402893066 1.3586537837982178
vt 1.1509981155395508 1.28745698928833
vt 1.1978157758712769 1.28745698928833
vt 1.1509981155395508 1.287353277206421
vt 1.1978157758712769 1.287353277206421
vt 1.2430839538574219 1.1324101686477661
vt 1.2430839538574219 1.1324857473373413
vt 1.1998215913772583 1.1324857473373413
vt 1.1998215913772583 1.1324101686477661
vt 1.268918514251709 1.133982539176941
vt 1.1739869117736816 1.133982539176941
vt 1.268918514251709 1.1354845762252808
vt 1.1739869117736816 1.1354845762252808
vt 1.268918514251709 1.137908935546875
vt 1.1739869117736816 1.137908935546875
vt 1.268918514251709 1.2803829908370972
vt 1.1739869117736816 1.2803829908370972
vt 1.268918514251709 1.2819124460220337
vt 1.1739869117736816 1.2819124460220337
vt 1.268918514251709 1.2825441360473633
vt 1.1739869117736816 1.2825441360473633
vt 1.268918514251709 1.2833499908447266
vt 1.1739869117736816 1.2833499908447266
vt 1.268918514251709 1.283446192741394
vt 1.1739869117736816 1.283446192741394
vt 0.7697609066963196 0.7722155451774597
vt 0.7697609066963196 0.772316038608551
vt 0.6622722148895264 0.7723159193992615
vt 0.6622722148895264 0.7722154259681702
vt 0.7697609066963196 0.774275004863739
vt 0.6622722148895264 0.7742748260498047
vt 0.7696957588195801 0.8016811609268188
vt 0.7696967124938965 0.8017801642417908
vt 0.6623364090919495 0.8017799854278564
vt 0.6623373031616211 0.8016809821128845
vt 0.7696975469589233 0.8018656969070435
vt 0.6623355746269226 0.8018655180931091
vt 0.7696982026100159 0.8058943152427673
vt 0.6623348593711853 0.805894136428833
vt 0.7696986794471741 0.8059396147727966
vt 0.6623343825340271 0.8059394359588623
vt 0.7696990966796875 0.8059048056602478
vt 0.6623339653015137 0.8059046864509583
vt 0.7371754050254822 0.7965232729911804
vt 0.6947951912879944 0.7965232133865356
vt 0.737153947353363 0.796489417552948
vt 0.6948167085647583 0.7964893579483032
vt 0.7371450066566467 0.7965351343154907
vt 0.6948256492614746 0.796535074710846
vt 0.737144947052002 0.7981676459312439
vt 0.6948256492614746 0.7981675863265991
vt 0.737144947052002 0.7982653975486755
vt 0.6948255896568298 0.7982653379440308
vt 1.1346396207809448 0.3264865279197693
vt 1.1346396207809448 0.32657963037490845
vt 1.0958870649337769 0.32657963037490845
vt 1.0958870649337769 0.3264865279197693
vt 1.1346396207809448 0.32888534665107727
vt 1.0958870649337769 0.32888534665107727
vt 1.1345678567886353 0.3289841413497925
vt 1.0959588289260864 0.3289841413497925
vt 1.134553074836731 0.32900747656822205
vt 1.0959737300872803 0.32900747656822205
vt 1.1345521211624146 0.32902026176452637
vt 1.0959745645523071 0.32902026176452637
vt 1.1345678567886353 0.32900285720825195
vt 1.0959588289260864 0.32900285720825195
vt 0.7907119989395142 0.8390231132507324
vt 0.7908415794372559 0.8390721678733826
vt 0.7208590507507324 0.8390721678733826
vt 0.7209885716438293 0.8390231132507324
vt 0.7932513356208801 0.8388658761978149
vt 0.7184492945671082 0.8388658761978149
vt 0.7932513356208801 0.8389148712158203
vt 0.7184492945671082 0.8389148712158203
vt 0.7932513356208801 0.8390582799911499
vt 0.7184492945671082 0.8390582799911499
vt 0.7932513356208801 0.8400049209594727
vt 0.7184492945671082 0.8400049209594727
vt 0.7932513356208801 0.8401587009429932
vt 0.7184492945671082 0.8401587009429932
vt 0.7932513356208801 0.8402327299118042
vt 0.7184492945671082 0.8402327299118042
vt 0.7908415794372559 0.8404390215873718
vt 0.7208590507507324 0.8404390215873718
vt 0.7907119989395142 0.8405130505561829
vt 0.7209885716438293 0.8405130505561829
vt 0.7906809449195862 0.8406022191047668
vt 0.7210196852684021 0.8406022191047668
vt 0.7906583547592163 0.8408441543579102
vt 0.721042275428772 0.8408441543579102
vt 0.7906583547592163 0.8409256339073181
vt 0.721042275428772 0.8409256339073181
vt 0.3400239944458008 0.7603119611740112
vt 0.3400222361087799 0.760410487651825
vt 0.30303576588630676 0.7604974508285522
vt 0.3030336797237396 0.7603989243507385
vt 0.3402058780193329 0.7710846066474915
vt 0.30287277698516846 0.771073579788208
vt 0.34023529291152954 0.7711774706840515
vt 0.30284348130226135 0.7711663842201233
vt 0.3403046727180481 0.7712159156799316
vt 0.3027741312980652 0.7712048292160034
vt 1.269433856010437 1.2819124460220337
vt 1.269433856010437 1.2825441360473633
vt 1.269433856010437 1.2803829908370972
vt 1.269433856010437 1.2810146808624268
vt 1.269433856010437 1.1348655223846436
vt 1.269433856010437 1.1354845762252808
vt 1.269433856010437 1.1363701820373535
vt 1.269433856010437 1.1370238065719604
vt 1.269433856010437 1.1379088163375854
vt 1.269433856010437 1.279484510421753
vt 1.2695316076278687 1.13777494430542
vt 1.2694625854492188 1.137813925743103
vt 1.2694625854492188 1.1371195316314697
vt 1.2695316076278687 1.1371577978134155
vt 1.2695316076278687 1.2802468538284302
vt 1.2694624662399292 1.2802866697311401
vt 1.2694624662399292 1.27958083152771
vt 1.2695316076278687 1.27962064743042
vt 1.2695316076278687 1.2817763090133667
vt 1.2694624662399292 1.2818161249160767
vt 1.2694624662399292 1.2811110019683838
vt 1.2695316076278687 1.2811508178710938
vt 1.2695316076278687 1.1362361907958984
vt 1.2694624662399292 1.1362754106521606
vt 1.2694624662399292 1.135579228401184
vt 1.2695316076278687 1.1356185674667358
vt 1.2695316076278687 1.134731650352478
vt 1.2694624662399292 1.1347708702087402
vt 1.2694624662399292 1.1340771913528442
vt 1.2695316076278687 1.1341164112091064
vt 0.8462275266647339 0.3450000286102295
vt 0.8462200164794922 0.34476587176322937
vt 0.6843680143356323 0.3272537291049957
vt 0.6843727827072144 0.3274874985218048
vt 1.4300775527954102 0.19082152843475342
vt 1.4298574924468994 0.19082152843475342
vt 1.4298574924468994 0.045847248286008835
vt 1.4300775527954102 0.045847248286008835
vt 0.6351653933525085 1.4158340692520142
vt 0.6351684331893921 1.4118309020996094
vt 0.6350502371788025 1.4118320941925049
vt 0.6349804401397705 1.4158358573913574
vt 0.8549520373344421 0.3501781225204468
vt 0.8549479842185974 0.3459639549255371
vt 0.8547744750976562 0.345943421125412
vt 0.8547701835632324 0.3501565456390381
vt 0.634972095489502 1.4160512685775757
vt 0.63252854347229 1.415859580039978
vt 0.6325265169143677 1.4160757064819336
vt 1.1458089351654053 1.3585492372512817
vt 1.1456751823425293 1.3585386276245117
vt 1.1456751823425293 1.2874596118927002
vt 1.1458089351654053 1.2874594926834106
vt 1.1455823183059692 1.3585104942321777
vt 1.1455227136611938 1.2874596118927002
vt 1.1458022594451904 1.358652949333191
vt 1.1508612632751465 1.3585467338562012
vt 1.1508846282958984 1.3586539030075073
vt 1.14559805393219 1.3586530685424805
vt 1.1443793773651123 1.3586543798446655
vt 1.1443794965744019 1.3585537672042847
vt 1.1509268283843994 1.3585467338562012
vt 1.1509268283843994 1.28745698928833
vt 1.1508612632751465 1.28745698928833
vt 0.2517305314540863 1.416058897972107
vt 0.25159746408462524 1.416048526763916
vt 0.25160250067710876 1.3486307859420776
vt 0.25174471735954285 1.3486310243606567
vt 0.25172552466392517 1.4163607358932495
vt 0.2545505464076996 1.4160658121109009
vt 0.2545469403266907 1.416367530822754
vt 0.25486502051353455 1.416367530822754
vt 0.2548653781414032 1.4160659313201904
vt 0.2756179869174957 1.4160668849945068
vt 0.27562612295150757 1.4163682460784912
vt 0.2546873986721039 1.4160658121109009
vt 0.25469306111335754 1.3486372232437134
vt 0.25486627221107483 1.3486363887786865
vt 0.2545605003833771 1.3486380577087402
vt 1.4153828620910645 0.556056022644043
vt 1.4155094623565674 0.5560478568077087
vt 1.4155094623565674 0.7012752890586853
vt 1.4153895378112793 0.7012753486633301
vt 0.8463608026504517 0.3435894846916199
vt 0.8463666439056396 0.34365546703338623
vt 0.6845113039016724 0.3261430263519287
vt 0.6845054626464844 0.32607704401016235
vt 0.8463666439056396 0.3488549590110779
vt 0.8463608026504517 0.3489589989185333
vt 0.6845054626464844 0.3314465582370758
vt 0.6845113039016724 0.33134251832962036
vt 0.8463439345359802 0.34904879331588745
vt 0.6844886541366577 0.33153635263442993
vt 0.7822399139404297 1.4039745330810547
vt 0.7821627855300903 1.4039745330810547
vt 0.7821879982948303 1.3384582996368408
vt 0.7822675108909607 1.3384582996368408
vt 0.2756873369216919 1.4160667657852173
vt 0.2755936086177826 1.348634123802185
vt 0.2756648063659668 1.3486340045928955
vt 1.4275935888290405 0.045847248286008835
vt 1.4277311563491821 0.045847248286008835
vt 1.4277311563491821 0.19082152843475342
vt 1.4275935888290405 0.19082152843475342
vt 0.9323305487632751 1.4039744138717651
vt 0.9323269128799438 1.4042673110961914
vt 0.7822306752204895 1.4042673110961914
vt 0.8547765612602234 0.35031065344810486
vt 0.8549951910972595 0.3503364324569702
vt 0.8548287749290466 0.3502720594406128
vt 0.8551708459854126 0.3503122925758362
vt 0.6350505948066711 1.4116934537887573
vt 0.6352019309997559 1.4116920232772827
vt 0.6350526809692383 1.4117752313613892
vt 0.6353222727775574 1.4117729663848877
vt 1.2952580451965332 0.7443275451660156
vt 1.29509437084198 0.7443379163742065
vt 1.2947338819503784 0.7069371342658997
vt 1.2948957681655884 0.7069199681282043
vt 0.6678568720817566 0.2887299656867981
vt 0.6679381132125854 0.2887396514415741
vt 0.6773884296417236 0.3218945264816284
vt 0.6773260831832886 0.32192376255989075
vt 0.6617875695228577 0.28874775767326355
vt 0.6617065072059631 0.2887108623981476
vt 0.6616987586021423 0.2880879044532776
vt 0.6617937088012695 0.2880786955356598
vt 0.3716425597667694 0.7728778123855591
vt 0.37154632806777954 0.7728675603866577
vt 0.3715651035308838 0.7721987366676331
vt 0.37165749073028564 0.7721986174583435
vt 0.3715474605560303 0.7729614973068237
vt 0.3710985481739044 0.7729433178901672
vt 0.37110093235969543 0.7728531956672668
vt 0.6616593599319458 0.28884419798851013
vt 0.6617022752761841 0.2889268100261688
vt 0.6616255044937134 0.2892155945301056
vt 0.6615797281265259 0.28913360834121704
vt 0.9019026756286621 1.4235514402389526
vt 0.902016818523407 1.423569679260254
vt 0.9020105004310608 1.428369402885437
vt 0.9017720222473145 1.4283663034439087
vt 0.661803126335144 0.28930190205574036
vt 0.6618911027908325 0.28937792778015137
vt 0.667218804359436 0.2899516820907593
vt 0.6671728491783142 0.2898906469345093
vt 0.370889812707901 0.7728436589241028
vt 0.37087443470954895 0.772920548915863
vt 0.36974823474884033 0.7728708982467651
vt 0.3697524964809418 0.7727724313735962
vt 0.9019328951835632 1.4233477115631104
vt 0.9008012413978577 1.4235363006591797
vt 0.9008071422576904 1.4233498573303223
vt 0.9017801284790039 1.4286384582519531
vt 0.8997041583061218 1.4286274909973145
vt 1.4298574924468994 0.001953125
vt 1.4298574924468994 0.0020514465868473053
vt 1.4277311563491821 0.0020514465868473053
vt 1.4277311563491821 0.001953125
vt 1.27479088306427 0.3544794023036957
vt 1.2737014293670654 0.3844873309135437
vt 0.9472501873970032 1.3653833866119385
vt 0.9471766948699951 1.365445613861084
vt 0.9329807162284851 1.3384263515472412
vt 0.9330698847770691 1.3384251594543457
vt 1.2951018810272217 0.7444789409637451
vt 1.2952631711959839 0.7444347143173218
vt 1.2954936027526855 0.7466341257095337
vt 1.2954015731811523 0.746673047542572
vt 0.6678146719932556 0.28866714239120483
vt 0.6617882251739502 0.2880127727985382
vt 1.2950977087020874 0.7444244623184204
vt 1.2933954000473022 0.7444527745246887
vt 1.2933926582336426 0.7443671822547913
vt 1.2933987379074097 0.7445069551467896
vt 1.2933250665664673 0.7445437908172607
vt 1.2936228513717651 0.7466895580291748
vt 1.2935501337051392 0.7467265725135803
vt 1.2933180332183838 0.7443796992301941
vt 1.2929508686065674 0.7069554924964905
vt 1.293025255203247 0.7069416642189026
vt 1.2954059839248657 0.7466681599617004
vt 1.2947155237197876 0.7466782331466675
vt 1.2946950197219849 0.7466860413551331
vt 0.3715713918209076 0.7721008062362671
vt 0.3709082007408142 0.7721794843673706
vt 0.3709139823913574 0.7720777988433838
vt 0.7703426480293274 0.7890836596488953
vt 0.7703426480293274 0.7891838550567627
vt 0.7698448300361633 0.7891545295715332
vt 0.7697598934173584 0.7890902161598206
vt 0.6189613938331604 0.0019725896418094635
vt 0.6189289689064026 0.0020550289191305637
vt 0.6189050078392029 0.0020522235427051783
vt 0.6189591288566589 0.0019549275748431683
vt 0.6188948154449463 0.002055129501968622
vt 0.6187638640403748 0.010158595629036427
vt 0.6187971234321594 0.01014986913651228
vt 0.7696526646614075 0.7892842888832092
vt 0.7697310447692871 0.7893588542938232
vt 0.7697780728340149 0.8016884326934814
vt 0.6188040375709534 0.0020718795713037252
vt 0.6187862157821655 0.0021489672362804413
vt 0.6049720644950867 0.005416518542915583
vt 0.6049440503120422 0.0053369514644145966
vt 0.6188681125640869 0.002107451669871807
vt 0.6187256574630737 0.010091054253280163
vt 0.6186305284500122 0.010055954568088055
vt 0.6187682151794434 0.010178555734455585
vt 0.43534794449806213 1.3137556314468384
vt 0.4353066086769104 1.3136591911315918
vt 0.5820395350456238 1.3136593103408813
vt 0.5819985866546631 1.313755989074707
vt 1.2695029973983765 1.2793883085250854
vt 1.2695029973983765 1.1380038261413574
vt 0.4352065324783325 1.3137556314468384
vt 0.4352480173110962 1.3137556314468384
vt 0.43524810671806335 1.381940484046936
vt 0.4352066218852997 1.381940484046936
vt 0.4353480339050293 1.3819403648376465
vt 1.2696008682250977 1.2795244455337524
vt 1.2705813646316528 1.2795244455337524
vt 1.2705813646316528 1.27962064743042
vt 0.4351651668548584 1.3136593103408813
vt 0.4352050721645355 1.3137567043304443
vt 0.435163676738739 1.3136602640151978
vt 0.5821685194969177 1.3136603832244873
vt 0.5821278691291809 1.3137567043304443
vt 0.5821370482444763 1.313755750656128
vt 0.5821780562400818 1.3136593103408813
vt 1.2705813646316528 1.137783169746399
vt 1.2705813646316528 1.1378778219223022
vt 1.2696008682250977 1.1378700733184814
vt 0.5820968151092529 1.3137558698654175
vt 0.5821065902709961 1.381940484046936
vt 0.5820083618164062 1.381940484046936
vt 0.5821471810340881 1.381940484046936
vt 0.4309130012989044 1.3170088529586792
vt 0.4310127794742584 1.316872477531433
vt 0.43103066086769104 1.3818315267562866
vt 0.43092888593673706 1.3818153142929077
vt 0.4310539960861206 1.3168145418167114
vt 0.43107298016548157 1.3818352222442627
vt 0.7703514099121094 0.7742746472358704
vt 0.7703495621681213 0.7743785381317139
vt 0.7697609066963196 0.7743785381317139
vt 1.4137136936187744 0.7047248482704163
vt 1.4137126207351685 0.7046226859092712
vt 1.414656639099121 0.7046033143997192
vt 1.4146538972854614 0.7046568989753723
vt 0.4310264587402344 1.3819302320480347
vt 0.4310714900493622 1.381799340248108
vt 0.4310451149940491 1.3819223642349243
vt 0.5862128138542175 1.313755750656128
vt 0.5862535834312439 1.3137556314468384
vt 0.5862536430358887 1.3819406032562256
vt 0.5862128138542175 1.381940484046936
vt 0.5863518714904785 1.3137556314468384
vt 0.5863519310951233 1.381940484046936
vt 1.2705813646316528 1.1340210437774658
vt 1.2705813646316528 1.1341156959533691
vt 1.2696008682250977 1.1340216398239136
vt 0.5862119793891907 1.3137567043304443
vt 0.5861712694168091 1.3136603832244873
vt 0.5861721038818359 1.3136593103408813
vt 0.6187657713890076 0.01025571022182703
vt 0.6187935471534729 0.010411590337753296
vt 0.7697464227676392 0.7970073819160461
vt 0.7697363495826721 0.797105610370636
vt 0.7391387224197388 0.7971131801605225
vt 0.7390600442886353 0.797015368938446
vt 0.3695186674594879 0.7588047385215759
vt 0.36951330304145813 0.7589006423950195
vt 0.342603474855423 0.7579878568649292
vt 0.3425816595554352 0.757888674736023
vt 0.7697787880897522 0.8018313050270081
vt 0.7697771787643433 0.8058677911758423
vt 0.6048866510391235 0.005456027574837208
vt 0.604932427406311 0.010057581588625908
vt 0.6048359274864197 0.010057003237307072
vt 0.7697774171829224 0.8058750033378601
vt 0.7697780728340149 0.7964941263198853
vt 0.7697016596794128 0.7965229153633118
vt 0.6049293279647827 0.010138864628970623
vt 0.618628740310669 0.010135875083506107
vt 1.2556087970733643 0.5360668897628784
vt 1.2554938793182373 0.5359634160995483
vt 1.2755402326583862 0.5350203514099121
vt 1.275549054145813 0.535108208656311
vt 0.25486406683921814 1.34853994846344
vt 0.2755936086177826 1.3485385179519653
vt 0.9329528212547302 1.3383709192276
vt 0.7822675704956055 1.3383654356002808
vt 1.2737069129943848 0.38464704155921936
vt 1.275619387626648 0.5350207090377808
vt 0.2545822560787201 1.3485386371612549
vt 0.25175851583480835 1.3485337495803833
vt 0.4337598383426666 1.3137556314468384
vt 0.4337184727191925 1.3136591911315918
vt 0.43417441844940186 1.3136591911315918
vt 0.43413296341896057 1.3137556314468384
vt 1.2695029973983765 1.2809184789657593
vt 1.2695029973983765 1.2804791927337646
vt 0.433618426322937 1.3137556314468384
vt 0.4336598813533783 1.3137556314468384
vt 0.43365997076034546 1.3819382190704346
vt 0.4336185157299042 1.381938099861145
vt 0.4337599277496338 1.3819384574890137
vt 1.2696008682250977 1.2810546159744263
vt 1.2705813646316528 1.2810546159744263
vt 1.2705813646316528 1.2811508178710938
vt 0.4335770905017853 1.3136593103408813
vt 0.43361696600914 1.3137567043304443
vt 0.4335755705833435 1.3136602640151978
vt 0.4342741072177887 1.3137556314468384
vt 0.4343155324459076 1.3136593103408813
vt 0.4343140125274658 1.3136602640151978
vt 0.4342726767063141 1.3137567043304443
vt 1.2696008682250977 1.2803430557250977
vt 1.2705813646316528 1.2802468538284302
vt 1.2705813646316528 1.2803430557250977
vt 0.43423283100128174 1.3137556314468384
vt 0.4342329204082489 1.381940245628357
vt 0.4341330826282501 1.3819398880004883
vt 0.43427419662475586 1.381940484046936
vt 1.4275935888290405 0.0433255098760128
vt 1.4277311563491821 0.0433255098760128
vt 0.9348766803741455 1.4039443731307983
vt 0.9348872303962708 1.4042370319366455
vt 0.681494951248169 0.3269151747226715
vt 0.6814935207366943 0.3271479904651642
vt 1.4298574924468994 0.0433255098760128
vt 1.4300775527954102 0.0433255098760128
vt 0.6814394593238831 0.3315064013004303
vt 0.6814590692520142 0.3314644694328308
vt 0.6844011545181274 0.33181458711624146
vt 0.6843796968460083 0.33185622096061707
vt 0.6814401149749756 0.3313519358634949
vt 0.6843738555908203 0.33170086145401
vt 0.6815651059150696 0.33109670877456665
vt 0.6815763115882874 0.3309933841228485
vt 0.6815460920333862 0.3311861753463745
vt 1.4155081510543823 0.7038432359695435
vt 1.4153882265090942 0.7038415670394897
vt 0.6816447973251343 0.3258058428764343
vt 0.6816436052322388 0.3257405161857605
vt 0.4321725070476532 1.3137556314468384
vt 0.43213117122650146 1.3136591911315918
vt 0.4325870871543884 1.3136591911315918
vt 0.43254566192626953 1.3137556314468384
vt 1.2695029973983765 1.2824479341506958
vt 1.2695029973983765 1.2820086479187012
vt 0.4320310950279236 1.3137556314468384
vt 0.43207257986068726 1.3137556314468384
vt 0.4320387840270996 1.3819113969802856
vt 0.43199726939201355 1.381909966468811
vt 0.43213871121406555 1.381914734840393
vt 1.2695316076278687 1.2826802730560303
vt 1.2696008682250977 1.2825840711593628
vt 1.2705813646316528 1.2825840711593628
vt 1.2705813646316528 1.2826803922653198
vt 0.43198975920677185 1.3136593103408813
vt 0.4320296347141266 1.3137567043304443
vt 0.4319882392883301 1.3136602640151978
vt 0.43268677592277527 1.3137556314468384
vt 0.43272820115089417 1.3136593103408813
vt 0.4327267110347748 1.3136602640151978
vt 0.43268531560897827 1.3137567043304443
vt 1.2696008682250977 1.2818725109100342
vt 1.2705813646316528 1.2817763090133667
vt 1.2705813646316528 1.2818725109100342
vt 0.4326454997062683 1.3137556314468384
vt 0.4326116740703583 1.3819313049316406
vt 0.4325118362903595 1.381927728652954
vt 0.43265295028686523 1.3819328546524048
vt 1.4148682355880737 0.704577624797821
vt 1.414811611175537 0.7044708132743835
vt 1.4147993326187134 0.7037802338600159
vt 1.4148707389831543 0.7036833167076111
vt 0.43118175864219666 1.3819658756256104
vt 0.4312158524990082 1.3818559646606445
vt 0.4318544566631317 1.3819013833999634
vt 0.43189549446105957 1.382002830505371
vt 1.414772868156433 0.7035490274429321
vt 1.4147017002105713 0.7036444544792175
vt 1.4137171506881714 0.7036435604095459
vt 1.4137190580368042 0.7035466432571411
vt 0.4320359528064728 1.3820090293884277
vt 0.43199586868286133 1.381911039352417
vt 0.432038277387619 1.3820080757141113
vt 1.4148716926574707 0.7030490040779114
vt 1.4148008823394775 0.7029526233673096
vt 1.4148008823394775 0.7022113800048828
vt 1.4148719310760498 0.7021146416664124
vt 0.4327508509159088 1.3820323944091797
vt 0.4327925741672516 1.381934642791748
vt 0.43347564339637756 1.3819384574890137
vt 0.4335169494152069 1.3820351362228394
vt 0.43265146017074585 1.3819338083267212
vt 0.43260878324508667 1.3820284605026245
vt 0.43261048197746277 1.3820273876190186
vt 1.4147024154663086 0.7030901908874512
vt 1.4147733449935913 0.7031881213188171
vt 1.4137213230133057 0.703187882900238
vt 1.4137190580368042 0.7030899524688721
vt 1.4147738218307495 0.7019782066345215
vt 1.4147027730941772 0.7020748257637024
vt 1.413718342781067 0.7020746469497681
vt 1.4137200117111206 0.7019779086112976
vt 0.433658242225647 1.382035732269287
vt 0.4336170554161072 1.3819390535354614
vt 0.4336598515510559 1.3820346593856812
vt 1.2705813646316528 1.2833495140075684
vt 1.2705813646316528 1.2834458351135254
vt 1.2695316076278687 1.2834458351135254
vt 1.2695316076278687 1.2833495140075684
vt 0.4310939311981201 1.3136602640151978
vt 0.431052565574646 1.3137567043304443
vt 0.43105414509773254 1.3137556314468384
vt 0.43109554052352905 1.3136591911315918
vt 0.43119367957115173 1.3137568235397339
vt 0.43119367957115173 1.3136603832244873
vt 0.431888222694397 1.3136603832244873
vt 0.4318881928920746 1.3138114213943481
vt 1.2706505060195923 1.283349633216858
vt 1.2706505060195923 1.2826803922653198
vt 0.43109381198883057 1.3137567043304443
vt 0.4311114549636841 1.3818241357803345
vt 0.4319881200790405 1.3137567043304443
vt 0.43195435404777527 1.3819082975387573
vt 0.432826429605484 1.3137568235397339
vt 0.43282651901245117 1.3136603832244873
vt 0.4334755837917328 1.3136603832244873
vt 0.433475524187088 1.3137568235397339
vt 1.2706505060195923 1.2817763090133667
vt 1.2706505060195923 1.2811508178710938
vt 0.43272659182548523 1.3137567043304443
vt 0.4326927065849304 1.3819340467453003
vt 0.43357548117637634 1.3137567043304443
vt 0.4335755705833435 1.3819389343261719
vt 1.414773941040039 0.7004414796829224
vt 1.4147028923034668 0.700538158416748
vt 1.4137184619903564 0.7005380988121033
vt 1.4137201309204102 0.7004413604736328
vt 0.4352465271949768 1.382037878036499
vt 0.4352051615715027 1.381941556930542
vt 0.4352480173110962 1.3820369243621826
vt 0.43506374955177307 1.381941556930542
vt 0.4351050555706024 1.3820379972457886
vt 0.4343724250793457 1.3820382356643677
vt 0.4344138503074646 1.381941556930542
vt 1.414801001548767 0.7006748914718628
vt 1.4148720502853394 0.7005781531333923
vt 1.4148720502853394 0.7014802694320679
vt 1.414801001548767 0.7013837099075317
vt 0.43427273631095886 1.381941556930542
vt 0.4342312216758728 1.3820377588272095
vt 0.4342327117919922 1.3820366859436035
vt 1.4147028923034668 0.7015204429626465
vt 1.4147738218307495 0.7016172409057617
vt 1.4137202501296997 0.7016171216964722
vt 1.413718581199646 0.7015203833580017
vt 0.4344137907028198 1.3137568235397339
vt 0.4344138205051422 1.3136603832244873
vt 0.4350636899471283 1.3136603832244873
vt 0.4350636601448059 1.3137568235397339
vt 1.2706505060195923 1.2802468538284302
vt 1.2706505060195923 1.27962064743042
vt 0.43431392312049866 1.3137567043304443
vt 0.4343140125274658 1.381941556930542
vt 0.43516358733177185 1.3137567043304443
vt 0.435163676738739 1.381941556930542
vt 1.413648009300232 0.7035465836524963
vt 1.413649082183838 0.7031867504119873
vt 0.432138592004776 1.3820111751556396
vt 0.43251049518585205 1.3820241689682007
vt 1.4136489629745483 0.7019779682159424
vt 1.413649082183838 0.7016170620918274
vt 0.433759868144989 1.3820348978042603
vt 0.4341329038143158 1.3820363283157349
vt 1.413649082183838 0.7004414200782776
vt 1.413649082183838 0.5585466623306274
vt 1.4137201309204102 0.5585466027259827
vt 0.4353480041027069 1.382036805152893
vt 0.5820083618164062 1.382036805152893
vt 0.5821456909179688 1.381941556930542
vt 0.5821050405502319 1.382037878036499
vt 0.5821065306663513 1.3820369243621826
vt 0.5822845101356506 1.3820379972457886
vt 0.5822845697402954 1.3819416761398315
vt 0.5829159021377563 1.3819416761398315
vt 0.5829158425331116 1.3820379972457886
vt 0.5831954479217529 1.3137556314468384
vt 0.5831546187400818 1.3136591911315918
vt 0.5836367011070251 1.3136591911315918
vt 0.5835959315299988 1.3137556314468384
vt 1.2695029973983765 1.1369292736053467
vt 1.2695029973983765 1.1364648342132568
vt 0.5830591917037964 1.3137571811676025
vt 0.5830981135368347 1.3137563467025757
vt 0.5830972790718079 1.3819392919540405
vt 0.5830563306808472 1.38193941116333
vt 0.583195686340332 1.3819395303726196
vt 1.2705814838409424 1.1370337009429932
vt 1.2705813646316528 1.1371283531188965
vt 1.2696017026901245 1.1370612382888794
vt 0.5830854177474976 1.3137567043304443
vt 0.583044707775116 1.3136603832244873
vt 0.5830175280570984 1.31365966796875
vt 0.5837740302085876 1.3136602640151978
vt 0.5837332606315613 1.3137567043304443
vt 0.5837347507476807 1.313755750656128
vt 0.583775520324707 1.3136593103408813
vt 1.2705813646316528 1.1362361907958984
vt 1.2705813646316528 1.1363309621810913
vt 1.2696008682250977 1.1363309621810913
vt 0.5836941599845886 1.3137556314468384
vt 0.5836609601974487 1.3819392919540405
vt 0.5835627913475037 1.3819423913955688
vt 0.5837014317512512 1.38193941116333
vt 0.5838584899902344 1.3820213079452515
vt 0.5838363766670227 1.381893515586853
vt 0.5845133066177368 1.3819400072097778
vt 0.5845081210136414 1.3820360898971558
vt 0.584693193435669 1.3820363283157349
vt 0.5846524238586426 1.3819403648376465
vt 0.584653913974762 1.3819392919540405
vt 0.5846945643424988 1.3820358514785767
vt 0.5847929120063782 1.3137556314468384
vt 0.5847522616386414 1.3136591911315918
vt 0.585198163986206 1.3136591911315918
vt 0.5851574540138245 1.3137556314468384
vt 1.2695029973983765 1.1353899240493774
vt 1.2695029973983765 1.1349602937698364
vt 0.5846535563468933 1.3137556314468384
vt 0.584694504737854 1.3137556314468384
vt 0.5846946835517883 1.3819392919540405
vt 0.5847930312156677 1.3819395303726196
vt 1.2705813646316528 1.1355260610580444
vt 1.2705813646316528 1.1356207132339478
vt 1.269600749015808 1.1355239152908325
vt 0.5846499800682068 1.3137567043304443
vt 0.5846092700958252 1.3136603832244873
vt 0.5846129655838013 1.3136593103408813
vt 0.5853354930877686 1.3136603832244873
vt 0.585294783115387 1.3137567043304443
vt 0.5852962732315063 1.313755750656128
vt 0.5853369832038879 1.3136593103408813
vt 1.2705813646316528 1.134731650352478
vt 1.2705813646316528 1.1348263025283813
vt 1.2696008682250977 1.1348263025283813
vt 0.5852556824684143 1.3137556314468384
vt 0.5852557420730591 1.3819403648376465
vt 0.5851575136184692 1.3819401264190674
vt 0.5852963328361511 1.381940484046936
vt 1.4137201309204102 0.555852472782135
vt 1.413649082183838 0.5558525323867798
vt 1.413649082183838 0.5554999113082886
vt 1.4137202501296997 0.5554999113082886
vt 0.584792971611023 1.3820359706878662
vt 0.5851574540138245 1.382036566734314
vt 0.5852949023246765 1.381941556930542
vt 0.5852540731430054 1.3820374011993408
vt 0.5852555632591248 1.382036805152893
vt 0.5854370594024658 1.3820375204086304
vt 0.5854337215423584 1.3819416761398315
vt 0.5860736966133118 1.3819035291671753
vt 0.586073637008667 1.3820269107818604
vt 1.4148725271224976 0.5543408393859863
vt 1.4147146940231323 0.5544384121894836
vt 1.4137184619903564 0.5544393062591553
vt 1.4137201309204102 0.5543441772460938
vt 0.5862530469894409 1.3820362091064453
vt 0.5862113833427429 1.381935477256775
vt 0.5862535238265991 1.3820369243621826
vt 0.5822659134864807 1.3137568235397339
vt 0.582266092300415 1.3136603832244873
vt 0.5829476118087769 1.3136608600616455
vt 0.5829476714134216 1.3137582540512085
vt 1.2706505060195923 1.1377837657928467
vt 1.2706505060195923 1.137127161026001
vt 0.58216792345047 1.3137567043304443
vt 0.5821862816810608 1.381941556930542
vt 0.5830459594726562 1.3137575387954712
vt 0.583014190196991 1.381941556930542
vt 0.5830550193786621 1.381941556930542
vt 0.5838720798492432 1.3137568235397339
vt 0.5838721394538879 1.3136603832244873
vt 0.5845108032226562 1.3136603832244873
vt 0.5845107436180115 1.3137567043304443
vt 1.2706505060195923 1.1362361907958984
vt 1.2706505060195923 1.1356208324432373
vt 0.5837739109992981 1.3137568235397339
vt 0.5837388634681702 1.3819119930267334
vt 0.5836999416351318 1.3819351196289062
vt 0.5846090912818909 1.3137567043304443
vt 0.5846115350723267 1.3819421529769897
vt 0.5854336023330688 1.3137568235397339
vt 0.5854336619377136 1.3136603832244873
vt 0.5860729217529297 1.3136603832244873
vt 0.5860728621482849 1.3137568235397339
vt 1.2706505060195923 1.134731650352478
vt 1.2706505060195923 1.1341156959533691
vt 0.585335373878479 1.3137568235397339
vt 0.5853355526924133 1.3819433450698853
vt 0.5861712098121643 1.3137568235397339
vt 0.5861715078353882 1.3819173574447632
vt 0.7389492988586426 0.7971155643463135
vt 0.7390275597572327 0.7972130179405212
vt 0.7390276193618774 0.7981945872306824
vt 0.7389492988586426 0.7981676459312439
vt 0.34482693672180176 0.3464256823062897
vt 0.3448326885700226 0.34653589129447937
vt 0.3441135883331299 0.34653329849243164
vt 0.34408554434776306 0.34642305970191956
vt 0.34482240676879883 0.3493419289588928
vt 0.3449067771434784 0.34930726885795593
vt 0.34491413831710815 0.36196237802505493
vt 0.3448326885700226 0.36196237802505493
vt 0.34394216537475586 0.3465331792831421
vt 0.34403204917907715 0.3465331494808197
vt 0.34403204917907715 0.34933921694755554
vt 0.34394216537475586 0.34933924674987793
vt 0.3441135883331299 0.3493393659591675
vt 1.134624719619751 0.32904720306396484
vt 1.1346238851547241 0.32905998826026917
vt 0.34241729974746704 0.3493649363517761
vt 0.34244537353515625 0.3494751751422882
vt 0.34253424406051636 0.3494768738746643
vt 0.34250620007514954 0.3493666350841522
vt 0.3424326181411743 0.3494522273540497
vt 0.3424326181411743 0.36196234822273254
vt 0.34244537353515625 0.3619624674320221
vt 0.3424781858921051 0.3493417501449585
vt 0.3424781858921051 0.36196213960647583
vt 0.9611139297485352 0.015188246965408325
vt 0.9611130356788635 0.015234114602208138
vt 0.9595440626144409 0.015202794224023819
vt 0.9595605731010437 0.015157238580286503
vt 0.34480470418930054 0.3620726764202118
vt 0.34408554434776306 0.36207008361816406
vt 0.3441135883331299 0.3619597554206848
vt 0.9611859321594238 0.015143584460020065
vt 0.9611377120018005 0.014013995416462421
vt 0.9612081050872803 0.014053227379918098
vt 0.34394216537475586 0.36195966601371765
vt 0.3439643383026123 0.3620700240135193
vt 0.34250035881996155 0.36207249760627747
vt 0.9611384868621826 0.013970702886581421
vt 0.959598183631897 0.01398326363414526
vt 0.9595990180969238 0.013939970172941685
vt 0.3424704968929291 0.36206260323524475
vt 0.34255024790763855 0.3620634973049164
vt 0.34253424406051636 0.36196279525756836
vt 0.9595333933830261 0.013985470868647099
vt 0.9595954418182373 0.014119473285973072
vt 0.9595305323600769 0.01410701498389244
vt 0.00202863197773695 0.35563337802886963
vt 0.002038796665146947 0.3554835319519043
vt 0.0022518914192914963 0.3554411828517914
vt 0.0022544420789927244 0.3556053042411804
vt 0.790776789188385 0.8408352136611938
vt 0.7908104658126831 0.8406074047088623
vt 0.34009870886802673 0.7604062557220459
vt 0.34028083086013794 0.7709886431694031
vt 0.001953125 0.35563310980796814
vt 0.00202863197773695 0.37414953112602234
vt 0.001953125 0.374185174703598
vt 0.9594893455505371 0.015150371938943863
vt 0.9595112204551697 0.015024052001535892
vt 0.9595770835876465 0.01502309925854206
vt 0.002031182637438178 0.374313622713089
vt 0.0022544420789927244 0.3741180896759033
vt 0.0022452890407294035 0.37426942586898804
vt 0.0024011617060750723 0.37411972880363464
vt 0.002337055280804634 0.3741183578968048
vt 0.002337055280804634 0.3555662930011749
vt 0.0024011617060750723 0.3554041087627411
vt 0.9595780372619629 0.014972914010286331
vt 0.960864245891571 0.014994679018855095
vt 0.9609504342079163 0.015041137114167213
vt 0.0023432131856679916 0.3742832839488983
vt 0.0025070018600672483 0.3741435408592224
vt 0.002461172640323639 0.374308317899704
vt 0.002713580382987857 0.37414535880088806
vt 0.002571108052507043 0.37414488196372986
vt 0.002571108052507043 0.35250014066696167
vt 0.002713580382987857 0.3525006175041199
vt 0.0025070018600672483 0.35249876976013184
vt 0.9609370827674866 0.014915017411112785
vt 0.9609501957893372 0.014271658845245838
vt 0.9609609246253967 0.01415566261857748
vt 0.0026072184555232525 0.37430959939956665
vt 0.0036051548086106777 0.37414485216140747
vt 0.0037171647418290377 0.3743089735507965
vt 0.0036884767469018698 0.3554033935070038
vt 0.003740300890058279 0.35556548833847046
vt 0.003740300890058279 0.37411755323410034
vt 0.0036884767469018698 0.37411898374557495
vt 0.3425774574279785 0.3494527339935303
vt 0.3425774574279785 0.3619628846645355
vt 0.003794316900894046 0.3741427958011627
vt 0.003742559812963009 0.37414419651031494
vt 0.003742559812963009 0.35249945521354675
vt 0.003794316900894046 0.35249802470207214
vt 0.0036051548086106777 0.3525001108646393
vt 0.9608806371688843 0.014189154841005802
vt 0.9595945477485657 0.0141595508903265
vt 0.0038508959114551544 0.3743075132369995
vt 0.0037464587949216366 0.37428247928619385
vt 0.0027110299561172724 0.35233649611473083
vt 0.0036026043817400932 0.35233598947525024
vt 0.7933809161186218 0.8400101065635681
vt 0.7933809161186218 0.8390634655952454
vt 1.1508468389511108 1.2873533964157104
vt 1.1457840204238892 1.287352442741394
vt 0.13361264765262604 1.2004600763320923
vt 0.1334550976753235 1.1985105276107788
vt 0.13358458876609802 1.1984397172927856
vt 0.13572952151298523 1.2004371881484985
vt 0.45415380597114563 0.7602174878120422
vt 0.45423954725265503 0.7601557374000549
vt 0.84625643491745 0.349327027797699
vt 0.8462291359901428 0.34921327233314514
vt 0.4223276972770691 1.3279438018798828
vt 0.41912949085235596 1.3416153192520142
vt 0.4141084849834442 1.328076720237732
vt 1.2522555589675903 0.5312895774841309
vt 1.2520880699157715 0.5311903953552246
vt 1.255764126777649 0.5306504964828491
vt 1.4148422479629517 0.7035884857177734
vt 1.4277311563491821 0.04267338290810585
vt 1.4298574924468994 0.04267338290810585
vt 0.6807173490524292 0.3270149827003479
vt 0.6801025867462158 0.3310976028442383
vt 0.6800956726074219 0.3312048017978668
vt 0.6801818609237671 0.3309263586997986
vt 0.6802269220352173 0.3307364881038666
vt 0.6809877157211304 0.3256981670856476
vt 1.4153852462768555 0.7044180631637573
vt 0.9390996694564819 1.3999954462051392
vt 1.4146764278411865 0.5585466623306274
vt 0.3424501419067383 0.3492315113544464
vt 0.3420926332473755 0.7710081934928894
vt 0.36914053559303284 0.7719553112983704
vt 0.3420213460922241 0.7711919546127319
vt 0.7704550623893738 0.7723156809806824
vt 0.4554653465747833 0.7588220238685608
vt 0.4569448232650757 0.7580764293670654
vt 0.4562379717826843 0.7588220238685608
vt 0.6117793917655945 1.4173001050949097
vt 0.6325290203094482 1.4123597145080566
vt 0.6325290203094482 1.4173001050949097
vt 0.6325290203094482 1.411797046661377
vt 0.6325290203094482 1.4121432304382324
vt 0.6325290203094482 1.4118576049804688
vt 0.11300002783536911 1.1985050439834595
vt 0.11318739503622055 1.198505163192749
vt 0.7389817237854004 0.7970448136329651
vt 0.3418676257133484 0.7712303996086121
vt 0.3698568046092987 0.7721409797668457
vt 0.7390600442886353 0.7965336441993713
vt 0.7698012590408325 0.7965359687805176
vt 0.7390745282173157 0.7965245842933655
vt 1.2694624662399292 1.2826404571533203
vt 1.414843201637268 0.7020182013511658
vt 0.4189963638782501 1.3415786027908325
vt 0.34252041578292847 0.760248601436615
vt 0.135720357298851 1.2005773782730103
vt 0.1336211860179901 1.2005908489227295
vt 0.8547747731208801 0.34571388363838196
vt 0.854932427406311 0.34573283791542053
vt 0.6325290203094482 1.4122533798217773
vt 0.45415157079696655 0.760309100151062
vt 0.44944778084754944 0.7632247805595398
vt 0.4543406069278717 0.7602322101593018
vt 0.4543405771255493 0.7601556777954102
vt 0.45546838641166687 0.7601447701454163
vt 0.45546841621398926 0.7602251768112183
vt 0.11319311708211899 1.198351263999939
vt 0.1333765834569931 1.1983548402786255
vt 0.11014099419116974 1.1935193538665771
vt 0.11288388818502426 1.1982554197311401
vt 0.11286342889070511 1.1983864307403564
vt 0.8462349772453308 0.3493686616420746
vt 0.6325290203094482 1.4117175340652466
vt 1.4275935888290405 0.0020514465868473053
vt 1.4277311563491821 0.037006184458732605
vt 1.4275935888290405 0.037006184458732605
vt 0.9473058581352234 1.3655829429626465
vt 0.9391820430755615 1.4001799821853638
vt 0.41899624466896057 1.3416712284088135
vt 0.4134506285190582 1.341667890548706
vt 0.4134733974933624 1.3415982723236084
vt 0.4136218726634979 1.3415815830230713
vt 0.41378018260002136 1.3415719270706177
vt 0.4191719591617584 1.3417731523513794
vt 0.4192349910736084 1.34171724319458
vt 0.4280330240726471 1.3781678676605225
vt 0.4279501438140869 1.3782155513763428
vt 1.293618083000183 0.7466965913772583
vt 0.36986982822418213 0.772037923336029
vt 1.4137036800384521 0.7052377462387085
vt 1.4136216640472412 0.7052240371704102
vt 1.4136435985565186 0.7047225832939148
vt 0.4304053485393524 1.381781816482544
vt 0.4304457902908325 1.3816784620285034
vt 0.43092331290245056 1.3819142580032349
vt 0.4569448232650757 0.7579116225242615
vt 0.47477230429649353 0.7579116225242615
vt 0.47477230429649353 0.7580757737159729
vt 0.6117793917655945 1.4173552989959717
vt 0.6325290203094482 1.4173552989959717
vt 0.4223271906375885 1.3278493881225586
vt 0.41410985589027405 1.3279824256896973
vt 1.2553287744522095 0.5359965562820435
vt 1.2522190809249878 0.5313642621040344
vt 0.935530960559845 1.4039057493209839
vt 0.9355447292327881 1.4041876792907715
vt 1.4275935888290405 0.04267338290810585
vt 1.4300775527954102 0.04267338290810585
vt 0.680750846862793 0.32678884267807007
vt 0.6800795197486877 0.3312474191188812
vt 0.680205225944519 0.3308376967906952
vt 0.680996298789978 0.3256346881389618
vt 1.4155064821243286 0.7044241428375244
vt 1.4146747589111328 0.5584517121315002
vt 1.4137184619903564 0.5584515929222107
vt 1.414872646331787 0.5585467219352722
vt 1.4148151874542236 0.5584679245948792
vt 1.4148015975952148 0.5582779049873352
vt 1.4148017168045044 0.557667076587677
vt 1.4148727655410767 0.5576670169830322
vt 1.414872646331787 0.5582778453826904
vt 1.414676308631897 0.5558523535728455
vt 1.4146744012832642 0.5559476613998413
vt 1.4137184619903564 0.5559476613998413
vt 1.4148725271224976 0.5567459464073181
vt 1.4147834777832031 0.5567550659179688
vt 1.414795994758606 0.5561265349388123
vt 1.414872646331787 0.5561316609382629
vt 1.4147980213165283 0.5552277565002441
vt 1.414786696434021 0.5546119213104248
vt 1.4148725271224976 0.5552242398262024
vt 1.4146744012832642 0.5554050207138062
vt 1.4146760702133179 0.5555002689361572
vt 1.413718581199646 0.5554048418998718
vt 1.4148151874542236 0.5554184317588806
vt 1.4148151874542236 0.5559357404708862
vt 0.3449142277240753 0.3465360999107361
vt 0.34252676367759705 0.7579887509346008
vt 0.3424484133720398 0.7603168487548828
vt 0.7389492988586426 0.7982653975486755
vt 1.1362918615341187 0.3264865279197693
vt 1.1362918615341187 0.32657963037490845
vt 0.34403204917907715 0.36195963621139526
vt 0.34201645851135254 0.7710022330284119
vt 0.3418755531311035 0.7711334824562073
vt 0.3403753340244293 0.7711179256439209
vt 0.7704550623893738 0.7722151875495911
vt 0.7390642762184143 0.7964893579483032
vt 0.7697311043739319 0.7964893579483032
vt 1.243223786354065 1.1323599815368652
vt 1.2479020357131958 1.1294550895690918
vt 1.2480263710021973 1.1294435262680054
vt 1.2432559728622437 1.132423996925354
vt 1.1456832885742188 1.358652949333191
vt 0.4542617201805115 0.7602450251579285
vt 1.1509332656860352 1.3586350679397583
vt 0.44940274953842163 0.7632648348808289
vt 0.25159576535224915 1.4163469076156616
vt 0.11001484096050262 1.1934230327606201
vt 0.2546854615211487 1.416367530822754
vt 0.11301857978105545 1.1983412504196167
vt 0.13344340026378632 1.1983234882354736
vt 0.2756948471069336 1.4163681268692017
vt 0.782154381275177 1.4042673110961914
vt 1.4277311563491821 0.1930805742740631
vt 1.4275935888290405 0.1930805742740631
vt 0.37162595987319946 0.7729580402374268
vt 0.6617510318756104 0.28884372115135193
vt 0.6617019176483154 0.28879258036613464
vt 0.6616477966308594 0.2893078625202179
vt 0.6615778207778931 0.2892167270183563
vt 0.9020404815673828 1.4233591556549072
vt 1.4300775527954102 0.0020514465868473053
vt 1.4300775527954102 0.001953125
vt 0.9019990563392639 1.428629755973816
vt 0.6675128936767578 0.2899841070175171
vt 0.6674617528915405 0.2899327576160431
vt 0.8995682001113892 1.4286710023880005
vt 1.4275935888290405 0.001953125
vt 0.947385311126709 1.3655201196670532
vt 1.274794340133667 0.35428929328918457
vt 0.6678868532180786 0.28868797421455383
vt 1.2952464818954468 0.7444034814834595
vt 1.293321132659912 0.7444801926612854
vt 0.4190942645072937 1.3416980504989624
vt 0.6617124676704407 0.28802889585494995
vt 0.3716481924057007 0.7721194624900818
vt 1.2954829931259155 0.7466446161270142
vt 0.6189348101615906 0.001953125
vt 0.7704221606254578 0.7890637516975403
vt 0.770422101020813 0.7891876101493835
vt 0.42249298095703125 1.3277043104171753
vt 0.4225703775882721 1.3277312517166138
vt 0.42251643538475037 1.3279422521591187
vt 0.4224306046962738 1.3278087377548218
vt 0.618911623954773 0.0019870565738528967
vt 0.7696821689605713 0.7891460657119751
vt 0.7697638869285583 0.7892124652862549
vt 1.2695316076278687 1.279484510421753
vt 0.43520668148994446 1.3136591911315918
vt 1.2695317268371582 1.137908935546875
vt 0.5821378231048584 1.3136593103408813
vt 0.7705333828926086 0.774300217628479
vt 0.7704553008079529 0.7744033336639404
vt 0.4310540556907654 1.3166990280151367
vt 0.4310048520565033 1.316789150238037
vt 0.43091294169425964 1.3169047832489014
vt 0.4310084283351898 1.381909728050232
vt 1.4136558771133423 0.7046402096748352
vt 1.2695316076278687 1.1339824199676514
vt 1.269433856010437 1.1339824199676514
vt 1.2695029973983765 1.133887767791748
vt 0.5863112211227417 1.3136591911315918
vt 0.5862128734588623 1.3136591911315918
vt 0.6048874855041504 0.005386869888752699
vt 0.7697638869285583 0.8017700910568237
vt 0.6048514246940613 0.010123556479811668
vt 0.7697628140449524 0.805914580821991
vt 0.7697628140449524 0.805914580821991
vt 0.2756517231464386 1.3485560417175293
vt 1.2756105661392212 0.5350918769836426
vt 0.7822025418281555 1.3383824825286865
vt 0.9330203533172607 1.3383711576461792
vt 1.2736856937408447 0.3845709562301636
vt 1.255448818206787 0.536081075668335
vt 0.2546997368335724 1.3485537767410278
vt 0.25161033868789673 1.3485337495803833
vt 1.2520692348480225 0.5312733054161072
vt 1.2695316076278687 1.2810146808624268
vt 0.43361857533454895 1.3136591911315918
vt 1.2695316076278687 1.2803829908370972
vt 0.43427425622940063 1.3136591911315918
vt 1.2695316076278687 1.2825441360473633
vt 0.4320312738418579 1.3136591911315918
vt 1.2695316076278687 1.2819124460220337
vt 0.4326869547367096 1.3136591911315918
vt 0.43108776211738586 1.3819431066513062
vt 1.414806842803955 0.7046278715133667
vt 1.4147690534591675 0.7045618891716003
vt 0.43199482560157776 1.3820077180862427
vt 1.4147703647613525 0.7036841511726379
vt 0.4326503276824951 1.3820303678512573
vt 1.4148428440093994 0.7031474113464355
vt 1.4147720336914062 0.703049898147583
vt 0.4336168169975281 1.3820356130599976
vt 1.4147721529006958 0.7021148204803467
vt 0.4311122000217438 1.3136780261993408
vt 1.2706377506256104 1.2834280729293823
vt 1.2706377506256104 1.2826018333435059
vt 0.4319697916507721 1.3136780261993408
vt 0.43274497985839844 1.3136780261993408
vt 1.2706377506256104 1.2818548679351807
vt 1.2706377506256104 1.2810722589492798
vt 0.4335571527481079 1.3136780261993408
vt 0.43520501255989075 1.3820379972457886
vt 1.4148433208465576 0.7004815340042114
vt 1.4147722721099854 0.7005782127380371
vt 0.43427252769470215 1.3820379972457886
vt 1.4148433208465576 0.7015770673751831
vt 1.4147722721099854 0.7014803886413574
vt 0.43433231115341187 1.3136780261993408
vt 1.2706377506256104 1.2803254127502441
vt 1.2706377506256104 1.279542088508606
vt 0.4351452589035034 1.3136780261993408
vt 0.43205687403678894 1.381990909576416
vt 1.413659930229187 0.7036256790161133
vt 0.4325925409793854 1.3820091485977173
vt 1.4136611223220825 0.7031074166297913
vt 0.4336782991886139 1.382016897201538
vt 1.413661003112793 0.702056884765625
vt 0.4342144727706909 1.3820189237594604
vt 1.4136611223220825 0.7015381455421448
vt 0.4352664351463318 1.38201904296875
vt 1.4136611223220825 0.7005203366279602
vt 0.5820885300636292 1.3820191621780396
vt 1.4136611223220825 0.5584691166877747
vt 0.5821574926376343 1.3820379972457886
vt 1.4147645235061646 0.5584008097648621
vt 0.5830430388450623 1.3820381164550781
vt 0.5830957293510437 1.3820381164550781
vt 1.2695320844650269 1.1370235681533813
vt 0.5830566883087158 1.313659429550171
vt 1.2695316076278687 1.1363701820373535
vt 0.5837348699569702 1.3136591911315918
vt 0.5836384296417236 1.3820403814315796
vt 0.5836964249610901 1.3820302486419678
vt 1.414815068244934 0.5569620132446289
vt 1.414753794670105 0.5569119453430176
vt 1.4146761894226074 0.55704265832901
vt 1.4146751165390015 0.556968092918396
vt 0.584638774394989 1.3820369243621826
vt 1.4147613048553467 0.5560001730918884
vt 1.2695316076278687 1.1354845762252808
vt 0.584653913974762 1.3136591911315918
vt 1.2695316076278687 1.1348655223846436
vt 0.5852963924407959 1.3136591911315918
vt 0.5847126841545105 1.3820180892944336
vt 1.413661003112793 0.5559301972389221
vt 0.5852376222610474 1.38201904296875
vt 1.4136611223220825 0.555422306060791
vt 0.5853077173233032 1.3820379972457886
vt 1.4147626161575317 0.5553529858589172
vt 0.5861949920654297 1.3820099830627441
vt 1.4147614240646362 0.5544945597648621
vt 0.5862716436386108 1.3820191621780396
vt 0.5863518714904785 1.382036805152893
vt 1.413649082183838 0.5543442964553833
vt 1.4136611223220825 0.5544219017028809
vt 0.5821861028671265 1.3136780261993408
vt 1.2706377506256104 1.137860894203186
vt 1.2706377506256104 1.137049913406372
vt 0.5830277800559998 1.3136783838272095
vt 0.583791971206665 1.3136781454086304
vt 1.2706377506256104 1.136313557624817
vt 1.2706377506256104 1.1355435848236084
vt 0.5845910310745239 1.3136780261993408
vt 0.5853534936904907 1.3136781454086304
vt 1.2706377506256104 1.134808897972107
vt 1.2706377506256104 1.1340384483337402
vt 0.5861531496047974 1.3136781454086304
vt 0.73906010389328 0.7971424460411072
vt 0.34250637888908386 0.7578912973403931
vt 0.3449084162712097 0.3464259207248688
vt 0.7390131950378418 0.7982643246650696
vt 0.34402942657470703 0.34644320607185364
vt 0.3439643383026123 0.3464230000972748
vt 0.3424045741558075 0.3493419885635376
vt 1.1346396207809448 0.32902389764785767
vt 1.1347113847732544 0.32892507314682007
vt 1.2935075759887695 0.7467235922813416
vt 0.36970624327659607 0.7720575928688049
vt 0.3696371614933014 0.7721267938613892
vt 0.3419742286205292 0.7711116671562195
vt 0.9612050652503967 0.01522892713546753
vt 0.3448779284954071 0.3621051013469696
vt 0.9611963629722595 0.013984343968331814
vt 0.34402942657470703 0.3620496690273285
vt 0.959540605545044 0.01395129133015871
vt 0.3424549102783203 0.3620523512363434
vt 0.7907640933990479 0.8409006595611572
vt 0.001977695617824793 0.35549935698509216
vt 0.3400847911834717 0.7603268027305603
vt 0.001955675194039941 0.3743492662906647
vt 0.9594728350639343 0.015195928514003754
vt 0.34030818939208984 0.7710806131362915
vt 0.002312316559255123 0.3742521107196808
vt 0.9595195651054382 0.014984332025051117
vt 0.002542400499805808 0.3742794394493103
vt 0.9608930349349976 0.014947189018130302
vt 0.7909711003303528 0.8404442071914673
vt 0.7908415794372559 0.8405182361602783
vt 0.0023986108135432005 0.35524001717567444
vt 0.002334504621103406 0.3554022014141083
vt 0.7909711003303528 0.839077353477478
vt 0.7908415794372559 0.8390282988548279
vt 1.1346396207809448 0.32904261350631714
vt 0.3425494134426117 0.3493425250053406
vt 0.0036859260872006416 0.35523927211761475
vt 0.003737750230357051 0.3554013967514038
vt 0.0037745521403849125 0.374278724193573
vt 0.960907518863678 0.014232996851205826
vt 0.003767269430682063 0.37425127625465393
vt 0.34258002042770386 0.3620528280735016
vt 0.9595367312431335 0.014140998013317585
vt 0.7933809161186218 0.840171217918396
vt 0.7933570742607117 0.8401337265968323
vt 0.0025956789031624794 0.3523663878440857
vt 0.7933570742607117 0.8389445543289185
vt 0.7933809161186218 0.8389273881912231
vt 0.0037156580947339535 0.35236573219299316
vt 0.7698104977607727 0.7964602112770081
vt 0.618723452091217 0.010170228779315948
vt 0.7698855400085449 0.7965079545974731
vt 1.1509194374084473 1.287353277206421
vt 1.243173360824585 1.1324700117111206
vt 1.2431565523147583 1.1323974132537842
vt 1.1456682682037354 1.287371277809143
vt 1.1455281972885132 1.287352442741394
vt 1.248138427734375 1.1293774843215942
vt 1.2480090856552124 1.1293737888336182
vt 1.4298574924468994 0.1930805742740631
vt 1.4298574924468994 0.19082152843475342
vt 0.4283459186553955 1.3790791034698486
vt 0.42847248911857605 1.3275060653686523
vt 0.42856454849243164 1.3795455694198608
vt 0.4310542345046997 1.3166608810424805
vt 1.4153753519058228 0.7048293352127075
vt 1.414764642715454 0.5575440526008606
vt 1.414820671081543 0.5574696063995361
vt 1.414674997329712 0.5574931502342224
vt 1.414676308631897 0.5573980212211609
vt 1.415356993675232 0.550282895565033
vt 1.4155094623565674 0.5502138137817383
vt 0.8528627753257751 0.3442929983139038
vt 0.8528686165809631 0.3443589508533478
vt 0.8528686165809631 0.3495584726333618
vt 0.8528627753257751 0.3496624827384949
vt 0.8528459668159485 0.3497523069381714
vt 0.8527584671974182 0.3500305116176605
vt 0.8527370095252991 0.3500721752643585
vt 0.8527311682701111 0.3499167859554291
vt 0.8527294993400574 0.3457035720348358
vt 0.8527217507362366 0.3454693555831909
vt 1.4300775527954102 0.1930805742740631
vt 1.2492343187332153 1.129364252090454
vt 1.2493174076080322 1.1294437646865845
vt 1.1443794965744019 1.2874552011489868
vt 1.144342303276062 1.287354588508606
vt 1.2493174076080322 1.1300362348556519
vt 1.2500916719436646 1.1294437646865845
vt 1.2506344318389893 1.1294437646865845
vt 1.2510359287261963 1.1300362348556519
vt 1.2514108419418335 1.1294437646865845
vt 1.2519840002059937 1.1294437646865845
vt 1.2527600526809692 1.1300362348556519
vt 1.2526426315307617 1.129331350326538
vt 1.2526767253875732 1.129410743713379
vt 1.2520679235458374 1.129410743713379
vt 1.2521014213562012 1.129331350326538
vt 1.251293420791626 1.129331350326538
vt 1.2513277530670166 1.1294108629226685
vt 1.2507174015045166 1.1294108629226685
vt 1.2507518529891968 1.129331350326538
vt 1.249974250793457 1.129331350326538
vt 1.2500085830688477 1.1294108629226685
vt 1.2494003772735596 1.1294108629226685
vt 1.2494347095489502 1.129331350326538
vt 1.1405261754989624 1.2874552011489868
vt 1.1405636072158813 1.2873547077178955
vt 1.1405563354492188 1.287355661392212
vt 1.140519142150879 1.2874561548233032
vt 1.2527259588241577 1.1292517185211182
vt 1.2526497840881348 1.1281243562698364
vt 1.252732753753662 1.1281243562698364
vt 1.1404082775115967 1.3585537672042847
vt 1.14039945602417 1.2874555587768555
vt 1.1404893398284912 1.287455439567566
vt 1.140498161315918 1.3585538864135742
vt 1.1405353546142578 1.3585538864135742
vt 1.1442524194717407 1.2874553203582764
vt 1.1442896127700806 1.2874552011489868
vt 1.1442896127700806 1.3585540056228638
vt 1.1442524194717407 1.3585538864135742
vt 1.2493517398834229 1.1292517185211182
vt 1.249351143836975 1.1281243562698364
vt 1.2494341135025024 1.1281243562698364
vt 1.1442152261734009 1.2873547077178955
vt 1.1442530155181885 1.2874561548233032
vt 1.1442158222198486 1.287355661392212
vt 1.140498161315918 1.3586543798446655
vt 1.1405353546142578 1.3585548400878906
vt 1.140498161315918 1.358655333518982
vt 1.140662431716919 1.3586554527282715
vt 1.140662431716919 1.3585549592971802
vt 1.1412396430969238 1.3585549592971802
vt 1.1412396430969238 1.3586554527282715
vt 1.1414936780929565 1.2874552011489868
vt 1.1414563655853271 1.287354588508606
vt 1.1418970823287964 1.287354588508606
vt 1.1418598890304565 1.2874552011489868
vt 1.2519011497497559 1.129364252090454
vt 1.2514938116073608 1.129364252090454
vt 1.1413692235946655 1.287456750869751
vt 1.1414047479629517 1.2874559164047241
vt 1.1414039134979248 1.3585526943206787
vt 1.1413666009902954 1.3585526943206787
vt 1.1414939165115356 1.3585569858551025
vt 1.2520167827606201 1.1292508840560913
vt 1.2519925832748413 1.1281242370605469
vt 1.2520756721496582 1.1281243562698364
vt 1.1413310766220093 1.2873551845550537
vt 1.1413944959640503 1.2874561548233032
vt 1.1413573026657104 1.287355661392212
vt 1.1419868469238281 1.2874552011489868
vt 1.142024040222168 1.2873547077178955
vt 1.142024040222168 1.287355661392212
vt 1.1419868469238281 1.2874561548233032
vt 1.2513765096664429 1.1292517185211182
vt 1.251293420791626 1.1281243562698364
vt 1.2513765096664429 1.1281243562698364
vt 1.1419496536254883 1.2874552011489868
vt 1.1419192552566528 1.3585526943206787
vt 1.141829490661621 1.3585559129714966
vt 1.1419563293457031 1.3585526943206787
vt 1.1421014070510864 1.358638048171997
vt 1.1420812606811523 1.3585047721862793
vt 1.1427000761032104 1.3585532903671265
vt 1.142695426940918 1.3586534261703491
vt 1.1428643465042114 1.3586536645889282
vt 1.1428271532058716 1.3585536479949951
vt 1.1428271532058716 1.3585526943206787
vt 1.1428643465042114 1.35865318775177
vt 1.1429541110992432 1.2874552011489868
vt 1.1429170370101929 1.287354588508606
vt 1.1433247327804565 1.287354588508606
vt 1.1432874202728271 1.2874552011489868
vt 1.2505513429641724 1.129364252090454
vt 1.250174641609192 1.129364252090454
vt 1.1428269147872925 1.2874552011489868
vt 1.1428642272949219 1.2874550819396973
vt 1.1428643465042114 1.3585526943206787
vt 1.1429542303085327 1.3585528135299683
vt 1.2506688833236694 1.1292518377304077
vt 1.2506707906723022 1.1281243562698364
vt 1.2507537603378296 1.1281243562698364
vt 1.1427897214889526 1.2873547077178955
vt 1.1428250074386597 1.2874561548233032
vt 1.1427878141403198 1.287355661392212
vt 1.1434144973754883 1.2874552011489868
vt 1.1434516906738281 1.2873547077178955
vt 1.1434516906738281 1.287355661392212
vt 1.1434144973754883 1.2874561548233032
vt 1.2500572204589844 1.1292517185211182
vt 1.249974250793457 1.1281243562698364
vt 1.2500572204589844 1.1281243562698364
vt 1.1433773040771484 1.2874552011489868
vt 1.1433773040771484 1.3585537672042847
vt 1.1432874202728271 1.3585535287857056
vt 1.1434144973754883 1.3585538864135742
vt 0.45678749680519104 0.7601447701454163
vt 0.45678749680519104 0.7602251768112183
vt 0.4564790725708008 0.7602251172065735
vt 0.45647916197776794 0.7601446509361267
vt 1.1429541110992432 1.3586534261703491
vt 1.1432874202728271 1.3586541414260864
vt 1.1433773040771484 1.358654260635376
vt 1.1434144973754883 1.3585548400878906
vt 1.1433771848678589 1.3586548566818237
vt 1.1435446739196777 1.3586549758911133
vt 1.1435415744781494 1.3585549592971802
vt 1.1441266536712646 1.3585152626037598
vt 1.1441266536712646 1.3586437702178955
vt 0.4555506408214569 0.759002149105072
vt 0.45555150508880615 0.7601455450057983
vt 1.144290566444397 1.3586535453796387
vt 1.1442524194717407 1.358548641204834
vt 1.1442896127700806 1.3586543798446655
vt 1.1406453847885132 1.2874562740325928
vt 1.1406456232070923 1.2873557806015015
vt 1.1412686109542847 1.2873562574386597
vt 1.1412687301635742 1.287457823753357
vt 1.252650260925293 1.128044843673706
vt 1.2520745992660522 1.128044843673706
vt 1.1405558586120605 1.2874561548233032
vt 1.1405725479125977 1.3585549592971802
vt 1.1413586139678955 1.28745698928833
vt 1.1413295269012451 1.3585549592971802
vt 1.141366720199585 1.3585548400878906
vt 1.1421139240264893 1.2874562740325928
vt 1.1421139240264893 1.2873557806015015
vt 1.142697811126709 1.2873557806015015
vt 1.142697811126709 1.2874561548233032
vt 1.251293420791626 1.128044843673706
vt 1.2507538795471191 1.128044843673706
vt 1.142024040222168 1.2874562740325928
vt 1.1419919729232788 1.358523964881897
vt 1.1419563293457031 1.3585481643676758
vt 1.1427876949310303 1.2874561548233032
vt 1.1427898406982422 1.358555555343628
vt 1.1435415744781494 1.2874562740325928
vt 1.1435415744781494 1.2873557806015015
vt 1.144126057624817 1.2873557806015015
vt 1.144126057624817 1.2874562740325928
vt 1.249974250793457 1.128044843673706
vt 1.2494341135025024 1.128044843673706
vt 1.1434516906738281 1.2874562740325928
vt 1.1434518098831177 1.3585567474365234
vt 1.1442158222198486 1.2874562740325928
vt 1.1442160606384277 1.3585296869277954
vt 0.4591436982154846 0.7601447701454163
vt 0.45906054973602295 0.7601455450057983
vt 0.45906054973602295 0.7590479254722595
vt 0.4591436982154846 0.7590472102165222
vt 0.4591436982154846 0.7588219046592712
vt 0.45907482504844666 0.7588878870010376
vt 0.4589085578918457 0.7589023113250732
vt 0.4583743214607239 0.7589023113250732
vt 0.4583743214607239 0.7588218450546265
vt 0.4589085578918457 0.7588219046592712
vt 0.45687058568000793 0.7590484023094177
vt 0.4568706452846527 0.7601455450057983
vt 0.4567872881889343 0.759047269821167
vt 0.45756879448890686 0.7588219046592712
vt 0.4575766921043396 0.7589226961135864
vt 0.45702698826789856 0.758908748626709
vt 0.4570315480232239 0.7588219046592712
vt 0.4562409818172455 0.7589064836502075
vt 0.4557023346424103 0.7589191794395447
vt 0.4563959240913391 0.7601454854011536
vt 0.4563959836959839 0.759048342704773
vt 0.45647937059402466 0.7590475678443909
vt 0.4564078152179718 0.7588878870010376
vt 0.45686018466949463 0.7588879466056824
vt 1.2528431415557861 1.129364252090454
vt 1.2527599334716797 1.1294437646865845
vt 1.2527600526809692 1.1293312311172485
vt 1.1405267715454102 1.2873547077178955
vt 1.1404367685317993 1.2873547077178955
vt 1.2493174076080322 1.129331350326538
vt 1.1442524194717407 1.2873547077178955
vt 1.1404082775115967 1.3586543798446655
vt 1.1404815912246704 1.3586359024047852
vt 0.4591436982154846 0.7602251768112183
vt 0.45907583832740784 0.7602108716964722
vt 1.140546202659607 1.3586554527282715
vt 0.4590160548686981 0.7589449882507324
vt 1.1413558721542358 1.358655571937561
vt 1.1414039134979248 1.358655571937561
vt 1.2519837617874146 1.1293308734893799
vt 1.1413668394088745 1.287354826927185
vt 1.2514108419418335 1.129331350326538
vt 1.1419868469238281 1.2873547077178955
vt 1.1419000625610352 1.3586578369140625
vt 1.1419532299041748 1.358647346496582
vt 0.45775777101516724 0.7588879466056824
vt 0.45771390199661255 0.758957028388977
vt 0.4578282833099365 0.759047269821167
vt 0.45776304602622986 0.7590476870536804
vt 1.1428147554397583 1.3586543798446655
vt 0.4569165110588074 0.7589486241340637
vt 1.2506344318389893 1.129331350326538
vt 1.1428271532058716 1.287354588508606
vt 1.2500916719436646 1.129331350326538
vt 1.1434144973754883 1.2873547077178955
vt 1.1428807973861694 1.3586347103118896
vt 0.4568553566932678 0.7602109313011169
vt 1.1433607339859009 1.3586357831954956
vt 0.4564111828804016 0.7602108716964722
vt 1.1434264183044434 1.3586554527282715
vt 0.4563504755496979 0.7589471936225891
vt 1.1442375183105469 1.3586262464523315
vt 0.45559969544410706 0.7589477896690369
vt 1.1443060636520386 1.3586359024047852
vt 0.45553627610206604 0.7602108716964722
vt 1.140572428703308 1.2873742580413818
vt 1.2527178525924683 1.1280595064163208
vt 1.2520067691802979 1.1280595064163208
vt 1.1413419246673584 1.2873746156692505
vt 1.1420406103134155 1.2873742580413818
vt 1.2513612508773804 1.1280593872070312
vt 1.2506860494613647 1.1280593872070312
vt 1.1427711248397827 1.2873742580413818
vt 1.1434682607650757 1.2873742580413818
vt 1.2500419616699219 1.1280593872070312
vt 1.2493664026260376 1.1280593872070312
vt 1.1441993713378906 1.2873742580413818
vt 0.4582667648792267 0.7589448690414429
vt 0.45820173621177673 0.7588815093040466
vt 0.45822227001190186 0.7590477466583252
vt 0.4581391513347626 0.7590472102165222
vt 0.5830972790718079 1.38199782371521
vt 0.5830971598625183 1.3820366859436035
vt 0.5836603045463562 1.3819937705993652
vt 0.5835627317428589 1.382035255432129
vt 1.4136743545532227 0.5569484233856201
vt 1.4137415885925293 0.5569496750831604
vt 1.4137179851531982 0.5570427179336548
vt 1.4136484861373901 0.5570427775382996
vt 0.5836588740348816 1.3820339441299438
vt 1.413744568824768 0.5574930906295776
vt 1.413717269897461 0.5573978424072266
vt 0.583195686340332 1.3820371627807617
vt 1.413648247718811 0.5573979020118713
vt 1.4136754274368286 0.5574932098388672
vt 1.1414039134979248 1.3586137294769287
vt 1.1414039134979248 1.3586541414260864
vt 1.141829490661621 1.3586527109146118
vt 1.1414939165115356 1.3586547374725342
vt 0.45782843232154846 0.7602258920669556
vt 0.45782843232154846 0.7601470947265625
vt 0.458139032125473 0.7601480484008789
vt 0.458139032125473 0.7602261304855347
vt 0.4577469825744629 0.7601189017295837
vt 1.1419174671173096 1.3586512804031372
vt 0.45822227001190186 0.7601156234741211
vt 1.141918659210205 1.3586094379425049
vt 0.45774582028388977 0.7601948976516724
vt 0.45822227001190186 0.7601938247680664
vt 0.937238872051239 1.4030829668045044
vt 0.9376324415206909 1.4027397632598877
vt 0.9376851916313171 1.4030206203460693
vt 0.9373019933700562 1.4033894538879395
vt 1.4275935888290405 0.040730834007263184
vt 1.4275935888290405 0.0402023047208786
vt 1.4277311563491821 0.0402023047208786
vt 1.4277311563491821 0.040730834007263184
vt 1.4298574924468994 0.0402023047208786
vt 1.4298574924468994 0.040730834007263184
vt 1.4300775527954102 0.0402023047208786
vt 1.4300775527954102 0.040730834007263184
vt 0.6781673431396484 0.3256114721298218
vt 0.6786221861839294 0.3260147273540497
vt 0.6787528991699219 0.32583045959472656
vt 0.6783169507980347 0.32544010877609253
vt 0.6755667924880981 0.3287426233291626
vt 0.6763390302658081 0.3293663263320923
vt 0.6754655241966248 0.3288545608520508
vt 0.6762502193450928 0.32948705554008484
vt 0.6754692792892456 0.3288058340549469
vt 0.6762560606002808 0.3294398784637451
vt 0.6755527257919312 0.3285260498523712
vt 0.6763399243354797 0.3291603624820709
vt 0.6755920648574829 0.32844555377960205
vt 0.6763764023780823 0.32907772064208984
vt 0.6756554245948792 0.32836633920669556
vt 0.6764318346977234 0.3289915919303894
vt 0.678857684135437 0.3244909644126892
vt 0.679244875907898 0.32484978437423706
vt 0.6789047718048096 0.32444530725479126
vt 0.6792857050895691 0.32479968667030334
vt 1.2946738004684448 0.7038694620132446
vt 1.294663906097412 0.7034021019935608
vt 1.2948230504989624 0.7033747434616089
vt 1.2948375940322876 0.7038445472717285
vt 1.292930245399475 0.7036436200141907
vt 1.292925477027893 0.7030870318412781
vt 1.2928886413574219 0.7036947011947632
vt 1.292870283126831 0.7031298875808716
vt 0.4299025237560272 1.3814960718154907
vt 0.4294559955596924 1.3810783624649048
vt 0.4294959604740143 1.381003737449646
vt 0.4299483895301819 1.381394386291504
vt 0.9379999041557312 1.4022963047027588
vt 0.9380553364753723 1.4025815725326538
vt 1.4275935888290405 0.03963058814406395
vt 1.4277311563491821 0.03963058814406395
vt 0.9360045194625854 1.4038116931915283
vt 0.9360274076461792 1.4040895700454712
vt 1.4275935888290405 0.04218478128314018
vt 1.4277311563491821 0.04218478128314018
vt 1.4298574924468994 0.03963058814406395
vt 0.6777299046516418 0.32514482736587524
vt 0.6748769283294678 0.32807040214538574
vt 0.6747674942016602 0.32812410593032837
vt 0.674850583076477 0.3278440833091736
vt 0.6749632954597473 0.3276973366737366
vt 0.6784745454788208 0.324063777923584
vt 1.4298574924468994 0.04218478128314018
vt 0.680139422416687 0.32685545086860657
vt 0.6790230870246887 0.33078014850616455
vt 0.678993284702301 0.33088037371635437
vt 0.6790787577629089 0.33060166239738464
vt 0.6791367530822754 0.33041566610336304
vt 0.6805157661437988 0.3255716562271118
vt 1.2946869134902954 0.7044088840484619
vt 1.292960524559021 0.7042720317840576
vt 1.4300775527954102 0.03963058814406395
vt 0.6778950095176697 0.3249855637550354
vt 0.6747655272483826 0.328174352645874
vt 0.6748929023742676 0.3277661204338074
vt 0.6785269379615784 0.3240225315093994
vt 1.2948521375656128 0.7043859362602234
vt 1.4300775527954102 0.04218478128314018
vt 0.6802020072937012 0.3266381323337555
vt 0.6789801716804504 0.330923855304718
vt 0.6791058778762817 0.33051416277885437
vt 0.6805338263511658 0.32551082968711853
vt 1.4155030250549316 0.7048392295837402
vt 1.2929050922393799 0.7043097019195557
vt 0.429057240486145 1.380586862564087
vt 0.4291236698627472 1.3805232048034668
vt 1.292831540107727 0.7026661038398743
vt 1.2929149866104126 0.7026050090789795
vt 1.415360450744629 0.7052209377288818
vt 1.4153424501419067 0.7055903673171997
vt 1.4154969453811646 0.7052337527275085
vt 1.4154880046844482 0.7056060433387756
vt 1.4275935888290405 0.041711628437042236
vt 1.4275935888290405 0.04123081639409065
vt 1.4277311563491821 0.04123081639409065
vt 1.4277311563491821 0.041711628437042236
vt 0.9368999004364014 1.4036927223205566
vt 0.9364755749702454 1.4039266109466553
vt 0.9364274144172668 1.4036043882369995
vt 0.9368503093719482 1.4033970832824707
vt 1.4298574924468994 0.04123081639409065
vt 1.4298574924468994 0.041711628437042236
vt 1.4300775527954102 0.04123081639409065
vt 1.4300775527954102 0.041711628437042236
vt 0.6796925663948059 0.3264315128326416
vt 0.6792101860046387 0.32616186141967773
vt 0.6791008114814758 0.32635870575904846
vt 0.6796062588691711 0.3266395926475525
vt 0.6771818995475769 0.32992637157440186
vt 0.678082287311554 0.33040234446525574
vt 0.6771073341369629 0.3300558030605316
vt 0.6780232787132263 0.33053961396217346
vt 0.6771154403686523 0.3300100564956665
vt 0.6780338287353516 0.330495148897171
vt 0.6771997809410095 0.3297308683395386
vt 0.6781187057495117 0.3302161991596222
vt 0.6772332787513733 0.3296462893486023
vt 0.6781491041183472 0.3301299810409546
vt 0.6772807240486145 0.3295550048351288
vt 0.6781884431838989 0.3300347328186035
vt 0.6796464323997498 0.32514920830726624
vt 0.6800684332847595 0.3253895342350006
vt 0.6796801090240479 0.32509490847587585
vt 0.6800944805145264 0.32533159852027893
vt 1.2946566343307495 0.7029939889907837
vt 1.2948079109191895 0.7029640078544617
vt 1.4300775527954102 0.037006184458732605
vt 1.4298574924468994 0.037006184458732605
vt 0.6764830946922302 0.32289978861808777
vt 0.676630973815918 0.32264602184295654
vt 0.6731343865394592 0.3251853287220001
vt 0.6729992032051086 0.3252630829811096
vt 0.6729975342750549 0.3252083361148834
vt 0.6730794906616211 0.32492703199386597
vt 0.6731242537498474 0.32485178112983704
vt 0.6731836199760437 0.32480505108833313
vt 0.9387899041175842 1.4009380340576172
vt 0.9385442137718201 1.401431679725647
vt 1.4298574924468994 0.039073385298252106
vt 1.4277311563491821 0.039073385298252106
vt 1.4300775527954102 0.039073385298252106
vt 0.6775386929512024 0.3245140612125397
vt 0.6773607134819031 0.3246608376502991
vt 0.6743065714836121 0.32737869024276733
vt 1.4275935888290405 0.039073385298252106
vt 0.938365638256073 1.4021196365356445
vt 0.9383071064949036 1.4018659591674805
vt 0.6741868257522583 0.3274751901626587
vt 0.6741871237754822 0.32742324471473694
vt 0.6742700338363647 0.327143132686615
vt 0.674315869808197 0.32706859707832336
vt 0.6743921637535095 0.3270180821418762
vt 0.6781491041183472 0.32361936569213867
vt 0.6782059073448181 0.3235827684402466
vt 1.2946999073028564 0.7049522399902344
vt 1.2948644161224365 0.7049310803413391
vt 1.2929857969284058 0.7048913836479187
vt 1.2929185628890991 0.7049172520637512
vt 0.4287295937538147 1.3800733089447021
vt 0.42880719900131226 1.3800184726715088
vt 1.4298574924468994 0.03855668008327484
vt 1.4298574924468994 0.03805360570549965
vt 1.4300775527954102 0.03805360570549965
vt 1.4300775527954102 0.03855668008327484
vt 1.4277311563491821 0.03855668008327484
vt 1.4277311563491821 0.03805360570549965
vt 0.6772550344467163 0.3240576982498169
vt 0.6770049333572388 0.32361191511154175
vt 0.676813542842865 0.3237425982952118
vt 0.677067756652832 0.32419314980506897
vt 1.4275935888290405 0.03855668008327484
vt 1.4275935888290405 0.03805360570549965
vt 0.6735758185386658 0.32621535658836365
vt 0.6738803386688232 0.32673534750938416
vt 0.9388471245765686 1.4011881351470947
vt 0.9386088252067566 1.4016718864440918
vt 0.6734479069709778 0.3263046145439148
vt 0.6737549901008606 0.3268263339996338
vt 0.67344731092453 0.3262518644332886
vt 0.6737539172172546 0.32677266001701355
vt 0.6735305190086365 0.3259725272655487
vt 0.6738368272781372 0.3264927566051483
vt 0.6735695004463196 0.3258857727050781
vt 0.673886775970459 0.32642340660095215
vt 0.673638105392456 0.3258570730686188
vt 0.6739704608917236 0.3264048397541046
vt 0.6776427030563354 0.32274356484413147
vt 0.677885115146637 0.32318392395973206
vt 0.6777047514915466 0.322714626789093
vt 0.677945077419281 0.3231518566608429
vt 1.2948744297027588 0.7054517269134521
vt 1.2948836088180542 0.7059739828109741
vt 1.2947211265563965 0.7059905529022217
vt 1.2947111129760742 0.705471932888031
vt 1.2930114269256592 0.7059738636016846
vt 1.2929996252059937 0.705443263053894
vt 1.2929383516311646 0.7059930562973022
vt 1.2929290533065796 0.7054640054702759
vt 0.42847639322280884 1.3795934915542603
vt 0.42825064063072205 1.3791213035583496
vt 0.6350929141044617 1.412339210510254
vt 0.6354246139526367 1.412293553352356
vt 0.6354272961616516 1.417235255241394
vt 0.6350976228713989 1.417280912399292
vt 0.6357057094573975 1.4121687412261963
vt 0.6357067227363586 1.4171100854873657
vt 0.8556562066078186 0.350027859210968
vt 0.8554216623306274 0.34989118576049805
vt 0.8554189801216125 0.3446894884109497
vt 0.855654776096344 0.34482553601264954
vt 0.8551180958747864 0.34981778264045715
vt 0.8551141023635864 0.3446163237094879
vt 0.5902338027954102 1.3137556314468384
vt 0.5905282497406006 1.3137555122375488
vt 0.5905284285545349 1.3819403648376465
vt 0.5902340412139893 1.3819403648376465
vt 0.5907779932022095 1.3137553930282593
vt 0.5907781720161438 1.3819401264190674
vt 1.1226396560668945 1.2874549627304077
vt 1.1228996515274048 1.2874550819396973
vt 1.122900128364563 1.3585537672042847
vt 1.1226398944854736 1.3585535287857056
vt 1.1232062578201294 1.2874552011489868
vt 1.1232069730758667 1.3585537672042847
vt 0.8550476431846619 0.3499127924442291
vt 0.8553604483604431 0.3499864339828491
vt 0.8552595973014832 0.35006529092788696
vt 0.8549287915229797 0.3500005602836609
vt 0.8556053638458252 0.3501182198524475
vt 0.8554995656013489 0.3501768112182617
vt 0.6356788873672485 1.4120606184005737
vt 0.6354011297225952 1.4121843576431274
vt 0.6353576183319092 1.412062406539917
vt 0.6356073021888733 1.4119694232940674
vt 0.6350746154785156 1.4122314453125
vt 0.6350619792938232 1.412115454673767
vt 0.6350789070129395 1.4173357486724854
vt 0.476815789937973 0.7580766081809998
vt 0.4769631028175354 0.757922351360321
vt 0.5902124047279358 1.313673973083496
vt 1.1232202053070068 1.287371039390564
vt 1.2687524557113647 1.1293820142745972
vt 1.2687174081802368 1.1294485330581665
vt 1.41362464427948 0.5505683422088623
vt 1.4136834144592285 0.5505084991455078
vt 0.5902546644210815 1.382036805152893
vt 1.41535484790802 0.5483705401420593
vt 0.8550875186920166 0.3445514440536499
vt 1.4155006408691406 0.5482158660888672
vt 1.1231642961502075 1.358654260635376
vt 0.4751557409763336 0.7601821422576904
vt 0.4751031994819641 0.7602595090866089
vt 1.269433856010437 1.1302223205566406
vt 1.2694923877716064 1.1301287412643433
vt 1.2687509059906006 1.1302030086517334
vt 0.8553941249847412 0.344625324010849
vt 0.8556312322616577 0.34476181864738464
vt 0.6354089379310608 1.4172898530960083
vt 0.6356886625289917 1.4171640872955322
vt 0.590508759021759 1.3136749267578125
vt 0.5907601118087769 1.3136752843856812
vt 1.1229140758514404 1.2873715162277222
vt 1.1226545572280884 1.2873713970184326
vt 1.1228621006011963 1.358654260635376
vt 1.122605800628662 1.3586541414260864
vt 0.5905541181564331 1.382036805152893
vt 0.590808093547821 1.382036566734314
vt 1.2694355249404907 1.1298433542251587
vt 1.2693792581558228 1.129926323890686
vt 1.2692750692367554 1.1296013593673706
vt 1.2692240476608276 1.1296753883361816
vt 1.2690352201461792 1.1294394731521606
vt 1.2689915895462036 1.1295076608657837
vt 0.4753829538822174 0.7603182792663574
vt 0.4754696786403656 0.7602385878562927
vt 0.4756200909614563 0.7604823112487793
vt 0.4756828546524048 0.7604073882102966
vt 1.4135674238204956 0.5502786636352539
vt 1.4136439561843872 0.5502046346664429
vt 1.4134081602096558 0.5500331521034241
vt 1.4134726524353027 0.5499587655067444
vt 0.47710120677948 0.7581335306167603
vt 0.47734326124191284 0.7582953572273254
vt 1.4152977466583252 0.5480839610099792
vt 1.4151357412338257 0.5478410720825195
vt 0.47724664211273193 0.7579800486564636
vt 0.4774869680404663 0.758141815662384
vt 1.415281891822815 0.5476881265640259
vt 1.4154431819915771 0.5479302406311035
vt 1.4300775527954102 0.1930805742740631
vt 1.4300775527954102 0.19321994483470917
vt 1.4298574924468994 0.19321994483470917
vt 0.6351532340049744 1.4160494804382324
vt 0.7702555060386658 0.7969188094139099
vt 0.7701385021209717 0.7969883680343628
vt 0.7699652314186096 0.7970048189163208
vt 0.4135723412036896 1.3280820846557617
vt 0.413828045129776 1.3280794620513916
vt 0.4136246144771576 1.3279883861541748
vt 0.4138421416282654 1.3279857635498047
vt 0.6187605261802673 0.01042260229587555
vt 0.618757963180542 0.010637134313583374
vt 0.6187907457351685 0.010587063618004322
vt 0.36993688344955444 0.7589187622070312
vt 0.3697296977043152 0.7589079737663269
vt 0.3697325587272644 0.7588120698928833
vt 0.3699181377887726 0.7588220238685608
vt 0.3695659637451172 0.7719221711158752
vt 0.3693571984767914 0.771938145160675
vt 0.7701807022094727 0.7971058487892151
vt 0.7699763178825378 0.7971057295799255
vt 0.37009626626968384 0.7589156031608582
vt 0.3696920573711395 0.7719070911407471
vt 0.41339820623397827 1.3280839920043945
vt 0.41334444284439087 1.3416181802749634
vt 0.7703299522399902 0.797028124332428
vt 0.6187853217124939 0.01073023583739996
vt 0.6187509894371033 0.010826179757714272
vt 0.7699763178825378 0.7971057295799255
vt 0.6187605261802673 0.01042260229587555
vt 0.41343265771865845 1.3279906511306763
vt 0.37008023262023926 0.7588126063346863
vt 0.4133319556713104 1.3417218923568726
vt 0.3697664439678192 0.7720119953155518
vt 0.37097981572151184 0.7729479670524597
vt 0.7697609663009644 0.7745248675346375
vt 0.7703442573547363 0.7745245695114136
vt 0.7704313397407532 0.7745601534843445
vt 0.6622722148895264 0.7745247483253479
vt 0.6622722148895264 0.7743783593177795
vt 0.6623803973197937 0.7892841100692749
vt 0.6623509526252747 0.7891458868980408
vt 1.1734716892242432 1.2819124460220337
vt 1.1734716892242432 1.2825441360473633
vt 1.1734716892242432 1.2803829908370972
vt 1.1734716892242432 1.2810146808624268
vt 1.1734716892242432 1.1348655223846436
vt 1.1734716892242432 1.1354845762252808
vt 1.1734716892242432 1.1363701820373535
vt 1.1734716892242432 1.1370238065719604
vt 1.1734716892242432 1.1379088163375854
vt 1.1734716892242432 1.279484510421753
vt 1.173373818397522 1.13777494430542
vt 1.173373818397522 1.1371577978134155
vt 1.1734429597854614 1.1371195316314697
vt 1.1734429597854614 1.137813925743103
vt 1.173373818397522 1.2802468538284302
vt 1.173373818397522 1.27962064743042
vt 1.173443078994751 1.27958083152771
vt 1.173443078994751 1.2802866697311401
vt 1.173373818397522 1.2817763090133667
vt 1.173373818397522 1.2811508178710938
vt 1.173443078994751 1.2811110019683838
vt 1.173443078994751 1.2818161249160767
vt 1.173373818397522 1.1362361907958984
vt 1.173373818397522 1.1356185674667358
vt 1.173443078994751 1.135579228401184
vt 1.173443078994751 1.1362754106521606
vt 1.173373818397522 1.134731650352478
vt 1.173373818397522 1.1341164112091064
vt 1.173443078994751 1.1340771913528442
vt 1.173443078994751 1.1347708702087402
vt 0.1957930326461792 0.3932967782020569
vt 0.3576478660106659 0.3757840394973755
vt 0.3576526939868927 0.3755502998828888
vt 0.1958005577325821 0.3930625915527344
vt 1.2418513298034668 0.7096744775772095
vt 1.2173619270324707 0.5606526732444763
vt 1.2176015377044678 0.5606056451797485
vt 1.2421154975891113 0.7097778916358948
vt 0.5202643871307373 1.4158340692520142
vt 0.5204492807388306 1.4158358573913574
vt 0.5203795433044434 1.4118320941925049
vt 0.520261287689209 1.4118309020996094
vt 0.18706855177879333 0.39847487211227417
vt 0.18725040555000305 0.3984532654285431
vt 0.18724609911441803 0.3942401707172394
vt 0.1870725452899933 0.3942607045173645
vt 0.5204576849937439 1.4160512685775757
vt 0.5229032039642334 1.4160757064819336
vt 0.522901177406311 1.415859580039978
vt 1.2030049562454224 1.3585492372512817
vt 1.2030049562454224 1.2874594926834106
vt 1.2031387090682983 1.2874596118927002
vt 1.2031387090682983 1.3585386276245117
vt 1.2032911777496338 1.2874596118927002
vt 1.2032315731048584 1.3585104942321777
vt 1.2030116319656372 1.358652949333191
vt 1.1979292631149292 1.3586539030075073
vt 1.1979527473449707 1.3585467338562012
vt 1.2044343948364258 1.3585537672042847
vt 1.2044345140457153 1.3586543798446655
vt 1.2032158374786377 1.3586530685424805
vt 1.1978870630264282 1.28745698928833
vt 1.1978870630264282 1.3585466146469116
vt 1.1979527473449707 1.28745698928833
vt 0.2032359093427658 1.416058897972107
vt 0.20322169363498688 1.3486310243606567
vt 0.20336392521858215 1.3486307859420776
vt 0.20336896181106567 1.416048526763916
vt 0.20324088633060455 1.4163607358932495
vt 0.20041950047016144 1.416367530822754
vt 0.20041586458683014 1.4160658121109009
vt 0.20010142028331757 1.416367530822754
vt 0.17934031784534454 1.4163682460784912
vt 0.179348424077034 1.4160668849945068
vt 0.20010104775428772 1.4160659313201904
vt 0.2001001536846161 1.3486363887786865
vt 0.20027336478233337 1.3486372232437134
vt 0.20027902722358704 1.4160658121109009
vt 0.20040592551231384 1.3486380577087402
vt 1.3993492126464844 0.5569243431091309
vt 1.3993425369262695 0.7021444439888
vt 1.3992226123809814 0.7021443843841553
vt 1.3992226123809814 0.5569161772727966
vt 0.1956597864627838 0.39188623428344727
vt 0.35751521587371826 0.3743736147880554
vt 0.3575093448162079 0.3744395673274994
vt 0.19565394520759583 0.39195218682289124
vt 0.19565394520759583 0.3971517086029053
vt 0.3575093448162079 0.3796390891075134
vt 0.35751521587371826 0.3797430992126465
vt 0.1956597864627838 0.39725571870803833
vt 0.3575320243835449 0.3798328936100006
vt 0.19567660987377167 0.39734551310539246
vt 0.7699813842773438 1.3792678117752075
vt 0.769953727722168 1.3137515783309937
vt 0.7700332999229431 1.3137515783309937
vt 0.7700584530830383 1.3792678117752075
vt 0.17927908897399902 1.4160667657852173
vt 0.17930161952972412 1.3486340045928955
vt 0.17937281727790833 1.348634123802185
vt 1.2199186086654663 0.5602321624755859
vt 1.2453340291976929 0.7148842811584473
vt 1.2451809644699097 0.714917004108429
vt 1.2197781801223755 0.5602641701698303
vt 0.7699905633926392 1.3795605897903442
vt 0.6198943257331848 1.3795605897903442
vt 0.6198906898498535 1.379267692565918
vt 0.18702536821365356 0.3986331522464752
vt 0.1872440129518509 0.39860737323760986
vt 0.18684974312782288 0.3986090421676636
vt 0.18719178438186646 0.3985688090324402
vt 0.5203791260719299 1.4116934537887573
vt 0.5202277898788452 1.4116920232772827
vt 0.5203770399093628 1.4117752313613892
vt 0.5201075077056885 1.4117729663848877
vt 1.2788817882537842 0.6560103297233582
vt 1.2792435884475708 0.6186548471450806
vt 1.2794054746627808 0.6186719536781311
vt 1.2790454626083374 0.6560207009315491
vt 0.37416383624076843 0.3370265066623688
vt 0.3647081255912781 0.3701741397380829
vt 0.364645779132843 0.37014493346214294
vt 0.3740825951099396 0.3370361924171448
vt 0.38023313879966736 0.33704429864883423
vt 0.3802269995212555 0.33637523651123047
vt 0.3803219199180603 0.33638444542884827
vt 0.3803141713142395 0.33700740337371826
vt 0.27149245142936707 0.7728791832923889
vt 0.27147719264030457 0.7722000479698181
vt 0.2715696096420288 0.7722001075744629
vt 0.27158868312835693 0.7728689312934875
vt 0.27203404903411865 0.7728543281555176
vt 0.27203649282455444 0.7729445099830627
vt 0.2715875804424286 0.7729629278182983
vt 0.3803613483905792 0.3371407389640808
vt 0.38044098019599915 0.3374301791191101
vt 0.38039520382881165 0.33751216530799866
vt 0.38031840324401855 0.3372233510017395
vt 0.8035703897476196 1.4235419034957886
vt 0.80370032787323 1.4283567667007446
vt 0.8034617900848389 1.4283599853515625
vt 0.8034562468528748 1.4235601425170898
vt 0.3802175521850586 0.3375984728336334
vt 0.3748478293418884 0.33818718791007996
vt 0.3748018741607666 0.33824822306632996
vt 0.3801295757293701 0.33767446875572205
vt 0.2722451686859131 0.7728447318077087
vt 0.2733824849128723 0.7727729678153992
vt 0.27338674664497375 0.7728714942932129
vt 0.2722605764865875 0.772921621799469
vt 0.8035401701927185 1.4233381748199463
vt 0.8046659231185913 1.4233405590057373
vt 0.8046718239784241 1.4235268831253052
vt 0.8057681322097778 1.428618311882019
vt 0.8036921620368958 1.428628921508789
vt 1.2150496244430542 0.5355046391487122
vt 1.217246651649475 0.535150408744812
vt 1.2172361612319946 0.53526771068573
vt 1.2150588035583496 0.5355890393257141
vt 1.1808987855911255 0.3855821490287781
vt 1.179352879524231 0.35472768545150757
vt 0.6049710512161255 1.3406766653060913
vt 0.6191513538360596 1.3137184381484985
vt 0.6192405223846436 1.313719630241394
vt 0.6050445437431335 1.3407390117645264
vt 1.2790378332138062 0.6561617255210876
vt 1.2787381410598755 0.6583557724952698
vt 1.2786461114883423 0.6583169102668762
vt 1.278876543045044 0.6561174988746643
vt 0.374206006526947 0.3369637131690979
vt 0.38023245334625244 0.3363093137741089
vt 1.2807470560073853 0.6560499668121338
vt 1.2807444334030151 0.6561354994773865
vt 1.2790420055389404 0.6561071872711182
vt 1.2807409763336182 0.6561897397041321
vt 1.2808146476745605 0.6562265753746033
vt 1.2805895805358887 0.6584092974662781
vt 1.2805168628692627 0.6583723425865173
vt 1.281114101409912 0.6186765432357788
vt 1.2811884880065918 0.6186833381652832
vt 1.2808218002319336 0.6560624241828918
vt 1.279444694519043 0.6583688259124756
vt 1.2794241905212402 0.6583609580993652
vt 1.278733730316162 0.6583508849143982
vt 0.27156326174736023 0.7721021771430969
vt 0.2722206711769104 0.7720788717269897
vt 0.272226482629776 0.7721805572509766
vt 0.6616904139518738 0.7890835404396057
vt 0.6622731685638428 0.789090096950531
vt 0.6621882319450378 0.7891543507575989
vt 0.6616904139518738 0.7891837358474731
vt 0.48425933718681335 0.0019725896418094635
vt 0.4842616319656372 0.0019549273420125246
vt 0.48431578278541565 0.0020522233098745346
vt 0.48429179191589355 0.0020550289191305637
vt 0.4844236373901367 0.010149870067834854
vt 0.4844568967819214 0.010158596560359001
vt 0.48432597517967224 0.002055129501968622
vt 0.6622549891471863 0.8016882538795471
vt 0.6623020172119141 0.7893587350845337
vt 0.48441675305366516 0.002071879105642438
vt 0.4982766807079315 0.005336952395737171
vt 0.4982486963272095 0.005416519474238157
vt 0.4844345152378082 0.002148966770619154
vt 0.48459023237228394 0.01005595549941063
vt 0.4844951331615448 0.010091055184602737
vt 0.48435264825820923 0.0021074514370411634
vt 0.4844525456428528 0.01017855666577816
vt 0.15741337835788727 1.302340030670166
vt 0.010762636549770832 1.3023403882980347
vt 0.010721733793616295 1.302243709564209
vt 0.157454714179039 1.3022435903549194
vt 1.1734025478363037 1.2793883085250854
vt 1.1734024286270142 1.1380038261413574
vt 0.15755479037761688 1.302340030670166
vt 0.1575547158718109 1.3705250024795532
vt 0.15751320123672485 1.3705248832702637
vt 0.1575133055448532 1.302340030670166
vt 0.1574132889509201 1.3705248832702637
vt 1.1723241806030273 1.27962064743042
vt 1.1723241806030273 1.2795244455337524
vt 1.1733046770095825 1.2795244455337524
vt 0.1575961410999298 1.302243709564209
vt 0.1575976461172104 1.3022446632385254
vt 0.15755623579025269 1.302341103553772
vt 0.010592698119580746 1.3022446632385254
vt 0.010583154857158661 1.302243709564209
vt 0.010624215938150883 1.3023401498794556
vt 0.01063338853418827 1.302341103553772
vt 1.1723241806030273 1.137783169746399
vt 1.1733046770095825 1.1378700733184814
vt 1.1723241806030273 1.1378778219223022
vt 0.010752864181995392 1.3705248832702637
vt 0.01065464224666357 1.3705248832702637
vt 0.010664420202374458 1.3023402690887451
vt 0.010614046826958656 1.3705250024795532
vt 0.16184833645820618 1.3055932521820068
vt 0.16183243691921234 1.3703997135162354
vt 0.16173066198825836 1.3704160451889038
vt 0.16174855828285217 1.3054568767547607
vt 0.16168834269046783 1.3704197406768799
vt 0.1617073118686676 1.305398941040039
vt 0.6616817116737366 0.7742745280265808
vt 0.6616836190223694 0.7743784189224243
vt 1.4010183811187744 0.7055939435958862
vt 1.4000781774520874 0.7055260539054871
vt 1.4000754356384277 0.7054724097251892
vt 1.4010194540023804 0.7054917812347412
vt 0.16173487901687622 1.3705146312713623
vt 0.16171619296073914 1.370506763458252
vt 0.16168983280658722 1.3703837394714355
vt 0.006548439618200064 1.3023401498794556
vt 0.0065484074875712395 1.3705250024795532
vt 0.0065075913444161415 1.3705250024795532
vt 0.00650767283514142 1.302340030670166
vt 0.0064092823304235935 1.3705248832702637
vt 0.006409373600035906 1.302340030670166
vt 1.1723241806030273 1.1340210437774658
vt 1.1733046770095825 1.1340216398239136
vt 1.1723241806030273 1.1341156959533691
vt 0.006549242418259382 1.302341103553772
vt 0.006589116528630257 1.302243709564209
vt 0.006589943543076515 1.3022446632385254
vt 0.48445501923561096 0.010255711153149605
vt 0.48442724347114563 0.01041159126907587
vt 0.662286639213562 0.7970072031021118
vt 0.6929105520248413 0.7970153093338013
vt 0.6928318738937378 0.7971131205558777
vt 0.6622967720031738 0.7971054315567017
vt 0.2736097276210785 0.7588052749633789
vt 0.30049121379852295 0.7578784823417664
vt 0.30046942830085754 0.7579777836799622
vt 0.27361515164375305 0.7589011788368225
vt 0.6622558832168579 0.8058676719665527
vt 0.662254273891449 0.8018311858177185
vt 0.4983341097831726 0.005456028040498495
vt 0.49838486313819885 0.010057005099952221
vt 0.4982883036136627 0.010057582519948483
vt 0.6623314023017883 0.7965227365493774
vt 0.6622549891471863 0.7964940071105957
vt 0.6622556447982788 0.8058748841285706
vt 0.49829140305519104 0.010138866491615772
vt 0.4845920205116272 0.010135875083506107
vt 1.2013529539108276 0.5360966324806213
vt 1.1813983917236328 0.5354600548744202
vt 1.1814056634902954 0.5353720188140869
vt 1.2014660835266113 0.5359913110733032
vt 0.17937281727790833 1.3485385179519653
vt 0.20010235905647278 1.34853994846344
vt 0.6192684173583984 1.313664197921753
vt 0.769953727722168 1.3136587142944336
vt 1.1813265085220337 0.5353737473487854
vt 1.1808960437774658 0.3857423663139343
vt 0.20038416981697083 1.3485386371612549
vt 0.20320792496204376 1.3485337495803833
vt 0.15900149941444397 1.302340030670166
vt 0.15862835943698883 1.302340030670166
vt 0.15858691930770874 1.3022435903549194
vt 0.1590428501367569 1.3022435903549194
vt 1.1734025478363037 1.2809184789657593
vt 1.1734025478363037 1.2804791927337646
vt 0.1591428965330124 1.302340030670166
vt 0.15914280712604523 1.3705224990844727
vt 0.15910135209560394 1.3705226182937622
vt 0.1591014415025711 1.302340030670166
vt 0.1590014100074768 1.3705229759216309
vt 1.1723241806030273 1.2811508178710938
vt 1.1723241806030273 1.2810546159744263
vt 1.1733046770095825 1.2810546159744263
vt 0.15918424725532532 1.302243709564209
vt 0.1591857373714447 1.3022446632385254
vt 0.1591443568468094 1.302341103553772
vt 0.1584872007369995 1.302340030670166
vt 0.1584886610507965 1.302341103553772
vt 0.1584472954273224 1.3022446632385254
vt 0.158445805311203 1.302243709564209
vt 1.1733046770095825 1.2803430557250977
vt 1.1723241806030273 1.2803430557250977
vt 1.1723241806030273 1.2802468538284302
vt 0.15862824022769928 1.370524287223816
vt 0.1585284024477005 1.3705247640609741
vt 0.15852849185466766 1.302340030670166
vt 0.15848712623119354 1.3705250024795532
vt 1.2194850444793701 0.557586669921875
vt 1.2193442583084106 0.5576161742210388
vt 0.6173445582389832 1.3792376518249512
vt 0.6173340082168579 1.3795303106307983
vt 0.3605257272720337 0.3752117156982422
vt 0.3605271875858307 0.37544453144073486
vt 1.2171671390533447 0.5579550266265869
vt 1.2169272899627686 0.5579999685287476
vt 0.36058124899864197 0.379802942276001
vt 0.35764098167419434 0.38015279173851013
vt 0.3576195538043976 0.38011112809181213
vt 0.3605615794658661 0.3797610104084015
vt 0.36058056354522705 0.37964847683906555
vt 0.3576468229293823 0.3799974024295807
vt 0.36045560240745544 0.37939324975013733
vt 0.3604443371295929 0.3792899250984192
vt 0.3604746162891388 0.3794827163219452
vt 1.3992239236831665 0.7047123312950134
vt 1.3993438482284546 0.7047106623649597
vt 0.36037591099739075 0.3741024136543274
vt 0.36037710309028625 0.3740370571613312
vt 0.1605888307094574 1.302340030670166
vt 0.16021566092967987 1.302340030670166
vt 0.16017422080039978 1.3022435903549194
vt 0.16063015162944794 1.3022435903549194
vt 1.1734025478363037 1.2824479341506958
vt 1.1734025478363037 1.2820086479187012
vt 0.160730242729187 1.302340030670166
vt 0.16076405346393585 1.3704944849014282
vt 0.160722553730011 1.3704957962036133
vt 0.16068874299526215 1.302340030670166
vt 0.16062262654304504 1.3704991340637207
vt 1.173373818397522 1.2826802730560303
vt 1.1723241806030273 1.2826803922653198
vt 1.1723241806030273 1.2825840711593628
vt 1.1733046770095825 1.2825840711593628
vt 0.16077156364917755 1.302243709564209
vt 0.16077309846878052 1.3022446632385254
vt 0.160731703042984 1.302341103553772
vt 0.16007454693317413 1.302340030670166
vt 0.16007599234580994 1.302341103553772
vt 0.16003462672233582 1.3022446632385254
vt 0.16003313660621643 1.302243709564209
vt 1.1733046770095825 1.2818725109100342
vt 1.1723241806030273 1.2818725109100342
vt 1.1723241806030273 1.2817763090133667
vt 0.1602495014667511 1.3705121278762817
vt 0.16014964878559113 1.3705157041549683
vt 0.1601158231496811 1.302340030670166
vt 0.16010837256908417 1.3705172538757324
vt 1.399863839149475 0.705446720123291
vt 1.399861216545105 0.704552412033081
vt 1.399932622909546 0.7046493291854858
vt 1.3999203443527222 0.7053399085998535
vt 0.16157956421375275 1.370550274848938
vt 0.16086582839488983 1.3705873489379883
vt 0.16090688109397888 1.3704859018325806
vt 0.16154547035694122 1.3704403638839722
vt 1.3999592065811157 0.7044181823730469
vt 1.4010130167007446 0.7044157385826111
vt 1.4010149240493774 0.7045126557350159
vt 1.4000303745269775 0.7045135498046875
vt 0.16072535514831543 1.3705934286117554
vt 0.16072304546833038 1.3705925941467285
vt 0.16076546907424927 1.3704954385757446
vt 1.3998602628707886 0.7039180994033813
vt 1.399860143661499 0.7029837369918823
vt 1.3999311923980713 0.7030804753303528
vt 1.3999310731887817 0.7038217186927795
vt 0.16001048684120178 1.3706167936325073
vt 0.1592443734407425 1.3706196546554565
vt 0.15928567945957184 1.3705228567123413
vt 0.15996874868869781 1.3705191612243652
vt 0.16010986268520355 1.3705182075500488
vt 0.16015085577964783 1.3706119060516357
vt 0.16015255451202393 1.3706129789352417
vt 1.4000295400619507 0.7039592862129211
vt 1.401012897491455 0.703959047794342
vt 1.4010106325149536 0.7040570378303528
vt 1.399958610534668 0.7040572166442871
vt 1.3999582529067993 0.7028473615646362
vt 1.4010120630264282 0.7028470039367676
vt 1.401013731956482 0.702943742275238
vt 1.4000293016433716 0.7029439210891724
vt 0.15910306572914124 1.3706201314926147
vt 0.1591014713048935 1.3706190586090088
vt 0.15914426743984222 1.3705235719680786
vt 1.1723241806030273 1.2833495140075684
vt 1.1733739376068115 1.2833495140075684
vt 1.1733739376068115 1.2834458351135254
vt 1.1723241806030273 1.2834458351135254
vt 0.16166740655899048 1.3022446632385254
vt 0.16166578233242035 1.3022435903549194
vt 0.16170717775821686 1.302340030670166
vt 0.1617087721824646 1.302341103553772
vt 0.16156764328479767 1.3023412227630615
vt 0.16087312996387482 1.3023958206176758
vt 0.16087308526039124 1.302244782447815
vt 0.16156762838363647 1.302244782447815
vt 1.172255039215088 1.283349633216858
vt 1.172255039215088 1.2826803922653198
vt 0.1616498827934265 1.3704086542129517
vt 0.16166751086711884 1.302341103553772
vt 0.16080696880817413 1.3704928159713745
vt 0.16077320277690887 1.302341103553772
vt 0.1599348783493042 1.3023412227630615
vt 0.1592857986688614 1.3023412227630615
vt 0.1592857539653778 1.302244782447815
vt 0.15993481874465942 1.302244782447815
vt 1.172255039215088 1.2817763090133667
vt 1.172255039215088 1.2811508178710938
vt 0.16006861627101898 1.3705185651779175
vt 0.16003473103046417 1.302341103553772
vt 0.1591857522726059 1.3705233335494995
vt 0.15918584167957306 1.302341103553772
vt 1.3999581336975098 0.7013105154037476
vt 1.4010119438171387 0.7013104557991028
vt 1.4010136127471924 0.7014071345329285
vt 1.400029182434082 0.701407253742218
vt 0.1575148105621338 1.3706222772598267
vt 0.1575133055448532 1.3706213235855103
vt 0.15755616128444672 1.3705259561538696
vt 0.15769757330417633 1.3705260753631592
vt 0.1583474576473236 1.3705260753631592
vt 0.1583888977766037 1.3706226348876953
vt 0.1576562523841858 1.3706223964691162
vt 1.3999310731887817 0.7015439867973328
vt 1.3999310731887817 0.7022528052330017
vt 1.3998600244522095 0.7023493647575378
vt 1.3998600244522095 0.7014472484588623
vt 0.15848857164382935 1.3705259561538696
vt 0.15852859616279602 1.3706210851669312
vt 0.1585301011800766 1.370622158050537
vt 1.400029182434082 0.7023895382881165
vt 1.4010134935379028 0.7023894786834717
vt 1.4010117053985596 0.7024862170219421
vt 1.3999581336975098 0.7024863362312317
vt 0.15834754705429077 1.3023412227630615
vt 0.1576976627111435 1.3023412227630615
vt 0.1576976180076599 1.302244782447815
vt 0.1583475023508072 1.302244782447815
vt 1.172255039215088 1.2802468538284302
vt 1.172255039215088 1.27962064743042
vt 0.15844732522964478 1.3705259561538696
vt 0.15844739973545074 1.302341103553772
vt 0.1575976461172104 1.3705259561538696
vt 0.15759775042533875 1.302341103553772
vt 1.401082992553711 0.7040558457374573
vt 1.401084065437317 0.7044156789779663
vt 0.1606227308511734 1.3705956935882568
vt 0.16025082767009735 1.3706085681915283
vt 1.4010828733444214 0.7024861574172974
vt 1.4010831117630005 0.7028470635414124
vt 0.1590014547109604 1.3706194162368774
vt 0.1586284339427948 1.3706207275390625
vt 1.4010119438171387 0.5594149231910706
vt 1.401082992553711 0.5594150424003601
vt 1.401082992553711 0.7013105154037476
vt 0.1574133336544037 1.3706212043762207
vt 0.010752907954156399 1.3706212043762207
vt 0.010615520179271698 1.3705259561538696
vt 0.010654738172888756 1.3706213235855103
vt 0.010656201280653477 1.3706222772598267
vt 0.010476752184331417 1.3706225156784058
vt 0.009845380671322346 1.3706223964691162
vt 0.009845337830483913 1.3705260753631592
vt 0.010476699098944664 1.3705260753631592
vt 0.009565808810293674 1.302340030670166
vt 0.009165323339402676 1.302340030670166
vt 0.009124559350311756 1.3022435903549194
vt 0.009606619365513325 1.3022435903549194
vt 1.1734025478363037 1.1369292736053467
vt 1.1734025478363037 1.1364648342132568
vt 0.009702054783701897 1.3023414611816406
vt 0.009704895317554474 1.3705238103866577
vt 0.00966394692659378 1.3705238103866577
vt 0.009663098491728306 1.3023407459259033
vt 0.009565524756908417 1.3705239295959473
vt 1.1723240613937378 1.1370337009429932
vt 1.1733038425445557 1.1370612382888794
vt 1.1723241806030273 1.1371283531188965
vt 0.009675846435129642 1.302341103553772
vt 0.00974369142204523 1.3022440671920776
vt 0.009716557338833809 1.302244782447815
vt 0.008987237699329853 1.3022446632385254
vt 0.00898574199527502 1.302243709564209
vt 0.009026501327753067 1.3023401498794556
vt 0.009027953259646893 1.302341103553772
vt 1.1723241806030273 1.1362361907958984
vt 1.1733046770095825 1.1363309621810913
vt 1.1723241806030273 1.1363309621810913
vt 0.009198424406349659 1.370526909828186
vt 0.009100296534597874 1.3705238103866577
vt 0.009067106992006302 1.302340030670166
vt 0.009059833362698555 1.3705238103866577
vt 0.008902724832296371 1.370605707168579
vt 0.008253092877566814 1.370620608329773
vt 0.008247949182987213 1.370524525642395
vt 0.008924837224185467 1.3704779148101807
vt 0.008068068884313107 1.3706207275390625
vt 0.008066680282354355 1.3706202507019043
vt 0.008107351139187813 1.3705238103866577
vt 0.008108829148113728 1.3705247640609741
vt 0.007968331687152386 1.302340030670166
vt 0.007603811100125313 1.302340030670166
vt 0.0075630564242601395 1.3022435903549194
vt 0.008008979260921478 1.3022435903549194
vt 1.1734025478363037 1.1353899240493774
vt 1.1734025478363037 1.1349602937698364
vt 0.008107664994895458 1.302340030670166
vt 0.008066549897193909 1.3705238103866577
vt 0.00806672964245081 1.302340030670166
vt 0.0079682357609272 1.3705239295959473
vt 1.1723241806030273 1.1355260610580444
vt 1.173304796218872 1.1355239152908325
vt 1.1723241806030273 1.1356207132339478
vt 0.008111240342259407 1.302341103553772
vt 0.008148263208568096 1.302243709564209
vt 0.008151955902576447 1.3022446632385254
vt 0.007425734773278236 1.3022446632385254
vt 0.007424239534884691 1.302243709564209
vt 0.007464983966201544 1.3023401498794556
vt 0.007466435432434082 1.302341103553772
vt 1.1723241806030273 1.134731650352478
vt 1.1733046770095825 1.1348263025283813
vt 1.1723241806030273 1.1348263025283813
vt 0.0076037198305130005 1.3705246448516846
vt 0.007505493238568306 1.3705247640609741
vt 0.007505584508180618 1.302340030670166
vt 0.007464882917702198 1.3705250024795532
vt 1.4010119438171387 0.5567207932472229
vt 1.4010118246078491 0.5563682317733765
vt 1.4010828733444214 0.5563682317733765
vt 1.401082992553711 0.5567208528518677
vt 0.00796828418970108 1.3706203699111938
vt 0.007603812962770462 1.3706209659576416
vt 0.007466346025466919 1.3705259561538696
vt 0.007505658082664013 1.3706212043762207
vt 0.007507190108299255 1.370621919631958
vt 0.007324152626097202 1.3706220388412476
vt 0.006687582470476627 1.370611310005188
vt 0.006687560584396124 1.370487928390503
vt 0.007327519357204437 1.3705260753631592
vt 1.3998594284057617 0.5552091598510742
vt 1.4010119438171387 0.5552124977111816
vt 1.4010136127471924 0.5553076267242432
vt 1.4000173807144165 0.5553067326545715
vt 0.006508176680654287 1.370620608329773
vt 0.006507696583867073 1.3706213235855103
vt 0.006549854297190905 1.370519995689392
vt 0.010495348833501339 1.3023412227630615
vt 0.00981357041746378 1.3023426532745361
vt 0.009813645854592323 1.3022452592849731
vt 0.010495122522115707 1.302244782447815
vt 1.172255039215088 1.1377837657928467
vt 1.172255039215088 1.137127161026001
vt 0.010574930347502232 1.3705260753631592
vt 0.010593308135867119 1.302341103553772
vt 0.009747028350830078 1.3705260753631592
vt 0.009715261869132519 1.3023419380187988
vt 0.00970620196312666 1.3705259561538696
vt 0.008889131247997284 1.3023412227630615
vt 0.008250484243035316 1.302341103553772
vt 0.008250430226325989 1.302244782447815
vt 0.008889072574675083 1.302244782447815
vt 1.172255039215088 1.1362361907958984
vt 1.172255039215088 1.1356208324432373
vt 0.009061280637979507 1.3705195188522339
vt 0.009022371843457222 1.370496392250061
vt 0.008987347595393658 1.3023412227630615
vt 0.008149709552526474 1.370526671409607
vt 0.008152160793542862 1.302341103553772
vt 0.007327613886445761 1.3023412227630615
vt 0.006688348017632961 1.3023412227630615
vt 0.006688304245471954 1.302244782447815
vt 0.007327570114284754 1.302244782447815
vt 1.172255039215088 1.134731650352478
vt 1.172255039215088 1.1341156959533691
vt 0.007425686344504356 1.370527744293213
vt 0.007425845135003328 1.3023412227630615
vt 0.006589715834707022 1.3705018758773804
vt 0.006590019445866346 1.3023412227630615
vt 0.693021297454834 0.7971155047416687
vt 0.693021297454834 0.7981675863265991
vt 0.6929429769515991 0.7981945276260376
vt 0.6929430365562439 0.7972129583358765
vt 0.9879310727119446 0.013942758552730083
vt 0.9886724948883057 0.013940134085714817
vt 0.9886444211006165 0.014050357043743134
vt 0.9879253506660461 0.014052958227694035
vt 0.9879356026649475 0.016858983784914017
vt 0.9879253506660461 0.02947942726314068
vt 0.9878438711166382 0.029479442164301872
vt 0.9878512620925903 0.01682433858513832
vt 0.9888158440589905 0.014050247147679329
vt 0.9888158440589905 0.01685631088912487
vt 0.9887259602546692 0.016856275498867035
vt 0.9887259602546692 0.014050211757421494
vt 0.9886444211006165 0.016856420785188675
vt 1.0959028005599976 0.32905998826026917
vt 1.0959019660949707 0.32904720306396484
vt 0.9903407096862793 0.01688200607895851
vt 0.9902518391609192 0.016883699223399162
vt 0.99022376537323 0.0169939324259758
vt 0.9903126358985901 0.01699223555624485
vt 0.9903126358985901 0.029479531571269035
vt 0.990325391292572 0.029479410499334335
vt 0.990325391292572 0.01696927659213543
vt 0.9902798533439636 0.029479214921593666
vt 0.9902798533439636 0.01685880683362484
vt 0.973752498626709 0.015187802724540234
vt 0.9753058552742004 0.015156793408095837
vt 0.9753223657608032 0.015202349051833153
vt 0.9737533926963806 0.015233670361340046
vt 0.9886444211006165 0.0294768288731575
vt 0.9886724948883057 0.02958715334534645
vt 0.9879533052444458 0.029589751735329628
vt 0.9736804962158203 0.015143139287829399
vt 0.9736583232879639 0.014052782207727432
vt 0.9737287163734436 0.014013550244271755
vt 0.9888158440589905 0.029476718977093697
vt 0.9902576804161072 0.029589572921395302
vt 0.988793671131134 0.029587076976895332
vt 0.9737278819084167 0.013970257714390755
vt 0.9752673506736755 0.013939525000751019
vt 0.9752681851387024 0.013982818461954594
vt 0.99022376537323 0.02947985753417015
vt 0.9902077913284302 0.029580550268292427
vt 0.9902875423431396 0.02957965061068535
vt 0.975333034992218 0.013985025696456432
vt 0.9753358960151672 0.014106569811701775
vt 0.9752709865570068 0.014119028113782406
vt 0.6421218514442444 0.31730329990386963
vt 0.6418960690498352 0.3172752261161804
vt 0.6418986320495605 0.3171111047267914
vt 0.6421117186546326 0.3171534538269043
vt 0.7209238409996033 0.8408352136611938
vt 0.7208901643753052 0.8406074047088623
vt 0.3027976453304291 0.7709784507751465
vt 0.30295929312705994 0.7604933381080627
vt 0.6421973705291748 0.31730303168296814
vt 0.6421973705291748 0.33585506677627563
vt 0.6421218514442444 0.33581942319869995
vt 0.9752893447875977 0.01502265501767397
vt 0.9753552079200745 0.015023607760667801
vt 0.975377082824707 0.015149926766753197
vt 0.642119288444519 0.3359835147857666
vt 0.6419051885604858 0.33593931794166565
vt 0.6418960690498352 0.33578798174858093
vt 0.6417493224143982 0.33578962087631226
vt 0.6417493224143982 0.3170740306377411
vt 0.6418134570121765 0.3172362148761749
vt 0.6418134570121765 0.3357882499694824
vt 0.9739159941673279 0.015040691941976547
vt 0.9740021824836731 0.014994233846664429
vt 0.9752883911132812 0.014972468838095665
vt 0.6418072581291199 0.3359531760215759
vt 0.6416893005371094 0.3359782099723816
vt 0.6416434645652771 0.3358134329319
vt 0.6414369344711304 0.33581528067588806
vt 0.6414369344711304 0.3141705393791199
vt 0.6415793895721436 0.31417006254196167
vt 0.6415793895721436 0.33581477403640747
vt 0.6416434645652771 0.31416869163513184
vt 0.9739055037498474 0.014155217446386814
vt 0.973916232585907 0.014271214604377747
vt 0.9739293456077576 0.01491457223892212
vt 0.6415432691574097 0.33597949147224426
vt 0.6404333114624023 0.3359788656234741
vt 0.6405453681945801 0.3358147442340851
vt 0.6404620409011841 0.3170732855796814
vt 0.6404620409011841 0.33578887581825256
vt 0.6404101848602295 0.33578744530677795
vt 0.6404101848602295 0.31723541021347046
vt 0.9901805520057678 0.016969799995422363
vt 0.9901805520057678 0.02947993390262127
vt 0.640356183052063 0.33581268787384033
vt 0.640356183052063 0.31416794657707214
vt 0.640407919883728 0.31416937708854675
vt 0.640407919883728 0.33581408858299255
vt 0.6405453681945801 0.3141700327396393
vt 0.9752718210220337 0.014159105718135834
vt 0.9739857912063599 0.014188709668815136
vt 0.6402996182441711 0.3359774053096771
vt 0.6404040455818176 0.33595237135887146
vt 0.6405478715896606 0.31400591135025024
vt 0.6414394378662109 0.31400641798973083
vt 0.7183197140693665 0.8400101065635681
vt 0.7183197140693665 0.8390634655952454
vt 1.1979670524597168 1.2873533964157104
vt 1.2030298709869385 1.287352442741394
vt 0.03953368961811066 1.2004600763320923
vt 0.03741681948304176 1.2004371881484985
vt 0.03956174850463867 1.1984397172927856
vt 0.0396912544965744 1.1985105276107788
vt 0.401201456785202 0.7602174878120422
vt 0.4011157155036926 0.7601557374000549
vt 0.19576413929462433 0.397623747587204
vt 0.19579140841960907 0.39751002192497253
vt 0.1704336255788803 1.3165282011032104
vt 0.1786528378725052 1.3166611194610596
vt 0.17363184690475464 1.3301997184753418
vt 1.2011088132858276 0.5306842923164368
vt 1.204791784286499 0.5311565399169922
vt 1.2046260833740234 0.5312590599060059
vt 1.3998898267745972 0.7044576406478882
vt 1.219232201576233 0.5569226145744324
vt 1.2170552015304565 0.5572614669799805
vt 0.36130332946777344 0.3753115236759186
vt 0.36191806197166443 0.37939414381980896
vt 0.36192500591278076 0.3795013427734375
vt 0.36183878779411316 0.37922289967536926
vt 0.36103296279907227 0.37399470806121826
vt 0.36179372668266296 0.37903302907943726
vt 1.3993467092514038 0.7052872180938721
vt 0.6131100058555603 1.3752408027648926
vt 1.4000556468963623 0.5594150424003601
vt 0.9903078675270081 0.01674857921898365
vt 0.30098631978034973 0.7709978818893433
vt 0.30105769634246826 0.7711816430091858
vt 0.2739940285682678 0.7719555497169495
vt 0.6615780591964722 0.772315502166748
vt 0.39988988637924194 0.7588220238685608
vt 0.39911729097366333 0.7588220238685608
vt 0.3984104096889496 0.7580764293670654
vt 0.5436503291130066 1.4173001050949097
vt 0.5229007005691528 1.4173001050949097
vt 0.5229007005691528 1.4123597145080566
vt 0.5229007005691528 1.4121432304382324
vt 0.5229007005691528 1.411797046661377
vt 0.5229007005691528 1.4118576049804688
vt 0.05995894595980644 1.198505163192749
vt 0.06014631688594818 1.1985050439834595
vt 0.6929888725280762 0.7970447540283203
vt 0.3012114465236664 0.7712200284004211
vt 0.2732778489589691 0.7721415758132935
vt 0.6622318029403687 0.7965357899665833
vt 0.6929105520248413 0.7965335845947266
vt 0.6928960680961609 0.7965245246887207
vt 1.173443078994751 1.2826404571533203
vt 1.3998888731002808 0.7028872966766357
vt 0.17376495897769928 1.3301630020141602
vt 0.3005535900592804 0.7602384090423584
vt 0.03952516242861748 1.2005908489227295
vt 0.03742599114775658 1.2005773782730103
vt 0.18724575638771057 0.39401063323020935
vt 0.18708811700344086 0.3940295875072479
vt 0.5229007005691528 1.4122533798217773
vt 0.4012036919593811 0.760309100151062
vt 0.4059074819087982 0.7632468938827515
vt 0.40101465582847595 0.7602322101593018
vt 0.3998868465423584 0.7602251768112183
vt 0.3998868763446808 0.7601447701454163
vt 0.40101465582847595 0.7601556777954102
vt 0.03976976498961449 1.1983548402786255
vt 0.059953223913908005 1.198351263999939
vt 0.06028291583061218 1.1983864307403564
vt 0.06026245653629303 1.1982554197311401
vt 0.06300535053014755 1.1935193538665771
vt 0.19578556716442108 0.3976653814315796
vt 0.5229007005691528 1.4117175340652466
vt 1.2173824310302734 0.5352724194526672
vt 1.218755841255188 0.5521385669708252
vt 1.2186102867126465 0.5521345138549805
vt 0.6130275130271912 1.3754252195358276
vt 0.60491544008255 1.3408762216567993
vt 0.17913947999477386 1.3301661014556885
vt 0.17928794026374817 1.330182671546936
vt 0.17931070923805237 1.3302522897720337
vt 0.17376509308815002 1.3302556276321411
vt 0.17898117005825043 1.3301563262939453
vt 0.17358937859535217 1.330357551574707
vt 0.1648220419883728 1.3667562007904053
vt 0.164739191532135 1.366708517074585
vt 0.1735263466835022 1.3303016424179077
vt 1.2805216312408447 0.658379316329956
vt 0.2732647955417633 0.7720385193824768
vt 1.4010283946990967 0.7061068415641785
vt 1.4010884761810303 0.7055916786193848
vt 1.4011104106903076 0.7060931324958801
vt 0.1623559594154358 1.3703662157058716
vt 0.16183799505233765 1.3704986572265625
vt 0.16231553256511688 1.370262861251831
vt 0.3805829584598541 0.7580757737159729
vt 0.3805829584598541 0.7579116225242615
vt 0.3984104096889496 0.7579116225242615
vt 0.5436503291130066 1.4173552989959717
vt 0.5229007005691528 1.4173552989959717
vt 0.1704341471195221 1.3164337873458862
vt 0.17865146696567535 1.316566824913025
vt 1.2046637535095215 0.5313332676887512
vt 1.2016316652297974 0.5360217094421387
vt 0.6166902780532837 1.3791990280151367
vt 0.6166765093803406 1.3794809579849243
vt 1.2193737030029297 0.5568970441818237
vt 1.2168147563934326 0.5573025345802307
vt 0.36126983165740967 0.37508538365364075
vt 0.3619411885738373 0.3795439600944519
vt 0.3618154525756836 0.37913423776626587
vt 0.361024409532547 0.37393122911453247
vt 1.3992255926132202 0.7052932381629944
vt 1.4000571966171265 0.5593200325965881
vt 1.4010136127471924 0.5593199133872986
vt 1.3998593091964722 0.5594150424003601
vt 1.3999167680740356 0.559336245059967
vt 1.3999303579330444 0.5591462254524231
vt 1.3998593091964722 0.5591461658477783
vt 1.3998593091964722 0.5585353374481201
vt 1.3999303579330444 0.5585353970527649
vt 1.4000557661056519 0.5567206740379333
vt 1.4010136127471924 0.5568159818649292
vt 1.4000576734542847 0.5568159818649292
vt 1.3998594284057617 0.557614266872406
vt 1.3998594284057617 0.5569999814033508
vt 1.3999359607696533 0.5569948554039001
vt 1.3999484777450562 0.5576233863830566
vt 1.3999340534210205 0.556096076965332
vt 1.3998594284057617 0.5560925602912903
vt 1.3999453783035278 0.5554802417755127
vt 1.4000576734542847 0.556273341178894
vt 1.4010134935379028 0.5562731623649597
vt 1.400056004524231 0.5563685894012451
vt 1.3999168872833252 0.5568040609359741
vt 1.3999168872833252 0.5562867522239685
vt 0.9878438115119934 0.01405316311866045
vt 0.30054613947868347 0.7579785585403442
vt 0.30062559247016907 0.7603066563606262
vt 0.693021297454834 0.7982653379440308
vt 1.094234824180603 0.3264865279197693
vt 1.094234824180603 0.32657963037490845
vt 0.9887259602546692 0.02947668358683586
vt 0.30106252431869507 0.7709919214248657
vt 0.3012034595012665 0.7711231112480164
vt 0.30270346999168396 0.7711068391799927
vt 0.6615780591964722 0.7722150683403015
vt 0.6929063200950623 0.7964892983436584
vt 0.6623019576072693 0.7964891791343689
vt 1.1996817588806152 1.1323599815368652
vt 1.1996495723724365 1.132423996925354
vt 1.1948790550231934 1.1294435262680054
vt 1.1950033903121948 1.1294550895690918
vt 1.2031307220458984 1.358652949333191
vt 0.4010935127735138 0.7602450251579285
vt 1.1978806257247925 1.3586350679397583
vt 0.405952513217926 0.7632869482040405
vt 0.20337064564228058 1.4163469076156616
vt 0.06313150376081467 1.1934230327606201
vt 0.20028094947338104 1.416367530822754
vt 0.06012776494026184 1.1983412504196167
vt 0.03970295190811157 1.1983234882354736
vt 0.17927159368991852 1.4163681268692017
vt 0.7700668573379517 1.3795605897903442
vt 1.2453759908676147 0.7149583697319031
vt 1.245246171951294 0.7151101231575012
vt 0.2715090811252594 0.7729594707489014
vt 0.3803187906742096 0.3370891213417053
vt 0.3802696764469147 0.3371402621269226
vt 0.38044288754463196 0.337513267993927
vt 0.38037291169166565 0.33760443329811096
vt 0.8034325838088989 1.4233496189117432
vt 1.2148114442825317 0.5355982184410095
vt 1.2148178815841675 0.5355367064476013
vt 0.8034732341766357 1.4286202192306519
vt 0.3745589554309845 0.33822929859161377
vt 0.3745077848434448 0.33828064799308777
vt 0.8059040904045105 1.428661823272705
vt 1.2173980474472046 0.5351704955101013
vt 0.6048359274864197 1.340813398361206
vt 1.1793477535247803 0.35453715920448303
vt 0.37413379549980164 0.3369845449924469
vt 1.278893232345581 0.6560862064361572
vt 1.2808185815811157 0.6561629176139832
vt 0.1736670583486557 1.3302825689315796
vt 0.38030824065208435 0.33632543683052063
vt 0.27148646116256714 0.7721208930015564
vt 1.2786567211151123 0.6583273410797119
vt 0.4842859208583832 0.001953125
vt 0.661611020565033 0.789187490940094
vt 0.6616109609603882 0.789063572883606
vt 0.17026835680007935 1.316288709640503
vt 0.1703307330608368 1.3163931369781494
vt 0.17024491727352142 1.3165266513824463
vt 0.1701909601688385 1.316315770149231
vt 0.4843091368675232 0.0019870561081916094
vt 0.6622692346572876 0.7892122864723206
vt 1.173373818397522 1.279484510421753
vt 0.15755464136600494 1.3022435903549194
vt 1.173373818397522 1.137908935546875
vt 0.010623403824865818 1.302243709564209
vt 0.16176365315914154 1.3053274154663086
vt 0.1617564857006073 1.3053735494613647
vt 0.16170726716518402 1.3052834272384644
vt 0.1617070883512497 1.305245280265808
vt 0.16184838116168976 1.305489182472229
vt 0.1617528796195984 1.3704941272735596
vt 1.401076078414917 0.70550936460495
vt 1.173373818397522 1.1339824199676514
vt 1.1734025478363037 1.133887767791748
vt 1.1734716892242432 1.1339824199676514
vt 0.006450040731579065 1.3022435903549194
vt 0.006548349745571613 1.3022435903549194
vt 0.49833327531814575 0.0053868708200752735
vt 0.6622692346572876 0.8017699718475342
vt 0.49836933612823486 0.010123558342456818
vt 0.6622702479362488 0.8059144616127014
vt 0.6622702479362488 0.8059144616127014
vt 0.17931470274925232 1.3485560417175293
vt 1.181336522102356 0.5354447960853577
vt 0.7700186967849731 1.3136757612228394
vt 0.6192008852958679 1.3136645555496216
vt 1.1809159517288208 0.38566580414772034
vt 1.2015130519866943 0.5361081957817078
vt 0.20026668906211853 1.3485537767410278
vt 0.20335610210895538 1.3485337495803833
vt 1.2048118114471436 0.5312392115592957
vt 1.173373818397522 1.2810146808624268
vt 0.15914274752140045 1.3022435903549194
vt 1.173373818397522 1.2803829908370972
vt 0.15848705172538757 1.3022435903549194
vt 1.173373818397522 1.2825441360473633
vt 0.16073006391525269 1.3022435903549194
vt 1.173373818397522 1.2819124460220337
vt 0.160074383020401 1.3022435903549194
vt 0.16167354583740234 1.3705276250839233
vt 1.3999630212783813 0.7054309844970703
vt 1.3999252319335938 0.7054970264434814
vt 0.16076651215553284 1.3705921173095703
vt 1.3999615907669067 0.7045532464981079
vt 0.16011099517345428 1.370614767074585
vt 1.3999600410461426 0.703918993473053
vt 1.3998892307281494 0.7040165066719055
vt 0.15914450585842133 1.3706200122833252
vt 1.399959921836853 0.7029839158058167
vt 0.16164912283420563 1.3022624254226685
vt 1.1722677946090698 1.2834280729293823
vt 1.1722676753997803 1.2826018333435059
vt 0.1607915312051773 1.3022624254226685
vt 0.16001634299755096 1.3022624254226685
vt 1.1722676753997803 1.2818548679351807
vt 1.1722676753997803 1.2810722589492798
vt 0.15920418500900269 1.3022624254226685
vt 0.15755631029605865 1.3706223964691162
vt 1.3999598026275635 0.7014473080635071
vt 1.3998887538909912 0.7013505697250366
vt 0.15848881006240845 1.3706223964691162
vt 1.3999598026275635 0.7023494839668274
vt 1.3998887538909912 0.7024461627006531
vt 0.15842901170253754 1.3022624254226685
vt 1.1722676753997803 1.2803254127502441
vt 1.1722676753997803 1.279542088508606
vt 0.15761606395244598 1.3022624254226685
vt 0.16070444881916046 1.3705753087997437
vt 1.4010721445083618 0.7044947743415833
vt 0.16016878187656403 1.370593547821045
vt 1.4010709524154663 0.7039765119552612
vt 0.15908300876617432 1.3706014156341553
vt 1.4010710716247559 0.702925980091095
vt 0.15854685008525848 1.370603322982788
vt 1.4010708332061768 0.7024072408676147
vt 0.15749488770961761 1.3706035614013672
vt 1.4010709524154663 0.7013894319534302
vt 0.010672718286514282 1.3706035614013672
vt 1.4010709524154663 0.5593374371528625
vt 0.010603738017380238 1.3706223964691162
vt 1.3999675512313843 0.55926913022995
vt 0.009718228131532669 1.3706226348876953
vt 0.009665481746196747 1.3706225156784058
vt 1.1733734607696533 1.1370235681533813
vt 0.009704522788524628 1.3022438287734985
vt 1.173373818397522 1.1363701820373535
vt 0.009026343002915382 1.3022435903549194
vt 0.009122793562710285 1.3706247806549072
vt 0.009064829908311367 1.3706146478652954
vt 1.3999781608581543 0.5577802658081055
vt 1.3999170064926147 0.5578303337097168
vt 1.4000569581985474 0.5578364729881287
vt 1.4000557661056519 0.5579109787940979
vt 0.008122483268380165 1.3706213235855103
vt 1.3999706506729126 0.5568684935569763
vt 1.1733739376068115 1.1354845762252808
vt 0.008107338100671768 1.3022435903549194
vt 1.173373818397522 1.1348655223846436
vt 0.007464834954589605 1.3022435903549194
vt 0.008048527874052525 1.3706024885177612
vt 1.4010709524154663 0.55679851770401
vt 0.007523613516241312 1.3706034421920776
vt 1.4010709524154663 0.5562906861305237
vt 0.007453516591340303 1.3706223964691162
vt 1.399969458580017 0.5562213063240051
vt 0.006566239055246115 1.3705943822860718
vt 1.3999706506729126 0.55536288022995
vt 0.006489579100161791 1.3706035614013672
vt 0.0064093852415680885 1.3706212043762207
vt 1.401082992553711 0.5552126169204712
vt 1.4010709524154663 0.5552902221679688
vt 0.010575152933597565 1.3022624254226685
vt 1.1722677946090698 1.137860894203186
vt 1.1722677946090698 1.137049913406372
vt 0.009733467362821102 1.302262783050537
vt 0.008969266898930073 1.302262544631958
vt 1.1722676753997803 1.136313557624817
vt 1.1722676753997803 1.1355435848236084
vt 0.00817018747329712 1.3022624254226685
vt 0.00740775978192687 1.302262544631958
vt 1.1722676753997803 1.134808897972107
vt 1.1722676753997803 1.1340384483337402
vt 0.006608071271330118 1.302262544631958
vt 0.6929104924201965 0.7971423864364624
vt 0.30056649446487427 0.7578811049461365
vt 0.9878495931625366 0.013942979276180267
vt 0.6929574012756348 0.7982642650604248
vt 0.9887285828590393 0.013960263691842556
vt 0.988793671131134 0.01394005585461855
vt 0.9903534650802612 0.01685905084013939
vt 1.0958870649337769 0.32902389764785767
vt 1.0958154201507568 0.32892507314682007
vt 1.2806321382522583 0.6584063172340393
vt 0.27342838048934937 0.7720581293106079
vt 0.27349749207496643 0.7721272706985474
vt 0.3011047840118408 0.7711012959480286
vt 0.9736613631248474 0.015228481963276863
vt 0.9878801107406616 0.029622159898281097
vt 0.9736700654029846 0.013983898796141148
vt 0.9887285828590393 0.029566742479801178
vt 0.9753258228302002 0.013950846157968044
vt 0.990303099155426 0.02956942655146122
vt 0.7209365367889404 0.8409006595611572
vt 0.6421728134155273 0.31716927886009216
vt 0.3029729127883911 0.7604138851165771
vt 0.6421948075294495 0.3360191881656647
vt 0.9753935933113098 0.015195483341813087
vt 0.3027704954147339 0.7710697054862976
vt 0.6418381929397583 0.3359220027923584
vt 0.9753468036651611 0.01498388685286045
vt 0.6416081190109253 0.3359493315219879
vt 0.9739733934402466 0.014946743845939636
vt 0.7208590507507324 0.8405182361602783
vt 0.7207295298576355 0.8404442071914673
vt 0.6417518854141235 0.31690993905067444
vt 0.6418160200119019 0.3170721232891083
vt 0.7207295298576355 0.839077353477478
vt 0.7208590507507324 0.8390282988548279
vt 1.0958870649337769 0.32904261350631714
vt 0.990208625793457 0.016859574243426323
vt 0.6404127478599548 0.3170713186264038
vt 0.6404645442962646 0.31690919399261475
vt 0.6403759717941284 0.3359486162662506
vt 0.9739588499069214 0.01423255167901516
vt 0.640383243560791 0.33592116832733154
vt 0.9901779890060425 0.029569879174232483
vt 0.9753296375274658 0.014140552841126919
vt 0.7183197140693665 0.840171217918396
vt 0.7183435559272766 0.8401337265968323
vt 0.6415548324584961 0.3140363097190857
vt 0.7183435559272766 0.8389445543289185
vt 0.7183197140693665 0.8389273881912231
vt 0.6404348611831665 0.31403565406799316
vt 0.6622225642204285 0.7964600324630737
vt 0.4844973087310791 0.010170229710638523
vt 0.6621475219726562 0.7965077757835388
vt 1.1978944540023804 1.287353277206421
vt 1.1997488737106323 1.1323974132537842
vt 1.1997320652008057 1.1324700117111206
vt 1.2031456232070923 1.287371277809143
vt 1.2032856941223145 1.287352442741394
vt 1.1947669982910156 1.1293774843215942
vt 1.1948964595794678 1.1293737888336182
vt 1.2433148622512817 0.7175243496894836
vt 1.2429683208465576 0.7156195640563965
vt 1.399356722831726 0.7056984305381775
vt 1.3999114036560059 0.5583379864692688
vt 1.3999674320220947 0.5584124326705933
vt 1.4000556468963623 0.5582664012908936
vt 1.400057077407837 0.5583615303039551
vt 1.399375081062317 0.5511512160301208
vt 1.3992226123809814 0.5510820746421814
vt 0.18915775418281555 0.3925897479057312
vt 0.18915191292762756 0.39265570044517517
vt 0.18915191292762756 0.3978552222251892
vt 0.18915775418281555 0.39795923233032227
vt 0.1891745924949646 0.3980490267276764
vt 0.18926210701465607 0.3983272612094879
vt 0.18928353488445282 0.3983688950538635
vt 0.1892893761396408 0.39821353554725647
vt 0.1892910748720169 0.3940002918243408
vt 0.18929879367351532 0.3937661051750183
vt 1.2428350448608398 0.715660810470581
vt 0.16428883373737335 1.31609046459198
vt 1.1936712265014648 1.129364252090454
vt 1.193588137626648 1.1294437646865845
vt 1.2044343948364258 1.2874552011489868
vt 1.2044715881347656 1.287354588508606
vt 1.193588137626648 1.1300362348556519
vt 1.1928138732910156 1.1294437646865845
vt 1.1918694972991943 1.1300362348556519
vt 1.192271113395691 1.1294437646865845
vt 1.1914947032928467 1.1294437646865845
vt 1.190145492553711 1.1300362348556519
vt 1.1909215450286865 1.1294437646865845
vt 1.1902629137039185 1.129331350326538
vt 1.1908040046691895 1.129331350326538
vt 1.1908376216888428 1.129410743713379
vt 1.190228819847107 1.129410743713379
vt 1.1916120052337646 1.129331350326538
vt 1.1921536922454834 1.129331350326538
vt 1.1921881437301636 1.1294108629226685
vt 1.191577672958374 1.1294108629226685
vt 1.1929312944412231 1.129331350326538
vt 1.1934707164764404 1.129331350326538
vt 1.193505048751831 1.1294108629226685
vt 1.1928969621658325 1.1294108629226685
vt 1.2082877159118652 1.2874552011489868
vt 1.2082947492599487 1.2874561548233032
vt 1.2082575559616089 1.287355661392212
vt 1.2082502841949463 1.2873547077178955
vt 1.190179467201233 1.1292517185211182
vt 1.1901726722717285 1.1281243562698364
vt 1.1902557611465454 1.1281243562698364
vt 1.208405613899231 1.3585537672042847
vt 1.2083157300949097 1.3585538864135742
vt 1.2083245515823364 1.287455439567566
vt 1.2084144353866577 1.2874555587768555
vt 1.2082785367965698 1.3585538864135742
vt 1.204561471939087 1.2874553203582764
vt 1.204561471939087 1.3585538864135742
vt 1.204524278640747 1.3585540056228638
vt 1.204524278640747 1.2874552011489868
vt 1.1934713125228882 1.1281243562698364
vt 1.193554401397705 1.1281243562698364
vt 1.1935538053512573 1.1292517185211182
vt 1.2045986652374268 1.2873547077178955
vt 1.204598069190979 1.287355661392212
vt 1.2045608758926392 1.2874561548233032
vt 1.2083157300949097 1.3586543798446655
vt 1.2083157300949097 1.358655333518982
vt 1.2082785367965698 1.3585548400878906
vt 1.2081514596939087 1.3586554527282715
vt 1.2075742483139038 1.3586554527282715
vt 1.2075742483139038 1.3585549592971802
vt 1.2081514596939087 1.3585549592971802
vt 1.207320213317871 1.2874552011489868
vt 1.2069541215896606 1.2874552011489868
vt 1.2069168090820312 1.287354588508606
vt 1.20735764503479 1.287354588508606
vt 1.1910043954849243 1.129364252090454
vt 1.1914116144180298 1.129364252090454
vt 1.207444667816162 1.287456750869751
vt 1.2074472904205322 1.3585526943206787
vt 1.2074099779129028 1.3585526943206787
vt 1.207409143447876 1.2874559164047241
vt 1.2073200941085815 1.3585569858551025
vt 1.190829873085022 1.1281243562698364
vt 1.1909128427505493 1.1281242370605469
vt 1.1908886432647705 1.1292508840560913
vt 1.2074828147888184 1.2873551845550537
vt 1.2074565887451172 1.287355661392212
vt 1.2074193954467773 1.2874561548233032
vt 1.2068270444869995 1.2874552011489868
vt 1.2068270444869995 1.2874561548233032
vt 1.2067898511886597 1.287355661392212
vt 1.2067898511886597 1.2873547077178955
vt 1.1915290355682373 1.1292517185211182
vt 1.1915290355682373 1.1281243562698364
vt 1.1916120052337646 1.1281243562698364
vt 1.2069844007492065 1.3585559129714966
vt 1.2068946361541748 1.3585526943206787
vt 1.2068642377853394 1.2874552011489868
vt 1.2068575620651245 1.3585526943206787
vt 1.2067124843597412 1.358638048171997
vt 1.2061184644699097 1.3586534261703491
vt 1.2061138153076172 1.3585532903671265
vt 1.2067326307296753 1.3585047721862793
vt 1.2059495449066162 1.3586536645889282
vt 1.2059495449066162 1.35865318775177
vt 1.205986738204956 1.3585526943206787
vt 1.205986738204956 1.3585536479949951
vt 1.2058597803115845 1.2874552011489868
vt 1.2055264711380005 1.2874552011489868
vt 1.2054892778396606 1.287354588508606
vt 1.2058969736099243 1.287354588508606
vt 1.1923540830612183 1.129364252090454
vt 1.1927309036254883 1.129364252090454
vt 1.2059869766235352 1.2874552011489868
vt 1.2059495449066162 1.3585526943206787
vt 1.2059496641159058 1.2874550819396973
vt 1.2058597803115845 1.3585528135299683
vt 1.192151665687561 1.1281243562698364
vt 1.192234754562378 1.1281243562698364
vt 1.1922365427017212 1.1292518377304077
vt 1.206024169921875 1.2873547077178955
vt 1.2060260772705078 1.287355661392212
vt 1.205988883972168 1.2874561548233032
vt 1.2053993940353394 1.2874552011489868
vt 1.2053993940353394 1.2874561548233032
vt 1.2053622007369995 1.287355661392212
vt 1.2053622007369995 1.2873547077178955
vt 1.1928482055664062 1.1292517185211182
vt 1.1928482055664062 1.1281243562698364
vt 1.1929312944412231 1.1281243562698364
vt 1.2055264711380005 1.3585535287857056
vt 1.2054365873336792 1.3585537672042847
vt 1.2054365873336792 1.2874552011489868
vt 1.2053993940353394 1.3585538864135742
vt 0.3985677659511566 0.7601447701454163
vt 0.3988761007785797 0.7601446509361267
vt 0.3988761603832245 0.7602251172065735
vt 0.39856773614883423 0.7602251768112183
vt 1.2058597803115845 1.3586534261703491
vt 1.2055264711380005 1.3586541414260864
vt 1.2054365873336792 1.358654260635376
vt 1.2054367065429688 1.3586548566818237
vt 1.2053993940353394 1.3585548400878906
vt 1.20526921749115 1.3586549758911133
vt 1.204687237739563 1.3586437702178955
vt 1.204687237739563 1.3585152626037598
vt 1.2052723169326782 1.3585549592971802
vt 0.3998037278652191 0.7601455450057983
vt 0.39980462193489075 0.759002149105072
vt 1.2045233249664307 1.3586535453796387
vt 1.204524278640747 1.3586543798446655
vt 1.204561471939087 1.358548641204834
vt 1.2081685066223145 1.2874562740325928
vt 1.2075451612472534 1.287457823753357
vt 1.207545280456543 1.2873562574386597
vt 1.2081682682037354 1.2873557806015015
vt 1.1902552843093872 1.128044843673706
vt 1.190830945968628 1.128044843673706
vt 1.20824134349823 1.3585549592971802
vt 1.208258032798767 1.2874561548233032
vt 1.207484483718872 1.3585549592971802
vt 1.2074552774429321 1.28745698928833
vt 1.2074471712112427 1.3585548400878906
vt 1.2066999673843384 1.2874562740325928
vt 1.2061160802841187 1.2874561548233032
vt 1.2061160802841187 1.2873557806015015
vt 1.2066999673843384 1.2873557806015015
vt 1.1916120052337646 1.128044843673706
vt 1.192151665687561 1.128044843673706
vt 1.2068575620651245 1.3585481643676758
vt 1.2068219184875488 1.358523964881897
vt 1.2067898511886597 1.2874562740325928
vt 1.2060240507125854 1.358555555343628
vt 1.2060261964797974 1.2874561548233032
vt 1.2052723169326782 1.2874562740325928
vt 1.2046878337860107 1.2874562740325928
vt 1.2046878337860107 1.2873557806015015
vt 1.2052723169326782 1.2873557806015015
vt 1.1929312944412231 1.128044843673706
vt 1.1934713125228882 1.128044843673706
vt 1.20536208152771 1.3585567474365234
vt 1.2053622007369995 1.2874562740325928
vt 1.2045978307724 1.3585296869277954
vt 1.204598069190979 1.2874562740325928
vt 0.39621153473854065 0.7601447701454163
vt 0.39621156454086304 0.7590472102165222
vt 0.3962946832180023 0.7590479254722595
vt 0.3962947130203247 0.7601455450057983
vt 0.39621156454086304 0.7588219046592712
vt 0.3962804079055786 0.7588878870010376
vt 0.39644670486450195 0.7589023113250732
vt 0.39644670486450195 0.7588219046592712
vt 0.3969809114933014 0.7588218450546265
vt 0.3969809412956238 0.7589023113250732
vt 0.3984846770763397 0.759048342704773
vt 0.39856797456741333 0.759047269821167
vt 0.39848461747169495 0.7601455450057983
vt 0.3977864384651184 0.7588219046592712
vt 0.3983236849308014 0.7588219046592712
vt 0.3983282446861267 0.758908748626709
vt 0.39777854084968567 0.7589226961135864
vt 0.3991142809391022 0.7589064836502075
vt 0.399652898311615 0.7589191794395447
vt 0.398875892162323 0.7590475678443909
vt 0.3989592492580414 0.759048342704773
vt 0.39895930886268616 0.7601454854011536
vt 0.39849504828453064 0.7588878870010376
vt 0.39894744753837585 0.7588878870010376
vt 1.1900622844696045 1.129364252090454
vt 1.1901453733444214 1.1293312311172485
vt 1.190145492553711 1.1294437646865845
vt 1.2082871198654175 1.2873547077178955
vt 1.2083771228790283 1.2873547077178955
vt 1.193588137626648 1.129331350326538
vt 1.204561471939087 1.2873547077178955
vt 1.208405613899231 1.3586543798446655
vt 1.2083323001861572 1.3586359024047852
vt 0.39627939462661743 0.7602108716964722
vt 0.39621153473854065 0.7602251768112183
vt 1.2082676887512207 1.3586554527282715
vt 0.39633920788764954 0.7589449882507324
vt 1.2074580192565918 1.358655571937561
vt 1.2074099779129028 1.358655571937561
vt 1.1909217834472656 1.1293308734893799
vt 1.2074470520019531 1.287354826927185
vt 1.1914947032928467 1.129331350326538
vt 1.2068270444869995 1.2873547077178955
vt 1.2069138288497925 1.3586578369140625
vt 1.2068606615066528 1.358647346496582
vt 0.3976413309574127 0.758957028388977
vt 0.39759746193885803 0.7588879466056824
vt 0.3975921869277954 0.7590476870536804
vt 0.39752697944641113 0.759047269821167
vt 1.2059991359710693 1.3586543798446655
vt 0.3984387218952179 0.7589486241340637
vt 1.192271113395691 1.129331350326538
vt 1.205986738204956 1.287354588508606
vt 1.1928138732910156 1.129331350326538
vt 1.2053993940353394 1.2873547077178955
vt 1.2059330940246582 1.3586347103118896
vt 0.39849987626075745 0.7602108716964722
vt 1.2054531574249268 1.3586357831954956
vt 0.39894405007362366 0.7602108716964722
vt 1.2053874731063843 1.3586554527282715
vt 0.3990047872066498 0.7589471936225891
vt 1.2045763731002808 1.3586262464523315
vt 0.3997555673122406 0.7589477300643921
vt 1.204507827758789 1.3586359024047852
vt 0.3998189866542816 0.7602108716964722
vt 1.2082414627075195 1.2873742580413818
vt 1.1901875734329224 1.1280595064163208
vt 1.1908986568450928 1.1280595064163208
vt 1.2074719667434692 1.2873746156692505
vt 1.206773281097412 1.2873742580413818
vt 1.1915442943572998 1.1280593872070312
vt 1.1922193765640259 1.1280593872070312
vt 1.206042766571045 1.2873742580413818
vt 1.205345630645752 1.2873742580413818
vt 1.1928635835647583 1.1280593872070312
vt 1.1935391426086426 1.1280593872070312
vt 1.204614520072937 1.2873742580413818
vt 0.3971535265445709 0.7588815093040466
vt 0.3970884680747986 0.7589448094367981
vt 0.3972161114215851 0.7590472102165222
vt 0.3971329927444458 0.7590477466583252
vt 0.00966409221291542 1.3706210851669312
vt 0.009663989767432213 1.3705823421478271
vt 0.009198497049510479 1.3706196546554565
vt 0.009100927039980888 1.3705782890319824
vt 1.4010576009750366 0.557816743850708
vt 1.4010835886001587 0.5579110980033875
vt 1.4010140895843506 0.5579110383987427
vt 1.40099036693573 0.5578179955482483
vt 0.009102373383939266 1.3706183433532715
vt 1.401014804840088 0.5582661628723145
vt 1.4009875059127808 0.5583614706993103
vt 0.009565566666424274 1.3706215620040894
vt 1.4010837078094482 0.558266282081604
vt 1.4010566473007202 0.5583615303039551
vt 1.2074099779129028 1.3586541414260864
vt 1.2074099779129028 1.3586137294769287
vt 1.2073200941085815 1.3586547374725342
vt 1.2069844007492065 1.3586527109146118
vt 0.3975268006324768 0.7602258920669556
vt 0.39721623063087463 0.7602261304855347
vt 0.39721620082855225 0.7601479887962341
vt 0.3975268006324768 0.7601470947265625
vt 0.39760828018188477 0.7601189017295837
vt 1.206896424293518 1.3586512804031372
vt 0.3971329629421234 0.7601156234741211
vt 1.2068952322006226 1.3586094379425049
vt 0.3976094126701355 0.7601948976516724
vt 0.3971329629421234 0.7601938247680664
vt 0.6149823665618896 1.3783762454986572
vt 0.6149192452430725 1.3786827325820923
vt 0.6145361065864563 1.3783138990402222
vt 0.6145887970924377 1.3780330419540405
vt 1.219076156616211 0.5548898577690125
vt 1.2189319133758545 0.5548964738845825
vt 1.2188663482666016 0.5544053912162781
vt 1.2190113067626953 0.5544042587280273
vt 1.2167549133300781 0.5552353262901306
vt 1.2166892290115356 0.5547441840171814
vt 1.2165124416351318 0.5552632808685303
vt 1.2164463996887207 0.5547695755958557
vt 0.3638533353805542 0.37390801310539246
vt 0.36370372772216797 0.3737366497516632
vt 0.3632677495479584 0.37412700057029724
vt 0.3633984923362732 0.37431129813194275
vt 0.36568161845207214 0.37766286730766296
vt 0.3664538562297821 0.3770391643047333
vt 0.3657704293727875 0.3777835965156555
vt 0.3665551245212555 0.3771510720252991
vt 0.36655139923095703 0.3771023750305176
vt 0.3657646179199219 0.3777364194393158
vt 0.3656807839870453 0.3774569034576416
vt 0.36646798253059387 0.3768225610256195
vt 0.365644246339798 0.3773742616176605
vt 0.36642858386039734 0.37674209475517273
vt 0.3663652539253235 0.37666288018226624
vt 0.36558881402015686 0.3772881031036377
vt 0.3627757728099823 0.37314632534980774
vt 0.363163024187088 0.3727875053882599
vt 0.36273497343063354 0.373096227645874
vt 0.36311590671539307 0.37274184823036194
vt 1.2794660329818726 0.6155521869659424
vt 1.2793022394180298 0.6155272722244263
vt 1.2793169021606445 0.6150574684143066
vt 1.2794760465621948 0.6150848269462585
vt 1.2812144756317139 0.6147697567939758
vt 1.2812095880508423 0.6153263449668884
vt 1.2812696695327759 0.6148126125335693
vt 1.2812511920928955 0.6153774261474609
vt 0.16285879909992218 1.3700804710388184
vt 0.1628129482269287 1.369978904724121
vt 0.16326534748077393 1.3695882558822632
vt 0.16330532729625702 1.3696627616882324
vt 0.6142213344573975 1.3775895833969116
vt 0.6141659021377563 1.3778748512268066
vt 1.2189486026763916 0.5539147257804871
vt 1.218802809715271 0.5539091229438782
vt 0.6162167191505432 1.3791049718856812
vt 0.6161938309669495 1.379382848739624
vt 1.2192920446395874 0.5563755631446838
vt 1.2191498279571533 0.556396484375
vt 1.216625690460205 0.5542478561401367
vt 0.3642907738685608 0.3734413683414459
vt 0.3671437203884125 0.37636691331863403
vt 0.3672531843185425 0.37642061710357666
vt 0.3671700954437256 0.37614062428474426
vt 0.3635461628437042 0.37236031889915466
vt 0.3670573830604553 0.37599387764930725
vt 1.2169727087020874 0.5567353367805481
vt 0.3618812561035156 0.37515199184417725
vt 0.3629976212978363 0.37907668948173523
vt 0.363027423620224 0.37917691469192505
vt 0.3629419505596161 0.3788982033729553
vt 0.3615048825740814 0.3738681972026825
vt 0.36288392543792725 0.3787122070789337
vt 1.2811793088912964 0.6159548163414001
vt 1.279452919960022 0.6160916090011597
vt 1.216382622718811 0.5542710423469543
vt 0.36412566900253296 0.3732821047306061
vt 0.36725515127182007 0.3764708936214447
vt 0.36712774634361267 0.37606266140937805
vt 0.36349374055862427 0.3723190724849701
vt 1.2792878150939941 0.6160687208175659
vt 1.2167316675186157 0.5567725896835327
vt 0.36181870102882385 0.37493467330932617
vt 0.3630405366420746 0.3792203962802887
vt 0.3629148304462433 0.37881070375442505
vt 0.3614868223667145 0.3738073706626892
vt 1.3992290496826172 0.7057083249092102
vt 1.2812347412109375 0.6159924268722534
vt 0.16370408236980438 1.3691712617874146
vt 0.1636376529932022 1.3691076040267944
vt 1.2812249660491943 0.614287793636322
vt 1.2813082933425903 0.614348828792572
vt 1.399389624595642 0.7064595222473145
vt 1.39937162399292 0.7060900330543518
vt 1.3992440700531006 0.7064751386642456
vt 1.3992351293563843 0.7061029076576233
vt 1.2192161083221436 0.555873692035675
vt 1.2190731763839722 0.5558898448944092
vt 1.2190006971359253 0.5553903579711914
vt 1.219144344329834 0.5553788542747498
vt 0.6153213381767273 1.3789860010147095
vt 0.6153709888458252 1.3786903619766235
vt 0.6157938241958618 1.3788976669311523
vt 0.6157457232475281 1.379219889640808
vt 1.2168961763381958 0.5562286972999573
vt 1.2168235778808594 0.5557292103767395
vt 1.2166545391082764 0.5562627911567688
vt 1.2165815830230713 0.5557601451873779
vt 0.36232811212539673 0.3747280538082123
vt 0.3624144494533539 0.37493616342544556
vt 0.3629198968410492 0.37465524673461914
vt 0.36281052231788635 0.3744584023952484
vt 0.36393842101097107 0.3786988854408264
vt 0.36483877897262573 0.37822291254997253
vt 0.3639974296092987 0.37883615493774414
vt 0.36491334438323975 0.3783523440361023
vt 0.3639868497848511 0.3787916898727417
vt 0.3649052381515503 0.3783065974712372
vt 0.36390194296836853 0.37851274013519287
vt 0.3648208975791931 0.37802740931510925
vt 0.36387157440185547 0.37842652201652527
vt 0.36478736996650696 0.3779428005218506
vt 0.3638322055339813 0.3783312737941742
vt 0.3647399842739105 0.37785154581069946
vt 0.3619522154331207 0.3736861050128937
vt 0.36237427592277527 0.3734457492828369
vt 0.36192622780799866 0.3736281394958496
vt 0.3623405992984772 0.3733914792537689
vt 1.2793320417404175 0.6146467328071594
vt 1.2794833183288574 0.6146767139434814
vt 1.2164331674575806 0.5524729490280151
vt 1.2161892652511597 0.552490770816803
vt 0.36540278792381287 0.3708971440792084
vt 0.36555084586143494 0.37115052342414856
vt 0.36890238523483276 0.373431921005249
vt 0.3690377175807953 0.3735094666481018
vt 0.3690394163131714 0.3734546899795532
vt 0.3689574599266052 0.37317338585853577
vt 0.3689126968383789 0.37309810519218445
vt 0.368853360414505 0.3730512857437134
vt 0.6136770844459534 1.3767249584197998
vt 0.6134313344955444 1.37623131275177
vt 1.2165720462799072 0.5538049340248108
vt 1.2187490463256836 0.5534664988517761
vt 1.2163286209106445 0.5538265109062195
vt 0.36465996503829956 0.37295737862586975
vt 0.36448198556900024 0.37281060218811035
vt 0.3677141070365906 0.375675231218338
vt 1.2188961505889893 0.5534812808036804
vt 0.6138556599617004 1.3774129152297974
vt 0.6139141917228699 1.3771593570709229
vt 0.36783385276794434 0.37577173113822937
vt 0.36783355474472046 0.3757197856903076
vt 0.3677506446838379 0.37543967366218567
vt 0.367704838514328 0.37536513805389404
vt 0.3676285147666931 0.3753146231174469
vt 0.36387157440185547 0.37191590666770935
vt 0.3638148009777069 0.37187930941581726
vt 1.279439926147461 0.6166349649429321
vt 1.2792754173278809 0.6166138052940369
vt 1.2811540365219116 0.6165741086006165
vt 1.2812212705612183 0.616599977016449
vt 0.16395412385463715 1.3686028718948364
vt 0.1640317440032959 1.3686577081680298
vt 1.2165292501449585 0.5534301400184631
vt 1.2162857055664062 0.553450882434845
vt 1.2162479162216187 0.5531079173088074
vt 1.21649169921875 0.5530896186828613
vt 1.2186689376831055 0.5527524948120117
vt 1.2187063694000244 0.5530921220779419
vt 0.36476564407348633 0.37235426902770996
vt 0.364952951669693 0.37248969078063965
vt 0.36520716547966003 0.37203913927078247
vt 0.36501574516296387 0.3719084560871124
vt 1.2188146114349365 0.5527557730674744
vt 1.2188549041748047 0.5531204342842102
vt 0.3681403398513794 0.37503188848495483
vt 0.36844488978385925 0.3745118975639343
vt 0.6133741140365601 1.3764814138412476
vt 0.6136124730110168 1.3769651651382446
vt 0.36826571822166443 0.37512287497520447
vt 0.36857277154922485 0.3746011555194855
vt 0.3682667911052704 0.37506920099258423
vt 0.3685733675956726 0.37454840540885925
vt 0.36818385124206543 0.374789297580719
vt 0.36849015951156616 0.3742690682411194
vt 0.36813390254974365 0.3747199475765228
vt 0.36845117807388306 0.3741823136806488
vt 0.3680502474308014 0.3747013509273529
vt 0.3683825731277466 0.37415361404418945
vt 0.36413559317588806 0.37148046493530273
vt 0.3643779456615448 0.37104010581970215
vt 0.36407560110092163 0.3714483976364136
vt 0.364315927028656 0.3710111677646637
vt 1.2792654037475586 0.6171345114707947
vt 1.2794287204742432 0.6171546578407288
vt 1.279418706893921 0.6176732778549194
vt 1.2792562246322632 0.6176567673683167
vt 1.2811402082443237 0.6171259880065918
vt 1.2811284065246582 0.6176565885543823
vt 1.2812107801437378 0.6171467304229736
vt 1.2812014818191528 0.61767578125
vt 0.16428494453430176 1.3681780099868774
vt 0.16419678926467896 1.368130087852478
vt 0.1644154042005539 1.3676635026931763
vt 0.16451069712638855 1.3677057027816772
vt 0.5203368067741394 1.412339210510254
vt 0.5203320980072021 1.417280912399292
vt 0.5200024247169495 1.417235255241394
vt 0.5200051069259644 1.412293553352356
vt 0.5197230577468872 1.4171100854873657
vt 0.5197240710258484 1.4121687412261963
vt 0.1863643229007721 0.3983246088027954
vt 0.1863657832145691 0.39312228560447693
vt 0.18660156428813934 0.3929862380027771
vt 0.18659886717796326 0.39818793535232544
vt 0.18690648674964905 0.3929130733013153
vt 0.1869024634361267 0.39811453223228455
vt 0.0025274530053138733 1.302340030670166
vt 0.002527208300307393 1.3705248832702637
vt 0.002232794649899006 1.3705247640609741
vt 0.0022329799830913544 1.3023399114608765
vt 0.001983091700822115 1.3705246448516846
vt 0.0019832230173051357 1.302339792251587
vt 1.226174235343933 1.2874549627304077
vt 1.226173996925354 1.3585535287857056
vt 1.2259137630462646 1.3585537672042847
vt 1.2259142398834229 1.2874550819396973
vt 1.225606918334961 1.3585537672042847
vt 1.2256076335906982 1.2874552011489868
vt 0.18697291612625122 0.3982095420360565
vt 0.18709176778793335 0.3982973098754883
vt 0.18676096200942993 0.39836204051971436
vt 0.18666014075279236 0.3982831835746765
vt 0.18652097880840302 0.3984735310077667
vt 0.1864151954650879 0.3984149694442749
vt 0.5197508931159973 1.4120606184005737
vt 0.5198224186897278 1.4119694232940674
vt 0.5200721025466919 1.412062406539917
vt 0.5200285911560059 1.4121843576431274
vt 0.5203677415847778 1.412115454673767
vt 0.5203551054000854 1.4122314453125
vt 0.5203508138656616 1.4173357486724854
vt 0.37853947281837463 0.7580766081809998
vt 0.37839215993881226 0.757922351360321
vt 0.0025488121900707483 1.3022583723068237
vt 1.2255936861038208 1.287371039390564
vt 1.1741530895233154 1.1293820142745972
vt 1.1741881370544434 1.1294485330581665
vt 1.4010486602783203 0.5513768196105957
vt 1.4011074304580688 0.5514366626739502
vt 0.00250658649019897 1.3706213235855103
vt 1.3993771076202393 0.5492388010025024
vt 0.1869330108165741 0.3928481936454773
vt 1.3992314338684082 0.5490841865539551
vt 1.2256495952606201 1.358654260635376
vt 0.38019949197769165 0.7601821422576904
vt 0.38025203347206116 0.7602595090866089
vt 1.1734716892242432 1.1302223205566406
vt 1.1734131574630737 1.1301287412643433
vt 1.1741546392440796 1.1302030086517334
vt 0.1866264045238495 0.3929220736026764
vt 0.18638934195041656 0.39305856823921204
vt 0.5200207829475403 1.4172898530960083
vt 0.5197410583496094 1.4171640872955322
vt 0.0022524993401020765 1.3022593259811401
vt 0.002001119777560234 1.3022596836090088
vt 1.2258998155593872 1.2873715162277222
vt 1.2261593341827393 1.2873713970184326
vt 1.2259517908096313 1.358654260635376
vt 1.2262080907821655 1.3586541414260864
vt 0.0022071106359362602 1.3706212043762207
vt 0.001953125 1.3706210851669312
vt 1.1734700202941895 1.1298433542251587
vt 1.1735261678695679 1.129926323890686
vt 1.1736304759979248 1.1296013593673706
vt 1.1736814975738525 1.1296753883361816
vt 1.173913836479187 1.1295076608657837
vt 1.1738702058792114 1.1294394731521606
vt 0.37997230887413025 0.7603182792663574
vt 0.37988558411598206 0.7602385878562927
vt 0.37973514199256897 0.7604823112487793
vt 0.3796723783016205 0.7604073882102966
vt 1.4010881185531616 0.551072895526886
vt 1.4011646509170532 0.5511469841003418
vt 1.401259422302246 0.5508270263671875
vt 1.401323914527893 0.550901472568512
vt 0.3782540261745453 0.7581335306167603
vt 0.3780120015144348 0.7582953572273254
vt 1.399434208869934 0.5489522814750671
vt 1.3995963335037231 0.5487093925476074
vt 0.3781086206436157 0.7579800486564636
vt 0.37786826491355896 0.758141815662384
vt 1.3994500637054443 0.548556387424469
vt 1.3992888927459717 0.5487985610961914
vt 1.2431585788726807 0.7175552248954773
vt 1.2433481216430664 0.7176758646965027
vt 1.2431834936141968 0.717700719833374
vt 0.5202765464782715 1.4160494804382324
vt 0.6620678305625916 0.7970046401023865
vt 0.6618945598602295 0.7969881892204285
vt 0.6617775559425354 0.7969186902046204
vt 0.17918899655342102 1.3166664838790894
vt 0.1789332926273346 1.3166638612747192
vt 0.17891918122768402 1.3165701627731323
vt 0.1791367381811142 1.3165727853775024
vt 0.4844602048397064 0.010422603227198124
vt 0.4844300448894501 0.010587064549326897
vt 0.48446279764175415 0.010637136176228523
vt 0.27319157123565674 0.7589195370674133
vt 0.2732102572917938 0.7588227391242981
vt 0.273395836353302 0.7588127255439758
vt 0.273398756980896 0.7589085698127747
vt 0.2737773656845093 0.7719385027885437
vt 0.27356860041618347 0.7719226479530334
vt 0.6618523597717285 0.7971056699752808
vt 0.6620567440986633 0.7971055507659912
vt 0.27344250679016113 0.77190762758255
vt 0.27303215861320496 0.758916437625885
vt 0.17936313152313232 1.3166683912277222
vt 0.17941688001155853 1.330202579498291
vt 0.6617031097412109 0.7970279455184937
vt 0.48443543910980225 0.010730236768722534
vt 0.48446977138519287 0.010826180689036846
vt 0.6620567440986633 0.7971055507659912
vt 0.4844602048397064 0.010422603227198124
vt 0.17932869493961334 1.316575050354004
vt 0.27304816246032715 0.7588134407997131
vt 0.17942936718463898 1.3303062915802002
vt 0.2733681797981262 0.7720125913619995
vt 0.272155225276947 0.7729490995407104
vt 0.6616888642311096 0.774524450302124
vt 0.6616017818450928 0.7745599746704102
vt 0.6615778207778931 0.7744032144546509
usemtl opaque__plastic__bin_b
f 1547/3 1546/4 238/1 239/2
f 1548/7 1547/8 239/5 240/6
f 1438/10 1548/7 240/6 130/9
f 1437/12 1438/10 130/9 129/11
f 1436/15 1437/16 129/13 128/14
f 1558/18 1436/15 128/14 250/17
f 1557/20 1558/18 250/17 249/19
f 1556/22 1557/20 249/19 248/21
f 2023/24 1556/22 248/21 715/23
f 1567/26 2023/24 715/23 259/25
f 1572/29 1567/30 259/27 264/28
f 1346/32 1572/29 264/28 38/31
f 1345/34 1346/32 38/31 37/33
f 1344/37 1345/38 37/35 36/36
f 1355/40 1344/37 36/36 47/39
f 1354/42 1355/40 47/39 46/41
f 1353/45 1354/46 46/43 45/44
f 1392/48 1353/45 45/44 84/47
f 1391/50 1392/48 84/47 83/49
f 1390/52 1391/50 83/49 82/51
f 1325/54 1390/52 82/51 17/53
f 1324/56 1325/54 17/53 16/55
f 1323/58 1324/56 16/55 15/57
f 1328/60 1323/58 15/57 20/59
f 1327/62 1328/60 20/59 19/61
f 1326/65 1327/66 19/63 18/64
f 1338/68 1326/65 18/64 30/67
f 1337/70 1338/68 30/67 29/69
f 1336/73 1337/74 29/71 28/72
f 2008/76 1336/73 28/72 700/75
f 2007/78 2008/76 700/75 699/77
f 2039/81 2007/82 699/79 731/80
f 1312/84 2039/81 731/80 4/83
f 1313/86 1312/84 4/83 5/85
f 1314/88 1313/86 5/85 6/87
f 1311/90 1314/88 6/87 3/89
f 1310/92 1311/90 3/89 2/91
f 1309/94 1310/92 2/91 1/93
f 1936/96 1309/94 1/93 628/95
f 1935/98 1936/96 628/95 627/97
f 1934/101 1935/102 627/99 626/100
f 1525/104 1934/101 626/100 217/103
f 1536/107 1537/108 229/105 228/106
f 1535/110 1536/107 228/106 227/109
f 1543/112 1535/110 227/109 235/111
f 1542/114 1543/112 235/111 234/113
f 1541/116 1542/114 234/113 233/115
f 1999/118 1541/116 233/115 691/117
f 1998/120 1999/118 691/117 690/119
f 1997/122 1998/120 690/119 689/121
f 1883/124 1997/122 689/121 575/123
f 1882/126 1883/124 575/123 574/125
f 1881/129 1882/130 574/127 573/128
f 1891/132 1881/129 573/128 583/131
f 1890/134 1891/132 583/131 582/133
f 1889/136 1890/134 582/133 581/135
f 1959/138 1889/136 581/135 651/137
f 1958/140 1959/138 651/137 650/139
f 1957/143 1958/144 650/141 649/142
f 1984/146 1957/143 649/142 676/145
f 1983/148 1984/146 676/145 675/147
f 1988/150 1983/148 675/147 680/149
f 1978/152 1988/150 680/149 670/151
f 1977/154 1978/152 670/151 669/153
f 1982/156 1977/154 669/153 674/155
f 1949/158 1982/156 674/155 641/157
f 1955/160 1949/158 641/157 647/159
f 1954/162 1955/160 647/159 646/161
f 1925/164 1954/162 646/161 617/163
f 1924/166 1925/164 617/163 616/165
f 1923/169 1924/170 616/167 615/168
f 1931/172 1923/169 615/168 623/171
f 1933/174 1931/172 623/171 625/173
f 1546/4 1930/176 622/175 238/1
f 1/93 2/91 304/177 296/178
f 2/91 3/89 273/179 265/180
f 5/85 4/83 483/181 475/182
f 6/87 5/85 454/183 446/184
f 3/89 6/87 187/185 179/186
f 453/189 452/190 188/187 194/188
f 186/193 185/194 274/191 280/192
f 272/197 271/198 305/195 311/196
f 482/201 481/202 455/199 461/200
f 216/205 209/206 484/203 490/204
f 72/209 71/210 830/207 831/208
f 73/213 72/214 831/211 832/212
f 1277/217 1278/218 10/215 80/216
f 1280/221 1281/222 80/219 10/220
f 14/224 13/225 1284/223 1278/218
f 701/228 706/229 22/226 21/227
f 702/231 701/228 21/227 26/230
f 32/233 31/234 23/232 22/226
f 839/236 840/237 26/230 25/235
f 27/238 695/239 700/75 28/72
f 696/240 695/239 27/238 32/233
f 263/243 262/244 34/241 33/242
f 264/28 263/243 33/242 38/31
f 42/246 41/247 35/245 34/241
f 61/250 60/251 39/248 44/249
f 255/253 254/254 44/249 43/252
f 256/255 255/253 43/252 42/246
f 52/258 51/259 821/256 822/257
f 53/262 52/263 822/260 823/261
f 58/266 57/267 824/264 825/265
f 59/269 58/266 825/265 826/268
f 245/272 244/273 63/270 62/271
f 246/275 245/276 62/274 61/250
f 65/279 64/280 69/277 68/278
f 69/282 64/283 63/270 70/281
f 1282/284 738/285 80/219 1281/222
f 81/287 738/285 1282/284 1283/286
f 80/216 738/289 1276/288 1277/217
f 738/289 81/291 1275/290 1276/288
f 1157/294 1156/295 135/292 134/293
f 1156/298 1155/299 136/296 135/297
f 143/302 148/303 104/300 103/301
f 144/306 143/307 103/304 108/305
f 109/309 1308/310 108/305 107/308
f 110/313 109/314 107/311 106/312
f 119/317 118/318 114/315 113/316
f 120/321 119/322 113/319 112/320
f 153/325 152/326 116/323 115/324
f 154/328 153/329 115/327 114/315
f 123/331 130/9 118/318 117/330
f 124/334 123/335 117/332 122/333
f 251/337 250/17 128/14 127/336
f 252/340 251/341 127/338 126/339
f 147/344 146/345 132/342 131/343
f 148/303 147/347 131/346 136/296
f 141/349 140/350 134/293 133/348
f 142/351 141/349 133/348 132/342
f 587/353 592/354 137/352 142/351
f 1159/356 1158/357 140/350 139/355
f 150/359 149/360 146/345 145/358
f 151/362 150/363 145/361 144/306
f 175/366 174/367 166/364 165/365
f 176/370 175/371 165/368 170/369
f 221/373 220/374 170/369 169/372
f 230/377 229/105 172/375 171/376
f 231/380 230/381 171/378 178/379
f 683/383 682/384 178/379 177/382
f 684/385 683/383 177/382 176/370
f 193/388 192/389 181/386 180/387
f 187/185 193/391 180/390 179/186
f 423/394 428/395 183/392 182/393
f 424/396 423/394 182/393 181/386
f 390/398 395/399 185/194 184/397
f 391/401 390/402 184/400 183/392
f 190/405 189/406 520/403 525/404
f 189/409 188/187 521/407 520/408
f 429/411 434/412 192/389 191/410
f 430/413 429/411 191/410 190/405
f 207/416 206/417 198/414 197/415
f 208/419 207/416 197/415 196/418
f 218/422 217/103 195/420 201/421
f 318/425 317/426 204/423 203/424
f 312/428 318/429 203/427 208/419
f 514/432 519/433 214/430 213/431
f 515/435 514/432 213/431 212/434
f 209/206 215/438 550/436 555/437
f 215/441 214/430 551/439 550/440
f 220/374 1306/443 685/442 684/385
f 557/446 556/447 225/444 224/445
f 558/450 557/451 224/448 223/449
f 236/453 235/111 227/109 226/452
f 237/455 236/456 226/454 231/380
f 681/458 688/459 233/115 232/457
f 682/384 681/461 232/460 237/455
f 242/464 241/465 253/462 258/463
f 253/466 241/467 246/275 254/254
f 244/273 243/469 247/468 252/340
f 247/470 243/471 242/464 248/21
f 262/244 261/473 257/472 256/255
f 279/476 278/477 267/474 266/475
f 273/179 279/479 266/478 265/180
f 411/482 416/483 269/480 268/481
f 412/484 411/482 268/481 267/474
f 362/486 367/487 271/198 270/485
f 363/489 362/490 270/488 269/480
f 384/493 389/494 276/491 275/492
f 385/496 384/497 275/495 274/191
f 417/499 422/500 278/477 277/498
f 418/501 417/499 277/498 276/491
f 68/278 69/277 282/502 281/503
f 69/282 70/281 283/504 282/505
f 71/210 72/209 285/506 284/507
f 72/214 73/213 286/508 285/509
f 77/512 78/513 288/510 287/511
f 78/513 79/515 289/514 288/510
f 57/267 58/266 291/516 290/517
f 58/266 59/269 292/518 291/516
f 51/259 52/258 294/519 293/520
f 52/263 53/262 295/521 294/522
f 310/525 309/526 298/523 297/524
f 304/177 310/528 297/527 296/178
f 399/531 404/532 300/529 299/530
f 400/533 399/531 299/530 298/523
f 350/536 355/537 302/534 301/535
f 351/539 350/540 301/538 300/529
f 356/543 361/544 307/541 306/542
f 357/546 356/547 306/545 305/195
f 405/549 410/550 309/526 308/548
f 406/551 405/549 308/548 307/541
f 326/554 325/555 316/552 315/553
f 320/558 326/559 315/556 314/557
f 403/562 402/563 324/560 323/561
f 404/532 403/566 323/564 322/565
f 342/569 341/570 332/567 331/568
f 336/573 342/574 331/571 330/572
f 407/577 406/551 328/575 334/576
f 408/580 407/581 334/578 333/579
f 415/584 414/585 340/582 339/583
f 416/483 415/588 339/586 338/587
f 397/591 396/592 345/589 344/590
f 398/595 397/596 344/593 349/594
f 354/599 353/600 347/597 346/598
f 355/537 354/602 346/601 345/589
f 313/604 312/428 349/594 348/603
f 314/557 313/604 348/603 347/597
f 321/606 320/558 353/600 352/605
f 322/565 321/606 352/605 351/539
f 366/609 365/610 359/607 358/608
f 367/487 366/612 358/611 357/546
f 329/614 328/575 361/544 360/613
f 330/572 329/614 360/613 359/607
f 337/616 336/573 365/610 364/615
f 338/587 337/616 364/615 363/489
f 427/619 426/620 372/617 371/618
f 428/395 427/623 371/621 370/622
f 379/626 378/627 368/624 374/625
f 380/630 379/631 374/628 373/629
f 419/634 418/501 376/632 382/633
f 420/637 419/638 382/635 381/636
f 394/641 393/642 387/639 386/640
f 395/399 394/644 386/643 385/496
f 377/646 376/632 389/494 388/645
f 378/627 377/646 388/645 387/639
f 369/648 368/624 393/642 392/647
f 370/622 369/648 392/647 391/401
f 409/650 408/580 402/563 401/649
f 410/550 409/652 401/651 400/533
f 421/654 420/637 414/585 413/653
f 422/500 421/656 413/655 412/484
f 433/658 432/659 426/620 425/657
f 434/412 433/661 425/660 424/396
f 431/664 430/413 440/662 439/663
f 445/667 444/668 437/665 436/666
f 460/671 459/672 448/669 447/670
f 454/183 460/674 447/673 446/184
f 1018/677 1019/678 450/675 449/676
f 1027/679 1018/677 449/676 448/669
f 452/190 451/682 526/680 531/681
f 451/685 450/675 527/683 526/684
f 457/688 456/689 532/686 537/687
f 456/692 455/199 533/690 532/691
f 1022/694 1023/695 459/672 458/693
f 1026/696 1022/694 458/693 457/688
f 474/699 473/700 465/697 464/698
f 496/703 495/704 472/701 471/702
f 489/707 488/708 477/705 476/706
f 483/181 489/710 476/709 475/182
f 491/713 496/703 479/711 478/712
f 492/714 491/713 478/712 477/705
f 481/202 480/717 538/715 543/716
f 480/720 479/711 539/718 538/719
f 486/723 485/724 544/721 549/722
f 485/727 484/203 545/725 544/726
f 497/729 502/730 488/708 487/728
f 498/731 497/729 487/728 486/723
f 501/734 500/735 494/732 493/733
f 502/730 501/737 493/736 492/714
f 499/740 498/731 507/738 506/739
f 508/743 513/744 505/741 504/742
f 518/747 517/748 512/745 511/746
f 519/433 518/751 511/749 510/750
f 530/754 529/755 523/752 522/753
f 531/681 530/757 522/756 521/407
f 435/759 440/662 525/404 524/758
f 436/666 435/759 524/758 523/752
f 441/761 445/667 529/755 528/760
f 442/762 441/761 528/760 527/683
f 542/765 541/766 535/763 534/764
f 543/716 542/768 534/767 533/690
f 463/770 462/771 537/687 536/769
f 464/698 463/770 536/769 535/763
f 470/773 474/699 541/766 540/772
f 471/702 470/773 540/772 539/718
f 554/776 553/777 547/774 546/775
f 555/437 554/779 546/778 545/725
f 503/781 507/738 549/722 548/780
f 504/742 503/781 548/780 547/774
f 509/783 508/743 553/777 552/782
f 510/750 509/783 552/782 551/439
f 567/786 572/787 562/784 561/785
f 568/790 567/791 561/788 560/789
f 598/794 597/795 566/792 565/793
f 577/798 576/799 570/796 569/797
f 578/800 577/798 569/797 568/790
f 652/802 651/137 581/135 580/801
f 653/805 652/806 580/803 579/804
f 608/808 607/809 579/804 585/807
f 609/811 608/808 585/807 584/810
f 621/814 620/815 595/812 594/813
f 604/817 603/818 597/795 596/816
f 605/820 604/821 596/819 595/812
f 610/824 609/811 601/822 600/823
f 611/826 610/827 600/825 605/820
f 665/829 664/830 607/809 606/828
f 666/832 665/833 606/831 611/826
f 645/836 644/837 613/834 612/835
f 646/161 645/839 612/838 617/163
f 624/841 623/171 615/168 614/840
f 618/843 624/844 614/842 613/834
f 633/846 632/847 620/815 619/845
f 634/849 633/850 619/848 618/843
f 643/853 642/854 630/851 629/852
f 644/837 643/853 629/852 634/849
f 640/856 639/857 632/847 631/855
f 635/859 640/860 631/858 630/851
f 673/863 672/864 637/861 636/862
f 674/865 673/863 636/862 635/859
f 662/867 661/868 639/857 638/866
f 657/870 662/871 638/869 637/861
f 663/874 668/875 655/872 654/873
f 664/830 663/877 654/876 653/805
f 677/880 676/881 659/878 658/879
f 678/882 677/880 658/879 657/870
f 667/884 666/832 661/868 660/883
f 668/875 667/886 660/885 659/878
f 679/888 678/882 672/864 671/887
f 680/149 679/890 671/889 670/151
f 706/229 705/892 697/891 696/240
f 67/895 11/896 12/893 66/894
f 707/897 18/64 24/898
f 824/264 57/267 53/262 823/261
f 832/212 65/279 68/278 73/213
f 77/512 59/269 826/268 827/899
f 79/515 829/900 830/207 71/210
f 132/342 146/345 149/360 142/351
f 154/328 114/315 118/318 130/9
f 1308/310 151/362 144/306 108/305
f 136/296 104/300 148/303
f 1158/357 1157/294 134/293 140/350
f 714/901 138/902 222/903
f 63/270 244/273 252/340 70/281
f 834/906 258/463 716/904 260/905
f 706/229 696/240 32/233 22/226
f 70/281 252/340 283/504
f 73/213 68/278 281/503 286/508
f 79/515 71/210 284/507 289/514
f 59/269 77/512 287/511 292/518
f 53/262 57/267 290/517 295/521
f 293/520 325/555 327/907
f 286/508 281/503 93/908 88/909
f 289/514 284/507 90/910 94/911
f 292/518 287/511 96/912 97/913
f 100/915 295/521 290/517 99/914
f 316/552 325/555 293/520 102/916
f 51/259 293/520 332/567 341/570
f 320/558 314/557 347/597 353/600
f 336/573 330/572 359/607 365/610
f 252/340 126/339 1150/917
f 380/630 373/629 51/259
f 368/624 378/627 387/639 393/642
f 312/428 208/419 196/418 349/594
f 355/537 345/589 396/592 302/534
f 404/532 322/565 351/539 300/529
f 328/575 406/551 307/541 361/544
f 271/198 367/487 357/546 305/195
f 416/483 338/587 363/489 269/480
f 376/632 418/501 276/491 389/494
f 428/395 370/622 391/401 183/392
f 185/194 395/399 385/496 274/191
f 324/560 402/563 408/580 333/579
f 381/636 340/582 414/585 420/637
f 719/918 372/617 426/620 432/659
f 445/667 436/666 523/752 529/755
f 188/187 452/190 531/681 521/407
f 1019/678 442/762 527/683 450/675
f 474/699 464/698 535/763 541/766
f 462/771 1026/696 457/688 537/687
f 455/199 481/202 543/716 533/690
f 496/703 471/702 539/718 479/711
f 508/743 504/742 547/774 553/777
f 507/738 498/731 486/723 549/722
f 519/433 510/750 551/439 214/430
f 484/203 209/206 555/437 545/725
f 440/662 430/413 190/405 525/404
f 42/246 34/241 262/244 256/255
f 576/799 584/810 586/919 570/796
f 728/920 590/921 599/922
f 576/799 601/822 609/811 584/810
f 217/103 626/100 398/923 195/420
f 841/925 990/926 843/924 18/64
f 162/928 159/929 1286/927 15/57
f 87/930 164/931 17/53 82/51
f 14/224 85/932 84/47 45/44
f 47/39 40/933 709/934
f 254/254 246/275 61/250 44/249
f 258/463 834/906 242/464
f 689/121 563/935 562/784 575/123
f 566/792 578/800 568/790 560/789
f 603/818 578/800 566/792 597/795
f 632/847 639/857 595/812 620/815
f 613/834 644/837 634/849 618/843
f 639/857 661/868 605/820 595/812
f 661/868 666/832 611/826 605/820
f 642/854 674/865 635/859 630/851
f 659/878 676/881 655/872 668/875
f 678/882 657/870 637/861 672/864
f 590/921 152/326 599/922
f 622/175 729/936 238/1
f 154/328 130/9 240/6
f 152/326 589/937 151/362 116/323
f 684/385 176/370 170/369 220/374
f 692/938 686/939 225/444 556/447
f 178/379 682/384 231/380
f 694/940 691/117 233/115
f 682/384 237/455 231/380
f 688/459 694/940 233/115
f 492/714 477/705 488/708 502/730
f 424/396 181/386 192/389 434/412
f 412/484 267/474 278/477 422/500
f 400/533 298/523 309/526 410/550
f 296/178 303/941 628/95 1/93
f 341/570 343/942 51/259
f 689/121 692/938 556/447 563/935
f 138/902 711/943 222/903
f 149/360 587/353 142/351
f 1023/695 1027/679 448/669 459/672
f 564/944 558/450 223/449
f 579/804 607/809 664/830 653/805
f 13/946 12/893 11/896 1284/945
f 10/220 732/948 1279/947 1280/221
f 163/949 162/928 15/57 16/55
f 164/931 163/949 16/55 17/53
f 30/67 707/897 23/950 31/951
f 838/954 839/955 25/952 708/953
f 60/957 66/894 709/934 39/956
f 41/959 710/960 36/36 35/958
f 12/893 13/946 46/41 47/39
f 13/225 14/224 45/44 46/43
f 78/513 77/512 827/899 828/961
f 79/515 78/513 828/961 829/900
f 86/962 87/930 82/51 83/49
f 85/932 86/962 83/49 84/47
f 1145/964 1146/965 125/963 124/334
f 125/966 1146/967 1150/917 126/339
f 592/969 1301/970 1302/971 591/972 711/943 137/968
f 155/975 1159/976 139/973 712/974
f 588/977 587/353 149/360 150/359
f 589/937 588/978 150/363 151/362
f 239/2 238/1 152/326 153/325
f 240/6 239/5 153/329 154/328
f 205/981 204/423 156/979 157/980
f 206/417 205/984 157/982 158/983
f 160/986 161/987 841/925 1285/985
f 159/929 160/989 1285/988 1286/927
f 222/903 221/991 169/990 714/901
f 261/993 716/904 258/463 257/992
f 282/505 283/504 91/994 92/995
f 281/503 282/502 92/996 93/908
f 285/509 286/508 88/909 89/997
f 284/507 285/506 89/998 90/910
f 288/510 289/514 94/911 95/999
f 287/511 288/510 95/999 96/912
f 291/516 292/518 97/913 98/1000
f 290/517 291/516 98/1000 99/914
f 294/522 295/521 100/915 101/1001
f 293/520 294/519 101/1002 102/916
f 432/659 431/1004 439/1003 719/918
f 438/1005 719/918 718/1006
f 721/1009 717/1010 437/1007 444/1008
f 495/1013 494/732 722/1011 472/1012
f 473/1016 724/1017 466/1014 465/1015
f 512/745 725/1020 505/1018 513/1019
f 500/735 499/1023 506/1021 727/1022
f 726/1024 723/1025 722/1011 727/1022
f 565/793 566/792 560/789 559/1026
f 564/944 565/1028 559/1027 558/450
f 574/125 575/123 572/787 571/1029
f 573/128 574/127 571/1030 570/1031
f 602/1032 601/822 576/799 577/798
f 603/818 602/1032 577/798 578/800
f 728/920 598/1033 565/1028 564/944
f 622/175 621/1035 594/1034 729/936
f 627/97 628/95 396/592 397/591
f 626/100 627/99 397/1036 398/923
f 693/1037 692/938 689/121 690/119
f 694/940 693/1037 690/119 691/117
f 693/1037 694/940 688/459 687/1038
f 692/938 693/1037 687/1038 686/939
f 704/1041 730/1042 697/1039 705/1040
f 21/227 733/1043 25/235 26/230
f 23/232 733/1043 21/227 22/226
f 24/898 733/1044 23/950 707/897
f 25/952 733/1044 24/898 708/953
f 27/238 734/1045 31/234 32/233
f 29/71 734/1045 27/238 28/72
f 31/951 734/1046 29/69 30/67
f 33/242 735/1047 37/33 38/31
f 35/245 735/1047 33/242 34/241
f 37/35 735/1048 35/958 36/36
f 39/248 736/1049 43/252 44/249
f 40/933 736/1050 39/956 709/934
f 41/959 736/1050 40/933 710/960
f 43/252 736/1049 41/247 42/246
f 60/957 737/1051 67/895 66/894
f 62/274 737/1052 60/251 61/250
f 64/283 737/1053 62/271 63/270
f 67/1054 737/1055 64/280 65/279
f 103/304 739/1056 107/308 108/305
f 105/1057 739/1058 103/301 104/300
f 107/311 739/1058 105/1057 106/312
f 111/1059 740/1060 109/314 110/313
f 113/319 740/1060 111/1059 112/320
f 115/327 740/1061 113/316 114/315
f 117/332 741/1063 121/1062 122/333
f 119/317 741/1064 117/330 118/318
f 121/1065 741/1066 119/322 120/321
f 123/331 742/1067 129/11 130/9
f 125/963 742/1068 123/335 124/334
f 127/338 742/1069 125/966 126/339
f 129/13 742/1070 127/336 128/14
f 131/346 743/1071 135/297 136/296
f 133/348 743/1072 131/343 132/342
f 135/292 743/1072 133/348 134/293
f 137/352 744/1073 141/349 142/351
f 138/902 744/1074 137/968 711/943
f 139/973 744/1074 138/902 712/974
f 141/349 744/1073 139/355 140/350
f 143/302 745/1075 147/347 148/303
f 145/361 745/1076 143/307 144/306
f 147/344 745/1077 145/358 146/345
f 165/368 746/1078 169/372 170/369
f 167/1079 746/1080 165/365 166/364
f 168/1083 746/1084 167/1081 713/1082
f 169/990 746/1084 168/1083 714/901
f 171/378 747/1085 177/382 178/379
f 173/1086 747/1087 171/376 172/375
f 175/366 747/1087 173/1086 174/367
f 177/382 747/1085 175/371 176/370
f 180/390 748/1088 186/193 179/186
f 182/393 748/1089 180/387 181/386
f 184/400 748/1089 182/393 183/392
f 186/193 748/1088 184/397 185/194
f 194/188 749/1090 193/391 187/185
f 189/409 749/1090 194/188 188/187
f 191/410 749/1091 189/406 190/405
f 193/388 749/1091 191/410 192/389
f 202/1092 750/1093 201/421 195/420
f 197/415 750/1095 202/1094 196/418
f 199/1096 750/1095 197/415 198/414
f 203/427 751/1097 207/416 208/419
f 205/981 751/1098 203/424 204/423
f 207/416 751/1097 205/984 206/417
f 216/205 752/1099 215/438 209/206
f 211/1101 752/1099 216/205 210/1100
f 213/431 752/1103 211/1102 212/434
f 215/441 752/1103 213/431 214/430
f 226/454 753/1104 230/381 231/380
f 228/106 753/1105 226/452 227/109
f 230/377 753/1105 228/106 229/105
f 232/460 754/1106 236/456 237/455
f 234/113 754/1107 232/457 233/115
f 236/453 754/1108 234/113 235/111
f 241/467 755/1109 245/276 246/275
f 243/471 755/1110 241/465 242/464
f 245/272 755/1111 243/469 244/273
f 247/468 756/1112 251/341 252/340
f 249/19 756/1113 247/470 248/21
f 251/337 756/1113 249/19 250/17
f 253/462 757/1114 257/992 258/463
f 255/253 757/1115 253/466 254/254
f 257/472 757/1115 255/253 256/255
f 259/27 758/1116 263/243 264/28
f 260/905 758/1117 259/25 715/23
f 261/993 758/1117 260/905 716/904
f 263/243 758/1116 261/473 262/244
f 266/478 759/1118 272/197 265/180
f 268/481 759/1119 266/475 267/474
f 270/488 759/1119 268/481 269/480
f 272/197 759/1118 270/485 271/198
f 280/192 760/1120 279/479 273/179
f 275/495 760/1120 280/192 274/191
f 277/498 760/1121 275/492 276/491
f 279/476 760/1121 277/498 278/477
f 297/527 761/1122 303/941 296/178
f 299/530 761/1123 297/524 298/523
f 301/538 761/1123 299/530 300/529
f 303/941 761/1122 301/535 302/534
f 311/196 762/1124 310/528 304/177
f 306/545 762/1124 311/196 305/195
f 308/548 762/1125 306/542 307/541
f 310/525 762/1125 308/548 309/526
f 313/604 763/1126 318/429 312/428
f 315/556 763/1126 313/604 314/557
f 319/1127 763/1128 315/553 316/552
f 318/425 763/1128 319/1127 317/426
f 321/606 764/1129 326/559 320/558
f 323/564 764/1129 321/606 322/565
f 327/907 764/1130 323/561 324/560
f 326/554 764/1130 327/907 325/555
f 329/614 765/1131 334/576 328/575
f 331/571 765/1131 329/614 330/572
f 335/1132 765/1133 331/568 332/567
f 334/578 765/1133 335/1132 333/579
f 337/616 766/1134 342/574 336/573
f 339/586 766/1134 337/616 338/587
f 343/942 766/1135 339/583 340/582
f 342/569 766/1135 343/942 341/570
f 344/593 767/1136 348/603 349/594
f 346/601 767/1137 344/590 345/589
f 348/603 767/1136 346/598 347/597
f 350/536 768/1138 354/602 355/537
f 352/605 768/1139 350/540 351/539
f 354/599 768/1139 352/605 353/600
f 356/543 769/1140 360/613 361/544
f 358/611 769/1141 356/547 357/546
f 360/613 769/1140 358/608 359/607
f 362/486 770/1142 366/612 367/487
f 364/615 770/1143 362/490 363/489
f 366/609 770/1143 364/615 365/610
f 369/648 771/1144 374/625 368/624
f 371/621 771/1144 369/648 370/622
f 375/1145 771/1146 371/618 372/617
f 374/628 771/1146 375/1145 373/629
f 377/646 772/1147 382/633 376/632
f 379/626 772/1147 377/646 378/627
f 383/1148 772/1149 379/631 380/630
f 382/635 772/1149 383/1148 381/636
f 384/493 773/1150 388/645 389/494
f 386/643 773/1151 384/497 385/496
f 388/645 773/1150 386/640 387/639
f 390/398 774/1152 394/644 395/399
f 392/647 774/1153 390/402 391/401
f 394/641 774/1153 392/647 393/642
f 399/531 775/1154 403/566 404/532
f 401/651 775/1154 399/531 400/533
f 403/562 775/1155 401/649 402/563
f 405/549 776/1156 409/652 410/550
f 407/577 776/1156 405/549 406/551
f 409/650 776/1157 407/581 408/580
f 411/482 777/1158 415/588 416/483
f 413/655 777/1158 411/482 412/484
f 415/584 777/1159 413/653 414/585
f 417/499 778/1160 421/656 422/500
f 419/634 778/1160 417/499 418/501
f 421/654 778/1161 419/638 420/637
f 423/394 779/1162 427/623 428/395
f 425/660 779/1162 423/394 424/396
f 427/619 779/1163 425/657 426/620
f 429/411 780/1164 433/661 434/412
f 431/664 780/1164 429/411 430/413
f 433/658 780/1165 431/1004 432/659
f 435/759 781/1166 439/663 440/662
f 437/665 781/1166 435/759 436/666
f 718/1006 781/1167 437/1007 717/1010
f 439/1003 781/1167 718/1006 719/918
f 441/761 782/1168 444/668 445/667
f 443/1169 782/1168 441/761 442/762
f 447/673 783/1170 453/189 446/184
f 449/676 783/1171 447/670 448/669
f 451/685 783/1171 449/676 450/675
f 453/189 783/1170 451/682 452/190
f 461/200 784/1172 460/674 454/183
f 456/692 784/1172 461/200 455/199
f 458/693 784/1173 456/689 457/688
f 460/671 784/1173 458/693 459/672
f 463/770 785/1175 468/1174 462/771
f 465/697 785/1175 463/770 464/698
f 469/1176 785/1177 465/1015 466/1014
f 468/1179 785/1177 469/1176 467/1178
f 470/773 786/1180 473/700 474/699
f 472/701 786/1180 470/773 471/702
f 723/1025 786/1181 472/1012 722/1011
f 473/1016 786/1181 723/1025 724/1017
f 476/709 787/1182 482/201 475/182
f 478/712 787/1183 476/706 477/705
f 480/720 787/1183 478/712 479/711
f 482/201 787/1182 480/717 481/202
f 490/204 788/1184 489/710 483/181
f 485/727 788/1184 490/204 484/203
f 487/728 788/1185 485/724 486/723
f 489/707 788/1185 487/728 488/708
f 491/713 789/1186 495/704 496/703
f 493/736 789/1186 491/713 492/714
f 495/1013 789/1187 493/733 494/732
f 497/729 790/1188 501/737 502/730
f 499/740 790/1188 497/729 498/731
f 501/734 790/1189 499/1023 500/735
f 503/781 791/1190 506/739 507/738
f 505/741 791/1190 503/781 504/742
f 726/1024 791/1191 505/1018 725/1020
f 506/1021 791/1191 726/1024 727/1022
f 509/783 792/1192 513/744 508/743
f 511/749 792/1192 509/783 510/750
f 512/745 513/1019 792/1193 511/746
f 514/432 793/1194 518/751 519/433
f 516/1195 793/1194 514/432 515/435
f 518/747 793/1197 516/1196 517/748
f 520/403 794/1198 524/758 525/404
f 522/756 794/1199 520/408 521/407
f 524/758 794/1198 522/753 523/752
f 526/680 795/1200 530/757 531/681
f 528/760 795/1201 526/684 527/683
f 530/754 795/1201 528/760 529/755
f 532/686 796/1202 536/769 537/687
f 534/767 796/1203 532/691 533/690
f 536/769 796/1202 534/764 535/763
f 538/715 797/1204 542/768 543/716
f 540/772 797/1205 538/719 539/718
f 542/765 797/1205 540/772 541/766
f 544/721 798/1206 548/780 549/722
f 546/778 798/1207 544/726 545/725
f 548/780 798/1206 546/775 547/774
f 550/436 799/1208 554/779 555/437
f 552/782 799/1209 550/440 551/439
f 554/776 799/1209 552/782 553/777
f 557/446 800/1210 563/935 556/447
f 559/1027 800/1211 557/451 558/450
f 561/788 800/1212 559/1026 560/789
f 563/935 800/1210 561/785 562/784
f 567/786 801/1213 571/1029 572/787
f 569/797 801/1214 567/791 568/790
f 571/1215 801/1214 569/797 570/796
f 580/803 802/1216 585/807 579/804
f 582/133 802/1217 580/801 581/135
f 586/1218 802/1217 582/133 583/131
f 585/807 802/1216 586/919 584/810
f 588/977 803/1219 592/354 587/353
f 1307/1220 589/937 593/1221
f 594/1034 804/1222 599/922 729/936
f 596/819 804/1223 594/813 595/812
f 598/794 804/1224 596/816 597/795
f 599/922 804/1222 598/1033 728/920
f 600/825 805/1225 604/821 605/820
f 602/1032 805/1226 600/823 601/822
f 604/817 805/1226 602/1032 603/818
f 606/831 806/1227 610/827 611/826
f 608/808 806/1228 606/828 607/809
f 610/824 806/1228 608/808 609/811
f 612/838 807/1229 616/165 617/163
f 614/842 807/1230 612/835 613/834
f 616/167 807/1231 614/840 615/168
f 619/848 808/1232 624/844 618/843
f 621/814 808/1233 619/845 620/815
f 625/173 808/1234 621/1035 622/175
f 624/841 808/1234 625/173 623/171
f 629/852 809/1235 633/850 634/849
f 631/858 809/1235 629/852 630/851
f 633/846 809/1236 631/855 632/847
f 636/862 810/1237 640/860 635/859
f 638/869 810/1237 636/862 637/861
f 640/856 810/1238 638/866 639/857
f 648/1239 811/1240 647/159 641/157
f 643/853 811/1242 648/1241 642/854
f 645/836 811/1242 643/853 644/837
f 647/159 811/1240 645/839 646/161
f 650/141 812/1244 656/1243 649/142
f 652/802 812/1245 650/139 651/137
f 654/876 812/1246 652/806 653/805
f 656/1247 812/1248 654/873 655/872
f 658/879 813/1249 662/871 657/870
f 660/885 813/1249 658/879 659/878
f 662/867 813/1250 660/883 661/868
f 663/874 814/1251 667/886 668/875
f 665/829 814/1252 663/877 664/830
f 667/884 814/1253 665/833 666/832
f 669/153 815/1255 673/1254 674/155
f 671/889 815/1255 669/153 670/151
f 673/863 815/1256 671/887 672/864
f 675/147 816/1257 679/890 680/149
f 677/1258 816/1257 675/147 676/145
f 679/888 816/1259 677/880 678/882
f 681/458 817/1260 687/1038 688/459
f 683/383 817/1261 681/461 682/384
f 685/442 817/1261 683/383 684/385
f 687/1038 817/1260 685/1262 686/939
f 695/239 818/1263 699/77 700/75
f 697/891 818/1263 695/239 696/240
f 698/1264 818/1265 697/1039 730/1042
f 699/79 818/1265 698/1264 731/80
f 701/228 819/1266 705/892 706/229
f 703/1267 819/1266 701/228 702/231
f 705/1040 819/1269 703/1268 704/1041
f 47/39 36/36 710/960
f 66/894 12/893 47/39 709/934
f 65/279 7/1271 11/1270 67/1054
f 47/39 710/960 40/933
f 152/326 593/1221 589/937
f 586/1218 583/131 573/128 570/1031
f 222/903 711/943 591/972
f 833/1273 1213/1274 1212/1272 168/1083
f 138/902 714/901 168/1083 712/974
f 195/1275 398/595 349/594 202/1094
f 302/534 396/592 628/95 303/941
f 2/91 265/180 272/197 311/196
f 2/91 311/196 304/177
f 3/89 179/186 186/193 280/192
f 3/89 280/192 273/179
f 319/1127 316/552 102/916 1106/1276
f 324/560 333/579 335/1132 327/907
f 335/1132 332/567 293/520 327/907
f 340/582 381/636 383/1148 343/942
f 383/1148 380/630 51/259 343/942
f 438/1005 718/1006 717/1010
f 18/64 708/953 24/898
f 30/67 18/64 707/897
f 4/83 210/1100 216/205 490/204
f 4/83 490/204 483/181
f 5/85 475/182 482/201 461/200
f 5/85 461/200 454/183
f 6/87 194/188 187/185
f 6/87 446/184 453/189 194/188
f 590/921 728/920 564/944 223/449
f 152/326 238/1 729/936 599/922
f 674/155 648/1239 641/157
f 676/881 656/1247 655/872
f 782/1277 820/1278 721/1009 444/1008
f 443/1279 720/1280 820/1278 782/1277
f 720/1280 467/1178 469/1176 820/1278
f 494/732 500/735 727/1022 722/1011
f 822/257 821/256 50/1281 49/1282
f 823/261 822/260 49/1283 48/1284
f 48/1284 56/1285 824/264 823/261
f 825/265 824/264 56/1285 55/1286
f 826/268 825/265 55/1286 54/1287
f 827/899 826/268 54/1287 74/1288
f 828/961 827/899 74/1288 75/1289
f 829/900 828/961 75/1289 76/1290
f 829/900 76/1290 9/1291 830/207
f 831/208 830/207 9/1291 8/1292
f 832/212 831/211 8/1293 7/1271
f 717/1010 721/1009 821/256 438/1005
f 820/1278 469/1176 821/256 721/1009
f 724/1017 723/1025 726/1024 821/256
f 50/1281 821/256 725/1020 512/745
f 725/1020 821/256 726/1024
f 821/256 469/1176 466/1014 724/1017
f 65/279 832/212 7/1271
f 168/1083 713/1082 833/1273
f 206/417 158/983 833/1273 198/414
f 834/906 260/905 715/23 248/21
f 248/21 242/464 834/906
f 704/1041 703/1268 848/1294 847/1295
f 703/1267 702/231 849/1296 848/1297
f 26/230 840/237 849/1296 702/231
f 847/1295 851/1298 730/1042 704/1041
f 852/1301 851/1298 913/1299 905/1300
f 850/1304 852/1301 884/1302 876/1303
f 883/1307 882/1308 853/1305 857/1306
f 912/1311 911/1312 885/1309 891/1310
f 862/1315 858/1316 914/1313 920/1314
f 946/1319 951/1320 855/1317 854/1318
f 947/1322 946/1323 854/1321 853/1305
f 856/1326 863/1327 837/1324 846/1325
f 864/1328 863/1327 856/1326 855/1317
f 943/1331 945/1332 860/1329 859/1330
f 840/237 943/1331 859/1330 849/1296
f 976/1334 981/1335 858/1316 861/1333
f 977/1337 976/1338 861/1336 860/1329
f 870/1340 869/1341 865/1339 864/1328
f 875/1344 874/1345 868/1342 867/1343
f 890/1348 889/1349 878/1346 877/1347
f 884/1302 890/1351 877/1350 876/1303
f 1032/1354 1033/1355 880/1352 879/1353
f 1041/1356 1032/1354 879/1353 878/1346
f 952/1358 957/1359 882/1308 881/1357
f 953/1361 952/1362 881/1360 880/1352
f 958/1365 963/1366 887/1363 886/1364
f 959/1368 958/1369 886/1367 885/1309
f 1036/1371 1039/1372 889/1349 888/1370
f 1040/1373 1036/1371 888/1370 887/1363
f 904/1376 903/1377 895/1374 894/1375
f 926/1380 925/1381 902/1378 901/1379
f 919/1384 918/1385 907/1382 906/1383
f 913/1299 919/1387 906/1386 905/1300
f 921/1390 926/1380 909/1388 908/1389
f 922/1391 921/1390 908/1389 907/1382
f 964/1393 969/1394 911/1312 910/1392
f 965/1396 964/1397 910/1395 909/1388
f 970/1400 975/1401 916/1398 915/1399
f 971/1403 970/1404 915/1402 914/1313
f 927/1406 932/1407 918/1385 917/1405
f 928/1408 927/1406 917/1405 916/1398
f 931/1411 930/1412 924/1409 923/1410
f 932/1407 931/1414 923/1413 922/1391
f 937/1416 936/1417 929/1415 928/1408
f 938/1420 942/1421 935/1418 934/1419
f 944/1423 838/954 843/924 941/1422
f 945/1332 944/1426 941/1424 940/1425
f 956/1429 955/1430 949/1427 948/1428
f 957/1359 956/1432 948/1431 947/1322
f 866/1434 870/1340 951/1320 950/1433
f 867/1343 866/1434 950/1433 949/1427
f 871/1436 875/1344 955/1430 954/1435
f 872/1437 871/1436 954/1435 953/1361
f 968/1440 967/1441 961/1438 960/1439
f 969/1394 968/1443 960/1442 959/1368
f 893/1445 892/1446 963/1366 962/1444
f 894/1375 893/1445 962/1444 961/1438
f 900/1448 904/1376 967/1441 966/1447
f 901/1379 900/1448 966/1447 965/1396
f 980/1451 979/1452 973/1449 972/1450
f 981/1335 980/1454 972/1453 971/1403
f 933/1456 937/1416 975/1401 974/1455
f 934/1419 933/1456 974/1455 973/1449
f 939/1458 938/1420 979/1452 978/1457
f 940/1425 939/1458 978/1457 977/1337
f 875/1344 867/1343 949/1427 955/1430
f 882/1308 957/1359 947/1322 853/1305
f 1033/1355 872/1437 953/1361 880/1352
f 904/1376 894/1375 961/1438 967/1441
f 892/1446 1040/1373 887/1363 963/1366
f 911/1312 969/1394 959/1368 885/1309
f 926/1380 901/1379 965/1396 909/1388
f 938/1420 934/1419 973/1449 979/1452
f 937/1416 928/1408 916/1398 975/1401
f 945/1332 940/1425 977/1337 860/1329
f 858/1316 981/1335 971/1403 914/1313
f 870/1340 864/1328 855/1317 951/1320
f 922/1391 907/1382 918/1385 932/1407
f 1039/1372 1041/1356 878/1346 889/1349
f 869/1461 984/1462 835/1459 865/1460
f 842/1463 984/1462 983/1464
f 986/1467 982/1468 868/1465 874/1466
f 924/1409 987/1471 902/1469 925/1470
f 903/1474 989/1475 896/1472 895/1473
f 843/924 990/926 935/1476 942/1477
f 936/1479 992/1480 930/1412 929/1478
f 991/1481 988/1482 987/1471 992/1480
f 857/1306 993/1485 845/1483 844/1484
f 854/1321 993/1485 857/1306 853/1305
f 856/1326 993/1486 854/1318 855/1317
f 845/1487 993/1486 856/1326 846/1325
f 862/1315 994/1488 861/1333 858/1316
f 848/1294 994/1488 862/1315 847/1295
f 859/1330 994/1489 848/1297 849/1296
f 861/1336 994/1489 859/1330 860/1329
f 863/1327 995/1491 836/1490 837/1324
f 865/1339 995/1491 863/1327 864/1328
f 836/1492 995/1493 865/1460 835/1459
f 866/1434 996/1494 869/1341 870/1340
f 868/1342 996/1494 866/1434 867/1343
f 983/1464 996/1495 868/1465 982/1468
f 869/1461 996/1495 983/1464 984/1462
f 871/1436 997/1496 874/1345 875/1344
f 873/1497 997/1496 871/1436 872/1437
f 877/1350 998/1498 883/1307 876/1303
f 879/1353 998/1499 877/1347 878/1346
f 881/1360 998/1499 879/1353 880/1352
f 883/1307 998/1498 881/1357 882/1308
f 891/1310 999/1500 890/1351 884/1302
f 886/1367 999/1500 891/1310 885/1309
f 888/1370 999/1501 886/1364 887/1363
f 890/1348 999/1501 888/1370 889/1349
f 893/1445 1000/1503 898/1502 892/1446
f 895/1374 1000/1503 893/1445 894/1375
f 899/1504 1000/1505 895/1473 896/1472
f 898/1507 1000/1505 899/1504 897/1506
f 900/1448 1001/1508 903/1377 904/1376
f 902/1378 1001/1508 900/1448 901/1379
f 988/1482 1001/1509 902/1469 987/1471
f 903/1474 1001/1509 988/1482 989/1475
f 906/1386 1002/1510 912/1311 905/1300
f 908/1389 1002/1511 906/1383 907/1382
f 910/1395 1002/1511 908/1389 909/1388
f 912/1311 1002/1510 910/1392 911/1312
f 920/1314 1003/1512 919/1387 913/1299
f 915/1402 1003/1512 920/1314 914/1313
f 917/1405 1003/1513 915/1399 916/1398
f 919/1384 1003/1513 917/1405 918/1385
f 921/1390 1004/1514 925/1381 926/1380
f 923/1413 1004/1514 921/1390 922/1391
f 925/1470 1004/1515 923/1410 924/1409
f 927/1406 1005/1516 931/1414 932/1407
f 929/1415 1005/1516 927/1406 928/1408
f 931/1411 1005/1517 929/1478 930/1412
f 933/1456 1006/1518 936/1417 937/1416
f 935/1418 1006/1518 933/1456 934/1419
f 991/1481 1006/1519 935/1476 990/926
f 936/1479 1006/1519 991/1481 992/1480
f 939/1458 1007/1520 942/1421 938/1420
f 941/1424 1007/1520 939/1458 940/1425
f 843/924 942/1477 1007/1521 941/1422
f 943/1331 1008/1522 944/1426 945/1332
f 839/236 1008/1522 943/1331 840/237
f 944/1423 1008/1523 839/955 838/954
f 946/1319 1009/1524 950/1433 951/1320
f 948/1431 1009/1525 946/1323 947/1322
f 950/1433 1009/1524 948/1428 949/1427
f 952/1358 1010/1526 956/1432 957/1359
f 954/1435 1010/1527 952/1362 953/1361
f 956/1429 1010/1527 954/1435 955/1430
f 958/1365 1011/1528 962/1444 963/1366
f 960/1442 1011/1529 958/1369 959/1368
f 962/1444 1011/1528 960/1439 961/1438
f 964/1393 1012/1530 968/1443 969/1394
f 966/1447 1012/1531 964/1397 965/1396
f 968/1440 1012/1531 966/1447 967/1441
f 970/1400 1013/1532 974/1455 975/1401
f 972/1453 1013/1533 970/1404 971/1403
f 974/1455 1013/1532 972/1450 973/1449
f 976/1334 1014/1534 980/1454 981/1335
f 978/1457 1014/1535 976/1338 977/1337
f 980/1451 1014/1535 978/1457 979/1452
f 842/1463 983/1464 982/1468
f 851/1298 847/1295 862/1315 920/1314
f 851/1298 920/1314 913/1299
f 852/1301 905/1300 912/1311 891/1310
f 852/1301 891/1310 884/1302
f 850/1304 857/1306 844/1484
f 850/1304 876/1303 883/1307 857/1306
f 997/1536 1015/1537 986/1467 874/1466
f 873/1538 985/1539 1015/1537 997/1536
f 985/1539 897/1506 899/1504 1015/1537
f 930/1412 992/1480 987/1471 924/1409
f 841/925 161/987 842/1463 982/1468
f 841/925 982/1468 986/1467 1015/1537
f 841/925 896/1472 989/1475 988/1482
f 899/1504 896/1472 841/925 1015/1537
f 991/1481 990/926 841/925 988/1482
f 843/924 838/954 708/953 18/64
f 842/1463 161/987 984/1462
f 1017/1540 1016/1541 1019/678 1018/677
f 1024/1543 1023/695 1022/694 1021/1542
f 1025/1546 1024/1547 1021/1544 1020/1545
f 1019/678 1016/1541 443/1169 442/762
f 1025/1546 1020/1545 468/1179 467/1178
f 1020/1548 1026/696 462/771 468/1174
f 1016/1549 1029/1550 720/1280 443/1279
f 1029/1550 1025/1546 467/1178 720/1280
f 1021/1542 1022/694 1026/696 1020/1548
f 1028/1551 1027/679 1023/695 1024/1543
f 1029/1550 1028/1552 1024/1547 1025/1546
f 1028/1552 1029/1550 1016/1549 1017/1553
f 1027/679 1028/1551 1017/1540 1018/677
f 1031/1554 1030/1555 1033/1355 1032/1354
f 1042/1557 1041/1356 1039/1372 1038/1556
f 1043/1560 1042/1561 1038/1558 1037/1559
f 1033/1355 1030/1555 873/1497 872/1437
f 898/1507 897/1506 1037/1559 1034/1562
f 892/1446 898/1502 1034/1563 1040/1373
f 1043/1560 985/1539 873/1538 1030/1564
f 1043/1560 1037/1559 897/1506 985/1539
f 1035/1565 1036/1371 1040/1373 1034/1563
f 1038/1556 1039/1372 1036/1371 1035/1565
f 1037/1559 1038/1558 1035/1566 1034/1562
f 1042/1561 1043/1560 1030/1564 1031/1567
f 1041/1356 1042/1557 1031/1554 1032/1354
f 4/83 731/80 698/1264 852/1301
f 4/83 852/1301 850/1304
f 730/1042 851/1298 852/1301 698/1264
f 375/1145 51/259 373/629
f 674/865 642/854 648/1241
f 649/142 656/1243 676/145
f 562/784 572/787 575/123
f 1051/1570 1052/1571 1049/1568 1050/1569
f 1054/1574 1055/1575 1052/1572 1051/1573
f 1067/1576 1066/1577 1055/1575 1054/1574
f 1093/1578 1094/1579 1066/1577 1067/1576
f 1094/1582 1093/1583 1068/1580 1069/1581
f 1071/1584 1070/1585 1069/1581 1068/1580
f 1095/1586 1096/1587 1070/1585 1071/1584
f 1096/1587 1095/1586 1072/1588 1073/1589
f 1075/1590 1074/1591 1073/1589 1072/1588
f 1097/1592 1098/1593 1074/1591 1075/1590
f 1098/1593 1097/1592 1076/1594 1077/1595
f 1079/1596 1078/1597 1077/1595 1076/1594
f 1100/1598 1101/1599 1078/1597 1079/1596
f 1101/1602 1100/1603 1089/1600 1090/1601
f 1092/1604 1091/1605 1090/1601 1089/1600
f 1109/1606 1110/1607 1091/1605 1092/1604
f 1111/1610 1112/1611 1110/1608 1109/1609
f 1051/1570 1050/1569 1048/1612 1047/1613
f 1054/1574 1051/1573 1047/1614 1053/1615
f 92/995 91/994 1063/1616 1062/1617
f 93/908 92/996 1062/1618 1064/1619
f 1067/1576 1054/1574 1053/1615 1044/1620
f 1071/1584 1068/1580 1046/1621 1056/1622
f 1075/1590 1072/1588 1058/1623 1059/1624
f 1065/1626 1079/1596 1076/1594 1061/1625
f 88/909 93/908 1064/1619 1080/1627
f 94/911 90/910 1081/1628 1082/1629
f 97/913 96/912 1083/1630 1084/1631
f 1086/1633 100/915 99/914 1085/1632
f 1088/1635 1092/1604 1089/1600 1087/1634
f 1093/1578 1067/1576 1044/1620 1045/1636
f 1068/1580 1093/1583 1045/1637 1046/1621
f 1095/1586 1071/1584 1056/1622 1057/1638
f 1072/1588 1095/1586 1057/1638 1058/1623
f 1097/1592 1075/1590 1059/1624 1060/1639
f 1076/1594 1097/1592 1060/1639 1061/1625
f 1100/1598 1079/1596 1065/1626 1099/1640
f 1089/1600 1100/1603 1099/1641 1087/1634
f 89/997 88/909 1080/1627 1102/1642
f 90/910 89/998 1102/1643 1081/1628
f 95/999 94/911 1082/1629 1103/1644
f 96/912 95/999 1103/1644 1083/1630
f 98/1000 97/913 1084/1631 1104/1645
f 99/914 98/1000 1104/1645 1085/1632
f 101/1001 100/915 1086/1633 1105/1646
f 102/916 101/1002 1105/1647 1106/1276
f 1109/1606 1092/1604 1088/1635 1107/1648
f 1111/1610 1109/1609 1107/1649 1108/1650
f 157/1651 156/1652 1091/1605 1110/1607
f 158/983 157/982 1110/1608 1112/1611
f 156/979 204/423 317/426 319/1127 1113/1653 1114/1654
f 1141/1655 1142/1656 1114/1654 1113/1653
f 1118/1659 1117/1660 1115/1657 1116/1658
f 1119/1663 1120/1664 1116/1661 1115/1662
f 1122/1665 1121/1666 1117/1660 1118/1659
f 1124/1667 1123/1668 1121/1666 1122/1665
f 1126/1671 1125/1672 1123/1669 1124/1670
f 1128/1673 1127/1674 1125/1672 1126/1671
f 1130/1675 1129/1676 1127/1674 1128/1673
f 1132/1677 1131/1678 1129/1676 1130/1675
f 1134/1679 1133/1680 1131/1678 1132/1677
f 1136/1681 1135/1682 1133/1680 1134/1679
f 1138/1683 1137/1684 1135/1682 1136/1681
f 1140/1685 1139/1686 1137/1684 1138/1683
f 1142/1687 1141/1688 1139/1686 1140/1685
f 1117/1660 1064/1619 1062/1618 1115/1657
f 1063/1616 1119/1663 1115/1662 1062/1617
f 1121/1666 1080/1627 1064/1619 1117/1660
f 1123/1668 1102/1642 1080/1627 1121/1666
f 1102/1643 1123/1669 1125/1672 1081/1628
f 1127/1674 1082/1629 1081/1628 1125/1672
f 1129/1676 1103/1644 1082/1629 1127/1674
f 1103/1644 1129/1676 1131/1678 1083/1630
f 1133/1680 1084/1631 1083/1630 1131/1678
f 1135/1682 1104/1645 1084/1631 1133/1680
f 1104/1645 1135/1682 1137/1684 1085/1632
f 1139/1686 1086/1633 1085/1632 1137/1684
f 1141/1688 1105/1646 1086/1633 1139/1686
f 1113/1653 1106/1276 1105/1647 1141/1655
f 1122/1665 1118/1659 1055/1575 1066/1577
f 1128/1673 1126/1671 1069/1581 1070/1585
f 1134/1679 1132/1677 1073/1589 1074/1591
f 1078/1597 1140/1685 1138/1683 1077/1595
f 1124/1667 1122/1665 1066/1577 1094/1579
f 1126/1671 1124/1670 1094/1582 1069/1581
f 1130/1675 1128/1673 1070/1585 1096/1587
f 1132/1677 1130/1675 1096/1587 1073/1589
f 1136/1681 1134/1679 1074/1591 1098/1593
f 1138/1683 1136/1681 1098/1593 1077/1595
f 1142/1687 1140/1685 1078/1597 1101/1599
f 1114/1689 1142/1690 1101/1602 1090/1601
f 1116/1661 1120/1664 1049/1568 1052/1571
f 1118/1659 1116/1658 1052/1572 1055/1575
f 1106/1276 1113/1653 319/1127
f 1143/1692 122/333 121/1062 1144/1691
f 1145/964 124/334 122/333 1143/1692
f 1144/1694 121/1065 120/321 1147/1693
f 1147/1693 120/321 112/320 1148/1695
f 1148/1695 112/320 111/1059 1149/1696
f 1149/1696 111/1059 110/313 1151/1697
f 1151/1697 110/313 106/312 1152/1698
f 1152/1698 106/312 105/1057 1153/1699
f 1153/1699 105/1057 104/300 1154/1700
f 1154/1700 104/300 136/296 1155/299
f 1090/1601 1091/1605 156/1652 1114/1689
f 1189/1701 1188/1702 252/340 1150/917
f 1120/1664 1119/1663 252/340 1049/1568
f 1050/1569 1049/1568 252/340 1048/1612
f 252/340 91/994 283/504
f 1063/1616 91/994 252/340 1119/1663
f 1053/1615 1162/1704 1160/1703 1044/1620
f 1161/1705 1045/1636 1044/1620 1160/1703
f 1164/1707 1046/1621 1045/1637 1161/1706
f 1165/1708 1056/1622 1046/1621 1164/1707
f 1162/1704 1053/1615 1047/1614 1163/1709
f 1048/1612 1167/1711 1163/1710 1047/1613
f 1166/1712 1057/1638 1056/1622 1165/1708
f 1168/1713 1058/1623 1057/1638 1166/1712
f 1169/1714 1059/1624 1058/1623 1168/1713
f 1170/1715 1060/1639 1059/1624 1169/1714
f 1171/1716 1061/1625 1060/1639 1170/1715
f 1172/1717 1065/1626 1061/1625 1171/1716
f 1173/1718 1099/1640 1065/1626 1172/1717
f 1099/1641 1173/1720 1174/1719 1087/1634
f 1175/1721 1088/1635 1087/1634 1174/1719
f 1176/1722 1107/1648 1088/1635 1175/1721
f 1177/1724 1108/1650 1107/1649 1176/1723
f 1181/1727 1180/1728 1178/1725 1179/1726
f 1182/1729 1183/1730 1179/1726 1178/1725
f 1185/1733 1184/1734 1180/1731 1181/1732
f 1186/1735 1187/1736 1183/1730 1182/1729
f 1191/1737 1190/1738 1184/1734 1185/1733
f 1188/1702 1189/1701 1187/1739 1186/1740
f 1193/1741 1192/1742 1190/1738 1191/1737
f 1195/1743 1194/1744 1192/1742 1193/1741
f 1197/1745 1196/1746 1194/1744 1195/1743
f 1199/1747 1198/1748 1196/1746 1197/1745
f 1201/1749 1200/1750 1198/1748 1199/1747
f 1203/1751 1202/1752 1200/1750 1201/1749
f 1205/1753 1204/1754 1202/1752 1203/1751
f 1207/1757 1206/1758 1204/1755 1205/1756
f 1209/1759 1208/1760 1206/1758 1207/1757
f 1211/1761 1210/1762 1208/1760 1209/1759
f 1212/1272 1213/1274 1210/1763 1211/1764
f 1180/1728 1161/1705 1160/1703 1178/1725
f 1162/1704 1182/1729 1178/1725 1160/1703
f 1184/1734 1164/1707 1161/1706 1180/1731
f 1163/1709 1186/1735 1182/1729 1162/1704
f 1167/1711 1188/1702 1186/1740 1163/1710
f 1190/1738 1165/1708 1164/1707 1184/1734
f 1192/1742 1166/1712 1165/1708 1190/1738
f 1194/1744 1168/1713 1166/1712 1192/1742
f 1196/1746 1169/1714 1168/1713 1194/1744
f 1198/1748 1170/1715 1169/1714 1196/1746
f 1200/1750 1171/1716 1170/1715 1198/1748
f 1202/1752 1172/1717 1171/1716 1200/1750
f 1204/1754 1173/1718 1172/1717 1202/1752
f 1206/1758 1174/1719 1173/1720 1204/1755
f 1208/1760 1175/1721 1174/1719 1206/1758
f 1210/1762 1176/1722 1175/1721 1208/1760
f 1213/1274 1177/1724 1176/1723 1210/1763
f 1144/1691 1181/1727 1179/1726 1143/1692
f 1183/1730 1145/964 1143/1692 1179/1726
f 1187/1736 1146/965 1145/964 1183/1730
f 1147/1693 1185/1733 1181/1732 1144/1694
f 1148/1695 1191/1737 1185/1733 1147/1693
f 1149/1696 1193/1741 1191/1737 1148/1695
f 1189/1701 1150/917 1146/967 1187/1739
f 1151/1697 1195/1743 1193/1741 1149/1696
f 1152/1698 1197/1745 1195/1743 1151/1697
f 1153/1699 1199/1747 1197/1745 1152/1698
f 1154/1700 1201/1749 1199/1747 1153/1699
f 1155/299 1203/1751 1201/1749 1154/1700
f 1156/298 1205/1753 1203/1751 1155/299
f 1157/294 1207/1757 1205/1756 1156/295
f 1158/357 1209/1759 1207/1757 1157/294
f 1159/356 1211/1761 1209/1759 1158/357
f 155/975 1212/1272 1211/1764 1159/976
f 1167/1711 1048/1612 252/340 1188/1702
f 196/418 202/1094 349/594
f 438/1005 375/1145 372/617 719/918
f 821/256 51/259 375/1145 438/1005
f 1930/176 1933/174 625/173 622/175
f 1220/1767 1219/1768 1218/1765 1217/1766
f 1221/1770 1220/1767 1217/1766 1216/1769
f 1222/1773 1221/1774 1216/1771 1215/1772
f 1223/1776 1222/1773 1215/1772 1214/1775
f 1230/1779 1229/1780 1228/1777 1227/1778
f 1231/1782 1230/1779 1227/1778 1226/1781
f 1232/1785 1231/1786 1226/1783 1225/1784
f 1233/1788 1232/1785 1225/1784 1224/1787
f 1239/1791 1243/1792 1238/1789 1237/1790
f 1240/1794 1239/1791 1237/1790 1236/1793
f 1241/1797 1240/1798 1236/1795 1235/1796
f 1242/1800 1241/1797 1235/1796 1234/1799
f 159/929 162/928 1218/1765 1219/1768
f 56/1285 48/1284 1223/1776 1214/1775
f 1219/1768 1244/1801 160/989 159/929
f 160/986 1244/1803 1273/1802 161/987
f 515/435 212/434 1228/1777 1229/1780
f 846/1325 837/1324 1233/1788 1224/1787
f 211/1102 1253/1804 1228/1777 212/434
f 1224/1787 1249/1805 845/1487 846/1325
f 844/1484 845/1483 1249/1806 1268/1807
f 1254/1808 1259/1809 517/748 516/1196
f 1229/1780 1254/1810 516/1195 515/435
f 50/1281 517/748 1259/1809 1269/1811
f 49/1283 1248/1812 1223/1776 48/1284
f 1269/1811 1248/1813 49/1282 50/1281
f 54/1287 55/1286 1238/1789 1243/1792
f 1214/1775 1238/1789 55/1286 56/1285
f 1242/1800 1234/1799 163/949 164/931
f 163/949 1234/1799 1218/1765 162/928
f 837/1324 836/1490 1258/1814 1233/1788
f 836/1492 835/1459 1263/1815 1258/1816
f 211/1101 210/1100 1267/1817 1253/1818
f 161/987 835/1459 984/1462
f 1243/1792 1239/1791 81/287 1283/286
f 81/291 1240/1798 1241/1797
f 850/1304 844/1484 1268/1807 1274/1819
f 1248/1812 1247/1820 1222/1773 1223/1776
f 1247/1820 1246/1821 1221/1774 1222/1773
f 1245/1822 1244/1801 1219/1768 1220/1767
f 1246/1823 1245/1822 1220/1767 1221/1770
f 1253/1804 1252/1824 1227/1778 1228/1777
f 1252/1824 1251/1825 1226/1781 1227/1778
f 1250/1826 1249/1805 1224/1787 1225/1784
f 1251/1827 1250/1826 1225/1784 1226/1783
f 1258/1814 1257/1828 1232/1785 1233/1788
f 1257/1828 1256/1829 1231/1786 1232/1785
f 1255/1830 1254/1810 1229/1780 1230/1779
f 1256/1831 1255/1830 1230/1779 1231/1782
f 1237/1790 1238/1789 1214/1775 1215/1772
f 1236/1793 1237/1790 1215/1772 1216/1771
f 1235/1796 1236/1795 1216/1769 1217/1766
f 1234/1799 1235/1796 1217/1766 1218/1765
f 1267/1817 1266/1833 1252/1832 1253/1818
f 1266/1833 1265/1835 1251/1834 1252/1832
f 1264/1837 1268/1807 1249/1806 1250/1836
f 1265/1835 1264/1837 1250/1836 1251/1834
f 1263/1815 1262/1839 1257/1838 1258/1816
f 1262/1839 1261/1841 1256/1840 1257/1838
f 1260/1843 1259/1809 1254/1808 1255/1842
f 1261/1845 1260/1843 1255/1842 1256/1844
f 1273/1802 1272/1846 1262/1839 1263/1815
f 1272/1846 1271/1847 1261/1841 1262/1839
f 1270/1848 1269/1811 1259/1809 1260/1843
f 1271/1849 1270/1848 1260/1843 1261/1845
f 1272/1846 1273/1802 1244/1803 1245/1850
f 1271/1847 1272/1846 1245/1850 1246/1851
f 1270/1848 1271/1849 1246/1852 1247/1853
f 1269/1811 1270/1848 1247/1853 1248/1813
f 1264/1837 1274/1819 1268/1807
f 210/1100 4/83 1274/1819 1267/1817
f 850/1304 1274/1819 4/83
f 1274/1819 1266/1833 1267/1817
f 1274/1819 1265/1835 1266/1833
f 1264/1837 1265/1835 1274/1819
f 1242/1800 164/931 87/930 1275/290
f 1276/288 1275/290 87/930 86/962
f 1277/217 1276/288 86/962 85/932
f 85/932 14/224 1278/218 1277/217
f 8/1293 1279/1854 11/1270 7/1271
f 1280/221 1279/947 8/1292 9/1291
f 9/1291 76/1290 1281/222 1280/221
f 76/1290 75/1289 1282/284 1281/222
f 1283/286 1282/284 75/1289 74/1288
f 74/1288 54/1287 1243/1792 1283/286
f 732/1855 1284/1856 11/1270 1279/1854
f 1278/218 1284/223 732/1857 10/215
f 1242/1800 1275/290 81/291 1241/1797
f 81/287 1239/1791 1240/1794
f 19/63 1285/985 841/925 18/64
f 1286/927 1285/988 19/61 20/59
f 20/59 15/57 1286/927
f 1304/1859 1303/1860 685/1262 1289/1858
f 1302/971 1301/970 1291/1861 1292/1862
f 1293/1863 1294/1864 1292/1862 1291/1861
f 1305/1867 1306/443 1294/1865 1293/1866
f 1298/1870 1297/1871 1295/1868 1296/1869
f 1299/1872 1300/1873 1296/1869 1295/1868
f 1303/1860 1304/1859 1297/1874 1298/1875
f 1288/1877 1299/1872 1295/1868 1287/1876
f 1301/970 1288/1879 1287/1878 1291/1861
f 1289/1858 1290/1880 1297/1874 1304/1859
f 1293/1866 1290/1882 1289/1881 1305/1867
f 1300/1873 590/921 223/449 1296/1869
f 591/972 1302/971 1292/1862 222/903
f 1303/1860 1298/1883 224/445 225/444
f 220/374 221/373 1294/1884 1306/443
f 1292/1862 1294/1864 221/991 222/903
f 224/448 1298/1870 1296/1869 223/449
f 1290/1885 1293/1863 1291/1861 1287/1878
f 1297/1871 1290/1886 1287/1876 1295/1868
f 803/1887 1288/1879 1301/970 592/969
f 1299/1872 1288/1877 803/1888 1307/1220
f 593/1221 1300/1873 1299/1872 1307/1220
f 225/444 686/939 685/1262 1303/1860
f 1305/1867 1289/1881 685/442 1306/443
f 1307/1220 803/1888 588/978 589/937
f 590/921 1300/1873 593/1221 152/326
f 740/1889 1308/310 109/309
f 151/362 1308/310 116/323
f 740/1889 115/324 116/323 1308/310
f 1177/1724 1213/1274 833/1273 1108/1650
f 1111/1610 1108/1650 833/1273 1112/1611
f 517/748 50/1281 512/745
f 1263/1815 835/1459 161/987 1273/1802
f 167/1081 199/1096 198/414 713/1082
f 200/1891 166/364 174/367 219/1890
f 201/421 200/1891 219/1890 218/422
f 166/364 200/1891 199/1892 167/1079
f 750/1093 199/1892 200/1891 201/421
f 219/1890 174/367 1527/1893
f 1527/1893 1526/1894 218/422 219/1890
f 1526/1894 1525/104 217/103 218/422
f 1480/1895 1481/1896 173/1086 172/375
f 833/1273 713/1082 198/414
f 833/1273 158/983 1112/1611
f 1309/94 1604/1898 1612/1897 1310/92
f 1310/92 1573/1900 1581/1899 1311/90
f 1313/86 1783/1902 1791/1901 1312/84
f 1314/88 1754/1904 1762/1903 1313/86
f 1311/90 1487/1906 1495/1905 1314/88
f 1761/1909 1502/1910 1496/1907 1760/1908
f 1494/1913 1588/1914 1582/1911 1493/1912
f 1580/1917 1619/1918 1613/1915 1579/1916
f 1790/1921 1769/1922 1763/1919 1789/1920
f 1524/1925 1798/1926 1792/1923 1517/1924
f 1380/1929 2139/1930 2138/1927 1379/1928
f 1381/1933 2140/1934 2139/1931 1380/1932
f 2585/1937 1388/1938 1318/1935 2586/1936
f 2588/1941 1318/1942 1388/1939 2589/1940
f 1322/1945 2586/1936 2592/1943 1321/1944
f 2009/1948 1329/1949 1330/1946 2014/1947
f 2010/1950 1334/1951 1329/1949 2009/1948
f 1340/1954 1330/1946 1331/1952 1339/1953
f 2147/1956 1333/1957 1334/1951 2148/1955
f 1335/1959 1336/73 2008/76 2003/1958
f 2004/1960 1340/1954 1335/1959 2003/1958
f 1571/1963 1341/1964 1342/1961 1570/1962
f 1572/29 1346/32 1341/1964 1571/1963
f 1350/1967 1342/1961 1343/1965 1349/1966
f 1369/1970 1352/1971 1347/1968 1368/1969
f 1563/1973 1351/1974 1352/1971 1562/1972
f 1564/1975 1350/1967 1351/1974 1563/1973
f 1360/1978 2130/1979 2129/1976 1359/1977
f 1361/1982 2131/1983 2130/1980 1360/1981
f 1366/1986 2133/1987 2132/1984 1365/1985
f 1367/1988 2134/1989 2133/1987 1366/1986
f 1553/1992 1370/1993 1371/1990 1552/1991
f 1554/1996 1369/1970 1370/1994 1553/1995
f 1373/1999 1376/2000 1377/1997 1372/1998
f 1377/2002 1378/2003 1371/1990 1372/2001
f 2590/2005 2589/1940 1388/1939 2046/2004
f 1389/2006 2591/2007 2590/2005 2046/2004
f 1388/1938 2585/1937 2584/2008 2046/2009
f 2046/2009 2584/2008 2583/2010 1389/2011
f 2465/2014 1442/2015 1443/2012 2464/2013
f 2464/2018 1443/2019 1444/2016 2463/2017
f 1451/2022 1411/2023 1412/2020 1456/2021
f 1452/2026 1416/2027 1411/2024 1451/2025
f 1417/2029 1415/2030 1416/2027 2616/2028
f 1418/2033 1414/2034 1415/2031 1417/2032
f 1427/2037 1421/2038 1422/2035 1426/2036
f 1428/2041 1420/2042 1421/2039 1427/2040
f 1461/2045 1423/2046 1424/2043 1460/2044
f 1462/2049 1422/2035 1423/2047 1461/2048
f 1431/2050 1425/2051 1426/2036 1438/10
f 1432/2054 1430/2055 1425/2052 1431/2053
f 1559/2056 1435/2057 1436/15 1558/18
f 1560/2060 1434/2061 1435/2058 1559/2059
f 1455/2064 1439/2065 1440/2062 1454/2063
f 1456/2021 1444/2016 1439/2066 1455/2067
f 1449/2069 1441/2070 1442/2015 1448/2068
f 1450/2071 1440/2062 1441/2070 1449/2069
f 1895/2074 1450/2071 1445/2072 1900/2073
f 2467/2076 1447/2077 1448/2068 2466/2075
f 1458/2079 1453/2080 1454/2063 1457/2078
f 1459/2083 1452/2026 1453/2081 1458/2082
f 1483/2086 1473/2087 1474/2084 1482/2085
f 1484/2090 1478/2091 1473/2088 1483/2089
f 1529/2093 1477/2094 1478/2091 1528/2092
f 1538/2095 1479/2096 1480/1895 1537/108
f 1539/2099 1486/2100 1479/2097 1538/2098
f 1991/2102 1485/2103 1486/2100 1990/2101
f 1992/2104 1484/2090 1485/2103 1991/2102
f 1501/2107 1488/2108 1489/2105 1500/2106
f 1495/1905 1487/1906 1488/2109 1501/2110
f 1731/2113 1490/2114 1491/2111 1736/2112
f 1732/2115 1489/2105 1490/2114 1731/2113
f 1698/2117 1492/2118 1493/1912 1703/2116
f 1699/2121 1491/2111 1492/2119 1698/2120
f 1498/2124 1833/2125 1828/2122 1497/2123
f 1497/2127 1828/2128 1829/2126 1496/1907
f 1737/2130 1499/2131 1500/2106 1742/2129
f 1738/2132 1498/2124 1499/2131 1737/2130
f 1515/2135 1505/2136 1506/2133 1514/2134
f 1516/2137 1504/2138 1505/2136 1515/2135
f 1526/1894 1509/2140 1503/2139 1525/104
f 1626/2143 1511/2144 1512/2141 1625/2142
f 1620/2147 1516/2137 1511/2145 1626/2146
f 1822/2150 1521/2151 1522/2148 1827/2149
f 1823/2152 1520/2153 1521/2151 1822/2150
f 1517/1924 1863/2156 1858/2154 1523/2155
f 1523/2158 1858/2159 1859/2157 1522/2148
f 1528/2092 1992/2104 1993/2160 2614/2161
f 1865/2164 1532/2165 1533/2162 1864/2163
f 1866/2168 1531/2169 1532/2166 1865/2167
f 1544/2170 1534/2171 1535/110 1543/112
f 1545/2174 1539/2099 1534/2172 1544/2173
f 1989/2176 1540/2177 1541/116 1996/2175
f 1990/2101 1545/2174 1540/2178 1989/2179
f 1550/2182 1566/2183 1561/2180 1549/2181
f 1561/2185 1562/1972 1554/1996 1549/2184
f 1552/1991 1560/2060 1555/2186 1551/2187
f 1555/2189 1556/22 1550/2182 1551/2188
f 1570/1962 1564/1975 1565/2190 1569/2191
f 1587/2194 1574/2195 1575/2192 1586/2193
f 1581/1899 1573/1900 1574/2196 1587/2197
f 1719/2200 1576/2201 1577/2198 1724/2199
f 1720/2202 1575/2192 1576/2201 1719/2200
f 1670/2204 1578/2205 1579/1916 1675/2203
f 1671/2208 1577/2198 1578/2206 1670/2207
f 1692/2211 1583/2212 1584/2209 1697/2210
f 1693/2215 1582/1911 1583/2213 1692/2214
f 1725/2217 1585/2218 1586/2193 1730/2216
f 1726/2219 1584/2209 1585/2218 1725/2217
f 1376/2000 1589/2221 1590/2220 1377/1997
f 1377/2002 1590/2223 1591/2222 1378/2003
f 1379/1928 1592/2225 1593/2224 1380/1929
f 1380/1932 1593/2227 1594/2226 1381/1933
f 1385/2230 1595/2231 1596/2228 1386/2229
f 1386/2229 1596/2228 1597/2232 1387/2233
f 1365/1985 1598/2235 1599/2234 1366/1986
f 1366/1986 1599/2234 1600/2236 1367/1988
f 1359/1977 1601/2238 1602/2237 1360/1978
f 1360/1981 1602/2240 1603/2239 1361/1982
f 1618/2243 1605/2244 1606/2241 1617/2242
f 1612/1897 1604/1898 1605/2245 1618/2246
f 1707/2249 1607/2250 1608/2247 1712/2248
f 1708/2251 1606/2241 1607/2250 1707/2249
f 1658/2254 1609/2255 1610/2252 1663/2253
f 1659/2258 1608/2247 1609/2256 1658/2257
f 1664/2261 1614/2262 1615/2259 1669/2260
f 1665/2265 1613/1915 1614/2263 1664/2264
f 1713/2267 1616/2268 1617/2242 1718/2266
f 1714/2269 1615/2259 1616/2268 1713/2267
f 1634/2272 1623/2273 1624/2270 1633/2271
f 1628/2276 1622/2277 1623/2274 1634/2275
f 1711/2280 1631/2281 1632/2278 1710/2279
f 1712/2248 1630/2284 1631/2282 1711/2283
f 1650/2287 1639/2288 1640/2285 1649/2286
f 1644/2291 1638/2292 1639/2289 1650/2290
f 1715/2294 1642/2295 1636/2293 1714/2269
f 1716/2298 1641/2299 1642/2296 1715/2297
f 1723/2302 1647/2303 1648/2300 1722/2301
f 1724/2199 1646/2306 1647/2304 1723/2305
f 1705/2309 1652/2310 1653/2307 1704/2308
f 1706/2313 1657/2314 1652/2311 1705/2312
f 1662/2317 1654/2318 1655/2315 1661/2316
f 1663/2253 1653/2307 1654/2319 1662/2320
f 1621/2321 1656/2322 1657/2314 1620/2147
f 1622/2277 1655/2315 1656/2322 1621/2321
f 1629/2323 1660/2324 1661/2316 1628/2276
f 1630/2284 1659/2258 1660/2324 1629/2323
f 1674/2327 1666/2328 1667/2325 1673/2326
f 1675/2203 1665/2265 1666/2329 1674/2330
f 1637/2331 1668/2332 1669/2260 1636/2293
f 1638/2292 1667/2325 1668/2332 1637/2331
f 1645/2333 1672/2334 1673/2326 1644/2291
f 1646/2306 1671/2208 1672/2334 1645/2333
f 1735/2337 1679/2338 1680/2335 1734/2336
f 1736/2112 1678/2341 1679/2339 1735/2340
f 1687/2344 1682/2345 1676/2342 1686/2343
f 1688/2348 1681/2349 1682/2346 1687/2347
f 1727/2351 1690/2352 1684/2350 1726/2219
f 1728/2355 1689/2356 1690/2353 1727/2354
f 1702/2359 1694/2360 1695/2357 1701/2358
f 1703/2116 1693/2215 1694/2361 1702/2362
f 1685/2363 1696/2364 1697/2210 1684/2350
f 1686/2343 1695/2357 1696/2364 1685/2363
f 1677/2365 1700/2366 1701/2358 1676/2342
f 1678/2341 1699/2121 1700/2366 1677/2365
f 1717/2367 1709/2368 1710/2279 1716/2298
f 1718/2266 1708/2251 1709/2369 1717/2370
f 1729/2371 1721/2372 1722/2301 1728/2355
f 1730/2216 1720/2202 1721/2373 1729/2374
f 1741/2376 1733/2377 1734/2336 1740/2375
f 1742/2129 1732/2115 1733/2378 1741/2379
f 1739/2381 1747/2382 1748/2380 1738/2132
f 1753/2385 1744/2386 1745/2383 1752/2384
f 1768/2389 1755/2390 1756/2387 1767/2388
f 1762/1903 1754/1904 1755/2391 1768/2392
f 2326/2395 1757/2396 1758/2393 2327/2394
f 2335/2397 1756/2387 1757/2396 2326/2395
f 1760/1908 1839/2400 1834/2398 1759/2399
f 1759/2402 1834/2403 1835/2401 1758/2393
f 1765/2406 1845/2407 1840/2404 1764/2405
f 1764/2409 1840/2410 1841/2408 1763/1919
f 2330/2412 1766/2413 1767/2388 2331/2411
f 2334/2414 1765/2406 1766/2413 2330/2412
f 1782/2417 1772/2418 1773/2415 1781/2416
f 1804/2421 1779/2422 1780/2419 1803/2420
f 1797/2425 1784/2426 1785/2423 1796/2424
f 1791/1901 1783/1902 1784/2427 1797/2428
f 1799/2430 1786/2431 1787/2429 1804/2421
f 1800/2432 1785/2423 1786/2431 1799/2430
f 1789/1920 1851/2435 1846/2433 1788/2434
f 1788/2437 1846/2438 1847/2436 1787/2429
f 1794/2441 1857/2442 1852/2439 1793/2440
f 1793/2444 1852/2445 1853/2443 1792/1923
f 1805/2447 1795/2448 1796/2424 1810/2446
f 1806/2449 1794/2441 1795/2448 1805/2447
f 1809/2452 1801/2453 1802/2450 1808/2451
f 1810/2446 1800/2432 1801/2454 1809/2455
f 1807/2457 1814/2458 1815/2456 1806/2449
f 1816/2461 1812/2462 1813/2459 1821/2460
f 1826/2465 1819/2466 1820/2463 1825/2464
f 1827/2149 1818/2469 1819/2467 1826/2468
f 1838/2472 1830/2473 1831/2470 1837/2471
f 1839/2400 1829/2126 1830/2474 1838/2475
f 1743/2476 1832/2477 1833/2125 1748/2380
f 1744/2386 1831/2470 1832/2477 1743/2476
f 1749/2478 1836/2479 1837/2471 1753/2385
f 1750/2480 1835/2401 1836/2479 1749/2478
f 1850/2483 1842/2484 1843/2481 1849/2482
f 1851/2435 1841/2408 1842/2485 1850/2486
f 1771/2488 1844/2489 1845/2407 1770/2487
f 1772/2418 1843/2481 1844/2489 1771/2488
f 1778/2490 1848/2491 1849/2482 1782/2417
f 1779/2422 1847/2436 1848/2491 1778/2490
f 1862/2494 1854/2495 1855/2492 1861/2493
f 1863/2156 1853/2443 1854/2496 1862/2497
f 1811/2498 1856/2499 1857/2442 1815/2456
f 1812/2462 1855/2492 1856/2499 1811/2498
f 1817/2500 1860/2501 1861/2493 1816/2461
f 1818/2469 1859/2157 1860/2501 1817/2500
f 1875/2504 1869/2505 1870/2502 1880/2503
f 1876/2508 1868/2509 1869/2506 1875/2507
f 1906/2512 1873/2513 1874/2510 1905/2511
f 1885/2516 1877/2517 1878/2514 1884/2515
f 1886/2518 1876/2508 1877/2517 1885/2516
f 1960/2519 1888/2520 1889/136 1959/138
f 1961/2523 1887/2524 1888/2521 1960/2522
f 1916/2526 1893/2527 1887/2524 1915/2525
f 1917/2528 1892/2529 1893/2527 1916/2526
f 1929/2532 1902/2533 1903/2530 1928/2531
f 1912/2535 1904/2536 1905/2511 1911/2534
f 1913/2539 1903/2530 1904/2537 1912/2538
f 1918/2541 1908/2542 1909/2540 1917/2528
f 1919/2545 1913/2539 1908/2543 1918/2544
f 1973/2547 1914/2548 1915/2525 1972/2546
f 1974/2551 1919/2545 1914/2549 1973/2550
f 1953/2554 1920/2555 1921/2552 1952/2553
f 1954/162 1925/164 1920/2556 1953/2557
f 1932/2558 1922/2559 1923/169 1931/172
f 1926/2562 1921/2552 1922/2560 1932/2561
f 1941/2564 1927/2565 1928/2531 1940/2563
f 1942/2568 1926/2562 1927/2566 1941/2567
f 1951/2571 1937/2572 1938/2569 1950/2570
f 1952/2553 1942/2568 1937/2572 1951/2571
f 1948/2574 1939/2575 1940/2563 1947/2573
f 1943/2578 1938/2569 1939/2576 1948/2577
f 1981/2581 1944/2582 1945/2579 1980/2580
f 1982/2583 1943/2578 1944/2582 1981/2581
f 1970/2585 1946/2586 1947/2573 1969/2584
f 1965/2589 1945/2579 1946/2587 1970/2588
f 1971/2592 1962/2593 1963/2590 1976/2591
f 1972/2546 1961/2523 1962/2594 1971/2595
f 1985/2598 1966/2599 1967/2596 1984/2597
f 1986/2600 1965/2589 1966/2599 1985/2598
f 1975/2601 1968/2602 1969/2584 1974/2551
f 1976/2591 1967/2596 1968/2603 1975/2604
f 1987/2605 1979/2606 1980/2580 1986/2600
f 1988/150 1978/152 1979/2607 1987/2608
f 2014/1947 2004/1960 2005/2609 2013/2610
f 1375/2613 1374/2614 1320/2611 1319/2612
f 2015/2615 1332/2616 1326/65
f 2132/1984 2131/1983 1361/1982 1365/1985
f 2140/1934 1381/1933 1376/2000 1373/1999
f 1385/2230 2135/2617 2134/1989 1367/1988
f 1387/2233 1379/1928 2138/1927 2137/2618
f 1440/2062 1450/2071 1457/2078 1454/2063
f 1462/2049 1438/10 1426/2036 1422/2035
f 2616/2028 1416/2027 1452/2026 1459/2083
f 1444/2016 1456/2021 1412/2020
f 2466/2075 1448/2068 1442/2015 2465/2014
f 2022/2619 1530/2620 1446/2621
f 1371/1990 1378/2003 1560/2060 1552/1991
f 2024/2624 1566/2183 2142/2622 1568/2623
f 2014/1947 1330/1946 1340/1954 2004/1960
f 1378/2003 1591/2222 1560/2060
f 1381/1933 1594/2226 1589/2221 1376/2000
f 1387/2233 1597/2232 1592/2225 1379/1928
f 1367/1988 1600/2236 1595/2231 1385/2230
f 1361/1982 1603/2239 1598/2235 1365/1985
f 1601/2238 1635/2625 1633/2271
f 1594/2226 1396/2627 1401/2626 1589/2221
f 1597/2232 1402/2629 1398/2628 1592/2225
f 1600/2236 1405/2631 1404/2630 1595/2231
f 1408/2632 1407/2633 1598/2235 1603/2239
f 1624/2270 1410/2634 1601/2238 1633/2271
f 1359/1977 1649/2286 1640/2285 1601/2238
f 1628/2276 1661/2316 1655/2315 1622/2277
f 1644/2291 1673/2326 1667/2325 1638/2292
f 1560/2060 2458/2635 1434/2061
f 1688/2348 1359/1977 1681/2349
f 1676/2342 1701/2358 1695/2357 1686/2343
f 1620/2147 1657/2314 1504/2138 1516/2137
f 1663/2253 1610/2252 1704/2308 1653/2307
f 1712/2248 1608/2247 1659/2258 1630/2284
f 1636/2293 1669/2260 1615/2259 1714/2269
f 1579/1916 1613/1915 1665/2265 1675/2203
f 1724/2199 1577/2198 1671/2208 1646/2306
f 1684/2350 1697/2210 1584/2209 1726/2219
f 1736/2112 1491/2111 1699/2121 1678/2341
f 1493/1912 1582/1911 1693/2215 1703/2116
f 1632/2278 1641/2299 1716/2298 1710/2279
f 1689/2356 1728/2355 1722/2301 1648/2300
f 2027/2636 1740/2375 1734/2336 1680/2335
f 1753/2385 1837/2471 1831/2470 1744/2386
f 1496/1907 1829/2126 1839/2400 1760/1908
f 2327/2394 1758/2393 1835/2401 1750/2480
f 1782/2417 1849/2482 1843/2481 1772/2418
f 1770/2487 1845/2407 1765/2406 2334/2414
f 1763/1919 1841/2408 1851/2435 1789/1920
f 1804/2421 1787/2429 1847/2436 1779/2422
f 1816/2461 1861/2493 1855/2492 1812/2462
f 1815/2456 1857/2442 1794/2441 1806/2449
f 1827/2149 1522/2148 1859/2157 1818/2469
f 1792/1923 1853/2443 1863/2156 1517/1924
f 1748/2380 1833/2125 1498/2124 1738/2132
f 1350/1967 1564/1975 1570/1962 1342/1961
f 1884/2515 1878/2514 1894/2637 1892/2529
f 2036/2638 1907/2639 1898/2640
f 1884/2515 1892/2529 1917/2528 1909/2540
f 1525/104 1503/2139 1706/2641 1934/101
f 2149/2644 1326/65 2151/2642 2298/2643
f 1470/2647 1323/58 2594/2645 1467/2646
f 1395/2649 1390/52 1325/54 1472/2648
f 1322/1945 1353/45 1392/48 1393/2650
f 1355/40 2017/2651 1348/2652
f 1562/1972 1352/1971 1369/1970 1554/1996
f 1566/2183 1550/2182 2142/2622
f 1997/122 1883/124 1870/2502 1871/2653
f 1874/2510 1868/2509 1876/2508 1886/2518
f 1911/2534 1905/2511 1874/2510 1886/2518
f 1940/2563 1928/2531 1903/2530 1947/2573
f 1921/2552 1926/2562 1942/2568 1952/2553
f 1947/2573 1903/2530 1913/2539 1969/2584
f 1969/2584 1913/2539 1919/2545 1974/2551
f 1950/2570 1938/2569 1943/2578 1982/2583
f 1967/2596 1976/2591 1963/2590 1984/2597
f 1986/2600 1980/2580 1945/2579 1965/2589
f 1898/2640 1907/2639 1460/2044
f 1930/176 1546/4 2037/2654
f 1462/2049 1548/7 1438/10
f 1460/2044 1424/2043 1459/2083 1897/2655
f 1992/2104 1528/2092 1478/2091 1484/2090
f 2000/2657 1864/2163 1533/2162 1994/2656
f 1486/2100 1539/2099 1990/2101
f 2002/2658 1541/116 1999/118
f 1990/2101 1539/2099 1545/2174
f 1996/2175 1541/116 2002/2658
f 1800/2432 1810/2446 1796/2424 1785/2423
f 1732/2115 1742/2129 1500/2106 1489/2105
f 1720/2202 1730/2216 1586/2193 1575/2192
f 1708/2251 1718/2266 1617/2242 1606/2241
f 1604/1898 1309/94 1936/96 1611/2659
f 1649/2286 1359/1977 1651/2660
f 1997/122 1871/2653 1864/2163 2000/2657
f 1446/2621 1530/2620 2019/2661
f 1457/2078 1450/2071 1895/2074
f 2331/2411 1767/2388 1756/2387 2335/2397
f 1872/2662 1531/2169 1866/2168
f 1887/2524 1961/2523 1972/2546 1915/2525
f 1321/2663 2592/2664 1319/2612 1320/2611
f 1318/1942 2588/1941 2587/2665 2040/2666
f 1471/2667 1324/56 1323/58 1470/2647
f 1472/2648 1325/54 1324/56 1471/2667
f 1338/68 1339/2669 1331/2668 2015/2615
f 2146/2672 2016/2673 1333/2670 2147/2671
f 1368/2674 1347/2675 2017/2651 1374/2614
f 1349/2677 1343/2678 1344/37 2018/2676
f 1320/2611 1355/40 1354/42 1321/2663
f 1321/1944 1354/46 1353/45 1322/1945
f 1386/2229 2136/2679 2135/2617 1385/2230
f 1387/2233 2137/2618 2136/2679 1386/2229
f 1394/2680 1391/50 1390/52 1395/2649
f 1393/2650 1392/48 1391/50 1394/2680
f 2453/2683 1432/2054 1433/2681 2454/2682
f 1433/2685 1434/2061 2458/2635 2454/2684
f 1445/2689 2019/2661 1899/2690 2610/2686 2609/2687 1900/2688
f 1463/2693 2020/2694 1447/2691 2467/2692
f 1896/2695 1458/2079 1457/2078 1895/2074
f 1897/2655 1459/2083 1458/2082 1896/2696
f 1547/3 1461/2045 1460/2044 1546/4
f 1548/7 1462/2049 1461/2048 1547/8
f 1513/2698 1465/2699 1464/2697 1512/2141
f 1514/2134 1466/2702 1465/2700 1513/2701
f 1468/2704 2593/2705 2149/2644 1469/2703
f 1467/2646 2594/2645 2593/2706 1468/2707
f 1530/2620 2022/2619 1477/2708 1529/2709
f 1569/2710 1565/2711 1566/2183 2024/2624
f 1590/2223 1400/2713 1399/2712 1591/2222
f 1589/2221 1401/2626 1400/2714 1590/2220
f 1593/2227 1397/2715 1396/2627 1594/2226
f 1592/2225 1398/2628 1397/2716 1593/2224
f 1596/2228 1403/2717 1402/2629 1597/2232
f 1595/2231 1404/2630 1403/2717 1596/2228
f 1599/2234 1406/2718 1405/2631 1600/2236
f 1598/2235 1407/2633 1406/2718 1599/2234
f 1602/2240 1409/2719 1408/2632 1603/2239
f 1601/2238 1410/2634 1409/2720 1602/2237
f 1740/2375 2027/2636 1747/2721 1739/2722
f 1746/2723 2026/2724 2027/2636
f 2029/2727 1752/2728 1745/2725 2025/2726
f 1803/2730 1780/2731 2030/2729 1802/2450
f 1781/2734 1773/2735 1774/2732 2032/2733
f 1820/2463 1821/2738 1813/2736 2033/2737
f 1808/2451 2035/2741 1814/2739 1807/2740
f 2034/2743 2035/2741 2030/2729 2031/2742
f 1873/2513 1867/2744 1868/2509 1874/2510
f 1872/2662 1866/2168 1867/2745 1873/2746
f 1882/126 1879/2747 1880/2503 1883/124
f 1881/129 1878/2749 1879/2748 1882/130
f 1910/2750 1885/2516 1884/2515 1909/2540
f 1911/2534 1886/2518 1885/2516 1910/2750
f 2036/2638 1872/2662 1873/2746 1906/2751
f 1930/176 2037/2654 1902/2752 1929/2753
f 1935/98 1705/2309 1704/2308 1936/96
f 1934/101 1706/2641 1705/2754 1935/102
f 2001/2755 1998/120 1997/122 2000/2657
f 2002/2658 1999/118 1998/120 2001/2755
f 2001/2755 1995/2756 1996/2175 2002/2658
f 2000/2657 1994/2656 1995/2756 2001/2755
f 2012/2759 2013/2760 2005/2757 2038/2758
f 1329/1949 1334/1951 1333/1957 2041/2761
f 1331/1952 1330/1946 1329/1949 2041/2761
f 1332/2616 2015/2615 1331/2668 2041/2762
f 1333/2670 2016/2673 1332/2616 2041/2762
f 1335/1959 1340/1954 1339/1953 2042/2763
f 1337/74 1336/73 1335/1959 2042/2763
f 1337/70 2042/2764 1339/2669 1338/68
f 1341/1964 1346/32 1345/34 2043/2765
f 1343/1965 1342/1961 1341/1964 2043/2765
f 1345/38 1344/37 1343/2678 2043/2766
f 1347/1968 1352/1971 1351/1974 2044/2767
f 1348/2652 2017/2651 1347/2675 2044/2768
f 1349/2677 2018/2676 1348/2652 2044/2768
f 1351/1974 1350/1967 1349/1966 2044/2767
f 1368/2674 1374/2614 1375/2613 2045/2769
f 1370/1994 1369/1970 1368/1969 2045/2770
f 1372/2001 1371/1990 1370/1993 2045/2771
f 1375/2773 1373/1999 1372/1998 2045/2772
f 1411/2024 1416/2027 1415/2030 2047/2774
f 1413/2776 1412/2020 1411/2023 2047/2775
f 1415/2031 1414/2034 1413/2776 2047/2775
f 1419/2778 1418/2033 1417/2032 2048/2777
f 1421/2039 1420/2042 1419/2778 2048/2777
f 1423/2047 1422/2035 1421/2038 2048/2779
f 1425/2052 1430/2055 1429/2780 2049/2781
f 1427/2037 1426/2036 1425/2051 2049/2782
f 1429/2784 1428/2041 1427/2040 2049/2783
f 1431/2050 1438/10 1437/12 2050/2785
f 1433/2681 1432/2054 1431/2053 2050/2786
f 1435/2058 1434/2061 1433/2685 2050/2787
f 1437/16 1436/15 1435/2057 2050/2788
f 1439/2066 1444/2016 1443/2019 2051/2789
f 1441/2070 1440/2062 1439/2065 2051/2790
f 1443/2012 1442/2015 1441/2070 2051/2790
f 1445/2072 1450/2071 1449/2069 2052/2791
f 1446/2621 2019/2661 1445/2689 2052/2792
f 1447/2691 2020/2694 1446/2621 2052/2792
f 1449/2069 1448/2068 1447/2077 2052/2791
f 1451/2022 1456/2021 1455/2067 2053/2793
f 1453/2081 1452/2026 1451/2025 2053/2794
f 1455/2064 1454/2063 1453/2080 2053/2795
f 1473/2088 1478/2091 1477/2094 2054/2796
f 1475/2798 1474/2084 1473/2087 2054/2797
f 1476/2801 2021/2802 1475/2799 2054/2800
f 1477/2708 2022/2619 1476/2801 2054/2800
f 1479/2097 1486/2100 1485/2103 2055/2803
f 1481/1896 1480/1895 1479/2096 2055/2804
f 1483/2086 1482/2085 1481/1896 2055/2804
f 1485/2103 1484/2090 1483/2089 2055/2803
f 1488/2109 1487/1906 1494/1913 2056/2805
f 1490/2114 1489/2105 1488/2108 2056/2806
f 1492/2119 1491/2111 1490/2114 2056/2806
f 1494/1913 1493/1912 1492/2118 2056/2805
f 1502/1910 1495/1905 1501/2110 2057/2807
f 1497/2127 1496/1907 1502/1910 2057/2807
f 1499/2131 1498/2124 1497/2123 2057/2808
f 1501/2107 1500/2106 1499/2131 2057/2808
f 1510/2811 1503/2812 1509/2809 2058/2810
f 1505/2136 1504/2138 1510/2811 2058/2810
f 1507/2813 1506/2133 1505/2136 2058/2810
f 1511/2145 1516/2137 1515/2135 2059/2814
f 1513/2698 1512/2141 1511/2144 2059/2815
f 1515/2135 1514/2134 1513/2701 2059/2814
f 1524/1925 1517/1924 1523/2155 2060/2816
f 1519/2817 1518/2818 1524/1925 2060/2816
f 1521/2151 1520/2153 1519/2819 2060/2820
f 1523/2158 1522/2148 1521/2151 2060/2820
f 1534/2172 1539/2099 1538/2098 2061/2821
f 1536/107 1535/110 1534/2171 2061/2822
f 1538/2095 1537/108 1536/107 2061/2822
f 1540/2178 1545/2174 1544/2173 2062/2823
f 1542/114 1541/116 1540/2177 2062/2824
f 1544/2170 1543/112 1542/114 2062/2825
f 1549/2184 1554/1996 1553/1995 2063/2826
f 1551/2188 1550/2182 1549/2181 2063/2827
f 1553/1992 1552/1991 1551/2187 2063/2828
f 1555/2186 1560/2060 1559/2059 2064/2829
f 1557/20 1556/22 1555/2189 2064/2830
f 1559/2056 1558/18 1557/20 2064/2830
f 1561/2180 1566/2183 1565/2711 2065/2831
f 1563/1973 1562/1972 1561/2185 2065/2832
f 1565/2190 1564/1975 1563/1973 2065/2832
f 1567/30 1572/29 1571/1963 2066/2833
f 1568/2623 2023/24 1567/26 2066/2834
f 1569/2710 2024/2624 1568/2623 2066/2834
f 1571/1963 1570/1962 1569/2191 2066/2833
f 1574/2196 1573/1900 1580/1917 2067/2835
f 1576/2201 1575/2192 1574/2195 2067/2836
f 1578/2206 1577/2198 1576/2201 2067/2836
f 1580/1917 1579/1916 1578/2205 2067/2835
f 1588/1914 1581/1899 1587/2197 2068/2837
f 1583/2213 1582/1911 1588/1914 2068/2837
f 1585/2218 1584/2209 1583/2212 2068/2838
f 1587/2194 1586/2193 1585/2218 2068/2838
f 1605/2245 1604/1898 1611/2659 2069/2839
f 1607/2250 1606/2241 1605/2244 2069/2840
f 1609/2256 1608/2247 1607/2250 2069/2840
f 1611/2659 1610/2252 1609/2255 2069/2839
f 1619/1918 1612/1897 1618/2246 2070/2841
f 1614/2263 1613/1915 1619/1918 2070/2841
f 1616/2268 1615/2259 1614/2262 2070/2842
f 1618/2243 1617/2242 1616/2268 2070/2842
f 1621/2321 1620/2147 1626/2146 2071/2843
f 1623/2274 1622/2277 1621/2321 2071/2843
f 1627/2845 1624/2270 1623/2273 2071/2844
f 1626/2143 1625/2142 1627/2845 2071/2844
f 1629/2323 1628/2276 1634/2275 2072/2846
f 1631/2282 1630/2284 1629/2323 2072/2846
f 1635/2625 1632/2278 1631/2281 2072/2847
f 1634/2272 1633/2271 1635/2625 2072/2847
f 1637/2331 1636/2293 1642/2295 2073/2848
f 1639/2289 1638/2292 1637/2331 2073/2848
f 1643/2850 1640/2285 1639/2288 2073/2849
f 1642/2296 1641/2299 1643/2850 2073/2849
f 1645/2333 1644/2291 1650/2290 2074/2851
f 1647/2304 1646/2306 1645/2333 2074/2851
f 1651/2660 1648/2300 1647/2303 2074/2852
f 1650/2287 1649/2286 1651/2660 2074/2852
f 1652/2311 1657/2314 1656/2322 2075/2853
f 1654/2319 1653/2307 1652/2310 2075/2854
f 1656/2322 1655/2315 1654/2318 2075/2853
f 1658/2254 1663/2253 1662/2320 2076/2855
f 1660/2324 1659/2258 1658/2257 2076/2856
f 1662/2317 1661/2316 1660/2324 2076/2856
f 1664/2261 1669/2260 1668/2332 2077/2857
f 1666/2329 1665/2265 1664/2264 2077/2858
f 1668/2332 1667/2325 1666/2328 2077/2857
f 1670/2204 1675/2203 1674/2330 2078/2859
f 1672/2334 1671/2208 1670/2207 2078/2860
f 1674/2327 1673/2326 1672/2334 2078/2860
f 1677/2365 1676/2342 1682/2345 2079/2861
f 1679/2339 1678/2341 1677/2365 2079/2861
f 1683/2863 1680/2335 1679/2338 2079/2862
f 1682/2346 1681/2349 1683/2863 2079/2862
f 1685/2363 1684/2350 1690/2352 2080/2864
f 1687/2344 1686/2343 1685/2363 2080/2864
f 1691/2866 1688/2348 1687/2347 2080/2865
f 1690/2353 1689/2356 1691/2866 2080/2865
f 1692/2211 1697/2210 1696/2364 2081/2867
f 1694/2361 1693/2215 1692/2214 2081/2868
f 1696/2364 1695/2357 1694/2360 2081/2867
f 1698/2117 1703/2116 1702/2362 2082/2869
f 1700/2366 1699/2121 1698/2120 2082/2870
f 1702/2359 1701/2358 1700/2366 2082/2870
f 1707/2249 1712/2248 1711/2283 2083/2871
f 1709/2369 1708/2251 1707/2249 2083/2871
f 1711/2280 1710/2279 1709/2368 2083/2872
f 1713/2267 1718/2266 1717/2370 2084/2873
f 1715/2294 1714/2269 1713/2267 2084/2873
f 1717/2367 1716/2298 1715/2297 2084/2874
f 1719/2200 1724/2199 1723/2305 2085/2875
f 1721/2373 1720/2202 1719/2200 2085/2875
f 1723/2302 1722/2301 1721/2372 2085/2876
f 1725/2217 1730/2216 1729/2374 2086/2877
f 1727/2351 1726/2219 1725/2217 2086/2877
f 1729/2371 1728/2355 1727/2354 2086/2878
f 1731/2113 1736/2112 1735/2340 2087/2879
f 1733/2378 1732/2115 1731/2113 2087/2879
f 1735/2337 1734/2336 1733/2377 2087/2880
f 1737/2130 1742/2129 1741/2379 2088/2881
f 1739/2381 1738/2132 1737/2130 2088/2881
f 1741/2376 1740/2375 1739/2722 2088/2882
f 1743/2476 1748/2380 1747/2382 2089/2883
f 1745/2383 1744/2386 1743/2476 2089/2883
f 2026/2724 2025/2726 1745/2725 2089/2884
f 1747/2721 2027/2636 2026/2724 2089/2884
f 1749/2478 1753/2385 1752/2384 2090/2885
f 1751/2886 1750/2480 1749/2478 2090/2885
f 1755/2391 1754/1904 1761/1909 2091/2887
f 1757/2396 1756/2387 1755/2390 2091/2888
f 1759/2402 1758/2393 1757/2396 2091/2888
f 1761/1909 1760/1908 1759/2399 2091/2887
f 1769/1922 1762/1903 1768/2392 2092/2889
f 1764/2409 1763/1919 1769/1922 2092/2889
f 1766/2413 1765/2406 1764/2405 2092/2890
f 1768/2389 1767/2388 1766/2413 2092/2890
f 1771/2488 1770/2487 1776/2891 2093/2892
f 1773/2415 1772/2418 1771/2488 2093/2892
f 1777/2894 1774/2732 1773/2735 2093/2893
f 1776/2895 1775/2896 1777/2894 2093/2893
f 1778/2490 1782/2417 1781/2416 2094/2897
f 1780/2419 1779/2422 1778/2490 2094/2897
f 2031/2742 2030/2729 1780/2731 2094/2898
f 1781/2734 2032/2733 2031/2742 2094/2898
f 1784/2427 1783/1902 1790/1921 2095/2899
f 1786/2431 1785/2423 1784/2426 2095/2900
f 1788/2437 1787/2429 1786/2431 2095/2900
f 1790/1921 1789/1920 1788/2434 2095/2899
f 1798/1926 1791/1901 1797/2428 2096/2901
f 1793/2444 1792/1923 1798/1926 2096/2901
f 1795/2448 1794/2441 1793/2440 2096/2902
f 1797/2425 1796/2424 1795/2448 2096/2902
f 1799/2430 1804/2421 1803/2420 2097/2903
f 1801/2454 1800/2432 1799/2430 2097/2903
f 1803/2730 1802/2450 1801/2453 2097/2904
f 1805/2447 1810/2446 1809/2455 2098/2905
f 1807/2457 1806/2449 1805/2447 2098/2905
f 1809/2452 1808/2451 1807/2740 2098/2906
f 1811/2498 1815/2456 1814/2458 2099/2907
f 1813/2459 1812/2462 1811/2498 2099/2907
f 2034/2743 2033/2737 1813/2736 2099/2908
f 1814/2739 2035/2741 2034/2743 2099/2908
f 1817/2500 1816/2461 1821/2460 2100/2909
f 1819/2467 1818/2469 1817/2500 2100/2909
f 2100/2910 1821/2738 1820/2463 1819/2466
f 1822/2150 1827/2149 1826/2468 2101/2911
f 1824/2912 1823/2152 1822/2150 2101/2911
f 1826/2465 1825/2464 1824/2913 2101/2914
f 1828/2122 1833/2125 1832/2477 2102/2915
f 1830/2474 1829/2126 1828/2128 2102/2916
f 1832/2477 1831/2470 1830/2473 2102/2915
f 1834/2398 1839/2400 1838/2475 2103/2917
f 1836/2479 1835/2401 1834/2403 2103/2918
f 1838/2472 1837/2471 1836/2479 2103/2918
f 1840/2404 1845/2407 1844/2489 2104/2919
f 1842/2485 1841/2408 1840/2410 2104/2920
f 1844/2489 1843/2481 1842/2484 2104/2919
f 1846/2433 1851/2435 1850/2486 2105/2921
f 1848/2491 1847/2436 1846/2438 2105/2922
f 1850/2483 1849/2482 1848/2491 2105/2922
f 1852/2439 1857/2442 1856/2499 2106/2923
f 1854/2496 1853/2443 1852/2445 2106/2924
f 1856/2499 1855/2492 1854/2495 2106/2923
f 1858/2154 1863/2156 1862/2497 2107/2925
f 1860/2501 1859/2157 1858/2159 2107/2926
f 1862/2494 1861/2493 1860/2501 2107/2926
f 1865/2164 1864/2163 1871/2653 2108/2927
f 1867/2745 1866/2168 1865/2167 2108/2928
f 1869/2506 1868/2509 1867/2744 2108/2929
f 1871/2653 1870/2502 1869/2505 2108/2927
f 1875/2504 1880/2503 1879/2747 2109/2930
f 1877/2517 1876/2508 1875/2507 2109/2931
f 1879/2932 1878/2514 1877/2517 2109/2931
f 1888/2521 1887/2524 1893/2527 2110/2933
f 1890/134 1889/136 1888/2520 2110/2934
f 1894/2935 1891/132 1890/134 2110/2934
f 1893/2527 1892/2529 1894/2637 2110/2933
f 1896/2695 1895/2074 1900/2073 2111/2936
f 2615/2937 1901/2938 1897/2655
f 1902/2752 2037/2654 1907/2639 2112/2939
f 1904/2537 1903/2530 1902/2533 2112/2940
f 1906/2512 1905/2511 1904/2536 2112/2941
f 1907/2639 2036/2638 1906/2751 2112/2939
f 1908/2543 1913/2539 1912/2538 2113/2942
f 1910/2750 1909/2540 1908/2542 2113/2943
f 1912/2535 1911/2534 1910/2750 2113/2943
f 1914/2549 1919/2545 1918/2544 2114/2944
f 1916/2526 1915/2525 1914/2548 2114/2945
f 1918/2541 1917/2528 1916/2526 2114/2945
f 1920/2556 1925/164 1924/166 2115/2946
f 1922/2560 1921/2552 1920/2555 2115/2947
f 1924/170 1923/169 1922/2559 2115/2948
f 1927/2566 1926/2562 1932/2561 2116/2949
f 1929/2532 1928/2531 1927/2565 2116/2950
f 1933/174 1930/176 1929/2753 2116/2951
f 1932/2558 1931/172 1933/174 2116/2951
f 1937/2572 1942/2568 1941/2567 2117/2952
f 1939/2576 1938/2569 1937/2572 2117/2952
f 1941/2564 1940/2563 1939/2575 2117/2953
f 1944/2582 1943/2578 1948/2577 2118/2954
f 1946/2587 1945/2579 1944/2582 2118/2954
f 1948/2574 1947/2573 1946/2586 2118/2955
f 1956/2957 1949/158 1955/160 2119/2956
f 1951/2571 1950/2570 1956/2958 2119/2959
f 1953/2554 1952/2553 1951/2571 2119/2959
f 1955/160 1954/162 1953/2557 2119/2956
f 1958/144 1957/143 1964/2960 2120/2961
f 1960/2519 1959/138 1958/140 2120/2962
f 1962/2594 1961/2523 1960/2522 2120/2963
f 1964/2965 1963/2590 1962/2593 2120/2964
f 1966/2599 1965/2589 1970/2588 2121/2966
f 1968/2603 1967/2596 1966/2599 2121/2966
f 1970/2585 1969/2584 1968/2602 2121/2967
f 1971/2592 1976/2591 1975/2604 2122/2968
f 1973/2547 1972/2546 1971/2595 2122/2969
f 1975/2601 1974/2551 1973/2550 2122/2970
f 1977/154 1982/156 1981/2971 2123/2972
f 1979/2607 1978/152 1977/154 2123/2972
f 1981/2581 1980/2580 1979/2606 2123/2973
f 1983/148 1988/150 1987/2608 2124/2974
f 1985/2975 1984/146 1983/148 2124/2974
f 1987/2605 1986/2600 1985/2598 2124/2976
f 1989/2176 1996/2175 1995/2756 2125/2977
f 1991/2102 1990/2101 1989/2179 2125/2978
f 1993/2160 1992/2104 1991/2102 2125/2978
f 1995/2756 1994/2656 1993/2979 2125/2977
f 2003/1958 2008/76 2007/78 2126/2980
f 2005/2609 2004/1960 2003/1958 2126/2980
f 2006/2982 2038/2758 2005/2757 2126/2981
f 2007/82 2039/81 2006/2982 2126/2981
f 2009/1948 2014/1947 2013/2610 2127/2983
f 2011/2984 2010/1950 2009/1948 2127/2983
f 2013/2760 2012/2759 2011/2985 2127/2986
f 1355/40 2018/2676 1344/37
f 1374/2614 2017/2651 1355/40 1320/2611
f 1373/1999 1375/2773 1319/2987 1315/2988
f 1355/40 1348/2652 2018/2676
f 1460/2044 1897/2655 1901/2938
f 1894/2935 1878/2749 1881/129 1891/132
f 1530/2620 1899/2690 2019/2661
f 1446/2621 2020/2694 1476/2801 2022/2619
f 1503/2812 1510/2811 1657/2314 1706/2313
f 1610/2252 1611/2659 1936/96 1704/2308
f 1310/92 1619/1918 1580/1917 1573/1900
f 1310/92 1612/1897 1619/1918
f 1311/90 1588/1914 1494/1913 1487/1906
f 1311/90 1581/1899 1588/1914
f 1627/2845 2414/2989 1410/2634 1624/2270
f 1632/2278 1635/2625 1643/2850 1641/2299
f 1643/2850 1635/2625 1601/2238 1640/2285
f 1648/2300 1651/2660 1691/2866 1689/2356
f 1691/2866 1651/2660 1359/1977 1688/2348
f 1746/2723 2025/2726 2026/2724
f 1326/65 1332/2616 2016/2673
f 1338/68 2015/2615 1326/65
f 1312/84 1798/1926 1524/1925 1518/2818
f 1312/84 1791/1901 1798/1926
f 1313/86 1769/1922 1790/1921 1783/1902
f 1313/86 1762/1903 1769/1922
f 1314/88 1495/1905 1502/1910
f 1314/88 1502/1910 1761/1909 1754/1904
f 1898/2640 1531/2169 1872/2662 2036/2638
f 1460/2044 1907/2639 2037/2654 1546/4
f 1982/156 1949/158 1956/2957
f 1984/2597 1963/2590 1964/2965
f 2090/2991 1752/2728 2029/2727 2128/2990
f 1751/2993 2090/2991 2128/2990 2028/2992
f 2028/2992 2128/2990 1777/2894 1775/2896
f 1802/2450 2030/2729 2035/2741 1808/2451
f 2130/1979 1357/2995 1358/2994 2129/1976
f 2131/1983 1356/2997 1357/2996 2130/1980
f 1356/2997 2131/1983 2132/1984 1364/2998
f 2133/1987 1363/2999 1364/2998 2132/1984
f 2134/1989 1362/3000 1363/2999 2133/1987
f 2135/2617 1382/3001 1362/3000 2134/1989
f 2136/2679 1383/3002 1382/3001 2135/2617
f 2137/2618 1384/3003 1383/3002 2136/2679
f 2137/2618 2138/1927 1317/3004 1384/3003
f 2139/1930 1316/3005 1317/3004 2138/1927
f 2140/1934 1315/2988 1316/3006 2139/1931
f 2025/2726 1746/2723 2129/1976 2029/2727
f 2128/2990 2029/2727 2129/1976 1777/2894
f 2032/2733 2129/1976 2034/2743 2031/2742
f 1358/2994 1820/2463 2033/2737 2129/1976
f 2033/2737 2034/2743 2129/1976
f 2129/1976 2032/2733 1774/2732 1777/2894
f 1373/1999 1315/2988 2140/1934
f 1476/2801 2141/3007 2021/2802
f 1514/2134 1506/2133 2141/3007 1466/2702
f 2142/2622 1556/22 2023/24 1568/2623
f 1556/22 2142/2622 1550/2182
f 2012/2759 2155/3009 2156/3008 2011/2985
f 2011/2984 2156/3011 2157/3010 2010/1950
f 1334/1951 2010/1950 2157/3010 2148/1955
f 2155/3009 2012/2759 2038/2758 2159/3012
f 2160/3014 2213/3015 2221/3013 2159/3012
f 2158/3017 2184/3018 2192/3016 2160/3014
f 2191/3021 2165/3022 2161/3019 2190/3020
f 2220/3025 2199/3026 2193/3023 2219/3024
f 2170/3029 2228/3030 2222/3027 2166/3028
f 2254/3033 2162/3034 2163/3031 2259/3032
f 2255/3037 2161/3019 2162/3035 2254/3036
f 2164/3040 2154/3041 2145/3038 2171/3039
f 2172/3042 2163/3031 2164/3040 2171/3039
f 2251/3045 2167/3046 2168/3043 2253/3044
f 2148/1955 2157/3010 2167/3046 2251/3045
f 2284/3048 2169/3049 2166/3028 2289/3047
f 2285/3052 2168/3043 2169/3050 2284/3051
f 2178/3055 2172/3042 2173/3053 2177/3054
f 2183/3058 2175/3059 2176/3056 2182/3057
f 2198/3062 2185/3063 2186/3060 2197/3061
f 2192/3016 2184/3018 2185/3064 2198/3065
f 2340/3068 2187/3069 2188/3066 2341/3067
f 2349/3070 2186/3060 2187/3069 2340/3068
f 2260/3072 2189/3073 2190/3020 2265/3071
f 2261/3076 2188/3066 2189/3074 2260/3075
f 2266/3079 2194/3080 2195/3077 2271/3078
f 2267/3083 2193/3023 2194/3081 2266/3082
f 2344/3085 2196/3086 2197/3061 2347/3084
f 2348/3087 2195/3077 2196/3086 2344/3085
f 2212/3090 2202/3091 2203/3088 2211/3089
f 2234/3094 2209/3095 2210/3092 2233/3093
f 2227/3098 2214/3099 2215/3096 2226/3097
f 2221/3013 2213/3015 2214/3100 2227/3101
f 2229/3103 2216/3104 2217/3102 2234/3094
f 2230/3105 2215/3096 2216/3104 2229/3103
f 2272/3107 2218/3108 2219/3024 2277/3106
f 2273/3111 2217/3102 2218/3109 2272/3110
f 2278/3114 2223/3115 2224/3112 2283/3113
f 2279/3118 2222/3027 2223/3116 2278/3117
f 2235/3120 2225/3121 2226/3097 2240/3119
f 2236/3122 2224/3112 2225/3121 2235/3120
f 2239/3125 2231/3126 2232/3123 2238/3124
f 2240/3119 2230/3105 2231/3127 2239/3128
f 2245/3131 2236/3122 2237/3129 2244/3130
f 2246/3134 2242/3135 2243/3132 2250/3133
f 2252/3136 2249/3137 2151/2642 2146/2672
f 2253/3044 2248/3140 2249/3138 2252/3139
f 2264/3143 2256/3144 2257/3141 2263/3142
f 2265/3071 2255/3037 2256/3145 2264/3146
f 2174/3147 2258/3148 2259/3032 2178/3055
f 2175/3059 2257/3141 2258/3148 2174/3147
f 2179/3149 2262/3150 2263/3142 2183/3058
f 2180/3151 2261/3076 2262/3150 2179/3149
f 2276/3154 2268/3155 2269/3152 2275/3153
f 2277/3106 2267/3083 2268/3156 2276/3157
f 2201/3159 2270/3160 2271/3078 2200/3158
f 2202/3091 2269/3152 2270/3160 2201/3159
f 2208/3161 2274/3162 2275/3153 2212/3090
f 2209/3095 2273/3111 2274/3162 2208/3161
f 2288/3165 2280/3166 2281/3163 2287/3164
f 2289/3047 2279/3118 2280/3167 2288/3168
f 2241/3169 2282/3170 2283/3113 2245/3131
f 2242/3135 2281/3163 2282/3170 2241/3169
f 2247/3171 2286/3172 2287/3164 2246/3134
f 2248/3140 2285/3052 2286/3172 2247/3171
f 2183/3058 2263/3142 2257/3141 2175/3059
f 2190/3020 2161/3019 2255/3037 2265/3071
f 2341/3067 2188/3066 2261/3076 2180/3151
f 2212/3090 2275/3153 2269/3152 2202/3091
f 2200/3158 2271/3078 2195/3077 2348/3087
f 2219/3024 2193/3023 2267/3083 2277/3106
f 2234/3094 2217/3102 2273/3111 2209/3095
f 2246/3134 2287/3164 2281/3163 2242/3135
f 2245/3131 2283/3113 2224/3112 2236/3122
f 2253/3044 2168/3043 2285/3052 2248/3140
f 2166/3028 2222/3027 2279/3118 2289/3047
f 2178/3055 2259/3032 2163/3031 2172/3042
f 2230/3105 2240/3119 2226/3097 2215/3096
f 2347/3084 2197/3061 2186/3060 2349/3070
f 2177/3175 2173/3176 2143/3173 2292/3174
f 2150/3177 2291/3178 2292/3174
f 2294/3181 2182/3182 2176/3179 2290/3180
f 2232/3123 2233/3185 2210/3183 2295/3184
f 2211/3188 2203/3189 2204/3186 2297/3187
f 2151/2642 2250/3191 2243/3190 2298/2643
f 2244/3193 2237/3194 2238/3124 2300/3192
f 2299/3196 2300/3192 2295/3184 2296/3195
f 2165/3022 2152/3199 2153/3197 2301/3198
f 2162/3035 2161/3019 2165/3022 2301/3198
f 2164/3040 2163/3031 2162/3034 2301/3200
f 2153/3201 2154/3041 2164/3040 2301/3200
f 2170/3029 2166/3028 2169/3049 2302/3202
f 2156/3008 2155/3009 2170/3029 2302/3202
f 2167/3046 2157/3010 2156/3011 2302/3203
f 2169/3050 2168/3043 2167/3046 2302/3203
f 2171/3039 2145/3038 2144/3204 2303/3205
f 2173/3053 2172/3042 2171/3039 2303/3205
f 2144/3207 2143/3173 2173/3176 2303/3206
f 2174/3147 2178/3055 2177/3054 2304/3208
f 2176/3056 2175/3059 2174/3147 2304/3208
f 2291/3178 2290/3180 2176/3179 2304/3209
f 2177/3175 2292/3174 2291/3178 2304/3209
f 2179/3149 2183/3058 2182/3057 2305/3210
f 2181/3211 2180/3151 2179/3149 2305/3210
f 2185/3064 2184/3018 2191/3021 2306/3212
f 2187/3069 2186/3060 2185/3063 2306/3213
f 2189/3074 2188/3066 2187/3069 2306/3213
f 2191/3021 2190/3020 2189/3073 2306/3212
f 2199/3026 2192/3016 2198/3065 2307/3214
f 2194/3081 2193/3023 2199/3026 2307/3214
f 2196/3086 2195/3077 2194/3080 2307/3215
f 2198/3062 2197/3061 2196/3086 2307/3215
f 2201/3159 2200/3158 2206/3216 2308/3217
f 2203/3088 2202/3091 2201/3159 2308/3217
f 2207/3219 2204/3186 2203/3189 2308/3218
f 2206/3220 2205/3221 2207/3219 2308/3218
f 2208/3161 2212/3090 2211/3089 2309/3222
f 2210/3092 2209/3095 2208/3161 2309/3222
f 2296/3195 2295/3184 2210/3183 2309/3223
f 2211/3188 2297/3187 2296/3195 2309/3223
f 2214/3100 2213/3015 2220/3025 2310/3224
f 2216/3104 2215/3096 2214/3099 2310/3225
f 2218/3109 2217/3102 2216/3104 2310/3225
f 2220/3025 2219/3024 2218/3108 2310/3224
f 2228/3030 2221/3013 2227/3101 2311/3226
f 2223/3116 2222/3027 2228/3030 2311/3226
f 2225/3121 2224/3112 2223/3115 2311/3227
f 2227/3098 2226/3097 2225/3121 2311/3227
f 2229/3103 2234/3094 2233/3093 2312/3228
f 2231/3127 2230/3105 2229/3103 2312/3228
f 2233/3185 2232/3123 2231/3126 2312/3229
f 2235/3120 2240/3119 2239/3128 2313/3230
f 2237/3129 2236/3122 2235/3120 2313/3230
f 2239/3125 2238/3124 2237/3194 2313/3231
f 2241/3169 2245/3131 2244/3130 2314/3232
f 2243/3132 2242/3135 2241/3169 2314/3232
f 2299/3196 2298/2643 2243/3190 2314/3233
f 2244/3193 2300/3192 2299/3196 2314/3233
f 2247/3171 2246/3134 2250/3133 2315/3234
f 2249/3138 2248/3140 2247/3171 2315/3234
f 2315/3235 2250/3191 2151/2642 2249/3137
f 2251/3045 2253/3044 2252/3139 2316/3236
f 2147/1956 2148/1955 2251/3045 2316/3236
f 2252/3136 2146/2672 2147/2671 2316/3237
f 2254/3033 2259/3032 2258/3148 2317/3238
f 2256/3145 2255/3037 2254/3036 2317/3239
f 2258/3148 2257/3141 2256/3144 2317/3238
f 2260/3072 2265/3071 2264/3146 2318/3240
f 2262/3150 2261/3076 2260/3075 2318/3241
f 2264/3143 2263/3142 2262/3150 2318/3241
f 2266/3079 2271/3078 2270/3160 2319/3242
f 2268/3156 2267/3083 2266/3082 2319/3243
f 2270/3160 2269/3152 2268/3155 2319/3242
f 2272/3107 2277/3106 2276/3157 2320/3244
f 2274/3162 2273/3111 2272/3110 2320/3245
f 2276/3154 2275/3153 2274/3162 2320/3245
f 2278/3114 2283/3113 2282/3170 2321/3246
f 2280/3167 2279/3118 2278/3117 2321/3247
f 2282/3170 2281/3163 2280/3166 2321/3246
f 2284/3048 2289/3047 2288/3168 2322/3248
f 2286/3172 2285/3052 2284/3051 2322/3249
f 2288/3165 2287/3164 2286/3172 2322/3249
f 2150/3177 2290/3180 2291/3178
f 2159/3012 2228/3030 2170/3029 2155/3009
f 2159/3012 2221/3013 2228/3030
f 2160/3014 2199/3026 2220/3025 2213/3015
f 2160/3014 2192/3016 2199/3026
f 2158/3017 2152/3199 2165/3022
f 2158/3017 2165/3022 2191/3021 2184/3018
f 2305/3251 2182/3182 2294/3181 2323/3250
f 2181/3253 2305/3251 2323/3250 2293/3252
f 2293/3252 2323/3250 2207/3219 2205/3221
f 2238/3124 2232/3123 2295/3184 2300/3192
f 2149/2644 2290/3180 2150/3177 1469/2703
f 2149/2644 2323/3250 2294/3181 2290/3180
f 2149/2644 2296/3195 2297/3187 2204/3186
f 2207/3219 2323/3250 2149/2644 2204/3186
f 2299/3196 2296/3195 2149/2644 2298/2643
f 2151/2642 1326/65 2016/2673 2146/2672
f 2150/3177 2292/3174 1469/2703
f 2325/3255 2326/2395 2327/2394 2324/3254
f 2332/3256 2329/3257 2330/2412 2331/2411
f 2333/3260 2328/3261 2329/3258 2332/3259
f 2327/2394 1750/2480 1751/2886 2324/3254
f 2333/3260 1775/2896 1776/2895 2328/3261
f 2328/3262 1776/2891 1770/2487 2334/2414
f 2324/3264 1751/2993 2028/2992 2337/3263
f 2337/3263 2028/2992 1775/2896 2333/3260
f 2329/3257 2328/3262 2334/2414 2330/2412
f 2336/3265 2332/3256 2331/2411 2335/2397
f 2337/3263 2333/3260 2332/3259 2336/3266
f 2336/3266 2325/3267 2324/3264 2337/3263
f 2335/2397 2326/2395 2325/3255 2336/3265
f 2339/3269 2340/3068 2341/3067 2338/3268
f 2350/3270 2346/3271 2347/3084 2349/3070
f 2351/3274 2345/3275 2346/3272 2350/3273
f 2341/3067 2180/3151 2181/3211 2338/3268
f 2206/3220 2342/3276 2345/3275 2205/3221
f 2200/3158 2348/3087 2342/3277 2206/3216
f 2351/3274 2338/3278 2181/3253 2293/3252
f 2351/3274 2293/3252 2205/3221 2345/3275
f 2343/3279 2342/3277 2348/3087 2344/3085
f 2346/3271 2343/3279 2344/3085 2347/3084
f 2345/3275 2342/3276 2343/3280 2346/3272
f 2350/3273 2339/3281 2338/3278 2351/3274
f 2349/3070 2340/3068 2339/3269 2350/3270
f 1312/84 2160/3014 2006/2982 2039/81
f 1312/84 2158/3017 2160/3014
f 2038/2758 2006/2982 2160/3014 2159/3012
f 1683/2863 1681/2349 1359/1977
f 1982/2583 1956/2958 1950/2570
f 1957/143 1984/146 1964/2960
f 1870/2502 1883/124 1880/2503
f 2359/3284 2358/3285 2357/3282 2360/3283
f 2362/3288 2359/3289 2360/3286 2363/3287
f 2375/3291 2362/3288 2363/3287 2374/3290
f 2401/3293 2375/3291 2374/3290 2402/3292
f 2402/3296 2377/3297 2376/3294 2401/3295
f 2379/3299 2376/3294 2377/3297 2378/3298
f 2403/3301 2379/3299 2378/3298 2404/3300
f 2404/3300 2381/3303 2380/3302 2403/3301
f 2383/3305 2380/3302 2381/3303 2382/3304
f 2405/3307 2383/3305 2382/3304 2406/3306
f 2406/3306 2385/3309 2384/3308 2405/3307
f 2387/3311 2384/3308 2385/3309 2386/3310
f 2408/3313 2387/3311 2386/3310 2409/3312
f 2409/3316 2398/3317 2397/3314 2408/3315
f 2400/3319 2397/3314 2398/3317 2399/3318
f 2417/3321 2400/3319 2399/3318 2418/3320
f 2419/3324 2417/3325 2418/3322 2420/3323
f 2359/3284 2355/3327 2356/3326 2358/3285
f 2362/3288 2361/3329 2355/3328 2359/3289
f 1400/2713 2370/3331 2371/3330 1399/2712
f 1401/2626 2372/3333 2370/3332 1400/2714
f 2375/3291 2352/3334 2361/3329 2362/3288
f 2379/3299 2364/3336 2354/3335 2376/3294
f 2383/3305 2367/3338 2366/3337 2380/3302
f 2373/3339 2369/3340 2384/3308 2387/3311
f 1396/2627 2388/3341 2372/3333 1401/2626
f 1402/2629 2390/3343 2389/3342 1398/2628
f 1405/2631 2392/3345 2391/3344 1404/2630
f 2394/3346 2393/3347 1407/2633 1408/2632
f 2396/3348 2395/3349 2397/3314 2400/3319
f 2401/3293 2353/3350 2352/3334 2375/3291
f 2376/3294 2354/3335 2353/3351 2401/3295
f 2403/3301 2365/3352 2364/3336 2379/3299
f 2380/3302 2366/3337 2365/3352 2403/3301
f 2405/3307 2368/3353 2367/3338 2383/3305
f 2384/3308 2369/3340 2368/3353 2405/3307
f 2408/3313 2407/3354 2373/3339 2387/3311
f 2397/3314 2395/3349 2407/3355 2408/3315
f 1397/2715 2410/3356 2388/3341 1396/2627
f 1398/2628 2389/3342 2410/3357 1397/2716
f 1403/2717 2411/3358 2390/3343 1402/2629
f 1404/2630 2391/3344 2411/3358 1403/2717
f 1406/2718 2412/3359 2392/3345 1405/2631
f 1407/2633 2393/3347 2412/3359 1406/2718
f 1409/2719 2413/3360 2394/3346 1408/2632
f 1410/2634 2414/2989 2413/3361 1409/2720
f 2417/3321 2415/3362 2396/3348 2400/3319
f 2419/3324 2416/3364 2415/3363 2417/3325
f 1465/3366 2418/3320 2399/3318 1464/3365
f 1466/2702 2420/3323 2418/3322 1465/2700
f 2422/3367 2421/3368 1627/2845 1625/2142 1512/2141 1464/2697
f 2449/3370 2421/3368 2422/3367 2450/3369
f 2426/3373 2424/3374 2423/3371 2425/3372
f 2427/3377 2423/3378 2424/3375 2428/3376
f 2430/3380 2426/3373 2425/3372 2429/3379
f 2432/3382 2430/3380 2429/3379 2431/3381
f 2434/3385 2432/3386 2431/3383 2433/3384
f 2436/3388 2434/3385 2433/3384 2435/3387
f 2438/3390 2436/3388 2435/3387 2437/3389
f 2440/3392 2438/3390 2437/3389 2439/3391
f 2442/3394 2440/3392 2439/3391 2441/3393
f 2444/3396 2442/3394 2441/3393 2443/3395
f 2446/3398 2444/3396 2443/3395 2445/3397
f 2448/3400 2446/3398 2445/3397 2447/3399
f 2450/3402 2448/3400 2447/3399 2449/3401
f 2425/3372 2423/3371 2370/3332 2372/3333
f 2371/3330 2370/3331 2423/3378 2427/3377
f 2429/3379 2425/3372 2372/3333 2388/3341
f 2431/3381 2429/3379 2388/3341 2410/3356
f 2410/3357 2389/3342 2433/3384 2431/3383
f 2435/3387 2433/3384 2389/3342 2390/3343
f 2437/3389 2435/3387 2390/3343 2411/3358
f 2411/3358 2391/3344 2439/3391 2437/3389
f 2441/3393 2439/3391 2391/3344 2392/3345
f 2443/3395 2441/3393 2392/3345 2412/3359
f 2412/3359 2393/3347 2445/3397 2443/3395
f 2447/3399 2445/3397 2393/3347 2394/3346
f 2449/3401 2447/3399 2394/3346 2413/3360
f 2421/3368 2449/3370 2413/3361 2414/2989
f 2430/3380 2374/3290 2363/3287 2426/3373
f 2436/3388 2378/3298 2377/3297 2434/3385
f 2442/3394 2382/3304 2381/3303 2440/3392
f 2386/3310 2385/3309 2446/3398 2448/3400
f 2432/3382 2402/3292 2374/3290 2430/3380
f 2434/3385 2377/3297 2402/3296 2432/3386
f 2438/3390 2404/3300 2378/3298 2436/3388
f 2440/3392 2381/3303 2404/3300 2438/3390
f 2444/3396 2406/3306 2382/3304 2442/3394
f 2446/3398 2385/3309 2406/3306 2444/3396
f 2450/3402 2409/3312 2386/3310 2448/3400
f 2422/3404 2398/3317 2409/3316 2450/3403
f 2424/3375 2360/3283 2357/3282 2428/3376
f 2426/3373 2363/3287 2360/3286 2424/3374
f 2414/2989 1627/2845 2421/3368
f 2451/3405 2452/3406 1429/2780 1430/2055
f 2453/2683 2451/3405 1430/2055 1432/2054
f 2452/3407 2455/3408 1428/2041 1429/2784
f 2455/3408 2456/3409 1420/2042 1428/2041
f 2456/3409 2457/3410 1419/2778 1420/2042
f 2457/3410 2459/3411 1418/2033 1419/2778
f 2459/3411 2460/3412 1414/2034 1418/2033
f 2460/3412 2461/3413 1413/2776 1414/2034
f 2461/3413 2462/3414 1412/2020 1413/2776
f 2462/3414 2463/2017 1444/2016 1412/2020
f 2398/3317 2422/3404 1464/3365 2399/3318
f 2497/3416 2458/2635 1560/2060 2496/3415
f 2428/3376 2357/3282 1560/2060 2427/3377
f 2358/3285 2356/3326 1560/2060 2357/3282
f 1560/2060 1591/2222 1399/2712
f 2371/3330 2427/3377 1560/2060 1399/2712
f 2361/3329 2352/3334 2468/3417 2470/3418
f 2469/3419 2468/3417 2352/3334 2353/3350
f 2472/3420 2469/3421 2353/3351 2354/3335
f 2473/3422 2472/3420 2354/3335 2364/3336
f 2470/3418 2471/3423 2355/3328 2361/3329
f 2356/3326 2355/3327 2471/3424 2475/3425
f 2474/3426 2473/3422 2364/3336 2365/3352
f 2476/3427 2474/3426 2365/3352 2366/3337
f 2477/3428 2476/3427 2366/3337 2367/3338
f 2478/3429 2477/3428 2367/3338 2368/3353
f 2479/3430 2478/3429 2368/3353 2369/3340
f 2480/3431 2479/3430 2369/3340 2373/3339
f 2481/3432 2480/3431 2373/3339 2407/3354
f 2407/3355 2395/3349 2482/3433 2481/3434
f 2483/3435 2482/3433 2395/3349 2396/3348
f 2484/3436 2483/3435 2396/3348 2415/3362
f 2485/3437 2484/3438 2415/3363 2416/3364
f 2489/3441 2487/3442 2486/3439 2488/3440
f 2490/3444 2486/3439 2487/3442 2491/3443
f 2493/3447 2489/3448 2488/3445 2492/3446
f 2494/3450 2490/3444 2491/3443 2495/3449
f 2499/3452 2493/3447 2492/3446 2498/3451
f 2496/3415 2494/3454 2495/3453 2497/3416
f 2501/3456 2499/3452 2498/3451 2500/3455
f 2503/3458 2501/3456 2500/3455 2502/3457
f 2505/3460 2503/3458 2502/3457 2504/3459
f 2507/3462 2505/3460 2504/3459 2506/3461
f 2509/3464 2507/3462 2506/3461 2508/3463
f 2511/3466 2509/3464 2508/3463 2510/3465
f 2513/3468 2511/3466 2510/3465 2512/3467
f 2515/3471 2513/3472 2512/3469 2514/3470
f 2517/3474 2515/3471 2514/3470 2516/3473
f 2519/3476 2517/3474 2516/3473 2518/3475
f 2520/3479 2519/3480 2518/3477 2521/3478
f 2488/3440 2486/3439 2468/3417 2469/3419
f 2470/3418 2468/3417 2486/3439 2490/3444
f 2492/3446 2488/3445 2469/3421 2472/3420
f 2471/3423 2470/3418 2490/3444 2494/3450
f 2475/3425 2471/3424 2494/3454 2496/3415
f 2498/3451 2492/3446 2472/3420 2473/3422
f 2500/3455 2498/3451 2473/3422 2474/3426
f 2502/3457 2500/3455 2474/3426 2476/3427
f 2504/3459 2502/3457 2476/3427 2477/3428
f 2506/3461 2504/3459 2477/3428 2478/3429
f 2508/3463 2506/3461 2478/3429 2479/3430
f 2510/3465 2508/3463 2479/3430 2480/3431
f 2512/3467 2510/3465 2480/3431 2481/3432
f 2514/3470 2512/3469 2481/3434 2482/3433
f 2516/3473 2514/3470 2482/3433 2483/3435
f 2518/3475 2516/3473 2483/3435 2484/3436
f 2521/3478 2518/3477 2484/3438 2485/3437
f 2452/3406 2451/3405 2487/3442 2489/3441
f 2491/3443 2487/3442 2451/3405 2453/2683
f 2495/3449 2491/3443 2453/2683 2454/2682
f 2455/3408 2452/3407 2489/3448 2493/3447
f 2456/3409 2455/3408 2493/3447 2499/3452
f 2457/3410 2456/3409 2499/3452 2501/3456
f 2497/3416 2495/3453 2454/2684 2458/2635
f 2459/3411 2457/3410 2501/3456 2503/3458
f 2460/3412 2459/3411 2503/3458 2505/3460
f 2461/3413 2460/3412 2505/3460 2507/3462
f 2462/3414 2461/3413 2507/3462 2509/3464
f 2463/2017 2462/3414 2509/3464 2511/3466
f 2464/2018 2463/2017 2511/3466 2513/3468
f 2465/2014 2464/2013 2513/3472 2515/3471
f 2466/2075 2465/2014 2515/3471 2517/3474
f 2467/2076 2466/2075 2517/3474 2519/3476
f 1463/2693 2467/2692 2519/3480 2520/3479
f 2475/3425 2496/3415 1560/2060 2356/3326
f 1504/2138 1657/2314 1510/2811
f 1746/2723 2027/2636 1680/2335 1683/2863
f 2129/1976 1746/2723 1683/2863 1359/1977
f 2528/3483 2525/3484 2526/3481 2527/3482
f 2529/3485 2524/3486 2525/3484 2528/3483
f 2530/3489 2523/3490 2524/3487 2529/3488
f 2531/3491 2522/3492 2523/3490 2530/3489
f 2538/3495 2535/3496 2536/3493 2537/3494
f 2539/3497 2534/3498 2535/3496 2538/3495
f 2540/3501 2533/3502 2534/3499 2539/3500
f 2541/3503 2532/3504 2533/3502 2540/3501
f 2547/3507 2545/3508 2546/3505 2551/3506
f 2548/3509 2544/3510 2545/3508 2547/3507
f 2549/3513 2543/3514 2544/3511 2548/3512
f 2550/3515 2542/3516 2543/3514 2549/3513
f 1467/2646 2527/3482 2526/3481 1470/2647
f 1364/2998 2522/3492 2531/3491 1356/2997
f 2527/3482 1467/2646 1468/2707 2552/3517
f 1468/2704 1469/2703 2581/3518 2552/3519
f 1823/2152 2537/3494 2536/3493 1520/2153
f 2154/3041 2532/3504 2541/3503 2145/3038
f 1519/2819 1520/2153 2536/3493 2561/3520
f 2532/3504 2154/3041 2153/3201 2557/3521
f 2152/3199 2576/3523 2557/3522 2153/3197
f 2562/3525 1824/2913 1825/2464 2567/3524
f 2537/3494 1823/2152 1824/2912 2562/3526
f 1358/2994 2577/3527 2567/3524 1825/2464
f 1357/2996 1356/2997 2531/3491 2556/3528
f 2577/3527 1358/2994 1357/2995 2556/3529
f 1362/3000 2551/3506 2546/3505 1363/2999
f 2522/3492 1364/2998 1363/2999 2546/3505
f 2550/3515 1472/2648 1471/2667 2542/3516
f 1471/2667 1470/2647 2526/3481 2542/3516
f 2145/3038 2541/3503 2566/3530 2144/3204
f 2144/3207 2566/3532 2571/3531 2143/3173
f 1519/2817 2561/3534 2575/3533 1518/2818
f 1469/2703 2292/3174 2143/3173
f 2551/3506 2591/2007 1389/2006 2547/3507
f 1389/2011 2549/3513 2548/3512
f 2158/3017 2582/3535 2576/3523 2152/3199
f 2556/3528 2531/3491 2530/3489 2555/3536
f 2555/3536 2530/3489 2529/3488 2554/3537
f 2553/3538 2528/3483 2527/3482 2552/3517
f 2554/3539 2529/3485 2528/3483 2553/3538
f 2561/3520 2536/3493 2535/3496 2560/3540
f 2560/3540 2535/3496 2534/3498 2559/3541
f 2558/3542 2533/3502 2532/3504 2557/3521
f 2559/3543 2534/3499 2533/3502 2558/3542
f 2566/3530 2541/3503 2540/3501 2565/3544
f 2565/3544 2540/3501 2539/3500 2564/3545
f 2563/3546 2538/3495 2537/3494 2562/3526
f 2564/3547 2539/3497 2538/3495 2563/3546
f 2545/3508 2523/3490 2522/3492 2546/3505
f 2544/3510 2524/3487 2523/3490 2545/3508
f 2543/3514 2525/3484 2524/3486 2544/3511
f 2542/3516 2526/3481 2525/3484 2543/3514
f 2575/3533 2561/3534 2560/3548 2574/3549
f 2574/3549 2560/3548 2559/3550 2573/3551
f 2572/3552 2558/3553 2557/3522 2576/3523
f 2573/3551 2559/3550 2558/3553 2572/3552
f 2571/3531 2566/3532 2565/3554 2570/3555
f 2570/3555 2565/3554 2564/3556 2569/3557
f 2568/3558 2563/3559 2562/3525 2567/3524
f 2569/3560 2564/3561 2563/3559 2568/3558
f 2581/3518 2571/3531 2570/3555 2580/3562
f 2580/3562 2570/3555 2569/3557 2579/3563
f 2578/3564 2568/3558 2567/3524 2577/3527
f 2579/3565 2569/3560 2568/3558 2578/3564
f 2580/3562 2553/3566 2552/3519 2581/3518
f 2579/3563 2554/3567 2553/3566 2580/3562
f 2578/3564 2555/3569 2554/3568 2579/3565
f 2577/3527 2556/3529 2555/3569 2578/3564
f 2572/3552 2576/3523 2582/3535
f 1518/2818 2575/3533 2582/3535 1312/84
f 2158/3017 1312/84 2582/3535
f 2582/3535 2575/3533 2574/3549
f 2582/3535 2574/3549 2573/3551
f 2572/3552 2582/3535 2573/3551
f 2550/3515 2583/2010 1395/2649 1472/2648
f 2584/2008 1394/2680 1395/2649 2583/2010
f 2585/1937 1393/2650 1394/2680 2584/2008
f 1393/2650 2585/1937 2586/1936 1322/1945
f 1316/3006 1315/2988 1319/2987 2587/3570
f 2588/1941 1317/3004 1316/3005 2587/2665
f 1317/3004 2588/1941 2589/1940 1384/3003
f 1384/3003 2589/1940 2590/2005 1383/3002
f 2591/2007 1382/3001 1383/3002 2590/2005
f 1382/3001 2591/2007 2551/3506 1362/3000
f 2040/3572 2587/3570 1319/2987 2592/3571
f 2586/1936 1318/1935 2040/3573 2592/1943
f 2550/3515 2549/3513 1389/2011 2583/2010
f 1389/2006 2548/3509 2547/3507
f 1327/66 1326/65 2149/2644 2593/2705
f 2594/2645 1328/60 1327/62 2593/2706
f 1328/60 2594/2645 1323/58
f 2612/3575 2597/3576 1993/2979 2611/3574
f 2610/2686 2600/3578 2599/3577 2609/2687
f 2601/3580 2599/3577 2600/3578 2602/3579
f 2613/3582 2601/3583 2602/3581 2614/2161
f 2606/3586 2604/3587 2603/3584 2605/3585
f 2607/3589 2603/3584 2604/3587 2608/3588
f 2611/3574 2606/3591 2605/3590 2612/3575
f 2596/3592 2595/3593 2603/3584 2607/3589
f 2609/2687 2599/3577 2595/3594 2596/3595
f 2597/3576 2612/3575 2605/3590 2598/3596
f 2601/3583 2613/3582 2597/3597 2598/3598
f 2608/3588 2604/3587 1531/2169 1898/2640
f 1899/2690 1530/2620 2600/3578 2610/2686
f 2611/3574 1533/2162 1532/2165 2606/3599
f 1528/2092 2614/2161 2602/3600 1529/2093
f 2600/3578 1530/2620 1529/2709 2602/3579
f 1532/2166 1531/2169 2604/3587 2606/3586
f 2598/3601 2595/3594 2599/3577 2601/3580
f 2605/3585 2603/3584 2595/3593 2598/3602
f 2111/3603 1900/2688 2609/2687 2596/3595
f 2607/3589 2615/2937 2111/3604 2596/3592
f 1901/2938 2615/2937 2607/3589 2608/3588
f 1533/2162 2611/3574 1993/2979 1994/2656
f 2613/3582 2614/2161 1993/2160 2597/3597
f 2615/2937 1897/2655 1896/2696 2111/3604
f 1898/2640 1460/2044 1901/2938 2608/3588
f 2048/3605 1417/2029 2616/2028
f 1459/2083 1424/2043 2616/2028
f 2048/3605 2616/2028 1424/2043 1423/2046
f 2485/3437 2416/3364 2141/3007 2521/3478
f 1476/2801 2020/2694 1463/2693 2520/3479
f 2419/3324 2420/3323 2141/3007 2416/3364
f 1825/2464 1820/2463 1358/2994
f 2571/3531 2581/3518 1469/2703 2143/3173
f 1475/2799 2021/2802 1506/2133 1507/2813
f 1508/3606 1527/1893 1482/2085 1474/2084
f 1509/2140 1526/1894 1527/1893 1508/3606
f 1474/2084 1475/2798 1507/3607 1508/3606
f 2058/3608 1509/2140 1508/3606 1507/3607
f 2141/3007 1506/2133 2021/2802
f 2141/3007 2420/3323 1466/2702
f 229/105 1537/108 1480/1895 172/375
f 1527/1893 174/367 173/1086 1481/1896 1482/2085
f 168/1083 1212/1272 155/975 712/974
f 2521/3478 2141/3007 1476/2801 2520/3479
